date,energy_mwh,fuel,percentage
2020-11-30 19:00:00,69816,ΑΕΡΙΟ,0.489
2020-11-30 19:00:00,25423,ΑΙΟΛΙΚΑ,0.178
2020-11-30 19:00:00,-2280,ΚΑΘΑΡΕΣ ΕΙΣΑΓΩΓΕΣ (ΕΙΣΑΓΩΓΕΣ-ΕΞΑΓΩΓΕΣ),-0.01
2020-11-30 19:00:00,36927,ΛΙΓΝΙΤΗΣ,0.258
2020-11-30 19:00:00,142704,ΣΥΝΟΛΟ,1.004
2020-11-30 19:00:00,12818,ΥΔΡΟΗΛΕΚΤΡΙΚΑ,0.089
2020-12-01 19:00:00,66126,ΑΕΡΙΟ,0.459770274780287
2020-12-01 19:00:00,11039,ΑΙΟΛΙΚΑ,0.0767535320947825
2020-12-01 19:00:00,9736,ΚΑΘΑΡΕΣ ΕΙΣΑΓΩΓΕΣ (ΕΙΣΑΓΩΓΕΣ-ΕΞΑΓΩΓΕΣ),0.067693848036489
2020-12-01 19:00:00,38536,ΛΙΓΝΙΤΗΣ,0.2679385916119702
2020-12-01 19:00:00,143824,ΣΥΝΟΛΟ,1.0000000000000002
2020-12-01 19:00:00,18387,ΥΔΡΟΗΛΕΚΤΡΙΚΑ,0.1278437534764712
2020-12-02 19:00:00,59065,ΑΕΡΙΟ,0.4188858551115209
2020-12-02 19:00:00,18490,ΑΙΟΛΙΚΑ,0.1311301017694408
2020-12-02 19:00:00,10327,ΚΑΘΑΡΕΣ ΕΙΣΑΓΩΓΕΣ (ΕΙΣΑΓΩΓΕΣ-ΕΞΑΓΩΓΕΣ),0.0732385376405092
2020-12-02 19:00:00,40669,ΛΙΓΝΙΤΗΣ,0.2884223963689231
2020-12-02 19:00:00,141005,ΣΥΝΟΛΟ,1.0
2020-12-02 19:00:00,12454,ΥΔΡΟΗΛΕΚΤΡΙΚΑ,0.088323109109606
2020-12-03 19:00:00,59030,ΑΕΡΙΟ,0.43
2020-12-03 19:00:00,20697,ΑΙΟΛΙΚΑ,0.15
2020-12-03 19:00:00,14607,ΚΑΘΑΡΕΣ ΕΙΣΑΓΩΓΕΣ (ΕΙΣΑΓΩΓΕΣ-ΕΞΑΓΩΓΕΣ),0.11
2020-12-03 19:00:00,35770,ΛΙΓΝΙΤΗΣ,0.26
2020-12-03 19:00:00,137215,ΣΥΝΟΛΟ,1.0
2020-12-03 19:00:00,7111,ΥΔΡΟΗΛΕΚΤΡΙΚΑ,0.05
2020-12-04 19:00:00,59139,ΑΕΡΙΟ,0.4680236469107859
2020-12-04 19:00:00,5385,ΑΙΟΛΙΚΑ,0.0426166715469416
2020-12-04 19:00:00,25489,ΚΑΘΑΡΕΣ ΕΙΣΑΓΩΓΕΣ (ΕΙΣΑΓΩΓΕΣ-ΕΞΑΓΩΓΕΣ),0.2017189119888571
2020-12-04 19:00:00,32534,ΛΙΓΝΙΤΗΣ,0.2574727561946517
2020-12-04 19:00:00,126359,ΣΥΝΟΛΟ,1.0
2020-12-04 19:00:00,3812,ΥΔΡΟΗΛΕΚΤΡΙΚΑ,0.0301680133587635
2020-12-05 19:00:00,40811,ΑΕΡΙΟ,0.3481959268644364
2020-12-05 19:00:00,20892,ΑΙΟΛΙΚΑ,0.1782487394097622
2020-12-05 19:00:00,22537,ΚΑΘΑΡΕΣ ΕΙΣΑΓΩΓΕΣ (ΕΙΣΑΓΩΓΕΣ-ΕΞΑΓΩΓΕΣ),0.1922837373194433
2020-12-05 19:00:00,29704,ΛΙΓΝΙΤΗΣ,0.2534319622548141
2020-12-05 19:00:00,117207,ΣΥΝΟΛΟ,1.0
2020-12-05 19:00:00,3263,ΥΔΡΟΗΛΕΚΤΡΙΚΑ,0.0278396341515438
2020-12-06 19:00:00,52304,ΑΕΡΙΟ,0.41
2020-12-06 19:00:00,32919,ΑΙΟΛΙΚΑ,0.25
2020-12-06 19:00:00,11533,ΚΑΘΑΡΕΣ ΕΙΣΑΓΩΓΕΣ (ΕΙΣΑΓΩΓΕΣ-ΕΞΑΓΩΓΕΣ),0.09
2020-12-06 19:00:00,29173,ΛΙΓΝΙΤΗΣ,0.23
2020-12-06 19:00:00,128567,ΣΥΝΟΛΟ,1.0
2020-12-06 19:00:00,2638,ΥΔΡΟΗΛΕΚΤΡΙΚΑ,0.02
2020-12-07 19:00:00,57796,ΑΕΡΙΟ,0.4541390012965073
2020-12-07 19:00:00,16632,ΑΙΟΛΙΚΑ,0.1306879346246022
2020-12-07 19:00:00,17794,ΚΑΘΑΡΕΣ ΕΙΣΑΓΩΓΕΣ (ΕΙΣΑΓΩΓΕΣ-ΕΞΑΓΩΓΕΣ),0.139818488979688
2020-12-07 19:00:00,30919,ΛΙΓΝΙΤΗΣ,0.2429497505205673
2020-12-07 19:00:00,127265,ΣΥΝΟΛΟ,1.0
2020-12-07 19:00:00,4124,ΥΔΡΟΗΛΕΚΤΡΙΚΑ,0.0324048245786351
2020-12-08 19:00:00,53576,ΑΕΡΙΟ,0.3690442569312898
2020-12-08 19:00:00,49410,ΑΙΟΛΙΚΑ,0.3403478560358188
2020-12-08 19:00:00,7254,ΚΑΘΑΡΕΣ ΕΙΣΑΓΩΓΕΣ (ΕΙΣΑΓΩΓΕΣ-ΕΞΑΓΩΓΕΣ),0.049967280867918
2020-12-08 19:00:00,29699,ΛΙΓΝΙΤΗΣ,0.2045737902531427
2020-12-08 19:00:00,145175,ΣΥΝΟΛΟ,1.0
2020-12-08 19:00:00,5236,ΥΔΡΟΗΛΕΚΤΡΙΚΑ,0.0360668159118305
2020-12-09 19:00:00,59764,ΑΕΡΙΟ,0.4328278219557062
2020-12-09 19:00:00,42066,ΑΙΟΛΙΚΑ,0.3046538912788424
2020-12-09 19:00:00,-5298,ΚΑΘΑΡΕΣ ΕΙΣΑΓΩΓΕΣ (ΕΙΣΑΓΩΓΕΣ-ΕΞΑΓΩΓΕΣ),-0.0383696171729022
2020-12-09 19:00:00,33466,ΛΙΓΝΙΤΗΣ,0.2423702544938368
2020-12-09 19:00:00,138078,ΣΥΝΟΛΟ,1.0
2020-12-09 19:00:00,8080,ΥΔΡΟΗΛΕΚΤΡΙΚΑ,0.0585176494445168
2020-12-10 19:00:00,60680,ΑΕΡΙΟ,0.4390706290113675
2020-12-10 19:00:00,28211,ΑΙΟΛΙΚΑ,0.2041302161344708
2020-12-10 19:00:00,10953,ΚΑΘΑΡΕΣ ΕΙΣΑΓΩΓΕΣ (ΕΙΣΑΓΩΓΕΣ-ΕΞΑΓΩΓΕΣ),0.0792541298543425
2020-12-10 19:00:00,32936,ΛΙΓΝΙΤΗΣ,0.2383195490625972
2020-12-10 19:00:00,138201,ΣΥΝΟΛΟ,1.0
2020-12-10 19:00:00,5421,ΥΔΡΟΗΛΕΚΤΡΙΚΑ,0.0392254759372218
2020-12-11 19:00:00,63843,ΑΕΡΙΟ,0.4972815927218345
2020-12-11 19:00:00,24573,ΑΙΟΛΙΚΑ,0.1914023554336989
2020-12-11 19:00:00,5320,ΚΑΘΑΡΕΣ ΕΙΣΑΓΩΓΕΣ (ΕΙΣΑΓΩΓΕΣ-ΕΞΑΓΩΓΕΣ),0.0414381854436689
2020-12-11 19:00:00,29776,ΛΙΓΝΙΤΗΣ,0.2319292123629112
2020-12-11 19:00:00,128384,ΣΥΝΟΛΟ,1.0
2020-12-11 19:00:00,4872,ΥΔΡΟΗΛΕΚΤΡΙΚΑ,0.0379486540378863
2020-12-12 19:00:00,60817,ΑΕΡΙΟ,0.4861276527716718
2020-12-12 19:00:00,19428,ΑΙΟΛΙΚΑ,0.1552935534151313
2020-12-12 19:00:00,10667,ΚΑΘΑΡΕΣ ΕΙΣΑΓΩΓΕΣ (ΕΙΣΑΓΩΓΕΣ-ΕΞΑΓΩΓΕΣ),0.085264377922545
2020-12-12 19:00:00,28287,ΛΙΓΝΙΤΗΣ,0.2261060709004436
2020-12-12 19:00:00,125105,ΣΥΝΟΛΟ,1.0
2020-12-12 19:00:00,5906,ΥΔΡΟΗΛΕΚΤΡΙΚΑ,0.0472083449902082
2020-12-13 19:00:00,54738,ΑΕΡΙΟ,0.3970089065537149
2020-12-13 19:00:00,51358,ΑΙΟΛΙΚΑ,0.3724941251559372
2020-12-13 19:00:00,-1486,ΚΑΘΑΡΕΣ ΕΙΣΑΓΩΓΕΣ (ΕΙΣΑΓΩΓΕΣ-ΕΞΑΓΩΓΕΣ),-0.0107778003423365
2020-12-13 19:00:00,26735,ΛΙΓΝΙΤΗΣ,0.1939061185412979
2020-12-13 19:00:00,137876,ΣΥΝΟΛΟ,1.0
2020-12-13 19:00:00,6531,ΥΔΡΟΗΛΕΚΤΡΙΚΑ,0.0473686500913864
2020-12-14 19:00:00,56204,ΑΕΡΙΟ,0.4122673825818425
2020-12-14 19:00:00,44947,ΑΙΟΛΙΚΑ,0.3296950758826075
2020-12-14 19:00:00,3006,ΚΑΘΑΡΕΣ ΕΙΣΑΓΩΓΕΣ (ΕΙΣΑΓΩΓΕΣ-ΕΞΑΓΩΓΕΣ),0.022049600598552
2020-12-14 19:00:00,24878,ΛΙΓΝΙΤΗΣ,0.1824850178612034
2020-12-14 19:00:00,136329,ΣΥΝΟΛΟ,1.0
2020-12-14 19:00:00,7294,ΥΔΡΟΗΛΕΚΤΡΙΚΑ,0.0535029230757945
2020-12-15 19:00:00,73520,ΑΕΡΙΟ,0.54
2020-12-15 19:00:00,21174,ΑΙΟΛΙΚΑ,0.16
2020-12-15 19:00:00,6536,ΚΑΘΑΡΕΣ ΕΙΣΑΓΩΓΕΣ (ΕΙΣΑΓΩΓΕΣ-ΕΞΑΓΩΓΕΣ),0.0485421029960043
2020-12-15 19:00:00,24305,ΛΙΓΝΙΤΗΣ,0.18
2020-12-15 19:00:00,134646,ΣΥΝΟΛΟ,0.9985421029960044
2020-12-15 19:00:00,9111,ΥΔΡΟΗΛΕΚΤΡΙΚΑ,0.07
2020-12-16 19:00:00,86398,ΑΕΡΙΟ,0.6195492388116426
2020-12-16 19:00:00,5894,ΑΙΟΛΙΚΑ,0.0422651359239313
2020-12-16 19:00:00,3594,ΚΑΘΑΡΕΣ ΕΙΣΑΓΩΓΕΣ (ΕΙΣΑΓΩΓΕΣ-ΕΞΑΓΩΓΕΣ),0.0257721239413996
2020-12-16 19:00:00,32656,ΛΙΓΝΙΤΗΣ,0.2341720866528507
2020-12-16 19:00:00,139453,ΣΥΝΟΛΟ,1.0
2020-12-16 19:00:00,10911,ΥΔΡΟΗΛΕΚΤΡΙΚΑ,0.0782414146701756
2020-12-17 19:00:00,79419,ΑΕΡΙΟ,0.585958077868036
2020-12-17 19:00:00,7093,ΑΙΟΛΙΚΑ,0.0523325733932431
2020-12-17 19:00:00,12245,ΚΑΘΑΡΕΣ ΕΙΣΑΓΩΓΕΣ (ΕΙΣΑΓΩΓΕΣ-ΕΞΑΓΩΓΕΣ),0.0903443340194928
2020-12-17 19:00:00,30650,ΛΙΓΝΙΤΗΣ,0.2261375122660233
2020-12-17 19:00:00,135537,ΣΥΝΟΛΟ,1.0
2020-12-17 19:00:00,6130,ΥΔΡΟΗΛΕΚΤΡΙΚΑ,0.0452275024532046
2020-12-18 19:00:00,83058,ΑΕΡΙΟ,0.64
2020-12-18 19:00:00,6264,ΑΙΟΛΙΚΑ,0.05
2020-12-18 19:00:00,7607,ΚΑΘΑΡΕΣ ΕΙΣΑΓΩΓΕΣ (ΕΙΣΑΓΩΓΕΣ-ΕΞΑΓΩΓΕΣ),0.06
2020-12-18 19:00:00,26900,ΛΙΓΝΙΤΗΣ,0.21
2020-12-18 19:00:00,129790,ΣΥΝΟΛΟ,1.0
2020-12-18 19:00:00,5961,ΥΔΡΟΗΛΕΚΤΡΙΚΑ,0.04
2020-12-19 19:00:00,78281,ΑΕΡΙΟ,0.6210510448566396
2020-12-19 19:00:00,8874,ΑΙΟΛΙΚΑ,0.07
2020-12-19 19:00:00,8457,ΚΑΘΑΡΕΣ ΕΙΣΑΓΩΓΕΣ (ΕΙΣΑΓΩΓΕΣ-ΕΞΑΓΩΓΕΣ),0.0670945527823175
2020-12-19 19:00:00,26907,ΛΙΓΝΙΤΗΣ,0.2134696856703108
2020-12-19 19:00:00,126046,ΣΥΝΟΛΟ,0.9995971312060676
2020-12-19 19:00:00,3527,ΥΔΡΟΗΛΕΚΤΡΙΚΑ,0.0279818478967995
2020-12-20 19:00:00,79261,ΑΕΡΙΟ,0.588194696964075
2020-12-20 19:00:00,16952,ΑΙΟΛΙΚΑ,0.1258005387635154
2020-12-20 19:00:00,5943,ΚΑΘΑΡΕΣ ΕΙΣΑΓΩΓΕΣ (ΕΙΣΑΓΩΓΕΣ-ΕΞΑΓΩΓΕΣ),0.0441029142208336
2020-12-20 19:00:00,26822,ΛΙΓΝΙΤΗΣ,0.1990456613210837
2020-12-20 19:00:00,134753,ΣΥΝΟΛΟ,1.0
2020-12-20 19:00:00,5775,ΥΔΡΟΗΛΕΚΤΡΙΚΑ,0.042856188730492
2020-12-21 19:00:00,84379,ΑΕΡΙΟ,0.6246825837497686
2020-12-21 19:00:00,7588,ΑΙΟΛΙΚΑ,0.0561761984082916
2020-12-21 19:00:00,6767,ΚΑΘΑΡΕΣ ΕΙΣΑΓΩΓΕΣ (ΕΙΣΑΓΩΓΕΣ-ΕΞΑΓΩΓΕΣ),0.0500980936516749
2020-12-21 19:00:00,31314,ΛΙΓΝΙΤΗΣ,0.2318267629094947
2020-12-21 19:00:00,135075,ΣΥΝΟΛΟ,1.0
2020-12-21 19:00:00,5027,ΥΔΡΟΗΛΕΚΤΡΙΚΑ,0.0372163612807699
2020-12-22 19:00:00,74148,ΑΕΡΙΟ,0.5758352360095056
2020-12-22 19:00:00,5162,ΑΙΟΛΙΚΑ,0.0400882220461923
2020-12-22 19:00:00,14454,ΚΑΘΑΡΕΣ ΕΙΣΑΓΩΓΕΣ (ΕΙΣΑΓΩΓΕΣ-ΕΞΑΓΩΓΕΣ),0.1122501281394156
2020-12-22 19:00:00,28923,ΛΙΓΝΙΤΗΣ,0.2246167466567261
2020-12-22 19:00:00,128766,ΣΥΝΟΛΟ,1.0
2020-12-22 19:00:00,6079,ΥΔΡΟΗΛΕΚΤΡΙΚΑ,0.0472096671481602
2020-12-23 19:00:00,52056,ΑΕΡΙΟ,0.4182279782755407
2020-12-23 19:00:00,21691,ΑΙΟΛΙΚΑ,0.1742696918083363
2020-12-23 19:00:00,18883,ΚΑΘΑΡΕΣ ΕΙΣΑΓΩΓΕΣ (ΕΙΣΑΓΩΓΕΣ-ΕΞΑΓΩΓΕΣ),0.1517096763826847
2020-12-23 19:00:00,27146,ΛΙΓΝΙΤΗΣ,0.2180962175016871
2020-12-23 19:00:00,124468,ΣΥΝΟΛΟ,1.0
2020-12-23 19:00:00,4692,ΥΔΡΟΗΛΕΚΤΡΙΚΑ,0.0376964360317511
2020-12-24 19:00:00,34991,ΑΕΡΙΟ,0.32
2020-12-24 19:00:00,38309,ΑΙΟΛΙΚΑ,0.35
2020-12-24 19:00:00,12682,ΚΑΘΑΡΕΣ ΕΙΣΑΓΩΓΕΣ (ΕΙΣΑΓΩΓΕΣ-ΕΞΑΓΩΓΕΣ),0.12
2020-12-24 19:00:00,17333,ΛΙΓΝΙΤΗΣ,0.16
2020-12-24 19:00:00,108138,ΣΥΝΟΛΟ,1.0
2020-12-24 19:00:00,4823,ΥΔΡΟΗΛΕΚΤΡΙΚΑ,0.05
2020-12-25 19:00:00,30389,ΑΕΡΙΟ,0.2865913463352069
2020-12-25 19:00:00,48195,ΑΙΟΛΙΚΑ,0.4545154475838394
2020-12-25 19:00:00,6766,ΚΑΘΑΡΕΣ ΕΙΣΑΓΩΓΕΣ (ΕΙΣΑΓΩΓΕΣ-ΕΞΑΓΩΓΕΣ),0.0638085178618582
2020-12-25 19:00:00,15469,ΛΙΓΝΙΤΗΣ,0.1458844166132257
2020-12-25 19:00:00,106036,ΣΥΝΟΛΟ,1.0
2020-12-25 19:00:00,5217,ΥΔΡΟΗΛΕΚΤΡΙΚΑ,0.0492002716058697
2020-12-26 19:00:00,27985,ΑΕΡΙΟ,0.2529877596774485
2020-12-26 19:00:00,52457,ΑΙΟΛΙΚΑ,0.4742175776094307
2020-12-26 19:00:00,8705,ΚΑΘΑΡΕΣ ΕΙΣΑΓΩΓΕΣ (ΕΙΣΑΓΩΓΕΣ-ΕΞΑΓΩΓΕΣ),0.0786942450595744
2020-12-26 19:00:00,16121,ΛΙΓΝΙΤΗΣ,0.1457357753710969
2020-12-26 19:00:00,110618,ΣΥΝΟΛΟ,1.0
2020-12-26 19:00:00,5350,ΥΔΡΟΗΛΕΚΤΡΙΚΑ,0.0483646422824495
2020-12-27 19:00:00,32760,ΑΕΡΙΟ,0.29
2020-12-27 19:00:00,43543,ΑΙΟΛΙΚΑ,0.39
2020-12-27 19:00:00,15058,ΚΑΘΑΡΕΣ ΕΙΣΑΓΩΓΕΣ (ΕΙΣΑΓΩΓΕΣ-ΕΞΑΓΩΓΕΣ),0.13
2020-12-27 19:00:00,15900,ΛΙΓΝΙΤΗΣ,0.14
2020-12-27 19:00:00,113234,ΣΥΝΟΛΟ,1.0
2020-12-27 19:00:00,5973,ΥΔΡΟΗΛΕΚΤΡΙΚΑ,0.05
2020-12-28 19:00:00,38977,ΑΕΡΙΟ,0.3447065170288221
2020-12-28 19:00:00,53859,ΑΙΟΛΙΚΑ,0.4763206070414688
2020-12-28 19:00:00,148,ΚΑΘΑΡΕΣ ΕΙΣΑΓΩΓΕΣ (ΕΙΣΑΓΩΓΕΣ-ΕΞΑΓΩΓΕΣ),0.0013088889478478
2020-12-28 19:00:00,15790,ΛΙΓΝΙΤΗΣ,0.1396443005845781
2020-12-28 19:00:00,113073,ΣΥΝΟΛΟ,1.0
2020-12-28 19:00:00,4299,ΥΔΡΟΗΛΕΚΤΡΙΚΑ,0.0380196863972831
2020-12-29 19:00:00,41009,ΑΕΡΙΟ,0.3621487486532789
2020-12-29 19:00:00,51421,ΑΙΟΛΙΚΑ,0.4540966813260566
2020-12-29 19:00:00,1636,ΚΑΘΑΡΕΣ ΕΙΣΑΓΩΓΕΣ (ΕΙΣΑΓΩΓΕΣ-ΕΞΑΓΩΓΕΣ),0.0144474469700983
2020-12-29 19:00:00,14651,ΛΙΓΝΙΤΗΣ,0.1293823628110705
2020-12-29 19:00:00,113238,ΣΥΝΟΛΟ,1.0
2020-12-29 19:00:00,4521,ΥΔΡΟΗΛΕΚΤΡΙΚΑ,0.0399247602394955
2020-12-30 19:00:00,51765,ΑΕΡΙΟ,0.437655354334703
2020-12-30 19:00:00,45335,ΑΙΟΛΙΚΑ,0.3832919055107459
2020-12-30 19:00:00,1500,ΚΑΘΑΡΕΣ ΕΙΣΑΓΩΓΕΣ (ΕΙΣΑΓΩΓΕΣ-ΕΞΑΓΩΓΕΣ),0.0126819865063663
2020-12-30 19:00:00,14550,ΛΙΓΝΙΤΗΣ,0.1230152691117536
2020-12-30 19:00:00,118278,ΣΥΝΟΛΟ,1.0
2020-12-30 19:00:00,5128,ΥΔΡΟΗΛΕΚΤΡΙΚΑ,0.0433554845364311
2020-12-31 19:00:00,52541,ΑΕΡΙΟ,0.5276896191547485
2020-12-31 19:00:00,12000,ΑΙΟΛΙΚΑ,0.1205206492045637
2020-12-31 19:00:00,13377,ΚΑΘΑΡΕΣ ΕΙΣΑΓΩΓΕΣ (ΕΙΣΑΓΩΓΕΣ-ΕΞΑΓΩΓΕΣ),0.1343503937007874
2020-12-31 19:00:00,15216,ΛΙΓΝΙΤΗΣ,0.1528201831913868
2020-12-31 19:00:00,99568,ΣΥΝΟΛΟ,1.0
2020-12-31 19:00:00,6434,ΥΔΡΟΗΛΕΚΤΡΙΚΑ,0.0646191547485135
2021-01-02 19:00:00,39954,ΑΕΡΙΟ,0.3652870347513645
2021-01-02 19:00:00,40487,ΑΙΟΛΙΚΑ,0.3701600885012388
2021-01-02 19:00:00,4914,ΚΑΘΑΡΕΣ ΕΙΣΑΓΩΓΕΣ (ΕΙΣΑΓΩΓΕΣ-ΕΞΑΓΩΓΕΣ),0.0449271784744507
2021-01-02 19:00:00,14480,ΛΙΓΝΙΤΗΣ,0.1323861506532452
2021-01-02 19:00:00,109377,ΣΥΝΟΛΟ,1.0
2021-01-02 19:00:00,9542,ΥΔΡΟΗΛΕΚΤΡΙΚΑ,0.0872395476197006
2021-01-04 19:00:00,59567,ΑΕΡΙΟ,0.4893169589682507
2021-01-04 19:00:00,26695,ΑΙΟΛΙΚΑ,0.21928779726455
2021-01-04 19:00:00,5573,ΚΑΘΑΡΕΣ ΕΙΣΑΓΩΓΕΣ (ΕΙΣΑΓΩΓΕΣ-ΕΞΑΓΩΓΕΣ),0.0457797675278268
2021-01-04 19:00:00,14645,ΛΙΓΝΙΤΗΣ,0.1203022959707561
2021-01-04 19:00:00,121735,ΣΥΝΟΛΟ,1.0
2021-01-04 19:00:00,15255,ΥΔΡΟΗΛΕΚΤΡΙΚΑ,0.1253131802686162
2021-01-05 19:00:00,66923,ΑΕΡΙΟ,0.5669038542990258
2021-01-05 19:00:00,28554,ΑΙΟΛΙΚΑ,0.2418805590851334
2021-01-05 19:00:00,-5978,ΚΑΘΑΡΕΣ ΕΙΣΑΓΩΓΕΣ (ΕΙΣΑΓΩΓΕΣ-ΕΞΑΓΩΓΕΣ),-0.0506395595086827
2021-01-05 19:00:00,14634,ΛΙΓΝΙΤΗΣ,0.1239644218551461
2021-01-05 19:00:00,118050,ΣΥΝΟΛΟ,1.0
2021-01-05 19:00:00,13917,ΥΔΡΟΗΛΕΚΤΡΙΚΑ,0.1178907242693773
2021-01-06 19:00:00,59567,ΑΕΡΙΟ,0.4893169589682507
2021-01-06 19:00:00,26695,ΑΙΟΛΙΚΑ,0.21928779726455
2021-01-06 19:00:00,5573,ΚΑΘΑΡΕΣ ΕΙΣΑΓΩΓΕΣ (ΕΙΣΑΓΩΓΕΣ-ΕΞΑΓΩΓΕΣ),0.0457797675278268
2021-01-06 19:00:00,14645,ΛΙΓΝΙΤΗΣ,0.1203022959707561
2021-01-06 19:00:00,121735,ΣΥΝΟΛΟ,1.0
2021-01-06 19:00:00,15255,ΥΔΡΟΗΛΕΚΤΡΙΚΑ,0.1253131802686162
2021-01-07 19:00:00,62241,ΑΕΡΙΟ,0.5077747683070095
2021-01-07 19:00:00,55447,ΑΙΟΛΙΚΑ,0.4523479310794935
2021-01-07 19:00:00,-19403,ΚΑΘΑΡΕΣ ΕΙΣΑΓΩΓΕΣ (ΕΙΣΑΓΩΓΕΣ-ΕΞΑΓΩΓΕΣ),-0.1582936300744028
2021-01-07 19:00:00,14558,ΛΙΓΝΙΤΗΣ,0.1187671322281686
2021-01-07 19:00:00,122576,ΣΥΝΟΛΟ,1.0
2021-01-07 19:00:00,9733,ΥΔΡΟΗΛΕΚΤΡΙΚΑ,0.0794037984597311
2021-01-08 19:00:00,56942,ΑΕΡΙΟ,0.5042506464524813
2021-01-08 19:00:00,42880,ΑΙΟΛΙΚΑ,0.3797244164216641
2021-01-08 19:00:00,-11780,ΚΑΘΑΡΕΣ ΕΙΣΑΓΩΓΕΣ (ΕΙΣΑΓΩΓΕΣ-ΕΞΑΓΩΓΕΣ),-0.1043179483546456
2021-01-08 19:00:00,14614,ΛΙΓΝΙΤΗΣ,0.1294144734511707
2021-01-08 19:00:00,112924,ΣΥΝΟΛΟ,1.0
2021-01-08 19:00:00,10268,ΥΔΡΟΗΛΕΚΤΡΙΚΑ,0.0909284120293294
2021-01-09 19:00:00,49750,ΑΕΡΙΟ,0.4590838623948028
2021-01-09 19:00:00,38241,ΑΙΟΛΙΚΑ,0.3528809242580836
2021-01-09 19:00:00,-5562,ΚΑΘΑΡΕΣ ΕΙΣΑΓΩΓΕΣ (ΕΙΣΑΓΩΓΕΣ-ΕΞΑΓΩΓΕΣ),-0.0513251144249224
2021-01-09 19:00:00,15477,ΛΙΓΝΙΤΗΣ,0.142818913332349
2021-01-09 19:00:00,108368,ΣΥΝΟΛΟ,1.0
2021-01-09 19:00:00,10462,ΥΔΡΟΗΛΕΚΤΡΙΚΑ,0.0965414144396869
2021-01-10 19:00:00,48952,ΑΕΡΙΟ,0.4080625531418282
2021-01-10 19:00:00,51070,ΑΙΟΛΙΚΑ,0.4257181440789583
2021-01-10 19:00:00,-10263,ΚΑΘΑΡΕΣ ΕΙΣΑΓΩΓΕΣ (ΕΙΣΑΓΩΓΕΣ-ΕΞΑΓΩΓΕΣ),-0.0855520914956402
2021-01-10 19:00:00,16873,ΛΙΓΝΙΤΗΣ,0.1406528734099131
2021-01-10 19:00:00,119962,ΣΥΝΟΛΟ,1.0
2021-01-10 19:00:00,13330,ΥΔΡΟΗΛΕΚΤΡΙΚΑ,0.1111185208649405
2021-01-11 19:00:00,42786,ΑΙΟΛΙΚΑ,0.3369931634164015
2021-01-11 19:00:00,-12620,ΚΑΘΑΡΕΣ ΕΙΣΑΓΩΓΕΣ (ΕΙΣΑΓΩΓΕΣ-ΕΞΑΓΩΓΕΣ),-0.0993982546233578
2021-01-11 19:00:00,14877,ΛΙΓΝΙΤΗΣ,0.1171749472291358
2021-01-11 19:00:00,126964,ΣΥΝΟΛΟ,1.0
2021-01-11 19:00:00,21735,ΥΔΡΟΗΛΕΚΤΡΙΚΑ,0.1711902586559969
2021-01-11 19:00:00,60186,ΦΥΣΙΚΟ ΑΕΡΙΟ,0.4740398853218235
2021-01-12 19:00:00,23277,ΑΙΟΛΙΚΑ,0.1828946334564312
2021-01-12 19:00:00,-6916,ΚΑΘΑΡΕΣ ΕΙΣΑΓΩΓΕΣ (ΕΙΣΑΓΩΓΕΣ-ΕΞΑΓΩΓΕΣ),-0.054341164453524
2021-01-12 19:00:00,19604,ΛΙΓΝΙΤΗΣ,0.1540347293156282
2021-01-12 19:00:00,127270,ΣΥΝΟΛΟ,1.0
2021-01-12 19:00:00,33252,ΥΔΡΟΗΛΕΚΤΡΙΚΑ,0.2612713129567062
2021-01-12 19:00:00,58053,ΦΥΣΙΚΟ ΑΕΡΙΟ,0.4561404887247584
2021-01-13 19:00:00,32581,ΑΙΟΛΙΚΑ,0.2519000162361509
2021-01-13 19:00:00,-19099,ΚΑΘΑΡΕΣ ΕΙΣΑΓΩΓΕΣ (ΕΙΣΑΓΩΓΕΣ-ΕΞΑΓΩΓΕΣ),-0.1476639271383397
2021-01-13 19:00:00,21296,ΛΙΓΝΙΤΗΣ,0.1646500336320269
2021-01-13 19:00:00,129341,ΣΥΝΟΛΟ,1.0
2021-01-13 19:00:00,39563,ΥΔΡΟΗΛΕΚΤΡΙΚΑ,0.3058813523940591
2021-01-13 19:00:00,55000,ΦΥΣΙΚΟ ΑΕΡΙΟ,0.4252325248761027
2021-01-14 19:00:00,28153,ΑΙΟΛΙΚΑ,0.2028664898829769
2021-01-14 19:00:00,-14333,ΚΑΘΑΡΕΣ ΕΙΣΑΓΩΓΕΣ (ΕΙΣΑΓΩΓΕΣ-ΕΞΑΓΩΓΕΣ),-0.1032815472415979
2021-01-14 19:00:00,19130,ΛΙΓΝΙΤΗΣ,0.1378480428892604
2021-01-14 19:00:00,138776,ΣΥΝΟΛΟ,1.0
2021-01-14 19:00:00,37750,ΥΔΡΟΗΛΕΚΤΡΙΚΑ,0.2720210987490632
2021-01-14 19:00:00,68076,ΦΥΣΙΚΟ ΑΕΡΙΟ,0.4905459157202974
2021-01-15 19:00:00,26080,ΑΙΟΛΙΚΑ,0.1755933344554788
2021-01-15 19:00:00,-5562,ΚΑΘΑΡΕΣ ΕΙΣΑΓΩΓΕΣ (ΕΙΣΑΓΩΓΕΣ-ΕΞΑΓΩΓΕΣ),-0.0374482410368624
2021-01-15 19:00:00,19415,ΛΙΓΝΙΤΗΣ,0.1307187342198283
2021-01-15 19:00:00,148525,ΣΥΝΟΛΟ,1.0
2021-01-15 19:00:00,35245,ΥΔΡΟΗΛΕΚΤΡΙΚΑ,0.2373001178252819
2021-01-15 19:00:00,73347,ΦΥΣΙΚΟ ΑΕΡΙΟ,0.4938360545362733
2021-01-16 19:00:00,25788,ΑΙΟΛΙΚΑ,0.188310550297932
2021-01-16 19:00:00,-5467,ΚΑΘΑΡΕΣ ΕΙΣΑΓΩΓΕΣ (ΕΙΣΑΓΩΓΕΣ-ΕΞΑΓΩΓΕΣ),-0.0399214277368851
2021-01-16 19:00:00,18044,ΛΙΓΝΙΤΗΣ,0.1317618880710363
2021-01-16 19:00:00,136944,ΣΥΝΟΛΟ,1.0
2021-01-16 19:00:00,34974,ΥΔΡΟΗΛΕΚΤΡΙΚΑ,0.2553890641430074
2021-01-16 19:00:00,63605,ΦΥΣΙΚΟ ΑΕΡΙΟ,0.4644599252249095
2021-01-17 19:00:00,26094,ΑΙΟΛΙΚΑ,0.1651937199290959
2021-01-17 19:00:00,2473,ΚΑΘΑΡΕΣ ΕΙΣΑΓΩΓΕΣ (ΕΙΣΑΓΩΓΕΣ-ΕΞΑΓΩΓΕΣ),0.0156558622436059
2021-01-17 19:00:00,22857,ΛΙΓΝΙΤΗΣ,0.1447011901747277
2021-01-17 19:00:00,157960,ΣΥΝΟΛΟ,1.0
2021-01-17 19:00:00,34212,ΥΔΡΟΗΛΕΚΤΡΙΚΑ,0.2165864775892631
2021-01-17 19:00:00,72324,ΦΥΣΙΚΟ ΑΕΡΙΟ,0.4578627500633072
2021-01-18 19:00:00,12533,ΑΙΟΛΙΚΑ,0.080226089962297
2021-01-18 19:00:00,10920,ΚΑΘΑΡΕΣ ΕΙΣΑΓΩΓΕΣ (ΕΙΣΑΓΩΓΕΣ-ΕΞΑΓΩΓΕΣ),0.069900973620704
2021-01-18 19:00:00,24814,ΛΙΓΝΙΤΗΣ,0.158839080533347
2021-01-18 19:00:00,156221,ΣΥΝΟΛΟ,1.0
2021-01-18 19:00:00,27082,ΥΔΡΟΗΛΕΚΤΡΙΚΑ,0.1733569750545701
2021-01-18 19:00:00,80872,ΦΥΣΙΚΟ ΑΕΡΙΟ,0.5176768808290819
2021-01-19 19:00:00,21219,ΑΙΟΛΙΚΑ,0.1377892932283955
2021-01-19 19:00:00,19571,ΚΑΘΑΡΕΣ ΕΙΣΑΓΩΓΕΣ (ΕΙΣΑΓΩΓΕΣ-ΕΞΑΓΩΓΕΣ),0.1270877165640666
2021-01-19 19:00:00,24754,ΛΙΓΝΙΤΗΣ,0.1607444349203875
2021-01-19 19:00:00,153996,ΣΥΝΟΛΟ,1.0
2021-01-19 19:00:00,27646,ΥΔΡΟΗΛΕΚΤΡΙΚΑ,0.1795241434842463
2021-01-19 19:00:00,60806,ΦΥΣΙΚΟ ΑΕΡΙΟ,0.394854411802904
2021-01-20 19:00:00,27217,ΑΙΟΛΙΚΑ,0.182325475458376
2021-01-20 19:00:00,9369,ΚΑΘΑΡΕΣ ΕΙΣΑΓΩΓΕΣ (ΕΙΣΑΓΩΓΕΣ-ΕΞΑΓΩΓΕΣ),0.062762515323861
2021-01-20 19:00:00,25042,ΛΙΓΝΙΤΗΣ,0.1677552469569994
2021-01-20 19:00:00,149277,ΣΥΝΟΛΟ,1.0
2021-01-20 19:00:00,27934,ΥΔΡΟΗΛΕΚΤΡΙΚΑ,0.1871286266471057
2021-01-20 19:00:00,59715,ΦΥΣΙΚΟ ΑΕΡΙΟ,0.4000281356136578
2021-01-21 19:00:00,36551,ΑΙΟΛΙΚΑ,0.2549915586499421
2021-01-21 19:00:00,4453,ΚΑΘΑΡΕΣ ΕΙΣΑΓΩΓΕΣ (ΕΙΣΑΓΩΓΕΣ-ΕΞΑΓΩΓΕΣ),0.0310655634775571
2021-01-21 19:00:00,23577,ΛΙΓΝΙΤΗΣ,0.1644807523266035
2021-01-21 19:00:00,143342,ΣΥΝΟΛΟ,1.0
2021-01-21 19:00:00,24690,ΥΔΡΟΗΛΕΚΤΡΙΚΑ,0.1722453991154023
2021-01-21 19:00:00,54071,ΦΥΣΙΚΟ ΑΕΡΙΟ,0.3772167264304949
2021-01-22 19:00:00,54603,ΑΙΟΛΙΚΑ,0.4026651131235066
2021-01-22 19:00:00,-12882,ΚΑΘΑΡΕΣ ΕΙΣΑΓΩΓΕΣ (ΕΙΣΑΓΩΓΕΣ-ΕΞΑΓΩΓΕΣ),-0.094997197722781
2021-01-22 19:00:00,24941,ΛΙΓΝΙΤΗΣ,0.1839252529423911
2021-01-22 19:00:00,135604,ΣΥΝΟΛΟ,1.0
2021-01-22 19:00:00,23559,ΥΔΡΟΗΛΕΚΤΡΙΚΑ,0.1737338131618536
2021-01-22 19:00:00,45383,ΦΥΣΙΚΟ ΑΕΡΙΟ,0.3346730184950297
2021-01-23 19:00:00,48443,ΑΙΟΛΙΚΑ,0.4000313795438405
2021-01-23 19:00:00,-10719,ΚΑΘΑΡΕΣ ΕΙΣΑΓΩΓΕΣ (ΕΙΣΑΓΩΓΕΣ-ΕΞΑΓΩΓΕΣ),-0.0885150869543675
2021-01-23 19:00:00,23448,ΛΙΓΝΙΤΗΣ,0.1936283010454342
2021-01-23 19:00:00,121098,ΣΥΝΟΛΟ,1.0
2021-01-23 19:00:00,31046,ΥΔΡΟΗΛΕΚΤΡΙΚΑ,0.2563708731770962
2021-01-23 19:00:00,28880,ΦΥΣΙΚΟ ΑΕΡΙΟ,0.2384845331879965
2021-01-24 19:00:00,49198,ΑΙΟΛΙΚΑ,0.4000130090819653
2021-01-24 19:00:00,-10384,ΚΑΘΑΡΕΣ ΕΙΣΑΓΩΓΕΣ (ΕΙΣΑΓΩΓΕΣ-ΕΞΑΓΩΓΕΣ),-0.0844289419551024
2021-01-24 19:00:00,20251,ΛΙΓΝΙΤΗΣ,0.164654324300152
2021-01-24 19:00:00,122991,ΣΥΝΟΛΟ,1.0
2021-01-24 19:00:00,32494,ΥΔΡΟΗΛΕΚΤΡΙΚΑ,0.264198193363742
2021-01-24 19:00:00,31432,ΦΥΣΙΚΟ ΑΕΡΙΟ,0.255563415209243
2021-01-25 19:00:00,48415,ΑΙΟΛΙΚΑ,0.3451779183094374
2021-01-25 19:00:00,-13762,ΚΑΘΑΡΕΣ ΕΙΣΑΓΩΓΕΣ (ΕΙΣΑΓΩΓΕΣ-ΕΞΑΓΩΓΕΣ),-0.0981170817262104
2021-01-25 19:00:00,19758,ΛΙΓΝΙΤΗΣ,0.14
2021-01-25 19:00:00,140261,ΣΥΝΟΛΟ,1.0
2021-01-25 19:00:00,30380,ΥΔΡΟΗΛΕΚΤΡΙΚΑ,0.2165962027933638
2021-01-25 19:00:00,55470,ΦΥΣΙΚΟ ΑΕΡΙΟ,0.39
2021-01-26 19:00:00,40747,ΑΙΟΛΙΚΑ,0.2790833065074005
2021-01-26 19:00:00,-9382,ΚΑΘΑΡΕΣ ΕΙΣΑΓΩΓΕΣ (ΕΙΣΑΓΩΓΕΣ-ΕΞΑΓΩΓΕΣ),-0.0642589535831455
2021-01-26 19:00:00,24617,ΛΙΓΝΙΤΗΣ,0.1686061245316877
2021-01-26 19:00:00,146003,ΣΥΝΟΛΟ,1.0
2021-01-26 19:00:00,28824,ΥΔΡΟΗΛΕΚΤΡΙΚΑ,0.1974206009465559
2021-01-26 19:00:00,61197,ΦΥΣΙΚΟ ΑΕΡΙΟ,0.4191489215975014
2021-01-27 19:00:00,20668,ΑΙΟΛΙΚΑ,0.1430459909333148
2021-01-27 19:00:00,11258,ΚΑΘΑΡΕΣ ΕΙΣΑΓΩΓΕΣ (ΕΙΣΑΓΩΓΕΣ-ΕΞΑΓΩΓΕΣ),0.0779181229885455
2021-01-27 19:00:00,19258,ΛΙΓΝΙΤΗΣ,0.133287192442122
2021-01-27 19:00:00,144485,ΣΥΝΟΛΟ,1.0
2021-01-27 19:00:00,33588,ΥΔΡΟΗΛΕΚΤΡΙΚΑ,0.2324670381008409
2021-01-27 19:00:00,59713,ΦΥΣΙΚΟ ΑΕΡΙΟ,0.4132816555351766
2021-01-28 19:00:00,35421,ΑΙΟΛΙΚΑ,0.247215242881072
2021-01-28 19:00:00,8431,ΚΑΘΑΡΕΣ ΕΙΣΑΓΩΓΕΣ (ΕΙΣΑΓΩΓΕΣ-ΕΞΑΓΩΓΕΣ),0.0588428252372976
2021-01-28 19:00:00,19390,ΛΙΓΝΙΤΗΣ,0.13
2021-01-28 19:00:00,143280,ΣΥΝΟΛΟ,1.0
2021-01-28 19:00:00,35709,ΥΔΡΟΗΛΕΚΤΡΙΚΑ,0.2492252931323283
2021-01-28 19:00:00,44329,ΦΥΣΙΚΟ ΑΕΡΙΟ,0.3093872138470128
2021-01-29 19:00:00,39314,ΑΙΟΛΙΚΑ,0.3133713283647523
2021-01-29 19:00:00,-7986,ΚΑΘΑΡΕΣ ΕΙΣΑΓΩΓΕΣ (ΕΙΣΑΓΩΓΕΣ-ΕΞΑΓΩΓΕΣ),-0.0636562911003945
2021-01-29 19:00:00,19393,ΛΙΓΝΙΤΗΣ,0.1545813239807102
2021-01-29 19:00:00,125455,ΣΥΝΟΛΟ,1.0
2021-01-29 19:00:00,32446,ΥΔΡΟΗΛΕΚΤΡΙΚΑ,0.2586265991789885
2021-01-29 19:00:00,42288,ΦΥΣΙΚΟ ΑΕΡΙΟ,0.3370770395759435
2021-01-30 19:00:00,40205,ΑΙΟΛΙΚΑ,0.3397270691621952
2021-01-30 19:00:00,5148,ΚΑΘΑΡΕΣ ΕΙΣΑΓΩΓΕΣ (ΕΙΣΑΓΩΓΕΣ-ΕΞΑΓΩΓΕΣ),0.0434999366259664
2021-01-30 19:00:00,15984,ΛΙΓΝΙΤΗΣ,0.1350627402932105
2021-01-30 19:00:00,118345,ΣΥΝΟΛΟ,1.0
2021-01-30 19:00:00,30934,ΥΔΡΟΗΛΕΚΤΡΙΚΑ,0.2613883138282141
2021-01-30 19:00:00,26074,ΦΥΣΙΚΟ ΑΕΡΙΟ,0.2203219400904136
2021-01-31 19:00:00,45616,ΑΙΟΛΙΚΑ,0.3555694130485619
2021-01-31 19:00:00,-3626,ΚΑΘΑΡΕΣ ΕΙΣΑΓΩΓΕΣ (ΕΙΣΑΓΩΓΕΣ-ΕΞΑΓΩΓΕΣ),-0.0282640891729674
2021-01-31 19:00:00,16873,ΛΙΓΝΙΤΗΣ,0.1315223322160729
2021-01-31 19:00:00,128290,ΣΥΝΟΛΟ,1.0
2021-01-31 19:00:00,26393,ΥΔΡΟΗΛΕΚΤΡΙΚΑ,0.2057292072647907
2021-01-31 19:00:00,43034,ΦΥΣΙΚΟ ΑΕΡΙΟ,0.33
2021-02-01 19:00:00,53474,ΑΕΡΙΟ,0.4153513950164668
2021-02-01 19:00:00,15088,ΑΙΟΛΙΚΑ,0.1171938109737152
2021-02-01 19:00:00,20833,ΚΑΘΑΡΕΣ ΕΙΣΑΓΩΓΕΣ (ΕΙΣΑΓΩΓΕΣ-ΕΞΑΓΩΓΕΣ),0.16181724973591
2021-02-01 19:00:00,14303,ΛΙΓΝΙΤΗΣ,0.1110964394457217
2021-02-01 19:00:00,128744,ΣΥΝΟΛΟ,1.0
2021-02-01 19:00:00,25046,ΥΔΡΟΗΛΕΚΤΡΙΚΑ,0.1945411048281861
2021-02-02 19:00:00,37507,ΑΕΡΙΟ,0.3036315653131274
2021-02-02 19:00:00,4708,ΑΙΟΛΙΚΑ,0.0381128165274269
2021-02-02 19:00:00,34231,ΚΑΘΑΡΕΣ ΕΙΣΑΓΩΓΕΣ (ΕΙΣΑΓΩΓΕΣ-ΕΞΑΓΩΓΕΣ),0.2771112622239492
2021-02-02 19:00:00,18234,ΛΙΓΝΙΤΗΣ,0.1476102584029531
2021-02-02 19:00:00,123528,ΣΥΝΟΛΟ,1.0
2021-02-02 19:00:00,28848,ΥΔΡΟΗΛΕΚΤΡΙΚΑ,0.2335340975325432
2021-02-03 19:00:00,17536,ΑΙΟΛΙΚΑ,0.14
2021-02-03 19:00:00,25072,ΚΑΘΑΡΕΣ ΕΙΣΑΓΩΓΕΣ (ΕΙΣΑΓΩΓΕΣ-ΕΞΑΓΩΓΕΣ),0.2079111037399452
2021-02-03 19:00:00,15301,ΛΙΓΝΙΤΗΣ,0.1268844846172983
2021-02-03 19:00:00,120590,ΣΥΝΟΛΟ,1.0
2021-02-03 19:00:00,34591,ΥΔΡΟΗΛΕΚΤΡΙΚΑ,0.2868479973463803
2021-02-03 19:00:00,28090,ΦΥΣΙΚΟ ΑΕΡΙΟ,0.23
2021-02-04 19:00:00,40593,ΑΕΡΙΟ,0.3375745328443479
2021-02-04 19:00:00,11981,ΑΙΟΛΙΚΑ,0.0996349241989538
2021-02-04 19:00:00,18264,ΚΑΘΑΡΕΣ ΕΙΣΑΓΩΓΕΣ (ΕΙΣΑΓΩΓΕΣ-ΕΞΑΓΩΓΕΣ),0.1518848389591597
2021-02-04 19:00:00,15647,ΛΙΓΝΙΤΗΣ,0.1301216642134238
2021-02-04 19:00:00,120249,ΣΥΝΟΛΟ,1.0
2021-02-04 19:00:00,33764,ΥΔΡΟΗΛΕΚΤΡΙΚΑ,0.2807840397841146
2021-02-05 19:00:00,25427,ΑΕΡΙΟ,0.227922194334887
2021-02-05 19:00:00,26737,ΑΙΟΛΙΚΑ,0.2396647543922553
2021-02-05 19:00:00,14829,ΚΑΘΑΡΕΣ ΕΙΣΑΓΩΓΕΣ (ΕΙΣΑΓΩΓΕΣ-ΕΞΑΓΩΓΕΣ),0.1329239870921477
2021-02-05 19:00:00,11557,ΛΙΓΝΙΤΗΣ,0.1035944783076371
2021-02-05 19:00:00,111560,ΣΥΝΟΛΟ,1.0
2021-02-05 19:00:00,33010,ΥΔΡΟΗΛΕΚΤΡΙΚΑ,0.2958945858730727
2021-02-06 19:00:00,16796,ΑΕΡΙΟ,0.152815940314803
2021-02-06 19:00:00,37094,ΑΙΟΛΙΚΑ,0.3374943135292512
2021-02-06 19:00:00,12730,ΚΑΘΑΡΕΣ ΕΙΣΑΓΩΓΕΣ (ΕΙΣΑΓΩΓΕΣ-ΕΞΑΓΩΓΕΣ),0.1158220362114457
2021-02-06 19:00:00,11945,ΛΙΓΝΙΤΗΣ,0.1086798289509598
2021-02-06 19:00:00,109910,ΣΥΝΟΛΟ,1.0
2021-02-06 19:00:00,31345,ΥΔΡΟΗΛΕΚΤΡΙΚΑ,0.2851878809935401
2021-02-07 19:00:00,24024,ΑΕΡΙΟ,0.2042613974526842
2021-02-07 19:00:00,54003,ΑΙΟΛΙΚΑ,0.4591545224208002
2021-02-07 19:00:00,-2544,ΚΑΘΑΡΕΣ ΕΙΣΑΓΩΓΕΣ (ΕΙΣΑΓΩΓΕΣ-ΕΞΑΓΩΓΕΣ),-0.0216300780519325
2021-02-07 19:00:00,12127,ΛΙΓΝΙΤΗΣ,0.1031084734810481
2021-02-07 19:00:00,117614,ΣΥΝΟΛΟ,1.0
2021-02-07 19:00:00,30004,ΥΔΡΟΗΛΕΚΤΡΙΚΑ,0.2551056846973999
2021-02-08 19:00:00,24777,ΑΕΡΙΟ,0.2068974155567617
2021-02-08 19:00:00,50992,ΑΙΟΛΙΚΑ,0.4258026804726316
2021-02-08 19:00:00,-3877,ΚΑΘΑΡΕΣ ΕΙΣΑΓΩΓΕΣ (ΕΙΣΑΓΩΓΕΣ-ΕΞΑΓΩΓΕΣ),-0.0323744311302242
2021-02-08 19:00:00,12509,ΛΙΓΝΙΤΗΣ,0.1044549288129931
2021-02-08 19:00:00,119755,ΣΥΝΟΛΟ,1.0
2021-02-08 19:00:00,35354,ΥΔΡΟΗΛΕΚΤΡΙΚΑ,0.2952194062878376
2021-02-09 19:00:00,30091,ΑΕΡΙΟ,0.2515507180953336
2021-02-09 19:00:00,40468,ΑΙΟΛΙΚΑ,0.3382989751049138
2021-02-09 19:00:00,2464,ΚΑΘΑΡΕΣ ΕΙΣΑΓΩΓΕΣ (ΕΙΣΑΓΩΓΕΣ-ΕΞΑΓΩΓΕΣ),0.0205982177191486
2021-02-09 19:00:00,11995,ΛΙΓΝΙΤΗΣ,0.1002741970540536
2021-02-09 19:00:00,119622,ΣΥΝΟΛΟ,1.0
2021-02-09 19:00:00,34604,ΥΔΡΟΗΛΕΚΤΡΙΚΑ,0.2892778920265503
2021-02-10 19:00:00,27788,ΑΕΡΙΟ,0.2234229018926785
2021-02-10 19:00:00,53710,ΑΙΟΛΙΚΑ,0.4318426680817534
2021-02-10 19:00:00,-6060,ΚΑΘΑΡΕΣ ΕΙΣΑΓΩΓΕΣ (ΕΙΣΑΓΩΓΕΣ-ΕΞΑΓΩΓΕΣ),-0.0487240098412851
2021-02-10 19:00:00,12131,ΛΙΓΝΙΤΗΣ,0.0975364626047244
2021-02-10 19:00:00,124374,ΣΥΝΟΛΟ,1.0
2021-02-10 19:00:00,36805,ΥΔΡΟΗΛΕΚΤΡΙΚΑ,0.2959219772621287
2021-02-11 19:00:00,44672,ΑΕΡΙΟ,0.3688425780669452
2021-02-11 19:00:00,22073,ΑΙΟΛΙΚΑ,0.1822497811978796
2021-02-11 19:00:00,6242,ΚΑΘΑΡΕΣ ΕΙΣΑΓΩΓΕΣ (ΕΙΣΑΓΩΓΕΣ-ΕΞΑΓΩΓΕΣ),0.0515382201892431
2021-02-11 19:00:00,13932,ΛΙΓΝΙΤΗΣ,0.1150321184999256
2021-02-11 19:00:00,121114,ΣΥΝΟΛΟ,1.0
2021-02-11 19:00:00,34195,ΥΔΡΟΗΛΕΚΤΡΙΚΑ,0.2823373020460062
2021-02-12 19:00:00,44495,ΑΕΡΙΟ,0.3202046661581197
2021-02-12 19:00:00,19375,ΑΙΟΛΙΚΑ,0.1394306193238244
2021-02-12 19:00:00,21300,ΚΑΘΑΡΕΣ ΕΙΣΑΓΩΓΕΣ (ΕΙΣΑΓΩΓΕΣ-ΕΞΑΓΩΓΕΣ),0.1532837260179334
2021-02-12 19:00:00,16119,ΛΙΓΝΙΤΗΣ,0.11599907885836
2021-02-12 19:00:00,138958,ΣΥΝΟΛΟ,1.0
2021-02-12 19:00:00,37669,ΥΔΡΟΗΛΕΚΤΡΙΚΑ,0.2710819096417622
2021-02-13 19:00:00,29317,ΑΕΡΙΟ,0.2070278019052461
2021-02-13 19:00:00,40968,ΑΙΟΛΙΚΑ,0.2893036459547062
2021-02-13 19:00:00,-10689,ΚΑΘΑΡΕΣ ΕΙΣΑΓΩΓΕΣ (ΕΙΣΑΓΩΓΕΣ-ΕΞΑΓΩΓΕΣ),0.08
2021-02-13 19:00:00,21968,ΛΙΓΝΙΤΗΣ,0.1551313828923302
2021-02-13 19:00:00,141609,ΣΥΝΟΛΟ,1.0
2021-02-13 19:00:00,38667,ΥΔΡΟΗΛΕΚΤΡΙΚΑ,0.2730546787280469
2021-02-14 19:00:00,42199,ΑΕΡΙΟ,0.2777254927769916
2021-02-14 19:00:00,43591,ΑΙΟΛΙΚΑ,0.2868867024252196
2021-02-14 19:00:00,3865,ΚΑΘΑΡΕΣ ΕΙΣΑΓΩΓΕΣ (ΕΙΣΑΓΩΓΕΣ-ΕΞΑΓΩΓΕΣ),0.08
2021-02-14 19:00:00,23980,ΛΙΓΝΙΤΗΣ,0.1578202639112836
2021-02-14 19:00:00,151945,ΣΥΝΟΛΟ,1.0
2021-02-14 19:00:00,38310,ΥΔΡΟΗΛΕΚΤΡΙΚΑ,0.2521307051893777
2021-02-15 19:00:00,33803,ΑΕΡΙΟ,0.226820103334899
2021-02-15 19:00:00,37489,ΑΙΟΛΙΚΑ,0.2515533785143931
2021-02-15 19:00:00,16641,ΚΑΘΑΡΕΣ ΕΙΣΑΓΩΓΕΣ (ΕΙΣΑΓΩΓΕΣ-ΕΞΑΓΩΓΕΣ),0.11
2021-02-15 19:00:00,27624,ΛΙΓΝΙΤΗΣ,0.1853586526202778
2021-02-15 19:00:00,149030,ΣΥΝΟΛΟ,1.0
2021-02-15 19:00:00,33473,ΥΔΡΟΗΛΕΚΤΡΙΚΑ,0.2246057840703214
2021-02-16 19:00:00,42170,ΑΕΡΙΟ,0.277394061385852
2021-02-16 19:00:00,17850,ΑΙΟΛΙΚΑ,0.1174172159292734
2021-02-16 19:00:00,-28457,ΚΑΘΑΡΕΣ ΕΙΣΑΓΩΓΕΣ (ΕΙΣΑΓΩΓΕΣ-ΕΞΑΓΩΓΕΣ),0.19
2021-02-16 19:00:00,27999,ΛΙΓΝΙΤΗΣ,0.1841772901290602
2021-02-16 19:00:00,152022,ΣΥΝΟΛΟ,1.0
2021-02-16 19:00:00,35546,ΥΔΡΟΗΛΕΚΤΡΙΚΑ,0.2338214205838628
2021-02-17 19:00:00,46469,ΑΕΡΙΟ,0.3100848130576075
2021-02-17 19:00:00,10973,ΑΙΟΛΙΚΑ,0.0732221621657691
2021-02-17 19:00:00,22662,ΚΑΘΑΡΕΣ ΕΙΣΑΓΩΓΕΣ (ΕΙΣΑΓΩΓΕΣ-ΕΞΑΓΩΓΕΣ),0.19
2021-02-17 19:00:00,29310,ΛΙΓΝΙΤΗΣ,0.1955838488178888
2021-02-17 19:00:00,149859,ΣΥΝΟΛΟ,1.0
2021-02-17 19:00:00,40445,ΥΔΡΟΗΛΕΚΤΡΙΚΑ,0.2698870271388438
2021-02-18 19:00:00,50754,ΑΕΡΙΟ,0.3650579011724088
2021-02-18 19:00:00,4169,ΑΙΟΛΙΚΑ,0.029986333884773
2021-02-18 19:00:00,20470,ΚΑΘΑΡΕΣ ΕΙΣΑΓΩΓΕΣ (ΕΙΣΑΓΩΓΕΣ-ΕΞΑΓΩΓΕΣ),0.14
2021-02-18 19:00:00,28747,ΛΙΓΝΙΤΗΣ,0.2067683233834424
2021-02-18 19:00:00,139030,ΣΥΝΟΛΟ,1.0
2021-02-18 19:00:00,34890,ΥΔΡΟΗΛΕΚΤΡΙΚΑ,0.2509530317197727
2021-02-19 19:00:00,40515,ΑΕΡΙΟ,0.3
2021-02-19 19:00:00,7312,ΑΙΟΛΙΚΑ,0.06
2021-02-19 19:00:00,-36179,ΚΑΘΑΡΕΣ ΕΙΣΑΓΩΓΕΣ (ΕΙΣΑΓΩΓΕΣ-ΕΞΑΓΩΓΕΣ),0.27
2021-02-19 19:00:00,20785,ΛΙΓΝΙΤΗΣ,0.15
2021-02-19 19:00:00,134020,ΣΥΝΟΛΟ,1.0
2021-02-19 19:00:00,29229,ΥΔΡΟΗΛΕΚΤΡΙΚΑ,0.22
2021-02-20 19:00:00,40515,ΑΕΡΙΟ,0.3
2021-02-20 19:00:00,7312,ΑΙΟΛΙΚΑ,0.06
2021-02-20 19:00:00,-36179,ΚΑΘΑΡΕΣ ΕΙΣΑΓΩΓΕΣ (ΕΙΣΑΓΩΓΕΣ-ΕΞΑΓΩΓΕΣ),0.27
2021-02-20 19:00:00,20716,ΛΙΓΝΙΤΗΣ,0.15
2021-02-20 19:00:00,134020,ΣΥΝΟΛΟ,1.0
2021-02-20 19:00:00,29229,ΥΔΡΟΗΛΕΚΤΡΙΚΑ,0.22
2021-02-21 19:00:00,34445,ΑΕΡΙΟ,0.2690679290088739
2021-02-21 19:00:00,13121,ΑΙΟΛΙΚΑ,0.1024950006249218
2021-02-21 19:00:00,27842,ΚΑΘΑΡΕΣ ΕΙΣΑΓΩΓΕΣ (ΕΙΣΑΓΩΓΕΣ-ΕΞΑΓΩΓΕΣ),0.2174884389451318
2021-02-21 19:00:00,20784,ΛΙΓΝΙΤΗΣ,0.1623547056617922
2021-02-21 19:00:00,128016,ΣΥΝΟΛΟ,1.0
2021-02-21 19:00:00,31824,ΥΔΡΟΗΛΕΚΤΡΙΚΑ,0.24859392575928
2021-02-22 19:00:00,28846,ΑΕΡΙΟ,0.2314066824435441
2021-02-22 19:00:00,14782,ΑΙΟΛΙΚΑ,0.1185832898800689
2021-02-22 19:00:00,30542,ΚΑΘΑΡΕΣ ΕΙΣΑΓΩΓΕΣ (ΕΙΣΑΓΩΓΕΣ-ΕΞΑΓΩΓΕΣ),0.2450122337651919
2021-02-22 19:00:00,20633,ΛΙΓΝΙΤΗΣ,0.1655208375115318
2021-02-22 19:00:00,124655,ΣΥΝΟΛΟ,1.0
2021-02-22 19:00:00,29852,ΥΔΡΟΗΛΕΚΤΡΙΚΑ,0.239476956399663
2021-02-23 19:00:00,22070,ΑΕΡΙΟ,0.1864130480687202
2021-02-23 19:00:00,31859,ΑΙΟΛΙΚΑ,0.2690953012424721
2021-02-23 19:00:00,17214,ΚΑΘΑΡΕΣ ΕΙΣΑΓΩΓΕΣ (ΕΙΣΑΓΩΓΕΣ-ΕΞΑΓΩΓΕΣ),0.1453971096264137
2021-02-23 19:00:00,20338,ΛΙΓΝΙΤΗΣ,0.1717838047857559
2021-02-23 19:00:00,118393,ΣΥΝΟΛΟ,1.0
2021-02-23 19:00:00,26912,ΥΔΡΟΗΛΕΚΤΡΙΚΑ,0.2273107362766379
2021-02-24 19:00:00,22070,ΑΕΡΙΟ,0.19
2021-02-24 19:00:00,31859,ΑΙΟΛΙΚΑ,0.27
2021-02-24 19:00:00,17214,ΚΑΘΑΡΕΣ ΕΙΣΑΓΩΓΕΣ (ΕΙΣΑΓΩΓΕΣ-ΕΞΑΓΩΓΕΣ),0.14
2021-02-24 19:00:00,20338,ΛΙΓΝΙΤΗΣ,0.17
2021-02-24 19:00:00,118393,ΣΥΝΟΛΟ,1.0
2021-02-24 19:00:00,26912,ΥΔΡΟΗΛΕΚΤΡΙΚΑ,0.23
2021-02-25 19:00:00,28794,ΑΕΡΙΟ,0.2514035256214366
2021-02-25 19:00:00,36330,ΑΙΟΛΙΚΑ,0.3172011559987078
2021-02-25 19:00:00,7585,ΚΑΘΑΡΕΣ ΕΙΣΑΓΩΓΕΣ (ΕΙΣΑΓΩΓΕΣ-ΕΞΑΓΩΓΕΣ),0.0662254546724524
2021-02-25 19:00:00,17689,ΛΙΓΝΙΤΗΣ,0.1544445705604498
2021-02-25 19:00:00,114533,ΣΥΝΟΛΟ,1.0
2021-02-25 19:00:00,24135,ΥΔΡΟΗΛΕΚΤΡΙΚΑ,0.2107252931469533
2021-02-26 19:00:00,31749,ΑΕΡΙΟ,0.2893190081740889
2021-02-26 19:00:00,6689,ΑΙΟΛΙΚΑ,0.0609548283623572
2021-02-26 19:00:00,33715,ΚΑΘΑΡΕΣ ΕΙΣΑΓΩΓΕΣ (ΕΙΣΑΓΩΓΕΣ-ΕΞΑΓΩΓΕΣ),0.3072345699262783
2021-02-26 19:00:00,18073,ΛΙΓΝΙΤΗΣ,0.1646937678267129
2021-02-26 19:00:00,109737,ΣΥΝΟΛΟ,1.0
2021-02-26 19:00:00,19511,ΥΔΡΟΗΛΕΚΤΡΙΚΑ,0.1777978257105625
2021-02-27 19:00:00,20289,ΑΕΡΙΟ,0.1844571927304464
2021-02-27 19:00:00,40779,ΑΙΟΛΙΚΑ,0.3707417744765576
2021-02-27 19:00:00,14216,ΚΑΘΑΡΕΣ ΕΙΣΑΓΩΓΕΣ (ΕΙΣΑΓΩΓΕΣ-ΕΞΑΓΩΓΕΣ),0.1292445882919822
2021-02-27 19:00:00,17967,ΛΙΓΝΙΤΗΣ,0.1633467584300819
2021-02-27 19:00:00,109993,ΣΥΝΟΛΟ,1.0
2021-02-27 19:00:00,16742,ΥΔΡΟΗΛΕΚΤΡΙΚΑ,0.1522096860709318
2021-02-28 19:00:00,31341,ΑΕΡΙΟ,0.2660277902742528
2021-02-28 19:00:00,19008,ΑΙΟΛΙΚΑ,0.1613431682949809
2021-02-28 19:00:00,24115,ΚΑΘΑΡΕΣ ΕΙΣΑΓΩΓΕΣ (ΕΙΣΑΓΩΓΕΣ-ΕΞΑΓΩΓΕΣ),0.2046922613338313
2021-02-28 19:00:00,22073,ΛΙΓΝΙΤΗΣ,0.1873594146556773
2021-02-28 19:00:00,117811,ΣΥΝΟΛΟ,1.0
2021-02-28 19:00:00,21274,ΥΔΡΟΗΛΕΚΤΡΙΚΑ,0.1805773654412576
2021-03-01 19:00:00,31699,ΑΕΡΙΟ,0.2513659035580896
2021-03-01 19:00:00,45399,ΑΙΟΛΙΚΑ,0.3600038062914826
2021-03-01 19:00:00,3960,ΚΑΘΑΡΕΣ ΕΙΣΑΓΩΓΕΣ (ΕΙΣΑΓΩΓΕΣ-ΕΞΑΓΩΓΕΣ),0.0314019047316961
2021-03-01 19:00:00,21896,ΛΙΓΝΙΤΗΣ,0.1736303297992974
2021-03-01 19:00:00,126107,ΣΥΝΟΛΟ,1.0
2021-03-01 19:00:00,23153,ΥΔΡΟΗΛΕΚΤΡΙΚΑ,0.1835980556194343
2021-03-02 19:00:00,30303,ΑΕΡΙΟ,0.2566528330651308
2021-03-02 19:00:00,42450,ΑΙΟΛΙΚΑ,0.3595324807317693
2021-03-02 19:00:00,13922,ΚΑΘΑΡΕΣ ΕΙΣΑΓΩΓΕΣ (ΕΙΣΑΓΩΓΕΣ-ΕΞΑΓΩΓΕΣ),0.1179131023968832
2021-03-02 19:00:00,19852,ΛΙΓΝΙΤΗΣ,0.1681375455238418
2021-03-02 19:00:00,118070,ΣΥΝΟΛΟ,1.0
2021-03-02 19:00:00,11543,ΥΔΡΟΗΛΕΚΤΡΙΚΑ,0.0977640382823748
2021-03-03 19:00:00,47378,ΑΕΡΙΟ,0.4069680544937595
2021-03-03 19:00:00,13144,ΑΙΟΛΙΚΑ,0.1129044727144661
2021-03-03 19:00:00,26339,ΚΑΘΑΡΕΣ ΕΙΣΑΓΩΓΕΣ (ΕΙΣΑΓΩΓΕΣ-ΕΞΑΓΩΓΕΣ),0.2262470257780221
2021-03-03 19:00:00,18578,ΛΙΓΝΙΤΗΣ,0.1595815044194576
2021-03-03 19:00:00,116417,ΣΥΝΟΛΟ,1.0
2021-03-03 19:00:00,10978,ΥΔΡΟΗΛΕΚΤΡΙΚΑ,0.0942989425942946
2021-03-04 19:00:00,39362,ΑΕΡΙΟ,0.3418472360936211
2021-03-04 19:00:00,24500,ΑΙΟΛΙΚΑ,0.2127751964913804
2021-03-04 19:00:00,22092,ΚΑΘΑΡΕΣ ΕΙΣΑΓΩΓΕΣ (ΕΙΣΑΓΩΓΕΣ-ΕΞΑΓΩΓΕΣ),0.1918624343219419
2021-03-04 19:00:00,19042,ΛΙΓΝΙΤΗΣ,0.1653740935342394
2021-03-04 19:00:00,115145,ΣΥΝΟΛΟ,1.0
2021-03-04 19:00:00,10149,ΥΔΡΟΗΛΕΚΤΡΙΚΑ,0.0881410395588171
2021-03-05 19:00:00,38477,ΑΕΡΙΟ,0.3382682620200972
2021-03-05 19:00:00,17548,ΑΙΟΛΙΚΑ,0.1542722005855099
2021-03-05 19:00:00,27946,ΚΑΘΑΡΕΣ ΕΙΣΑΓΩΓΕΣ (ΕΙΣΑΓΩΓΕΣ-ΕΞΑΓΩΓΕΣ),0.2456856004993538
2021-03-05 19:00:00,18433,ΛΙΓΝΙΤΗΣ,0.1620526255637511
2021-03-05 19:00:00,113747,ΣΥΝΟΛΟ,1.0
2021-03-05 19:00:00,11343,ΥΔΡΟΗΛΕΚΤΡΙΚΑ,0.0997213113312878
2021-03-06 19:00:00,33302,ΑΕΡΙΟ,0.2966797031599391
2021-03-06 19:00:00,19885,ΑΙΟΛΙΚΑ,0.1771507986708122
2021-03-06 19:00:00,23429,ΚΑΘΑΡΕΣ ΕΙΣΑΓΩΓΕΣ (ΕΙΣΑΓΩΓΕΣ-ΕΞΑΓΩΓΕΣ),0.2087234630152607
2021-03-06 19:00:00,21276,ΛΙΓΝΙΤΗΣ,0.1895428912507015
2021-03-06 19:00:00,112249,ΣΥΝΟΛΟ,1.0
2021-03-06 19:00:00,14357,ΥΔΡΟΗΛΕΚΤΡΙΚΑ,0.1279031439032864
2021-03-07 19:00:00,51598,ΑΕΡΙΟ,0.43
2021-03-07 19:00:00,7310,ΑΙΟΛΙΚΑ,0.06
2021-03-07 19:00:00,-30260,ΚΑΘΑΡΕΣ ΕΙΣΑΓΩΓΕΣ (ΕΙΣΑΓΩΓΕΣ-ΕΞΑΓΩΓΕΣ),0.25
2021-03-07 19:00:00,20964,ΛΙΓΝΙΤΗΣ,0.17
2021-03-07 19:00:00,121028,ΣΥΝΟΛΟ,1.0
2021-03-07 19:00:00,10896,ΥΔΡΟΗΛΕΚΤΡΙΚΑ,0.09
2021-03-08 19:00:00,54911,ΑΕΡΙΟ,0.4406345792742621
2021-03-08 19:00:00,14099,ΑΙΟΛΙΚΑ,0.1131377489608242
2021-03-08 19:00:00,26189,ΚΑΘΑΡΕΣ ΕΙΣΑΓΩΓΕΣ (ΕΙΣΑΓΩΓΕΣ-ΕΞΑΓΩΓΕΣ),0.2101542313309473
2021-03-08 19:00:00,20313,ΛΙΓΝΙΤΗΣ,0.1630021345231026
2021-03-08 19:00:00,124618,ΣΥΝΟΛΟ,1.0
2021-03-08 19:00:00,9106,ΥΔΡΟΗΛΕΚΤΡΙΚΑ,0.0730713059108636
2021-03-09 19:00:00,45578,ΑΕΡΙΟ,0.3794277532196166
2021-03-09 19:00:00,16733,ΑΙΟΛΙΚΑ,0.1392988853092247
2021-03-09 19:00:00,30380,ΚΑΘΑΡΕΣ ΕΙΣΑΓΩΓΕΣ (ΕΙΣΑΓΩΓΕΣ-ΕΞΑΓΩΓΕΣ),0.2529074365442088
2021-03-09 19:00:00,20006,ΛΙΓΝΙΤΗΣ,0.1665459570606794
2021-03-09 19:00:00,120123,ΣΥΝΟΛΟ,1.0
2021-03-09 19:00:00,7426,ΥΔΡΟΗΛΕΚΤΡΙΚΑ,0.0618199678662704
2021-03-10 19:00:00,43919,ΑΕΡΙΟ,0.36
2021-03-10 19:00:00,42038,ΑΙΟΛΙΚΑ,0.35
2021-03-10 19:00:00,-10021,ΚΑΘΑΡΕΣ ΕΙΣΑΓΩΓΕΣ (ΕΙΣΑΓΩΓΕΣ-ΕΞΑΓΩΓΕΣ),0.08
2021-03-10 19:00:00,20139,ΛΙΓΝΙΤΗΣ,0.16
2021-03-10 19:00:00,123050,ΣΥΝΟΛΟ,1.0
2021-03-10 19:00:00,6933,ΥΔΡΟΗΛΕΚΤΡΙΚΑ,0.05
2021-03-11 19:00:00,51725,ΑΕΡΙΟ,0.4337780834095083
2021-03-11 19:00:00,12491,ΑΙΟΛΙΚΑ,0.1047524802294474
2021-03-11 19:00:00,29502,ΚΑΘΑΡΕΣ ΕΙΣΑΓΩΓΕΣ (ΕΙΣΑΓΩΓΕΣ-ΕΞΑΓΩΓΕΣ),0.2474107494779567
2021-03-11 19:00:00,19952,ΛΙΓΝΙΤΗΣ,0.1673221908204255
2021-03-11 19:00:00,119243,ΣΥΝΟΛΟ,1.0
2021-03-11 19:00:00,5573,ΥΔΡΟΗΛΕΚΤΡΙΚΑ,0.0467364960626619
2021-03-12 19:00:00,54378,ΑΕΡΙΟ,0.4805663078636195
2021-03-12 19:00:00,12560,ΑΙΟΛΙΚΑ,0.1109991692737331
2021-03-12 19:00:00,20955,ΚΑΘΑΡΕΣ ΕΙΣΑΓΩΓΕΣ (ΕΙΣΑΓΩΓΕΣ-ΕΞΑΓΩΓΕΣ),0.1851900949148947
2021-03-12 19:00:00,20076,ΛΙΓΝΙΤΗΣ,0.1774219205684288
2021-03-12 19:00:00,113154,ΣΥΝΟΛΟ,1.0
2021-03-12 19:00:00,5185,ΥΔΡΟΗΛΕΚΤΡΙΚΑ,0.0458225073793237
2021-03-13 19:00:00,28113,ΑΕΡΙΟ,0.2653446469527791
2021-03-13 19:00:00,15371,ΑΙΟΛΙΚΑ,0.1450792362363023
2021-03-13 19:00:00,34221,ΚΑΘΑΡΕΣ ΕΙΣΑΓΩΓΕΣ (ΕΙΣΑΓΩΓΕΣ-ΕΞΑΓΩΓΕΣ),0.3229950259086919
2021-03-13 19:00:00,20886,ΛΙΓΝΙΤΗΣ,0.1971325826576938
2021-03-13 19:00:00,105949,ΣΥΝΟΛΟ,1.0
2021-03-13 19:00:00,7358,ΥΔΡΟΗΛΕΚΤΡΙΚΑ,0.0694485082445327
2021-03-14 20:00:00,26792,ΑΕΡΙΟ,0.2521576267517482
2021-03-14 20:00:00,47506,ΑΙΟΛΙΚΑ,0.4471110860133081
2021-03-14 20:00:00,635,ΚΑΘΑΡΕΣ ΕΙΣΑΓΩΓΕΣ (ΕΙΣΑΓΩΓΕΣ-ΕΞΑΓΩΓΕΣ),0.0059764143396297
2021-03-14 20:00:00,22229,ΛΙΓΝΙΤΗΣ,0.2092121485915426
2021-03-14 20:00:00,106251,ΣΥΝΟΛΟ,1.0
2021-03-14 20:00:00,9089,ΥΔΡΟΗΛΕΚΤΡΙΚΑ,0.0855427243037712
2021-03-15 20:00:00,46196,ΑΕΡΙΟ,0.39
2021-03-15 20:00:00,41095,ΑΙΟΛΙΚΑ,0.3422757862473347
2021-03-15 20:00:00,3954,ΚΑΘΑΡΕΣ ΕΙΣΑΓΩΓΕΣ (ΕΙΣΑΓΩΓΕΣ-ΕΞΑΓΩΓΕΣ),0.0329324360341151
2021-03-15 20:00:00,23567,ΛΙΓΝΙΤΗΣ,0.1962869802771855
2021-03-15 20:00:00,120064,ΣΥΝΟΛΟ,1.0
2021-03-15 20:00:00,5252,ΥΔΡΟΗΛΕΚΤΡΙΚΑ,0.0437433368869936
2021-03-16 20:00:00,46127,ΑΕΡΙΟ,0.3830478072761395
2021-03-16 20:00:00,31208,ΑΙΟΛΙΚΑ,0.2591574559254615
2021-03-16 20:00:00,15226,ΚΑΘΑΡΕΣ ΕΙΣΑΓΩΓΕΣ (ΕΙΣΑΓΩΓΕΣ-ΕΞΑΓΩΓΕΣ),0.1264397405768097
2021-03-16 20:00:00,24065,ΛΙΓΝΙΤΗΣ,0.1998405593708738
2021-03-16 20:00:00,120421,ΣΥΝΟΛΟ,1.0
2021-03-16 20:00:00,3795,ΥΔΡΟΗΛΕΚΤΡΙΚΑ,0.0315144368507154
2021-03-17 20:00:00,64793,ΑΕΡΙΟ,0.53
2021-03-17 20:00:00,20372,ΑΙΟΛΙΚΑ,0.17
2021-03-17 20:00:00,-11367,ΚΑΘΑΡΕΣ ΕΙΣΑΓΩΓΕΣ (ΕΙΣΑΓΩΓΕΣ-ΕΞΑΓΩΓΕΣ),0.09
2021-03-17 20:00:00,19356,ΛΙΓΝΙΤΗΣ,0.16
2021-03-17 20:00:00,121894,ΣΥΝΟΛΟ,1.0
2021-03-17 20:00:00,6006,ΥΔΡΟΗΛΕΚΤΡΙΚΑ,0.05
2021-03-18 20:00:00,61264,ΑΕΡΙΟ,0.5
2021-03-18 20:00:00,17823,ΑΙΟΛΙΚΑ,0.15
2021-03-18 20:00:00,15838,ΚΑΘΑΡΕΣ ΕΙΣΑΓΩΓΕΣ (ΕΙΣΑΓΩΓΕΣ-ΕΞΑΓΩΓΕΣ),0.13
2021-03-18 20:00:00,19255,ΛΙΓΝΙΤΗΣ,0.16
2021-03-18 20:00:00,121526,ΣΥΝΟΛΟ,1.0
2021-03-18 20:00:00,7346,ΥΔΡΟΗΛΕΚΤΡΙΚΑ,0.06
2021-03-19 20:00:00,61966,ΑΕΡΙΟ,0.4860383396605277
2021-03-19 20:00:00,12170,ΑΙΟΛΙΚΑ,0.0954569698490885
2021-03-19 20:00:00,27965,ΚΑΘΑΡΕΣ ΕΙΣΑΓΩΓΕΣ (ΕΙΣΑΓΩΓΕΣ-ΕΞΑΓΩΓΕΣ),0.2193470962883945
2021-03-19 20:00:00,19015,ΛΙΓΝΙΤΗΣ,0.1491466131208232
2021-03-19 20:00:00,127492,ΣΥΝΟΛΟ,1.0
2021-03-19 20:00:00,6376,ΥΔΡΟΗΛΕΚΤΡΙΚΑ,0.0500109810811658
2021-03-20 20:00:00,48363,ΑΕΡΙΟ,0.41
2021-03-20 20:00:00,20660,ΑΙΟΛΙΚΑ,0.18
2021-03-20 20:00:00,-24989,ΚΑΘΑΡΕΣ ΕΙΣΑΓΩΓΕΣ (ΕΙΣΑΓΩΓΕΣ-ΕΞΑΓΩΓΕΣ),0.21
2021-03-20 20:00:00,18429,ΛΙΓΝΙΤΗΣ,0.15
2021-03-20 20:00:00,118485,ΣΥΝΟΛΟ,1.0
2021-03-20 20:00:00,6044,ΥΔΡΟΗΛΕΚΤΡΙΚΑ,0.05
2021-03-21 20:00:00,39422,ΑΕΡΙΟ,0.3239037376036283
2021-03-21 20:00:00,34688,ΑΙΟΛΙΚΑ,0.2850076822585018
2021-03-21 20:00:00,15329,ΚΑΘΑΡΕΣ ΕΙΣΑΓΩΓΕΣ (ΕΙΣΑΓΩΓΕΣ-ΕΞΑΓΩΓΕΣ),0.1259479578338496
2021-03-21 20:00:00,24123,ΛΙΓΝΙΤΗΣ,0.1982022693473777
2021-03-21 20:00:00,121709,ΣΥΝΟΛΟ,1.0
2021-03-21 20:00:00,8147,ΥΔΡΟΗΛΕΚΤΡΙΚΑ,0.0669383529566424
2021-03-22 20:00:00,43565,ΑΕΡΙΟ,0.3250027975679809
2021-03-22 20:00:00,42252,ΑΙΟΛΙΚΑ,0.3152075795441829
2021-03-22 20:00:00,12709,ΚΑΘΑΡΕΣ ΕΙΣΑΓΩΓΕΣ (ΕΙΣΑΓΩΓΕΣ-ΕΞΑΓΩΓΕΣ),0.0948114439180872
2021-03-22 20:00:00,24460,ΛΙΓΝΙΤΗΣ,0.1824760341676302
2021-03-22 20:00:00,134045,ΣΥΝΟΛΟ,1.0
2021-03-22 20:00:00,11059,ΥΔΡΟΗΛΕΚΤΡΙΚΑ,0.0825021448021186
2021-03-23 20:00:00,50252,ΑΕΡΙΟ,0.41
2021-03-23 20:00:00,35471,ΑΙΟΛΙΚΑ,0.2833237483625675
2021-03-23 20:00:00,3843,ΚΑΘΑΡΕΣ ΕΙΣΑΓΩΓΕΣ (ΕΙΣΑΓΩΓΕΣ-ΕΞΑΓΩΓΕΣ),0.0306958688775999
2021-03-23 20:00:00,25291,ΛΙΓΝΙΤΗΣ,0.2020112463656986
2021-03-23 20:00:00,125196,ΣΥΝΟΛΟ,1.0
2021-03-23 20:00:00,10339,ΥΔΡΟΗΛΕΚΤΡΙΚΑ,0.0825825106233426
2021-03-24 20:00:00,59709,ΑΕΡΙΟ,0.5335638839740496
2021-03-24 20:00:00,25122,ΑΙΟΛΙΚΑ,0.224491984344003
2021-03-24 20:00:00,-3125,ΚΑΘΑΡΕΣ ΕΙΣΑΓΩΓΕΣ (ΕΙΣΑΓΩΓΕΣ-ΕΞΑΓΩΓΕΣ),-0.02792522295498
2021-03-24 20:00:00,21183,ΛΙΓΝΙΤΗΣ,0.1892927993137097
2021-03-24 20:00:00,111906,ΣΥΝΟΛΟ,1.0
2021-03-24 20:00:00,9017,ΥΔΡΟΗΛΕΚΤΡΙΚΑ,0.0805765553232177
2021-03-25 20:00:00,66401,ΑΕΡΙΟ,0.5505339435545386
2021-03-25 20:00:00,6500,ΑΙΟΛΙΚΑ,0.053891818392863
2021-03-25 20:00:00,18818,ΚΑΘΑΡΕΣ ΕΙΣΑΓΩΓΕΣ (ΕΙΣΑΓΩΓΕΣ-ΕΞΑΓΩΓΕΣ),0.1560209597718303
2021-03-25 20:00:00,20955,ΛΙΓΝΙΤΗΣ,0.173738931449607
2021-03-25 20:00:00,120612,ΣΥΝΟΛΟ,1.0
2021-03-25 20:00:00,7938,ΥΔΡΟΗΛΕΚΤΡΙΚΑ,0.065814346831161
2021-03-26 20:00:00,51449,ΑΕΡΙΟ,0.4589030710087144
2021-03-26 20:00:00,5626,ΑΙΟΛΙΚΑ,0.0501815132946223
2021-03-26 20:00:00,29006,ΚΑΘΑΡΕΣ ΕΙΣΑΓΩΓΕΣ (ΕΙΣΑΓΩΓΕΣ-ΕΞΑΓΩΓΕΣ),0.2587211117354812
2021-03-26 20:00:00,19365,ΛΙΓΝΙΤΗΣ,0.1727275159883332
2021-03-26 20:00:00,112113,ΣΥΝΟΛΟ,1.0
2021-03-26 20:00:00,6667,ΥΔΡΟΗΛΕΚΤΡΙΚΑ,0.0594667879728488
2021-03-27 20:00:00,44109,ΑΕΡΙΟ,0.46
2021-03-27 20:00:00,6117,ΑΙΟΛΙΚΑ,0.06
2021-03-27 20:00:00,-18701,ΚΑΘΑΡΕΣ ΕΙΣΑΓΩΓΕΣ (ΕΙΣΑΓΩΓΕΣ-ΕΞΑΓΩΓΕΣ),0.2
2021-03-27 20:00:00,19717,ΛΙΓΝΙΤΗΣ,0.2
2021-03-27 20:00:00,95858,ΣΥΝΟΛΟ,1.0
2021-03-27 20:00:00,7214,ΥΔΡΟΗΛΕΚΤΡΙΚΑ,0.08
2021-03-28 20:00:00,43757,ΑΕΡΙΟ,0.3975668259708164
2021-03-28 20:00:00,13156,ΑΙΟΛΙΚΑ,0.1195326270647453
2021-03-28 20:00:00,23557,ΚΑΘΑΡΕΣ ΕΙΣΑΓΩΓΕΣ (ΕΙΣΑΓΩΓΕΣ-ΕΞΑΓΩΓΕΣ),0.2140339081608548
2021-03-28 20:00:00,21584,ΛΙΓΝΙΤΗΣ,0.1961076484163471
2021-03-28 20:00:00,110062,ΣΥΝΟΛΟ,1.0
2021-03-28 20:00:00,8008,ΥΔΡΟΗΛΕΚΤΡΙΚΑ,0.0727589903872362
2021-03-29 20:00:00,43441,ΑΕΡΙΟ,0.3969607251859568
2021-03-29 20:00:00,37713,ΑΙΟΛΙΚΑ,0.3446186742694226
2021-03-29 20:00:00,2085,ΚΑΘΑΡΕΣ ΕΙΣΑΓΩΓΕΣ (ΕΙΣΑΓΩΓΕΣ-ΕΞΑΓΩΓΕΣ),0.0190525796370415
2021-03-29 20:00:00,20728,ΛΙΓΝΙΤΗΣ,0.1894109691686313
2021-03-29 20:00:00,109434,ΣΥΝΟΛΟ,1.0
2021-03-29 20:00:00,5467,ΥΔΡΟΗΛΕΚΤΡΙΚΑ,0.0499570517389476
2021-03-30 20:00:00,41600,ΑΕΡΙΟ,0.360560255165719
2021-03-30 20:00:00,52712,ΑΙΟΛΙΚΑ,0.4568714464013313
2021-03-30 20:00:00,-9145,ΚΑΘΑΡΕΣ ΕΙΣΑΓΩΓΕΣ (ΕΙΣΑΓΩΓΕΣ-ΕΞΑΓΩΓΕΣ),-0.0792625849396755
2021-03-30 20:00:00,22086,ΛΙΓΝΙΤΗΣ,0.1914262931632228
2021-03-30 20:00:00,115376,ΣΥΝΟΛΟ,1.0
2021-03-30 20:00:00,8123,ΥΔΡΟΗΛΕΚΤΡΙΚΑ,0.0704045902094023
2021-03-31 20:00:00,55955,ΑΕΡΙΟ,0.4703049354491662
2021-03-31 20:00:00,28470,ΑΙΟΛΙΚΑ,0.239291958041958
2021-03-31 20:00:00,7890,ΚΑΘΑΡΕΣ ΕΙΣΑΓΩΓΕΣ (ΕΙΣΑΓΩΓΕΣ-ΕΞΑΓΩΓΕΣ),0.0663158956428187
2021-03-31 20:00:00,18389,ΛΙΓΝΙΤΗΣ,0.1545605836471221
2021-03-31 20:00:00,118976,ΣΥΝΟΛΟ,1.0
2021-03-31 20:00:00,8272,ΥΔΡΟΗΛΕΚΤΡΙΚΑ,0.0695266272189349
2021-04-01 20:00:00,53503,ΑΕΡΙΟ,0.4809690758719885
2021-04-01 20:00:00,17546,ΑΙΟΛΙΚΑ,0.1577310320028766
2021-04-01 20:00:00,17424,ΚΑΘΑΡΕΣ ΕΙΣΑΓΩΓΕΣ (ΕΙΣΑΓΩΓΕΣ-ΕΞΑΓΩΓΕΣ),0.1566343042071197
2021-04-01 20:00:00,16478,ΛΙΓΝΙΤΗΣ,0.1481301690039554
2021-04-01 20:00:00,111240,ΣΥΝΟΛΟ,1.0
2021-04-01 20:00:00,6289,ΥΔΡΟΗΛΕΚΤΡΙΚΑ,0.0565354189140596
2021-04-02 20:00:00,38482,ΑΕΡΙΟ,0.3854328382127583
2021-04-02 20:00:00,29091,ΑΙΟΛΙΚΑ,0.291373283520798
2021-04-02 20:00:00,15329,ΚΑΘΑΡΕΣ ΕΙΣΑΓΩΓΕΣ (ΕΙΣΑΓΩΓΕΣ-ΕΞΑΓΩΓΕΣ),0.1535341192496069
2021-04-02 20:00:00,12574,ΛΙΓΝΙΤΗΣ,0.1259402449895333
2021-04-02 20:00:00,99841,ΣΥΝΟΛΟ,1.0
2021-04-02 20:00:00,4365,ΥΔΡΟΗΛΕΚΤΡΙΚΑ,0.0437195140273034
2021-04-03 20:00:00,23664,ΑΕΡΙΟ,0.2513542795232936
2021-04-03 20:00:00,38642,ΑΙΟΛΙΚΑ,0.4104476026596987
2021-04-03 20:00:00,15274,ΚΑΘΑΡΕΣ ΕΙΣΑΓΩΓΕΣ (ΕΙΣΑΓΩΓΕΣ-ΕΞΑΓΩΓΕΣ),0.1622373759904828
2021-04-03 20:00:00,12782,ΛΙΓΝΙΤΗΣ,0.135767849935207
2021-04-03 20:00:00,94146,ΣΥΝΟΛΟ,1.0
2021-04-03 20:00:00,3784,ΥΔΡΟΗΛΕΚΤΡΙΚΑ,0.0401928918913177
2021-04-04 20:00:00,46373,ΑΕΡΙΟ,0.4028511362846619
2021-04-04 20:00:00,17077,ΑΙΟΛΙΚΑ,0.1483511710334283
2021-04-04 20:00:00,26713,ΚΑΘΑΡΕΣ ΕΙΣΑΓΩΓΕΣ (ΕΙΣΑΓΩΓΕΣ-ΕΞΑΓΩΓΕΣ),0.2320609493362985
2021-04-04 20:00:00,13471,ΛΙΓΝΙΤΗΣ,0.1170251581068872
2021-04-04 20:00:00,115112,ΣΥΝΟΛΟ,1.0
2021-04-04 20:00:00,11478,ΥΔΡΟΗΛΕΚΤΡΙΚΑ,0.099711585238724
2021-04-05 20:00:00,49471,ΑΕΡΙΟ,0.431646453189076
2021-04-05 20:00:00,21464,ΑΙΟΛΙΚΑ,0.1872785969810662
2021-04-05 20:00:00,24032,ΚΑΘΑΡΕΣ ΕΙΣΑΓΩΓΕΣ (ΕΙΣΑΓΩΓΕΣ-ΕΞΑΓΩΓΕΣ),0.2096850187592705
2021-04-05 20:00:00,13270,ΛΙΓΝΙΤΗΣ,0.11
2021-04-05 20:00:00,114610,ΣΥΝΟΛΟ,1.0
2021-04-05 20:00:00,6373,ΥΔΡΟΗΛΕΚΤΡΙΚΑ,0.0556059680656138
2021-04-06 20:00:00,45683,ΑΕΡΙΟ,0.4327311994998531
2021-04-06 20:00:00,47057,ΑΙΟΛΙΚΑ,0.4457463838816319
2021-04-06 20:00:00,-6694,ΚΑΘΑΡΕΣ ΕΙΣΑΓΩΓΕΣ (ΕΙΣΑΓΩΓΕΣ-ΕΞΑΓΩΓΕΣ),-0.0634087658308783
2021-04-06 20:00:00,14114,ΛΙΓΝΙΤΗΣ,0.1336945504835699
2021-04-06 20:00:00,105569,ΣΥΝΟΛΟ,0.9999999999999998
2021-04-06 20:00:00,5409,ΥΔΡΟΗΛΕΚΤΡΙΚΑ,0.0512366319658233
2021-04-07 20:00:00,55175,ΑΕΡΙΟ,0.4861618983003057
2021-04-07 20:00:00,41332,ΑΙΟΛΙΚΑ,0.3641874686098457
2021-04-07 20:00:00,-6348,ΚΑΘΑΡΕΣ ΕΙΣΑΓΩΓΕΣ (ΕΙΣΑΓΩΓΕΣ-ΕΞΑΓΩΓΕΣ),-0.0559339507097479
2021-04-07 20:00:00,17902,ΛΙΓΝΙΤΗΣ,0.1577393802151712
2021-04-07 20:00:00,113491,ΣΥΝΟΛΟ,1.0
2021-04-07 20:00:00,5430,ΥΔΡΟΗΛΕΚΤΡΙΚΑ,0.0478452035844252
2021-04-08 20:00:00,51075,ΑΕΡΙΟ,0.4648802643195864
2021-04-08 20:00:00,36917,ΑΙΟΛΙΚΑ,0.33
2021-04-08 20:00:00,374,ΚΑΘΑΡΕΣ ΕΙΣΑΓΩΓΕΣ (ΕΙΣΑΓΩΓΕΣ-ΕΞΑΓΩΓΕΣ),0.01
2021-04-08 20:00:00,17375,ΛΙΓΝΙΤΗΣ,0.1581457580529185
2021-04-08 20:00:00,109867,ΣΥΝΟΛΟ,1.0005805200833735
2021-04-08 20:00:00,4126,ΥΔΡΟΗΛΕΚΤΡΙΚΑ,0.0375544977108685
2021-04-09 20:00:00,57653,ΑΕΡΙΟ,0.5457497160166603
2021-04-09 20:00:00,7646,ΑΙΟΛΙΚΑ,0.072377887163953
2021-04-09 20:00:00,18468,ΚΑΘΑΡΕΣ ΕΙΣΑΓΩΓΕΣ (ΕΙΣΑΓΩΓΕΣ-ΕΞΑΓΩΓΕΣ),0.1748201438848921
2021-04-09 20:00:00,15122,ΛΙΓΝΙΤΗΣ,0.1431465354032563
2021-04-09 20:00:00,105640,ΣΥΝΟΛΟ,1.0
2021-04-09 20:00:00,6751,ΥΔΡΟΗΛΕΚΤΡΙΚΑ,0.0639057175312381
2021-04-10 20:00:00,50886,ΑΕΡΙΟ,0.5252097804659036
2021-04-10 20:00:00,3385,ΑΙΟΛΙΚΑ,0.034937607728591
2021-04-10 20:00:00,23299,ΚΑΘΑΡΕΣ ΕΙΣΑΓΩΓΕΣ (ΕΙΣΑΓΩΓΕΣ-ΕΞΑΓΩΓΕΣ),0.2404760184544882
2021-04-10 20:00:00,13616,ΛΙΓΝΙΤΗΣ,0.1405348498766604
2021-04-10 20:00:00,96887,ΣΥΝΟΛΟ,1.0
2021-04-10 20:00:00,5701,ΥΔΡΟΗΛΕΚΤΡΙΚΑ,0.0588417434743567
2021-04-11 20:00:00,60232,ΑΕΡΙΟ,0.56
2021-04-11 20:00:00,5059,ΑΙΟΛΙΚΑ,0.0475295709279493
2021-04-11 20:00:00,20631,ΚΑΘΑΡΕΣ ΕΙΣΑΓΩΓΕΣ (ΕΙΣΑΓΩΓΕΣ-ΕΞΑΓΩΓΕΣ),0.1938293294750984
2021-04-11 20:00:00,13560,ΛΙΓΝΙΤΗΣ,0.127396912785727
2021-04-11 20:00:00,106439,ΣΥΝΟΛΟ,1.0
2021-04-11 20:00:00,6957,ΥΔΡΟΗΛΕΚΤΡΙΚΑ,0.065361380696925
2021-04-13 20:00:00,66425,ΑΕΡΙΟ,0.6192376175782379
2021-04-13 20:00:00,24920,ΑΙΟΛΙΚΑ,0.2323131566435783
2021-04-13 20:00:00,-5603,ΚΑΘΑΡΕΣ ΕΙΣΑΓΩΓΕΣ (ΕΙΣΑΓΩΓΕΣ-ΕΞΑΓΩΓΕΣ),-0.0522331708135621
2021-04-13 20:00:00,13022,ΛΙΓΝΙΤΗΣ,0.1213957434114236
2021-04-13 20:00:00,107269,ΣΥΝΟΛΟ,1.0
2021-04-13 20:00:00,8505,ΥΔΡΟΗΛΕΚΤΡΙΚΑ,0.0792866531803223
2021-04-14 20:00:00,66401,ΑΕΡΙΟ,0.6284759687281125
2021-04-14 20:00:00,10722,ΑΙΟΛΙΚΑ,0.1014821966040093
2021-04-14 20:00:00,6352,ΚΑΘΑΡΕΣ ΕΙΣΑΓΩΓΕΣ (ΕΙΣΑΓΩΓΕΣ-ΕΞΑΓΩΓΕΣ),0.0601207715751415
2021-04-14 20:00:00,13100,ΛΙΓΝΙΤΗΣ,0.1239896265167433
2021-04-14 20:00:00,105654,ΣΥΝΟΛΟ,1.0
2021-04-14 20:00:00,9079,ΥΔΡΟΗΛΕΚΤΡΙΚΑ,0.0859314365759933
2021-04-15 20:00:00,71020,ΑΕΡΙΟ,0.6
2021-04-15 20:00:00,14689,ΑΙΟΛΙΚΑ,0.14
2021-04-15 20:00:00,3522,ΚΑΘΑΡΕΣ ΕΙΣΑΓΩΓΕΣ (ΕΙΣΑΓΩΓΕΣ-ΕΞΑΓΩΓΕΣ),0.03
2021-04-15 20:00:00,13398,ΛΙΓΝΙΤΗΣ,0.12
2021-04-15 20:00:00,117865,ΣΥΝΟΛΟ,1.0
2021-04-15 20:00:00,12714,ΥΔΡΟΗΛΕΚΤΡΙΚΑ,0.11
2021-04-16 20:00:00,60201,ΑΕΡΙΟ,0.5336116577141945
2021-04-16 20:00:00,26269,ΑΙΟΛΙΚΑ,0.2328440497083798
2021-04-16 20:00:00,3683,ΚΑΘΑΡΕΣ ΕΙΣΑΓΩΓΕΣ (ΕΙΣΑΓΩΓΕΣ-ΕΞΑΓΩΓΕΣ),0.0326454998315871
2021-04-16 20:00:00,13212,ΛΙΓΝΙΤΗΣ,0.1171089719725575
2021-04-16 20:00:00,112818,ΣΥΝΟΛΟ,1.0
2021-04-16 20:00:00,9453,ΥΔΡΟΗΛΕΚΤΡΙΚΑ,0.0837898207732808
2021-04-17 20:00:00,56127,ΑΕΡΙΟ,0.5507398539916791
2021-04-17 20:00:00,11081,ΑΙΟΛΙΚΑ,0.1087310620927859
2021-04-17 20:00:00,13762,ΚΑΘΑΡΕΣ ΕΙΣΑΓΩΓΕΣ (ΕΙΣΑΓΩΓΕΣ-ΕΞΑΓΩΓΕΣ),0.1350380720621712
2021-04-17 20:00:00,13135,ΛΙΓΝΙΤΗΣ,0.1288857053143889
2021-04-17 20:00:00,101912,ΣΥΝΟΛΟ,1.0
2021-04-17 20:00:00,7807,ΥΔΡΟΗΛΕΚΤΡΙΚΑ,0.0766053065389748
2021-04-18 20:00:00,70176,ΑΕΡΙΟ,0.52
2021-04-18 20:00:00,26061,ΑΙΟΛΙΚΑ,0.2
2021-04-18 20:00:00,-13195,ΚΑΘΑΡΕΣ ΕΙΣΑΓΩΓΕΣ (ΕΙΣΑΓΩΓΕΣ-ΕΞΑΓΩΓΕΣ),0.09
2021-04-18 20:00:00,13344,ΛΙΓΝΙΤΗΣ,0.1
2021-04-18 20:00:00,109539,ΣΥΝΟΛΟ,1.0
2021-04-18 20:00:00,13153,ΥΔΡΟΗΛΕΚΤΡΙΚΑ,0.09
2021-04-19 20:00:00,73798,ΑΕΡΙΟ,0.7004565429919227
2021-04-19 20:00:00,22991,ΑΙΟΛΙΚΑ,0.2182199569084161
2021-04-19 20:00:00,-14565,ΚΑΘΑΡΕΣ ΕΙΣΑΓΩΓΕΣ (ΕΙΣΑΓΩΓΕΣ-ΕΞΑΓΩΓΕΣ),-0.1382442552464478
2021-04-19 20:00:00,13227,ΛΙΓΝΙΤΗΣ,0.1255445770095959
2021-04-19 20:00:00,105357,ΣΥΝΟΛΟ,1.0
2021-04-19 20:00:00,9906,ΥΔΡΟΗΛΕΚΤΡΙΚΑ,0.094023178336513
2021-04-20 20:00:00,68066,ΑΕΡΙΟ,0.6510004208271166
2021-04-20 20:00:00,14502,ΑΙΟΛΙΚΑ,0.1387007919201193
2021-04-20 20:00:00,111,ΚΑΘΑΡΕΣ ΕΙΣΑΓΩΓΕΣ (ΕΙΣΑΓΩΓΕΣ-ΕΞΑΓΩΓΕΣ),0.001061632044072
2021-04-20 20:00:00,13438,ΛΙΓΝΙΤΗΣ,0.1285244271012663
2021-04-20 20:00:00,104556,ΣΥΝΟΛΟ,1.0
2021-04-20 20:00:00,8439,ΥΔΡΟΗΛΕΚΤΡΙΚΑ,0.0807127281074256
2021-04-21 20:00:00,66464,ΑΕΡΙΟ,0.62
2021-04-21 20:00:00,8885,ΑΙΟΛΙΚΑ,0.09
2021-04-21 20:00:00,8670,ΚΑΘΑΡΕΣ ΕΙΣΑΓΩΓΕΣ (ΕΙΣΑΓΩΓΕΣ-ΕΞΑΓΩΓΕΣ),0.08
2021-04-21 20:00:00,16299,ΛΙΓΝΙΤΗΣ,0.15
2021-04-21 20:00:00,106396,ΣΥΝΟΛΟ,1.0
2021-04-21 20:00:00,6078,ΥΔΡΟΗΛΕΚΤΡΙΚΑ,0.06
2021-04-22 20:00:00,59757,ΑΕΡΙΟ,0.5421611322808928
2021-04-22 20:00:00,12179,ΑΙΟΛΙΚΑ,0.1104971874432952
2021-04-22 20:00:00,15749,ΚΑΘΑΡΕΣ ΕΙΣΑΓΩΓΕΣ (ΕΙΣΑΓΩΓΕΣ-ΕΞΑΓΩΓΕΣ),0.1428869533659952
2021-04-22 20:00:00,16060,ΛΙΓΝΙΤΗΣ,0.1457085828343313
2021-04-22 20:00:00,110220,ΣΥΝΟΛΟ,1.0
2021-04-22 20:00:00,6475,ΥΔΡΟΗΛΕΚΤΡΙΚΑ,0.0587461440754853
2021-04-23 20:00:00,53227,ΑΕΡΙΟ,0.4662532082446412
2021-04-23 20:00:00,32029,ΑΙΟΛΙΚΑ,0.2805648262511059
2021-04-23 20:00:00,8181,ΚΑΘΑΡΕΣ ΕΙΣΑΓΩΓΕΣ (ΕΙΣΑΓΩΓΕΣ-ΕΞΑΓΩΓΕΣ),0.0716632065802959
2021-04-23 20:00:00,12969,ΛΙΓΝΙΤΗΣ,0.1136047092213491
2021-04-23 20:00:00,114159,ΣΥΝΟΛΟ,1.0
2021-04-23 20:00:00,7753,ΥΔΡΟΗΛΕΚΤΡΙΚΑ,0.0679140497026077
2021-04-24 20:00:00,38783,ΑΕΡΙΟ,0.36
2021-04-24 20:00:00,41120,ΑΙΟΛΙΚΑ,0.38
2021-04-24 20:00:00,-7417,ΚΑΘΑΡΕΣ ΕΙΣΑΓΩΓΕΣ (ΕΙΣΑΓΩΓΕΣ-ΕΞΑΓΩΓΕΣ),0.07
2021-04-24 20:00:00,12836,ΛΙΓΝΙΤΗΣ,0.12
2021-04-24 20:00:00,92589,ΣΥΝΟΛΟ,1.0
2021-04-24 20:00:00,7267,ΥΔΡΟΗΛΕΚΤΡΙΚΑ,0.07
2021-04-25 20:00:00,59657,ΑΕΡΙΟ,0.63
2021-04-25 20:00:00,12899,ΑΙΟΛΙΚΑ,0.14
2021-04-25 20:00:00,1625,ΚΑΘΑΡΕΣ ΕΙΣΑΓΩΓΕΣ (ΕΙΣΑΓΩΓΕΣ-ΕΞΑΓΩΓΕΣ),0.02
2021-04-25 20:00:00,12735,ΛΙΓΝΙΤΗΣ,0.13
2021-04-25 20:00:00,94199,ΣΥΝΟΛΟ,1.0
2021-04-25 20:00:00,7283,ΥΔΡΟΗΛΕΚΤΡΙΚΑ,0.08
2021-04-26 20:00:00,53978,ΑΕΡΙΟ,0.5440891863559391
2021-04-26 20:00:00,20633,ΑΙΟΛΙΚΑ,0.2079771792597371
2021-04-26 20:00:00,4344,ΚΑΘΑΡΕΣ ΕΙΣΑΓΩΓΕΣ (ΕΙΣΑΓΩΓΕΣ-ΕΞΑΓΩΓΕΣ),0.0437867913877913
2021-04-26 20:00:00,12598,ΛΙΓΝΙΤΗΣ,0.1269857269575034
2021-04-26 20:00:00,99208,ΣΥΝΟΛΟ,1.0
2021-04-26 20:00:00,7655,ΥΔΡΟΗΛΕΚΤΡΙΚΑ,0.0771611160390291
2021-04-27 20:00:00,50932,ΑΕΡΙΟ,0.5115811888547379
2021-04-27 20:00:00,29743,ΑΙΟΛΙΚΑ,0.2987504771088209
2021-04-27 20:00:00,-925,ΚΑΘΑΡΕΣ ΕΙΣΑΓΩΓΕΣ (ΕΙΣΑΓΩΓΕΣ-ΕΞΑΓΩΓΕΣ),0.0
2021-04-27 20:00:00,12380,ΛΙΓΝΙΤΗΣ,0.1243496253440205
2021-04-27 20:00:00,98633,ΣΥΝΟΛΟ,1.0
2021-04-27 20:00:00,6503,ΥΔΡΟΗΛΕΚΤΡΙΚΑ,0.0653187086924205
2021-04-28 20:00:00,61779,ΑΕΡΙΟ,0.6404623678208584
2021-04-28 20:00:00,10536,ΑΙΟΛΙΚΑ,0.1092266224341696
2021-04-28 20:00:00,5974,ΚΑΘΑΡΕΣ ΕΙΣΑΓΩΓΕΣ (ΕΙΣΑΓΩΓΕΣ-ΕΞΑΓΩΓΕΣ),0.06
2021-04-28 20:00:00,12405,ΛΙΓΝΙΤΗΣ,0.1286025295459257
2021-04-28 20:00:00,96460,ΣΥΝΟΛΟ,1.0
2021-04-28 20:00:00,5766,ΥΔΡΟΗΛΕΚΤΡΙΚΑ,0.0597760729836201
2021-04-29 20:00:00,55189,ΑΕΡΙΟ,0.6895177411294353
2021-04-29 20:00:00,11882,ΑΙΟΛΙΚΑ,0.1484507746126936
2021-04-29 20:00:00,-4987,ΚΑΘΑΡΕΣ ΕΙΣΑΓΩΓΕΣ (ΕΙΣΑΓΩΓΕΣ-ΕΞΑΓΩΓΕΣ),-0.0623063468265867
2021-04-29 20:00:00,12483,ΛΙΓΝΙΤΗΣ,0.15595952023988
2021-04-29 20:00:00,80040,ΣΥΝΟΛΟ,1.0
2021-04-29 20:00:00,5473,ΥΔΡΟΗΛΕΚΤΡΙΚΑ,0.0683783108445777
2021-04-30 20:00:00,47596,ΑΕΡΙΟ,0.5213486099853222
2021-04-30 20:00:00,16141,ΑΙΟΛΙΚΑ,0.1768024185598177
2021-04-30 20:00:00,5128,ΚΑΘΑΡΕΣ ΕΙΣΑΓΩΓΕΣ (ΕΙΣΑΓΩΓΕΣ-ΕΞΑΓΩΓΕΣ),0.0561701754770302
2021-04-30 20:00:00,13147,ΛΙΓΝΙΤΗΣ,0.1440072732052489
2021-04-30 20:00:00,91294,ΣΥΝΟΛΟ,1.0
2021-04-30 20:00:00,9282,ΥΔΡΟΗΛΕΚΤΡΙΚΑ,0.1016715227725808
2021-05-01 20:00:00,21838,ΑΕΡΙΟ,0.3005794667804495
2021-05-01 20:00:00,28917,ΑΙΟΛΙΚΑ,0.3980152230465362
2021-05-01 20:00:00,2890,ΚΑΘΑΡΕΣ ΕΙΣΑΓΩΓΕΣ (ΕΙΣΑΓΩΓΕΣ-ΕΞΑΓΩΓΕΣ),0.0397781234085309
2021-05-01 20:00:00,12461,ΛΙΓΝΙΤΗΣ,0.1715139085791364
2021-05-01 20:00:00,72653,ΣΥΝΟΛΟ,1.0
2021-05-01 20:00:00,6547,ΥΔΡΟΗΛΕΚΤΡΙΚΑ,0.0901132781853467
2021-05-02 20:00:00,31722,ΑΕΡΙΟ,0.4259072783662948
2021-05-02 20:00:00,18697,ΑΙΟΛΙΚΑ,0.2510304641452182
2021-05-02 20:00:00,-2362,ΚΑΘΑΡΕΣ ΕΙΣΑΓΩΓΕΣ (ΕΙΣΑΓΩΓΕΣ-ΕΞΑΓΩΓΕΣ),-0.0317127858111464
2021-05-02 20:00:00,13070,ΛΙΓΝΙΤΗΣ,0.1754809951531263
2021-05-02 20:00:00,74481,ΣΥΝΟΛΟ,1.0
2021-05-02 20:00:00,13354,ΥΔΡΟΗΛΕΚΤΡΙΚΑ,0.1792940481465071
2021-05-03 20:00:00,29672,ΑΕΡΙΟ,0.3892992560910009
2021-05-03 20:00:00,15757,ΑΙΟΛΙΚΑ,0.2067332292473005
2021-05-03 20:00:00,5519,ΚΑΘΑΡΕΣ ΕΙΣΑΓΩΓΕΣ (ΕΙΣΑΓΩΓΕΣ-ΕΞΑΓΩΓΕΣ),0.0724097665936315
2021-05-03 20:00:00,13239,ΛΙΓΝΙΤΗΣ,0.1736968472428134
2021-05-03 20:00:00,76219,ΣΥΝΟΛΟ,1.0
2021-05-03 20:00:00,12032,ΥΔΡΟΗΛΕΚΤΡΙΚΑ,0.1578609008252535
2021-05-04 20:00:00,41168,ΑΕΡΙΟ,0.4288288663659753
2021-05-04 20:00:00,13752,ΑΙΟΛΙΚΑ,0.1432485078280434
2021-05-04 20:00:00,20584,ΚΑΘΑΡΕΣ ΕΙΣΑΓΩΓΕΣ (ΕΙΣΑΓΩΓΕΣ-ΕΞΑΓΩΓΕΣ),0.2144144331829876
2021-05-04 20:00:00,12688,ΛΙΓΝΙΤΗΣ,0.1321652899448964
2021-05-04 20:00:00,96001,ΣΥΝΟΛΟ,1.0
2021-05-04 20:00:00,7809,ΥΔΡΟΗΛΕΚΤΡΙΚΑ,0.0813429026780971
2021-05-05 20:00:00,53858,ΑΕΡΙΟ,0.5537528274727535
2021-05-05 20:00:00,12293,ΑΙΟΛΙΚΑ,0.1263931729385153
2021-05-05 20:00:00,12840,ΚΑΘΑΡΕΣ ΕΙΣΑΓΩΓΕΣ (ΕΙΣΑΓΩΓΕΣ-ΕΞΑΓΩΓΕΣ),0.1320172732880937
2021-05-05 20:00:00,9018,ΛΙΓΝΙΤΗΣ,0.0927205428747686
2021-05-05 20:00:00,97260,ΣΥΝΟΛΟ,1.0
2021-05-05 20:00:00,9251,ΥΔΡΟΗΛΕΚΤΡΙΚΑ,0.0951161834258688
2021-05-06 20:00:00,56332,ΑΕΡΙΟ,0.5358878984769642
2021-05-06 20:00:00,13576,ΑΙΟΛΙΚΑ,0.1291488693766112
2021-05-06 20:00:00,16327,ΚΑΘΑΡΕΣ ΕΙΣΑΓΩΓΕΣ (ΕΙΣΑΓΩΓΕΣ-ΕΞΑΓΩΓΕΣ),0.1553192096576261
2021-05-06 20:00:00,9261,ΛΙΓΝΙΤΗΣ,0.0881001531597522
2021-05-06 20:00:00,105119,ΣΥΝΟΛΟ,1.0
2021-05-06 20:00:00,9623,ΥΔΡΟΗΛΕΚΤΡΙΚΑ,0.0915438693290461
2021-05-07 20:00:00,39472,ΑΕΡΙΟ,0.4145086425976099
2021-05-07 20:00:00,18698,ΑΙΟΛΙΚΑ,0.1963539369499926
2021-05-07 20:00:00,17854,ΚΑΘΑΡΕΣ ΕΙΣΑΓΩΓΕΣ (ΕΙΣΑΓΩΓΕΣ-ΕΞΑΓΩΓΕΣ),0.1874908113330393
2021-05-07 20:00:00,9080,ΛΙΓΝΙΤΗΣ,0.0953521097179341
2021-05-07 20:00:00,95226,ΣΥΝΟΛΟ,1.0
2021-05-07 20:00:00,10122,ΥΔΡΟΗΛΕΚΤΡΙΚΑ,0.1062944994014239
2021-05-08 20:00:00,13641,ΑΕΡΙΟ,0.1591863884609998
2021-05-08 20:00:00,45848,ΑΙΟΛΙΚΑ,0.5350324417681931
2021-05-08 20:00:00,10352,ΚΑΘΑΡΕΣ ΕΙΣΑΓΩΓΕΣ (ΕΙΣΑΓΩΓΕΣ-ΕΞΑΓΩΓΕΣ),0.1208047425664006
2021-05-08 20:00:00,8864,ΛΙΓΝΙΤΗΣ,0.1034402277925594
2021-05-08 20:00:00,85692,ΣΥΝΟΛΟ,1.0
2021-05-08 20:00:00,6987,ΥΔΡΟΗΛΕΚΤΡΙΚΑ,0.081536199411847
2021-05-09 20:00:00,36183,ΑΕΡΙΟ,0.3928707152086342
2021-05-09 20:00:00,38009,ΑΙΟΛΙΚΑ,0.412697206267169
2021-05-09 20:00:00,-2421,ΚΑΘΑΡΕΣ ΕΙΣΑΓΩΓΕΣ (ΕΙΣΑΓΩΓΕΣ-ΕΞΑΓΩΓΕΣ),-0.0262869303684079
2021-05-09 20:00:00,9049,ΛΙΓΝΙΤΗΣ,0.098252966916036
2021-05-09 20:00:00,92099,ΣΥΝΟΛΟ,1.0
2021-05-09 20:00:00,11279,ΥΔΡΟΗΛΕΚΤΡΙΚΑ,0.1224660419765687
2021-05-10 20:00:00,57108,ΑΕΡΙΟ,0.57697670189335
2021-05-10 20:00:00,28809,ΑΙΟΛΙΚΑ,0.2910646810402311
2021-05-10 20:00:00,-6491,ΚΑΘΑΡΕΣ ΕΙΣΑΓΩΓΕΣ (ΕΙΣΑΓΩΓΕΣ-ΕΞΑΓΩΓΕΣ),-0.0655802299500899
2021-05-10 20:00:00,9146,ΛΙΓΝΙΤΗΣ,0.0924043726888803
2021-05-10 20:00:00,98978,ΣΥΝΟΛΟ,1.0
2021-05-10 20:00:00,10406,ΥΔΡΟΗΛΕΚΤΡΙΚΑ,0.1051344743276283
2021-05-11 20:00:00,63295,ΑΕΡΙΟ,0.6102369796185959
2021-05-11 20:00:00,14115,ΑΙΟΛΙΚΑ,0.1360849193035228
2021-05-11 20:00:00,8415,ΚΑΘΑΡΕΣ ΕΙΣΑΓΩΓΕΣ (ΕΙΣΑΓΩΓΕΣ-ΕΞΑΓΩΓΕΣ),0.0811303291490715
2021-05-11 20:00:00,6492,ΛΙΓΝΙΤΗΣ,0.0625903858390698
2021-05-11 20:00:00,103722,ΣΥΝΟΛΟ,1.0
2021-05-11 20:00:00,11405,ΥΔΡΟΗΛΕΚΤΡΙΚΑ,0.1099573860897398
2021-05-12 20:00:00,40387,ΑΕΡΙΟ,0.3986044354082569
2021-05-12 20:00:00,22947,ΑΙΟΛΙΚΑ,0.2264782226784181
2021-05-12 20:00:00,17286,ΚΑΘΑΡΕΣ ΕΙΣΑΓΩΓΕΣ (ΕΙΣΑΓΩΓΕΣ-ΕΞΑΓΩΓΕΣ),0.1706062908972473
2021-05-12 20:00:00,12643,ΛΙΓΝΙΤΗΣ,0.1247816346068435
2021-05-12 20:00:00,101321,ΣΥΝΟΛΟ,1.0
2021-05-12 20:00:00,8058,ΥΔΡΟΗΛΕΚΤΡΙΚΑ,0.079529416409234
2021-05-13 20:00:00,53545,ΑΕΡΙΟ,0.5315484344908372
2021-05-13 20:00:00,23459,ΑΙΟΛΙΚΑ,0.2328806559850696
2021-05-13 20:00:00,1454,ΚΑΘΑΡΕΣ ΕΙΣΑΓΩΓΕΣ (ΕΙΣΑΓΩΓΕΣ-ΕΞΑΓΩΓΕΣ),0.014434054043322
2021-05-13 20:00:00,12678,ΛΙΓΝΙΤΗΣ,0.1258562153791173
2021-05-13 20:00:00,100734,ΣΥΝΟΛΟ,1.0
2021-05-13 20:00:00,9598,ΥΔΡΟΗΛΕΚΤΡΙΚΑ,0.0952806401016538
2021-05-14 20:00:00,47583,ΑΕΡΙΟ,0.4423116250534495
2021-05-14 20:00:00,15508,ΑΙΟΛΙΚΑ,0.14415586830021
2021-05-14 20:00:00,20570,ΚΑΘΑΡΕΣ ΕΙΣΑΓΩΓΕΣ (ΕΙΣΑΓΩΓΕΣ-ΕΞΑΓΩΓΕΣ),0.1912100987190689
2021-05-14 20:00:00,12779,ΛΙΓΝΙΤΗΣ,0.1187882280763724
2021-05-14 20:00:00,107578,ΣΥΝΟΛΟ,1.0
2021-05-14 20:00:00,11138,ΥΔΡΟΗΛΕΚΤΡΙΚΑ,0.1035341798508988
2021-05-15 20:00:00,23142,ΑΕΡΙΟ,0.2639581170942023
2021-05-15 20:00:00,17116,ΑΙΟΛΙΚΑ,0.1952254399872252
2021-05-15 20:00:00,27788,ΚΑΘΑΡΕΣ ΕΙΣΑΓΩΓΕΣ (ΕΙΣΑΓΩΓΕΣ-ΕΞΑΓΩΓΕΣ),0.3169504864667571
2021-05-15 20:00:00,12454,ΛΙΓΝΙΤΗΣ,0.1420505742931119
2021-05-15 20:00:00,87673,ΣΥΝΟΛΟ,1.0
2021-05-15 20:00:00,7173,ΥΔΡΟΗΛΕΚΤΡΙΚΑ,0.0818153821587033
2021-05-16 20:00:00,36710,ΑΕΡΙΟ,0.3740155474727715
2021-05-16 20:00:00,24082,ΑΙΟΛΙΚΑ,0.2453566443541074
2021-05-16 20:00:00,12920,ΚΑΘΑΡΕΣ ΕΙΣΑΓΩΓΕΣ (ΕΙΣΑΓΩΓΕΣ-ΕΞΑΓΩΓΕΣ),0.131633911014661
2021-05-16 20:00:00,12611,ΛΙΓΝΙΤΗΣ,0.1284857006041711
2021-05-16 20:00:00,98151,ΣΥΝΟΛΟ,1.0
2021-05-16 20:00:00,11828,ΥΔΡΟΗΛΕΚΤΡΙΚΑ,0.1205081965542888
2021-05-17 20:00:00,45322,ΑΕΡΙΟ,0.4396480642564048
2021-05-17 20:00:00,24928,ΑΙΟΛΙΚΑ,0.2418151658308031
2021-05-17 20:00:00,7530,ΚΑΘΑΡΕΣ ΕΙΣΑΓΩΓΕΣ (ΕΙΣΑΓΩΓΕΣ-ΕΞΑΓΩΓΕΣ),0.0730450978299882
2021-05-17 20:00:00,12758,ΛΙΓΝΙΤΗΣ,0.1237595429103572
2021-05-17 20:00:00,103087,ΣΥΝΟΛΟ,1.0
2021-05-17 20:00:00,12549,ΥΔΡΟΗΛΕΚΤΡΙΚΑ,0.1217321291724465
2021-05-18 20:00:00,48042,ΑΕΡΙΟ,0.4654871715370901
2021-05-18 20:00:00,18997,ΑΙΟΛΙΚΑ,0.1840651887450585
2021-05-18 20:00:00,10856,ΚΑΘΑΡΕΣ ΕΙΣΑΓΩΓΕΣ (ΕΙΣΑΓΩΓΕΣ-ΕΞΑΓΩΓΕΣ),0.1051856445236803
2021-05-18 20:00:00,13539,ΛΙΓΝΙΤΗΣ,0.1311816913417564
2021-05-18 20:00:00,103208,ΣΥΝΟΛΟ,1.0
2021-05-18 20:00:00,11774,ΥΔΡΟΗΛΕΚΤΡΙΚΑ,0.1140803038524145
2021-05-19 20:00:00,41026,ΑΕΡΙΟ,0.401479640267353
2021-05-19 20:00:00,36795,ΑΙΟΛΙΚΑ,0.3600751563310401
2021-05-19 20:00:00,2977,ΚΑΘΑΡΕΣ ΕΙΣΑΓΩΓΕΣ (ΕΙΣΑΓΩΓΕΣ-ΕΞΑΓΩΓΕΣ),0.029132864258663
2021-05-19 20:00:00,12521,ΛΙΓΝΙΤΗΣ,0.1225302631450184
2021-05-19 20:00:00,102187,ΣΥΝΟΛΟ,1.0
2021-05-19 20:00:00,8868,ΥΔΡΟΗΛΕΚΤΡΙΚΑ,0.0867820759979253
2021-05-20 20:00:00,35154,ΑΕΡΙΟ,0.3530758800783408
2021-05-20 20:00:00,31726,ΑΙΟΛΙΚΑ,0.3186461105810275
2021-05-20 20:00:00,10705,ΚΑΘΑΡΕΣ ΕΙΣΑΓΩΓΕΣ (ΕΙΣΑΓΩΓΕΣ-ΕΞΑΓΩΓΕΣ),0.1075177020037161
2021-05-20 20:00:00,12524,ΛΙΓΝΙΤΗΣ,0.1257871742078039
2021-05-20 20:00:00,99565,ΣΥΝΟΛΟ,1.0
2021-05-20 20:00:00,9456,ΥΔΡΟΗΛΕΚΤΡΙΚΑ,0.0949731331291116
2021-05-22 20:00:00,31401,ΑΕΡΙΟ,0.3421557303811537
2021-05-22 20:00:00,4633,ΑΙΟΛΙΚΑ,0.0504827075206485
2021-05-22 20:00:00,32970,ΚΑΘΑΡΕΣ ΕΙΣΑΓΩΓΕΣ (ΕΙΣΑΓΩΓΕΣ-ΕΞΑΓΩΓΕΣ),0.3592520757513021
2021-05-22 20:00:00,12792,ΛΙΓΝΙΤΗΣ,0.1393858827118791
2021-05-22 20:00:00,91774,ΣΥΝΟΛΟ,1.0
2021-05-22 20:00:00,9978,ΥΔΡΟΗΛΕΚΤΡΙΚΑ,0.1087236036350164
2021-05-23 20:00:00,39040,ΑΕΡΙΟ,0.3670863461556544
2021-05-23 20:00:00,6494,ΑΙΟΛΙΚΑ,0.0610619552237402
2021-05-23 20:00:00,33090,ΚΑΘΑΡΕΣ ΕΙΣΑΓΩΓΕΣ (ΕΙΣΑΓΩΓΕΣ-ΕΞΑΓΩΓΕΣ),0.3111395285422798
2021-05-23 20:00:00,13246,ΛΙΓΝΙΤΗΣ,0.1245498396818083
2021-05-23 20:00:00,106351,ΣΥΝΟΛΟ,1.0
2021-05-23 20:00:00,14481,ΥΔΡΟΗΛΕΚΤΡΙΚΑ,0.1361623303965172
2021-05-24 20:00:00,56933,ΑΕΡΙΟ,0.4970621360409991
2021-05-24 20:00:00,11503,ΑΙΟΛΙΚΑ,0.1004286749491439
2021-05-24 20:00:00,18310,ΚΑΘΑΡΕΣ ΕΙΣΑΓΩΓΕΣ (ΕΙΣΑΓΩΓΕΣ-ΕΞΑΓΩΓΕΣ),0.1598582142327067
2021-05-24 20:00:00,13975,ΛΙΓΝΙΤΗΣ,0.1220108434681636
2021-05-24 20:00:00,114539,ΣΥΝΟΛΟ,1.0
2021-05-24 20:00:00,13818,ΥΔΡΟΗΛΕΚΤΡΙΚΑ,0.1206401313089864
2021-05-25 20:00:00,60415,ΑΕΡΙΟ,0.5223725736025248
2021-05-25 20:00:00,10427,ΑΙΟΛΙΚΑ,0.0901560676148891
2021-05-25 20:00:00,19175,ΚΑΘΑΡΕΣ ΕΙΣΑΓΩΓΕΣ (ΕΙΣΑΓΩΓΕΣ-ΕΞΑΓΩΓΕΣ),0.165794820803251
2021-05-25 20:00:00,13301,ΛΙΓΝΙΤΗΣ,0.1150058363235484
2021-05-25 20:00:00,115655,ΣΥΝΟΛΟ,1.0
2021-05-25 20:00:00,12337,ΥΔΡΟΗΛΕΚΤΡΙΚΑ,0.1066707016557866
2021-05-26 20:00:00,52070,ΑΕΡΙΟ,0.4612781488634149
2021-05-26 20:00:00,17407,ΑΙΟΛΙΚΑ,0.1542052763062313
2021-05-26 20:00:00,18779,ΚΑΘΑΡΕΣ ΕΙΣΑΓΩΓΕΣ (ΕΙΣΑΓΩΓΕΣ-ΕΞΑΓΩΓΕΣ),0.1663595613118123
2021-05-26 20:00:00,13054,ΛΙΓΝΙΤΗΣ,0.115642883719282
2021-05-26 20:00:00,112882,ΣΥΝΟΛΟ,1.0
2021-05-26 20:00:00,11572,ΥΔΡΟΗΛΕΚΤΡΙΚΑ,0.1025141297992594
2021-05-27 20:00:00,43817,ΑΕΡΙΟ,0.399229185268874
2021-05-27 20:00:00,18364,ΑΙΟΛΙΚΑ,0.1673196421087158
2021-05-27 20:00:00,23761,ΚΑΘΑΡΕΣ ΕΙΣΑΓΩΓΕΣ (ΕΙΣΑΓΩΓΕΣ-ΕΞΑΓΩΓΕΣ),0.2164932485376387
2021-05-27 20:00:00,12684,ΛΙΓΝΙΤΗΣ,0.1155675419574685
2021-05-27 20:00:00,109754,ΣΥΝΟΛΟ,1.0
2021-05-27 20:00:00,11128,ΥΔΡΟΗΛΕΚΤΡΙΚΑ,0.1013903821273028
2021-05-28 20:00:00,36099,ΑΕΡΙΟ,0.3512361715169736
2021-05-28 20:00:00,9863,ΑΙΟΛΙΚΑ,0.0959650505463284
2021-05-28 20:00:00,28306,ΚΑΘΑΡΕΣ ΕΙΣΑΓΩΓΕΣ (ΕΙΣΑΓΩΓΕΣ-ΕΞΑΓΩΓΕΣ),0.2754118139272405
2021-05-28 20:00:00,13306,ΛΙΓΝΙΤΗΣ,0.1294647635171293
2021-05-28 20:00:00,102777,ΣΥΝΟΛΟ,1.0
2021-05-28 20:00:00,15203,ΥΔΡΟΗΛΕΚΤΡΙΚΑ,0.147922200492328
2021-05-29 20:00:00,34698,ΑΕΡΙΟ,0.3433439871758082
2021-05-29 20:00:00,4229,ΑΙΟΛΙΚΑ,0.041846841943815
2021-05-29 20:00:00,34138,ΚΑΘΑΡΕΣ ΕΙΣΑΓΩΓΕΣ (ΕΙΣΑΓΩΓΕΣ-ΕΞΑΓΩΓΕΣ),0.3378026697275849
2021-05-29 20:00:00,13349,ΛΙΓΝΙΤΗΣ,0.1320911546720233
2021-05-29 20:00:00,101059,ΣΥΝΟΛΟ,1.0
2021-05-29 20:00:00,14645,ΥΔΡΟΗΛΕΚΤΡΙΚΑ,0.1449153464807686
2021-05-30 20:00:00,40851,ΑΕΡΙΟ,0.3866488727355329
2021-05-30 20:00:00,17123,ΑΙΟΛΙΚΑ,0.1620667461714653
2021-05-30 20:00:00,19083,ΚΑΘΑΡΕΣ ΕΙΣΑΓΩΓΕΣ (ΕΙΣΑΓΩΓΕΣ-ΕΞΑΓΩΓΕΣ),0.1806178658640468
2021-05-30 20:00:00,13459,ΛΙΓΝΙΤΗΣ,0.1273875101747212
2021-05-30 20:00:00,105654,ΣΥΝΟΛΟ,1.0
2021-05-30 20:00:00,15138,ΥΔΡΟΗΛΕΚΤΡΙΚΑ,0.1432790050542336
2021-05-31 20:00:00,40329,ΑΕΡΙΟ,0.3888781748404142
2021-05-31 20:00:00,22861,ΑΙΟΛΙΚΑ,0.2204404759608894
2021-05-31 20:00:00,19160,ΚΑΘΑΡΕΣ ΕΙΣΑΓΩΓΕΣ (ΕΙΣΑΓΩΓΕΣ-ΕΞΑΓΩΓΕΣ),0.184753051896708
2021-05-31 20:00:00,9296,ΛΙΓΝΙΤΗΣ,0.0896380151582357
2021-05-31 20:00:00,103706,ΣΥΝΟΛΟ,1.0
2021-05-31 20:00:00,12060,ΥΔΡΟΗΛΕΚΤΡΙΚΑ,0.1162902821437525
2021-06-01 20:00:00,45451,ΑΕΡΙΟ,0.4332586625994948
2021-06-01 20:00:00,10749,ΑΙΟΛΙΚΑ,0.1024641342166722
2021-06-01 20:00:00,28389,ΚΑΘΑΡΕΣ ΕΙΣΑΓΩΓΕΣ (ΕΙΣΑΓΩΓΕΣ-ΕΞΑΓΩΓΕΣ),0.2706162718650207
2021-06-01 20:00:00,9489,ΛΙΓΝΙΤΗΣ,0.0904532672417901
2021-06-01 20:00:00,104905,ΣΥΝΟΛΟ,1.0
2021-06-01 20:00:00,10827,ΥΔΡΟΗΛΕΚΤΡΙΚΑ,0.103207664077022
2021-06-02 20:00:00,51007,ΑΕΡΙΟ,0.4722039641174237
2021-06-02 20:00:00,4785,ΑΙΟΛΙΚΑ,0.0442977624306834
2021-06-02 20:00:00,30012,ΚΑΘΑΡΕΣ ΕΙΣΑΓΩΓΕΣ (ΕΙΣΑΓΩΓΕΣ-ΕΞΑΓΩΓΕΣ),0.2778400096279358
2021-06-02 20:00:00,10212,ΛΙΓΝΙΤΗΣ,0.0945389237078662
2021-06-02 20:00:00,108019,ΣΥΝΟΛΟ,1.0
2021-06-02 20:00:00,12003,ΥΔΡΟΗΛΕΚΤΡΙΚΑ,0.1111193401160906
2021-06-03 20:00:00,65342,ΑΕΡΙΟ,0.6067094401990734
2021-06-03 20:00:00,10825,ΑΙΟΛΙΚΑ,0.1005116110641695
2021-06-03 20:00:00,12325,ΚΑΘΑΡΕΣ ΕΙΣΑΓΩΓΕΣ (ΕΙΣΑΓΩΓΕΣ-ΕΞΑΓΩΓΕΣ),0.1144393169853016
2021-06-03 20:00:00,8361,ΛΙΓΝΙΤΗΣ,0.07763303280439
2021-06-03 20:00:00,107699,ΣΥΝΟΛΟ,1.0
2021-06-03 20:00:00,10846,ΥΔΡΟΗΛΕΚΤΡΙΚΑ,0.1007065989470654
2021-06-04 20:00:00,47848,ΑΕΡΙΟ,0.4563079945450557
2021-06-04 20:00:00,6614,ΑΙΟΛΙΚΑ,0.0630751771426391
2021-06-04 20:00:00,29345,ΚΑΘΑΡΕΣ ΕΙΣΑΓΩΓΕΣ (ΕΙΣΑΓΩΓΕΣ-ΕΞΑΓΩΓΕΣ),0.2798519917222175
2021-06-04 20:00:00,8677,ΛΙΓΝΙΤΗΣ,0.0827492156133474
2021-06-04 20:00:00,104859,ΣΥΝΟΛΟ,1.0
2021-06-04 20:00:00,12375,ΥΔΡΟΗΛΕΚΤΡΙΚΑ,0.1180156209767401
2021-06-05 20:00:00,40799,ΑΕΡΙΟ,0.4227087175449139
2021-06-05 20:00:00,10211,ΑΙΟΛΙΚΑ,0.1057937379556145
2021-06-05 20:00:00,25964,ΚΑΘΑΡΕΣ ΕΙΣΑΓΩΓΕΣ (ΕΙΣΑΓΩΓΕΣ-ΕΞΑΓΩΓΕΣ),0.2690068173812138
2021-06-05 20:00:00,7813,ΛΙΓΝΙΤΗΣ,0.0809486313433763
2021-06-05 20:00:00,96518,ΣΥΝΟΛΟ,1.0
2021-06-05 20:00:00,11731,ΥΔΡΟΗΛΕΚΤΡΙΚΑ,0.1215420957748813
2021-06-06 20:00:00,76425,ΑΕΡΙΟ,0.683764124862442
2021-06-06 20:00:00,10963,ΑΙΟΛΙΚΑ,0.0980844762952823
2021-06-06 20:00:00,1461,ΚΑΘΑΡΕΣ ΕΙΣΑΓΩΓΕΣ (ΕΙΣΑΓΩΓΕΣ-ΕΞΑΓΩΓΕΣ),0.0130713691386853
2021-06-06 20:00:00,8997,ΛΙΓΝΙΤΗΣ,0.0804949405480849
2021-06-06 20:00:00,111771,ΣΥΝΟΛΟ,1.0
2021-06-06 20:00:00,13925,ΥΔΡΟΗΛΕΚΤΡΙΚΑ,0.1245850891555054
2021-06-07 20:00:00,79090,ΑΕΡΙΟ,0.6882957522170102
2021-06-07 20:00:00,6145,ΑΙΟΛΙΚΑ,0.0534780300590912
2021-06-07 20:00:00,10836,ΚΑΘΑΡΕΣ ΕΙΣΑΓΩΓΕΣ (ΕΙΣΑΓΩΓΕΣ-ΕΞΑΓΩΓΕΣ),0.0943023488560313
2021-06-07 20:00:00,7015,ΛΙΓΝΙΤΗΣ,0.0610493703603783
2021-06-07 20:00:00,114907,ΣΥΝΟΛΟ,1.0
2021-06-07 20:00:00,11821,ΥΔΡΟΗΛΕΚΤΡΙΚΑ,0.1028744985074886
2021-06-08 20:00:00,74171,ΑΕΡΙΟ,0.652816039853191
2021-06-08 20:00:00,17096,ΑΙΟΛΙΚΑ,0.1504704401630038
2021-06-08 20:00:00,9198,ΚΑΘΑΡΕΣ ΕΙΣΑΓΩΓΕΣ (ΕΙΣΑΓΩΓΕΣ-ΕΞΑΓΩΓΕΣ),0.080956194935617
2021-06-08 20:00:00,4149,ΛΙΓΝΙΤΗΣ,0.0365174225688057
2021-06-08 20:00:00,113617,ΣΥΝΟΛΟ,1.0
2021-06-08 20:00:00,9003,ΥΔΡΟΗΛΕΚΤΡΙΚΑ,0.0792399024793824
2021-06-09 20:00:00,68921,ΑΕΡΙΟ,0.6503821836368784
2021-06-09 20:00:00,16930,ΑΙΟΛΙΚΑ,0.1597621968481645
2021-06-09 20:00:00,5692,ΚΑΘΑΡΕΣ ΕΙΣΑΓΩΓΕΣ (ΕΙΣΑΓΩΓΕΣ-ΕΞΑΓΩΓΕΣ),0.0537133150891761
2021-06-09 20:00:00,4627,ΛΙΓΝΙΤΗΣ,0.0436633009342266
2021-06-09 20:00:00,105970,ΣΥΝΟΛΟ,1.0
2021-06-09 20:00:00,9800,ΥΔΡΟΗΛΕΚΤΡΙΚΑ,0.0924790034915542
2021-06-10 20:00:00,66115,ΑΕΡΙΟ,0.6037899543378995
2021-06-10 20:00:00,8218,ΑΙΟΛΙΚΑ,0.0750502283105022
2021-06-10 20:00:00,17902,ΚΑΘΑΡΕΣ ΕΙΣΑΓΩΓΕΣ (ΕΙΣΑΓΩΓΕΣ-ΕΞΑΓΩΓΕΣ),0.1634885844748858
2021-06-10 20:00:00,3906,ΛΙΓΝΙΤΗΣ,0.0356712328767123
2021-06-10 20:00:00,109500,ΣΥΝΟΛΟ,1.0
2021-06-10 20:00:00,13359,ΥΔΡΟΗΛΕΚΤΡΙΚΑ,0.122
2021-06-11 20:00:00,58180,ΑΕΡΙΟ,0.5655022258509749
2021-06-11 20:00:00,4287,ΑΙΟΛΙΚΑ,0.0416690966349798
2021-06-11 20:00:00,29345,ΚΑΘΑΡΕΣ ΕΙΣΑΓΩΓΕΣ (ΕΙΣΑΓΩΓΕΣ-ΕΞΑΓΩΓΕΣ),0.2852296806049649
2021-06-11 20:00:00,3811,ΛΙΓΝΙΤΗΣ,0.0370424369666219
2021-06-11 20:00:00,102882,ΣΥΝΟΛΟ,1.0
2021-06-11 20:00:00,7259,ΥΔΡΟΗΛΕΚΤΡΙΚΑ,0.0705565599424583
2021-06-12 20:00:00,41983,ΑΕΡΙΟ,0.4570175152128713
2021-06-12 20:00:00,7555,ΑΙΟΛΙΚΑ,0.0822420343337361
2021-06-12 20:00:00,30475,ΚΑΘΑΡΕΣ ΕΙΣΑΓΩΓΕΣ (ΕΙΣΑΓΩΓΕΣ-ΕΞΑΓΩΓΕΣ),0.3317440101019997
2021-06-12 20:00:00,3694,ΛΙΓΝΙΤΗΣ,0.0402120549078519
2021-06-12 20:00:00,91863,ΣΥΝΟΛΟ,1.0
2021-06-12 20:00:00,8156,ΥΔΡΟΗΛΕΚΤΡΙΚΑ,0.0887843854435409
2021-06-13 20:00:00,52250,ΑΕΡΙΟ,0.5053631360563299
2021-06-13 20:00:00,24044,ΑΙΟΛΙΚΑ,0.232554090781596
2021-06-13 20:00:00,14377,ΚΑΘΑΡΕΣ ΕΙΣΑΓΩΓΕΣ (ΕΙΣΑΓΩΓΕΣ-ΕΞΑΓΩΓΕΣ),0.139054656594868
2021-06-13 20:00:00,3837,ΛΙΓΝΙΤΗΣ,0.0371115474267586
2021-06-13 20:00:00,103391,ΣΥΝΟΛΟ,1.0
2021-06-13 20:00:00,8883,ΥΔΡΟΗΛΕΚΤΡΙΚΑ,0.0859165691404474
2021-06-14 20:00:00,66280,ΑΕΡΙΟ,0.6457018159145819
2021-06-14 20:00:00,16429,ΑΙΟΛΙΚΑ,0.1600518276050191
2021-06-14 20:00:00,7303,ΚΑΘΑΡΕΣ ΕΙΣΑΓΩΓΕΣ (ΕΙΣΑΓΩΓΕΣ-ΕΞΑΓΩΓΕΣ),0.0711460525290312
2021-06-14 20:00:00,4254,ΛΙΓΝΙΤΗΣ,0.0414425999532382
2021-06-14 20:00:00,102648,ΣΥΝΟΛΟ,1.0
2021-06-14 20:00:00,8382,ΥΔΡΟΗΛΕΚΤΡΙΚΑ,0.0816577039981295
2021-06-15 20:00:00,73977,ΑΕΡΙΟ,0.7070207966969951
2021-06-15 20:00:00,12662,ΑΙΟΛΙΚΑ,0.1210146035629635
2021-06-15 20:00:00,4484,ΚΑΘΑΡΕΣ ΕΙΣΑΓΩΓΕΣ (ΕΙΣΑΓΩΓΕΣ-ΕΞΑΓΩΓΕΣ),0.0428549583301475
2021-06-15 20:00:00,3816,ΛΙΓΝΙΤΗΣ,0.0364706781864056
2021-06-15 20:00:00,104632,ΣΥΝΟΛΟ,1.0
2021-06-15 20:00:00,9693,ΥΔΡΟΗΛΕΚΤΡΙΚΑ,0.092638963223488
2021-06-16 20:00:00,77012,ΑΕΡΙΟ,0.6765052091568721
2021-06-16 20:00:00,4814,ΑΙΟΛΙΚΑ,0.0422881638820077
2021-06-16 20:00:00,17832,ΚΑΘΑΡΕΣ ΕΙΣΑΓΩΓΕΣ (ΕΙΣΑΓΩΓΕΣ-ΕΞΑΓΩΓΕΣ),0.1566436515047699
2021-06-16 20:00:00,3620,ΛΙΓΝΙΤΗΣ,0.0317995748344138
2021-06-16 20:00:00,113838,ΣΥΝΟΛΟ,1.0
2021-06-16 20:00:00,10560,ΥΔΡΟΗΛΕΚΤΡΙΚΑ,0.0927634006219364
2021-06-17 20:00:00,72403,ΑΕΡΙΟ,0.6445332668648851
2021-06-17 20:00:00,5107,ΑΙΟΛΙΚΑ,0.0454626382039275
2021-06-17 20:00:00,20923,ΚΑΘΑΡΕΣ ΕΙΣΑΓΩΓΕΣ (ΕΙΣΑΓΩΓΕΣ-ΕΞΑΓΩΓΕΣ),0.1862570548542738
2021-06-17 20:00:00,3673,ΛΙΓΝΙΤΗΣ,0.0326971353285737
2021-06-17 20:00:00,112334,ΣΥΝΟΛΟ,1.0
2021-06-17 20:00:00,10228,ΥΔΡΟΗΛΕΚΤΡΙΚΑ,0.0910499047483397
2021-06-18 20:00:00,58766,ΑΕΡΙΟ,0.5384115000870385
2021-06-18 20:00:00,8386,ΑΙΟΛΙΚΑ,0.0768321621299715
2021-06-18 20:00:00,29323,ΚΑΘΑΡΕΣ ΕΙΣΑΓΩΓΕΣ (ΕΙΣΑΓΩΓΕΣ-ΕΞΑΓΩΓΕΣ),0.2686560326898586
2021-06-18 20:00:00,3795,ΛΙΓΝΙΤΗΣ,0.0347696226190367
2021-06-18 20:00:00,109147,ΣΥΝΟΛΟ,1.0
2021-06-18 20:00:00,8877,ΥΔΡΟΗΛΕΚΤΡΙΚΑ,0.0813306824740945
2021-06-19 20:00:00,48071,ΑΕΡΙΟ,0.4820210973848869
2021-06-19 20:00:00,8531,ΑΙΟΛΙΚΑ,0.0855426760789347
2021-06-19 20:00:00,31904,ΚΑΘΑΡΕΣ ΕΙΣΑΓΩΓΕΣ (ΕΙΣΑΓΩΓΕΣ-ΕΞΑΓΩΓΕΣ),0.3199101556232954
2021-06-19 20:00:00,3659,ΛΙΓΝΙΤΗΣ,0.0366897962457885
2021-06-19 20:00:00,99728,ΣΥΝΟΛΟ,1.0
2021-06-19 20:00:00,7563,ΥΔΡΟΗΛΕΚΤΡΙΚΑ,0.0758362746670945
2021-06-20 20:00:00,68341,ΑΕΡΙΟ,0.6207682735191796
2021-06-20 20:00:00,5628,ΑΙΟΛΙΚΑ,0.0511213450690792
2021-06-20 20:00:00,19354,ΚΑΘΑΡΕΣ ΕΙΣΑΓΩΓΕΣ (ΕΙΣΑΓΩΓΕΣ-ΕΞΑΓΩΓΕΣ),0.1758000199834682
2021-06-20 20:00:00,3776,ΛΙΓΝΙΤΗΣ,0.0342988981842294
2021-06-20 20:00:00,110091,ΣΥΝΟΛΟ,1.0
2021-06-20 20:00:00,12992,ΥΔΡΟΗΛΕΚΤΡΙΚΑ,0.1180114632440435
2021-06-21 20:00:00,81222,ΑΕΡΙΟ,0.6157239999090309
2021-06-21 20:00:00,8975,ΑΙΟΛΙΚΑ,0.0680372669865744
2021-06-21 20:00:00,22095,ΚΑΘΑΡΕΣ ΕΙΣΑΓΩΓΕΣ (ΕΙΣΑΓΩΓΕΣ-ΕΞΑΓΩΓΕΣ),0.1674967592276728
2021-06-21 20:00:00,5141,ΛΙΓΝΙΤΗΣ,0.0389726562203876
2021-06-21 20:00:00,131913,ΣΥΝΟΛΟ,1.0
2021-06-21 20:00:00,14480,ΥΔΡΟΗΛΕΚΤΡΙΚΑ,0.1097693176563341
2021-06-22 20:00:00,87704,ΑΕΡΙΟ,0.612325544051218
2021-06-22 20:00:00,7234,ΑΙΟΛΙΚΑ,0.0505058262526966
2021-06-22 20:00:00,21428,ΚΑΘΑΡΕΣ ΕΙΣΑΓΩΓΕΣ (ΕΙΣΑΓΩΓΕΣ-ΕΞΑΓΩΓΕΣ),0.1496044850625912
2021-06-22 20:00:00,13676,ΛΙΓΝΙΤΗΣ,0.0954821232833674
2021-06-22 20:00:00,143231,ΣΥΝΟΛΟ,1.0
2021-06-22 20:00:00,13189,ΥΔΡΟΗΛΕΚΤΡΙΚΑ,0.0920820213501267
2021-06-23 20:00:00,91096,ΑΕΡΙΟ,0.5890043385210234
2021-06-23 20:00:00,9583,ΑΙΟΛΙΚΑ,0.0619613218587749
2021-06-23 20:00:00,16772,ΚΑΘΑΡΕΣ ΕΙΣΑΓΩΓΕΣ (ΕΙΣΑΓΩΓΕΣ-ΕΞΑΓΩΓΕΣ),0.1084436283225894
2021-06-23 20:00:00,17179,ΛΙΓΝΙΤΗΣ,0.1110751902548153
2021-06-23 20:00:00,154661,ΣΥΝΟΛΟ,1.0
2021-06-23 20:00:00,20031,ΥΔΡΟΗΛΕΚΤΡΙΚΑ,0.1295155210427968
2021-06-24 20:00:00,82764,ΑΕΡΙΟ,0.5132301052331314
2021-06-24 20:00:00,6273,ΑΙΟΛΙΚΑ,0.0388996719603623
2021-06-24 20:00:00,30203,ΚΑΘΑΡΕΣ ΕΙΣΑΓΩΓΕΣ (ΕΙΣΑΓΩΓΕΣ-ΕΞΑΓΩΓΕΣ),0.1872926498037343
2021-06-24 20:00:00,20743,ΛΙΓΝΙΤΗΣ,0.1286299849312605
2021-06-24 20:00:00,161261,ΣΥΝΟΛΟ,1.0
2021-06-24 20:00:00,21278,ΥΔΡΟΗΛΕΚΤΡΙΚΑ,0.1319475880715114
2021-06-25 20:00:00,79693,ΑΕΡΙΟ,0.5160427634348026
2021-06-25 20:00:00,10640,ΑΙΟΛΙΚΑ,0.0688980839339251
2021-06-25 20:00:00,34803,ΚΑΘΑΡΕΣ ΕΙΣΑΓΩΓΕΣ (ΕΙΣΑΓΩΓΕΣ-ΕΞΑΓΩΓΕΣ),0.2253627833789848
2021-06-25 20:00:00,13500,ΛΙΓΝΙΤΗΣ,0.0874176816830817
2021-06-25 20:00:00,154431,ΣΥΝΟΛΟ,1.0
2021-06-25 20:00:00,15795,ΥΔΡΟΗΛΕΚΤΡΙΚΑ,0.1022786875692056
2021-06-26 20:00:00,72582,ΑΕΡΙΟ,0.5099664856281662
2021-06-26 20:00:00,9908,ΑΙΟΛΙΚΑ,0.0696143388113288
2021-06-26 20:00:00,30998,ΚΑΘΑΡΕΣ ΕΙΣΑΓΩΓΕΣ (ΕΙΣΑΓΩΓΕΣ-ΕΞΑΓΩΓΕΣ),0.2177942344038727
2021-06-26 20:00:00,13851,ΛΙΓΝΙΤΗΣ,0.0973181476459139
2021-06-26 20:00:00,142327,ΣΥΝΟΛΟ,1.0
2021-06-26 20:00:00,14988,ΥΔΡΟΗΛΕΚΤΡΙΚΑ,0.1053067935107182
2021-06-27 20:00:00,87982,ΑΕΡΙΟ,0.5451008333075184
2021-06-27 20:00:00,9925,ΑΙΟΛΙΚΑ,0.0614912797001332
2021-06-27 20:00:00,28555,ΚΑΘΑΡΕΣ ΕΙΣΑΓΩΓΕΣ (ΕΙΣΑΓΩΓΕΣ-ΕΞΑΓΩΓΕΣ),0.1769152132833555
2021-06-27 20:00:00,15143,ΛΙΓΝΙΤΗΣ,0.0938198940553266
2021-06-27 20:00:00,161405,ΣΥΝΟΛΟ,1.0
2021-06-27 20:00:00,19800,ΥΔΡΟΗΛΕΚΤΡΙΚΑ,0.1226727796536662
2021-06-28 20:00:00,92392,ΑΕΡΙΟ,0.5514886708210969
2021-06-28 20:00:00,6109,ΑΙΟΛΙΚΑ,0.0364646754052957
2021-06-28 20:00:00,29547,ΚΑΘΑΡΕΣ ΕΙΣΑΓΩΓΕΣ (ΕΙΣΑΓΩΓΕΣ-ΕΞΑΓΩΓΕΣ),0.1763663061385287
2021-06-28 20:00:00,19272,ΛΙΓΝΙΤΗΣ,0.1150347396318315
2021-06-28 20:00:00,167532,ΣΥΝΟΛΟ,1.0
2021-06-28 20:00:00,20212,ΥΔΡΟΗΛΕΚΤΡΙΚΑ,0.1206456080032471
2021-06-29 20:00:00,87024,ΑΕΡΙΟ,0.5070442230379304
2021-06-29 20:00:00,7637,ΑΙΟΛΙΚΑ,0.0444968828293421
2021-06-29 20:00:00,36885,ΚΑΘΑΡΕΣ ΕΙΣΑΓΩΓΕΣ (ΕΙΣΑΓΩΓΕΣ-ΕΞΑΓΩΓΕΣ),0.2149099807725922
2021-06-29 20:00:00,21568,ΛΙΓΝΙΤΗΣ,0.1256656761638408
2021-06-29 20:00:00,171630,ΣΥΝΟΛΟ,1.0
2021-06-29 20:00:00,18516,ΥΔΡΟΗΛΕΚΤΡΙΚΑ,0.1078832371962943
2021-06-30 20:00:00,78317,ΑΕΡΙΟ,0.439973259027887
2021-06-30 20:00:00,24488,ΑΙΟΛΙΚΑ,0.1375699422484887
2021-06-30 20:00:00,36019,ΚΑΘΑΡΕΣ ΕΙΣΑΓΩΓΕΣ (ΕΙΣΑΓΩΓΕΣ-ΕΞΑΓΩΓΕΣ),0.2023493854070695
2021-06-30 20:00:00,22915,ΛΙΓΝΙΤΗΣ,0.128733062178378
2021-06-30 20:00:00,178004,ΣΥΝΟΛΟ,1.0
2021-06-30 20:00:00,16265,ΥΔΡΟΗΛΕΚΤΡΙΚΑ,0.0913743511381766
2021-07-01 20:00:00,72697,ΑΕΡΙΟ,0.4395728650812366
2021-07-01 20:00:00,26568,ΑΙΟΛΙΚΑ,0.1606472327534601
2021-07-01 20:00:00,27021,ΚΑΘΑΡΕΣ ΕΙΣΑΓΩΓΕΣ (ΕΙΣΑΓΩΓΕΣ-ΕΞΑΓΩΓΕΣ),0.1633863623995501
2021-07-01 20:00:00,24107,ΛΙΓΝΙΤΗΣ,0.1457664423361813
2021-07-01 20:00:00,165381,ΣΥΝΟΛΟ,1.0
2021-07-01 20:00:00,14988,ΥΔΡΟΗΛΕΚΤΡΙΚΑ,0.0906270974295717
2021-07-02 20:00:00,65629,ΑΕΡΙΟ,0.45045780883221
2021-07-02 20:00:00,20120,ΑΙΟΛΙΚΑ,0.1380976567326039
2021-07-02 20:00:00,33194,ΚΑΘΑΡΕΣ ΕΙΣΑΓΩΓΕΣ (ΕΙΣΑΓΩΓΕΣ-ΕΞΑΓΩΓΕΣ),0.2278336788062651
2021-07-02 20:00:00,10031,ΛΙΓΝΙΤΗΣ,0.0688497810479498
2021-07-02 20:00:00,145694,ΣΥΝΟΛΟ,1.0
2021-07-02 20:00:00,16720,ΥΔΡΟΗΛΕΚΤΡΙΚΑ,0.114761074580971
2021-07-03 20:00:00,65527,ΑΕΡΙΟ,0.5002099252666051
2021-07-03 20:00:00,11744,ΑΙΟΛΙΚΑ,0.0896495393094603
2021-07-03 20:00:00,32443,ΚΑΘΑΡΕΣ ΕΙΣΑΓΩΓΕΣ (ΕΙΣΑΓΩΓΕΣ-ΕΞΑΓΩΓΕΣ),0.2476583790715959
2021-07-03 20:00:00,9099,ΛΙΓΝΙΤΗΣ,0.06945854548508
2021-07-03 20:00:00,130999,ΣΥΝΟΛΟ,1.0
2021-07-03 20:00:00,12186,ΥΔΡΟΗΛΕΚΤΡΙΚΑ,0.0930236108672585
2021-07-04 20:00:00,82667,ΑΕΡΙΟ,0.5265615246442539
2021-07-04 20:00:00,10405,ΑΙΟΛΙΚΑ,0.0662764182070652
2021-07-04 20:00:00,32241,ΚΑΘΑΡΕΣ ΕΙΣΑΓΩΓΕΣ (ΕΙΣΑΓΩΓΕΣ-ΕΞΑΓΩΓΕΣ),0.2053645362243143
2021-07-04 20:00:00,11773,ΛΙΓΝΙΤΗΣ,0.0749901270112233
2021-07-04 20:00:00,156994,ΣΥΝΟΛΟ,1.0
2021-07-04 20:00:00,19908,ΥΔΡΟΗΛΕΚΤΡΙΚΑ,0.1268073939131432
2021-07-05 20:00:00,79613,ΑΕΡΙΟ,0.4935159126693859
2021-07-05 20:00:00,13776,ΑΙΟΛΙΚΑ,0.0853965459527145
2021-07-05 20:00:00,34752,ΚΑΘΑΡΕΣ ΕΙΣΑΓΩΓΕΣ (ΕΙΣΑΓΩΓΕΣ-ΕΞΑΓΩΓΕΣ),0.2154254329956979
2021-07-05 20:00:00,17449,ΛΙΓΝΙΤΗΣ,0.1081652388450142
2021-07-05 20:00:00,161318,ΣΥΝΟΛΟ,1.0
2021-07-05 20:00:00,15728,ΥΔΡΟΗΛΕΚΤΡΙΚΑ,0.0974968695371874
2021-07-06 20:00:00,88618,ΑΕΡΙΟ,0.538004808276063
2021-07-06 20:00:00,10750,ΑΙΟΛΙΚΑ,0.0652638480779037
2021-07-06 20:00:00,29996,ΚΑΘΑΡΕΣ ΕΙΣΑΓΩΓΕΣ (ΕΙΣΑΓΩΓΕΣ-ΕΞΑΓΩΓΕΣ),0.1821073848320746
2021-07-06 20:00:00,17792,ΛΙΓΝΙΤΗΣ,0.1080162218606571
2021-07-06 20:00:00,164716,ΣΥΝΟΛΟ,1.0
2021-07-06 20:00:00,17560,ΥΔΡΟΗΛΕΚΤΡΙΚΑ,0.1066077369533014
2021-07-07 20:00:00,92484,ΑΕΡΙΟ,0.5566731071344734
2021-07-07 20:00:00,28702,ΑΙΟΛΙΚΑ,0.1727610345678566
2021-07-07 20:00:00,9704,ΚΑΘΑΡΕΣ ΕΙΣΑΓΩΓΕΣ (ΕΙΣΑΓΩΓΕΣ-ΕΞΑΓΩΓΕΣ),0.058409625790763
2021-07-07 20:00:00,16777,ΛΙΓΝΙΤΗΣ,0.100982923731619
2021-07-07 20:00:00,166137,ΣΥΝΟΛΟ,1.0
2021-07-07 20:00:00,18470,ΥΔΡΟΗΛΕΚΤΡΙΚΑ,0.1111733087752878
2021-07-08 20:00:00,82371,ΑΕΡΙΟ,0.5135189052710327
2021-07-08 20:00:00,40776,ΑΙΟΛΙΚΑ,0.2542065396963935
2021-07-08 20:00:00,5827,ΚΑΘΑΡΕΣ ΕΙΣΑΓΩΓΕΣ (ΕΙΣΑΓΩΓΕΣ-ΕΞΑΓΩΓΕΣ),0.0363267977930862
2021-07-08 20:00:00,16387,ΛΙΓΝΙΤΗΣ,0.1021601571023347
2021-07-08 20:00:00,160405,ΣΥΝΟΛΟ,1.0
2021-07-08 20:00:00,15044,ΥΔΡΟΗΛΕΚΤΡΙΚΑ,0.0937876001371528
2021-07-09 20:00:00,60381,ΑΕΡΙΟ,0.412785331938719
2021-07-09 20:00:00,40568,ΑΙΟΛΙΚΑ,0.2773368335418418
2021-07-09 20:00:00,21664,ΚΑΘΑΡΕΣ ΕΙΣΑΓΩΓΕΣ (ΕΙΣΑΓΩΓΕΣ-ΕΞΑΓΩΓΕΣ),0.1481025725165268
2021-07-09 20:00:00,9331,ΛΙΓΝΙΤΗΣ,0.0637899327987311
2021-07-09 20:00:00,146277,ΣΥΝΟΛΟ,1.0
2021-07-09 20:00:00,14333,ΥΔΡΟΗΛΕΚΤΡΙΚΑ,0.0979853292041811
2021-07-10 20:00:00,53092,ΑΕΡΙΟ,0.3951561883638366
2021-07-10 20:00:00,36249,ΑΙΟΛΙΚΑ,0.2697961401341203
2021-07-10 20:00:00,20982,ΚΑΘΑΡΕΣ ΕΙΣΑΓΩΓΕΣ (ΕΙΣΑΓΩΓΕΣ-ΕΞΑΓΩΓΕΣ),0.1561660352642586
2021-07-10 20:00:00,9036,ΛΙΓΝΙΤΗΣ,0.0672536600251568
2021-07-10 20:00:00,134357,ΣΥΝΟΛΟ,1.0
2021-07-10 20:00:00,14998,ΥΔΡΟΗΛΕΚΤΡΙΚΑ,0.1116279762126275
2021-07-11 20:00:00,87043,ΑΕΡΙΟ,0.5504765277663591
2021-07-11 20:00:00,20213,ΑΙΟΛΙΚΑ,0.1278308658449435
2021-07-11 20:00:00,23142,ΚΑΘΑΡΕΣ ΕΙΣΑΓΩΓΕΣ (ΕΙΣΑΓΩΓΕΣ-ΕΞΑΓΩΓΕΣ),0.146354420293063
2021-07-11 20:00:00,9483,ΛΙΓΝΙΤΗΣ,0.0599723000449017
2021-07-11 20:00:00,158123,ΣΥΝΟΛΟ,1.0
2021-07-11 20:00:00,18242,ΥΔΡΟΗΛΕΚΤΡΙΚΑ,0.1153658860507326
2021-07-12 20:00:00,94541,ΑΕΡΙΟ,0.5633610621156505
2021-07-12 20:00:00,18501,ΑΙΟΛΙΚΑ,0.1102457453401344
2021-07-12 20:00:00,22527,ΚΑΘΑΡΕΣ ΕΙΣΑΓΩΓΕΣ (ΕΙΣΑΓΩΓΕΣ-ΕΞΑΓΩΓΕΣ),0.1342363064308528
2021-07-12 20:00:00,12281,ΛΙΓΝΙΤΗΣ,0.0731813414692282
2021-07-12 20:00:00,167816,ΣΥΝΟΛΟ,1.0
2021-07-12 20:00:00,19966,ΥΔΡΟΗΛΕΚΤΡΙΚΑ,0.118975544644134
2021-07-13 20:00:00,90602,ΑΕΡΙΟ,0.5260065604226538
2021-07-13 20:00:00,21095,ΑΙΟΛΙΚΑ,0.1224708990101309
2021-07-13 20:00:00,29224,ΚΑΘΑΡΕΣ ΕΙΣΑΓΩΓΕΣ (ΕΙΣΑΓΩΓΕΣ-ΕΞΑΓΩΓΕΣ),0.169665302330982
2021-07-13 20:00:00,14670,ΛΙΓΝΙΤΗΣ,0.0851693808238265
2021-07-13 20:00:00,172245,ΣΥΝΟΛΟ,1.0
2021-07-13 20:00:00,16654,ΥΔΡΟΗΛΕΚΤΡΙΚΑ,0.0966878574124067
2021-07-14 20:00:00,90332,ΑΕΡΙΟ,0.5140444323044705
2021-07-14 20:00:00,22222,ΑΙΟΛΙΚΑ,0.1264567968678867
2021-07-14 20:00:00,31333,ΚΑΘΑΡΕΣ ΕΙΣΑΓΩΓΕΣ (ΕΙΣΑΓΩΓΕΣ-ΕΞΑΓΩΓΕΣ),0.1783039697714649
2021-07-14 20:00:00,18175,ΛΙΓΝΙΤΗΣ,0.1034268870071929
2021-07-14 20:00:00,175728,ΣΥΝΟΛΟ,1.0
2021-07-14 20:00:00,13666,ΥΔΡΟΗΛΕΚΤΡΙΚΑ,0.0777679140489848
2021-07-15 20:00:00,89739,ΑΕΡΙΟ,0.5178365340227126
2021-07-15 20:00:00,17261,ΑΙΟΛΙΚΑ,0.0996041455082633
2021-07-15 20:00:00,32740,ΚΑΘΑΡΕΣ ΕΙΣΑΓΩΓΕΣ (ΕΙΣΑΓΩΓΕΣ-ΕΞΑΓΩΓΕΣ),0.1889253069891976
2021-07-15 20:00:00,18354,ΛΙΓΝΙΤΗΣ,0.105911273197304
2021-07-15 20:00:00,173296,ΣΥΝΟΛΟ,1.0
2021-07-15 20:00:00,15202,ΥΔΡΟΗΛΕΚΤΡΙΚΑ,0.0877227402825223
2021-07-16 20:00:00,86333,ΑΕΡΙΟ,0.5428246271472046
2021-07-16 20:00:00,12210,ΑΙΟΛΙΚΑ,0.0767712079676064
2021-07-16 20:00:00,27827,ΚΑΘΑΡΕΣ ΕΙΣΑΓΩΓΕΣ (ΕΙΣΑΓΩΓΕΣ-ΕΞΑΓΩΓΕΣ),0.1749641608611453
2021-07-16 20:00:00,17308,ΛΙΓΝΙΤΗΣ,0.1088252307537536
2021-07-16 20:00:00,159044,ΣΥΝΟΛΟ,1.0
2021-07-16 20:00:00,15366,ΥΔΡΟΗΛΕΚΤΡΙΚΑ,0.0966147732702899
2021-07-17 20:00:00,73551,ΑΕΡΙΟ,0.5141305335560853
2021-07-17 20:00:00,12244,ΑΙΟΛΙΚΑ,0.0855870654764817
2021-07-17 20:00:00,33707,ΚΑΘΑΡΕΣ ΕΙΣΑΓΩΓΕΣ (ΕΙΣΑΓΩΓΕΣ-ΕΞΑΓΩΓΕΣ),0.2356160744867502
2021-07-17 20:00:00,9754,ΛΙΓΝΙΤΗΣ,0.0681816593153873
2021-07-17 20:00:00,143059,ΣΥΝΟΛΟ,1.0
2021-07-17 20:00:00,13803,ΥΔΡΟΗΛΕΚΤΡΙΚΑ,0.0964846671652954
2021-07-18 20:00:00,89592,ΑΕΡΙΟ,0.5710971015508965
2021-07-18 20:00:00,10121,ΑΙΟΛΙΚΑ,0.0645155121528331
2021-07-18 20:00:00,30279,ΚΑΘΑΡΕΣ ΕΙΣΑΓΩΓΕΣ (ΕΙΣΑΓΩΓΕΣ-ΕΞΑΓΩΓΕΣ),0.1930110851176399
2021-07-18 20:00:00,11238,ΛΙΓΝΙΤΗΣ,0.0716357401021182
2021-07-18 20:00:00,156877,ΣΥΝΟΛΟ,1.0
2021-07-18 20:00:00,15647,ΥΔΡΟΗΛΕΚΤΡΙΚΑ,0.0997405610765121
2021-07-19 20:00:00,90599,ΑΕΡΙΟ,0.5626463300273874
2021-07-19 20:00:00,8414,ΑΙΟΛΙΚΑ,0.052253404793104
2021-07-19 20:00:00,32312,ΚΑΘΑΡΕΣ ΕΙΣΑΓΩΓΕΣ (ΕΙΣΑΓΩΓΕΣ-ΕΞΑΓΩΓΕΣ),0.2006669854617042
2021-07-19 20:00:00,14616,ΛΙΓΝΙΤΗΣ,0.0907696416039944
2021-07-19 20:00:00,161023,ΣΥΝΟΛΟ,1.0
2021-07-19 20:00:00,15082,ΥΔΡΟΗΛΕΚΤΡΙΚΑ,0.0936636381138098
2021-07-20 20:00:00,87816,ΑΕΡΙΟ,0.5437826256571574
2021-07-20 20:00:00,16840,ΑΙΟΛΙΚΑ,0.1042782569926497
2021-07-20 20:00:00,28728,ΚΑΘΑΡΕΣ ΕΙΣΑΓΩΓΕΣ (ΕΙΣΑΓΩΓΕΣ-ΕΞΑΓΩΓΕΣ),0.1778922664420927
2021-07-20 20:00:00,13839,ΛΙΓΝΙΤΗΣ,0.0856951780594584
2021-07-20 20:00:00,161491,ΣΥΝΟΛΟ,1.0
2021-07-20 20:00:00,14268,ΥΔΡΟΗΛΕΚΤΡΙΚΑ,0.0883516728486417
2021-07-21 20:00:00,80817,ΑΕΡΙΟ,0.5260735697128686
2021-07-21 20:00:00,34877,ΑΙΟΛΙΚΑ,0.2270298067346686
2021-07-21 20:00:00,14952,ΚΑΘΑΡΕΣ ΕΙΣΑΓΩΓΕΣ (ΕΙΣΑΓΩΓΕΣ-ΕΞΑΓΩΓΕΣ),0.0973291759697441
2021-07-21 20:00:00,9651,ΛΙΓΝΙΤΗΣ,0.0628226242164259
2021-07-21 20:00:00,153623,ΣΥΝΟΛΟ,1.0
2021-07-21 20:00:00,13326,ΥΔΡΟΗΛΕΚΤΡΙΚΑ,0.0867448233662928
2021-07-22 20:00:00,72610,ΑΕΡΙΟ,0.4822053540002258
2021-07-22 20:00:00,31863,ΑΙΟΛΙΚΑ,0.2116032116032116
2021-07-22 20:00:00,22649,ΚΑΘΑΡΕΣ ΕΙΣΑΓΩΓΕΣ (ΕΙΣΑΓΩΓΕΣ-ΕΞΑΓΩΓΕΣ),0.1504127401563299
2021-07-22 20:00:00,9364,ΛΙΓΝΙΤΗΣ,0.0621866262891903
2021-07-22 20:00:00,150579,ΣΥΝΟΛΟ,1.0
2021-07-22 20:00:00,14093,ΥΔΡΟΗΛΕΚΤΡΙΚΑ,0.0935920679510423
2021-07-23 20:00:00,58777,ΑΕΡΙΟ,0.4229687038995992
2021-07-23 20:00:00,35609,ΑΙΟΛΙΚΑ,0.2562480660319653
2021-07-23 20:00:00,23450,ΚΑΘΑΡΕΣ ΕΙΣΑΓΩΓΕΣ (ΕΙΣΑΓΩΓΕΣ-ΕΞΑΓΩΓΕΣ),0.1687499550239992
2021-07-23 20:00:00,8975,ΛΙΓΝΙΤΗΣ,0.0645855371573728
2021-07-23 20:00:00,138963,ΣΥΝΟΛΟ,1.0
2021-07-23 20:00:00,12152,ΥΔΡΟΗΛΕΚΤΡΙΚΑ,0.0874477378870634
2021-07-24 20:00:00,39964,ΑΕΡΙΟ,0.3231503193983989
2021-07-24 20:00:00,45236,ΑΙΟΛΙΚΑ,0.3657798981159537
2021-07-24 20:00:00,16630,ΚΑΘΑΡΕΣ ΕΙΣΑΓΩΓΕΣ (ΕΙΣΑΓΩΓΕΣ-ΕΞΑΓΩΓΕΣ),0.1344707689819681
2021-07-24 20:00:00,9044,ΛΙΓΝΙΤΗΣ,0.0731301043098568
2021-07-24 20:00:00,123670,ΣΥΝΟΛΟ,1.0
2021-07-24 20:00:00,12796,ΥΔΡΟΗΛΕΚΤΡΙΚΑ,0.1034689091938222
2021-07-25 20:00:00,72191,ΑΕΡΙΟ,0.4942862424769429
2021-07-25 20:00:00,38569,ΑΙΟΛΙΚΑ,0.2640789861075925
2021-07-25 20:00:00,9807,ΚΑΘΑΡΕΣ ΕΙΣΑΓΩΓΕΣ (ΕΙΣΑΓΩΓΕΣ-ΕΞΑΓΩΓΕΣ),0.0671477771463393
2021-07-25 20:00:00,10277,ΛΙΓΝΙΤΗΣ,0.070365831113789
2021-07-25 20:00:00,146051,ΣΥΝΟΛΟ,1.0
2021-07-25 20:00:00,15207,ΥΔΡΟΗΛΕΚΤΡΙΚΑ,0.1041211631553361
2021-07-26 20:00:00,86636,ΑΕΡΙΟ,0.5389922668707268
2021-07-26 20:00:00,30261,ΑΙΟΛΙΚΑ,0.1882640586797066
2021-07-26 20:00:00,11201,ΚΑΘΑΡΕΣ ΕΙΣΑΓΩΓΕΣ (ΕΙΣΑΓΩΓΕΣ-ΕΞΑΓΩΓΕΣ),0.0696852622607116
2021-07-26 20:00:00,17290,ΛΙΓΝΙΤΗΣ,0.1075670194168113
2021-07-26 20:00:00,160737,ΣΥΝΟΛΟ,1.0
2021-07-26 20:00:00,15349,ΥΔΡΟΗΛΕΚΤΡΙΚΑ,0.0954913927720437
2021-07-27 20:00:00,87701,ΑΕΡΙΟ,0.5155122146199242
2021-07-27 20:00:00,38173,ΑΙΟΛΙΚΑ,0.2243833909383743
2021-07-27 20:00:00,5203,ΚΑΘΑΡΕΣ ΕΙΣΑΓΩΓΕΣ (ΕΙΣΑΓΩΓΕΣ-ΕΞΑΓΩΓΕΣ),0.0305835743340151
2021-07-27 20:00:00,20160,ΛΙΓΝΙΤΗΣ,0.1185017986880158
2021-07-27 20:00:00,170124,ΣΥΝΟΛΟ,1.0
2021-07-27 20:00:00,18887,ΥΔΡΟΗΛΕΚΤΡΙΚΑ,0.1110190214196703
2021-07-28 20:00:00,90382,ΑΕΡΙΟ,0.4931038997883159
2021-07-28 20:00:00,25578,ΑΙΟΛΙΚΑ,0.1395478253278921
2021-07-28 20:00:00,15048,ΚΑΘΑΡΕΣ ΕΙΣΑΓΩΓΕΣ (ΕΙΣΑΓΩΓΕΣ-ΕΞΑΓΩΓΕΣ),0.0820985094821377
2021-07-28 20:00:00,27509,ΛΙΓΝΙΤΗΣ,0.1500829277873556
2021-07-28 20:00:00,183292,ΣΥΝΟΛΟ,1.0
2021-07-28 20:00:00,24775,ΥΔΡΟΗΛΕΚΤΡΙΚΑ,0.1351668376142984
2021-07-29 20:00:00,94295,ΑΕΡΙΟ,0.4943510970143385
2021-07-29 20:00:00,10528,ΑΙΟΛΙΚΑ,0.0551941073160502
2021-07-29 20:00:00,24393,ΚΑΘΑΡΕΣ ΕΙΣΑΓΩΓΕΣ (ΕΙΣΑΓΩΓΕΣ-ΕΞΑΓΩΓΕΣ),0.1278827754331699
2021-07-29 20:00:00,29672,ΛΙΓΝΙΤΗΣ,0.1555584681118771
2021-07-29 20:00:00,190745,ΣΥΝΟΛΟ,1.0
2021-07-29 20:00:00,31857,ΥΔΡΟΗΛΕΚΤΡΙΚΑ,0.1670135521245642
2021-07-30 20:00:00,90027,ΑΕΡΙΟ,0.4994618525586969
2021-07-30 20:00:00,10211,ΑΙΟΛΙΚΑ,0.0566497270427411
2021-07-30 20:00:00,29347,ΚΑΘΑΡΕΣ ΕΙΣΑΓΩΓΕΣ (ΕΙΣΑΓΩΓΕΣ-ΕΞΑΓΩΓΕΣ),0.1628145665971328
2021-07-30 20:00:00,30859,ΛΙΓΝΙΤΗΣ,0.1712030091873418
2021-07-30 20:00:00,180248,ΣΥΝΟΛΟ,1.0
2021-07-30 20:00:00,19804,ΥΔΡΟΗΛΕΚΤΡΙΚΑ,0.1098708446140872
2021-07-31 20:00:00,77017,ΑΕΡΙΟ,0.4577288584860245
2021-07-31 20:00:00,12716,ΑΙΟΛΙΚΑ,0.075573966325724
2021-07-31 20:00:00,32522,ΚΑΘΑΡΕΣ ΕΙΣΑΓΩΓΕΣ (ΕΙΣΑΓΩΓΕΣ-ΕΞΑΓΩΓΕΣ),0.1932853517493863
2021-07-31 20:00:00,28984,ΛΙΓΝΙΤΗΣ,0.172258244729851
2021-07-31 20:00:00,168259,ΣΥΝΟΛΟ,1.0
2021-07-31 20:00:00,17020,ΥΔΡΟΗΛΕΚΤΡΙΚΑ,0.101153578709014
2021-08-01 20:00:00,91156,ΑΕΡΙΟ,0.4775340642991477
2021-08-01 20:00:00,10056,ΑΙΟΛΙΚΑ,0.0526798296392144
2021-08-01 20:00:00,35507,ΚΑΘΑΡΕΣ ΕΙΣΑΓΩΓΕΣ (ΕΙΣΑΓΩΓΕΣ-ΕΞΑΓΩΓΕΣ),0.1860086228122102
2021-08-01 20:00:00,31210,ΛΙΓΝΙΤΗΣ,0.16349815861574
2021-08-01 20:00:00,190889,ΣΥΝΟΛΟ,1.0
2021-08-01 20:00:00,22960,ΥΔΡΟΗΛΕΚΤΡΙΚΑ,0.1202793246336876
2021-08-02 20:00:00,89625,ΑΕΡΙΟ,0.466872255416239
2021-08-02 20:00:00,14668,ΑΙΟΛΙΚΑ,0.0764081700691257
2021-08-02 20:00:00,29551,ΚΑΘΑΡΕΣ ΕΙΣΑΓΩΓΕΣ (ΕΙΣΑΓΩΓΕΣ-ΕΞΑΓΩΓΕΣ),0.1539363126338106
2021-08-02 20:00:00,31322,ΛΙΓΝΙΤΗΣ,0.1631617604925795
2021-08-02 20:00:00,191969,ΣΥΝΟΛΟ,1.0
2021-08-02 20:00:00,26803,ΥΔΡΟΗΛΕΚΤΡΙΚΑ,0.1396215013882449
2021-08-03 20:00:00,94098,ΑΕΡΙΟ,0.4870698579651331
2021-08-03 20:00:00,7269,ΑΙΟΛΙΚΑ,0.0376257816058636
2021-08-03 20:00:00,31047,ΚΑΘΑΡΕΣ ΕΙΣΑΓΩΓΕΣ (ΕΙΣΑΓΩΓΕΣ-ΕΞΑΓΩΓΕΣ),0.1607054122323905
2021-08-03 20:00:00,31048,ΛΙΓΝΙΤΗΣ,0.1607105884301627
2021-08-03 20:00:00,193192,ΣΥΝΟΛΟ,1.0
2021-08-03 20:00:00,29730,ΥΔΡΟΗΛΕΚΤΡΙΚΑ,0.1538883597664499
2021-08-04 20:00:00,83112,ΑΕΡΙΟ,0.4351436394954947
2021-08-04 20:00:00,15835,ΑΙΟΛΙΚΑ,0.0829061932261425
2021-08-04 20:00:00,33691,ΚΑΘΑΡΕΣ ΕΙΣΑΓΩΓΕΣ (ΕΙΣΑΓΩΓΕΣ-ΕΞΑΓΩΓΕΣ),0.1763935936837365
2021-08-04 20:00:00,34617,ΛΙΓΝΙΤΗΣ,0.1812417866062126
2021-08-04 20:00:00,190999,ΣΥΝΟΛΟ,1.0
2021-08-04 20:00:00,23744,ΥΔΡΟΗΛΕΚΤΡΙΚΑ,0.1243147869884135
2021-08-05 20:00:00,71022,ΑΕΡΙΟ,0.4102875166808201
2021-08-05 20:00:00,26384,ΑΙΟΛΙΚΑ,0.1524179245882509
2021-08-05 20:00:00,28484,ΚΑΘΑΡΕΣ ΕΙΣΑΓΩΓΕΣ (ΕΙΣΑΓΩΓΕΣ-ΕΞΑΓΩΓΕΣ),0.1645494301080859
2021-08-05 20:00:00,30718,ΛΙΓΝΙΤΗΣ,0.1774550412182342
2021-08-05 20:00:00,173103,ΣΥΝΟΛΟ,1.0
2021-08-05 20:00:00,16495,ΥΔΡΟΗΛΕΚΤΡΙΚΑ,0.0952900874046088
2021-08-06 20:00:00,69242,ΑΕΡΙΟ,0.4531514846107028
2021-08-06 20:00:00,21186,ΑΙΟΛΙΚΑ,0.1386509250593909
2021-08-06 20:00:00,23821,ΚΑΘΑΡΕΣ ΕΙΣΑΓΩΓΕΣ (ΕΙΣΑΓΩΓΕΣ-ΕΞΑΓΩΓΕΣ),0.1558955765996295
2021-08-06 20:00:00,24772,ΛΙΓΝΙΤΗΣ,0.1621193578576056
2021-08-06 20:00:00,152801,ΣΥΝΟΛΟ,1.0
2021-08-06 20:00:00,13780,ΥΔΡΟΗΛΕΚΤΡΙΚΑ,0.0901826558726709
2021-08-07 20:00:00,72124,ΑΕΡΙΟ,0.5152708022261436
2021-08-07 20:00:00,6142,ΑΙΟΛΙΚΑ,0.0438798911218592
2021-08-07 20:00:00,21930,ΚΑΘΑΡΕΣ ΕΙΣΑΓΩΓΕΣ (ΕΙΣΑΓΩΓΕΣ-ΕΞΑΓΩΓΕΣ),0.1566730726640137
2021-08-07 20:00:00,25520,ΛΙΓΝΙΤΗΣ,0.1823208761689754
2021-08-07 20:00:00,139973,ΣΥΝΟΛΟ,1.0
2021-08-07 20:00:00,14257,ΥΔΡΟΗΛΕΚΤΡΙΚΑ,0.1018553578190079
2021-08-08 20:00:00,79628,ΑΕΡΙΟ,0.5026131744388618
2021-08-08 20:00:00,6034,ΑΙΟΛΙΚΑ,0.0380867018456333
2021-08-08 20:00:00,18110,ΚΑΘΑΡΕΣ ΕΙΣΑΓΩΓΕΣ (ΕΙΣΑΓΩΓΕΣ-ΕΞΑΓΩΓΕΣ),0.1143106016613225
2021-08-08 20:00:00,33208,ΛΙΓΝΙΤΗΣ,0.2096094124775923
2021-08-08 20:00:00,158428,ΣΥΝΟΛΟ,1.0
2021-08-08 20:00:00,21448,ΥΔΡΟΗΛΕΚΤΡΙΚΑ,0.13538010957659
2021-08-09 20:00:00,82021,ΑΕΡΙΟ,0.4915027744819569
2021-08-09 20:00:00,6135,ΑΙΟΛΙΚΑ,0.0367633840290511
2021-08-09 20:00:00,26619,ΚΑΘΑΡΕΣ ΕΙΣΑΓΩΓΕΣ (ΕΙΣΑΓΩΓΕΣ-ΕΞΑΓΩΓΕΣ),0.1595117391148024
2021-08-09 20:00:00,34753,ΛΙΓΝΙΤΗΣ,0.2082539340116732
2021-08-09 20:00:00,166878,ΣΥΝΟΛΟ,1.0
2021-08-09 20:00:00,17350,ΥΔΡΟΗΛΕΚΤΡΙΚΑ,0.1039681683625163
2021-08-10 20:00:00,79690,ΑΕΡΙΟ,0.4785151558822116
2021-08-10 20:00:00,6502,ΑΙΟΛΙΚΑ,0.0390426094057741
2021-08-10 20:00:00,26958,ΚΑΘΑΡΕΣ ΕΙΣΑΓΩΓΕΣ (ΕΙΣΑΓΩΓΕΣ-ΕΞΑΓΩΓΕΣ),0.1618749099293846
2021-08-10 20:00:00,35666,ΛΙΓΝΙΤΗΣ,0.2141639045011288
2021-08-10 20:00:00,166536,ΣΥΝΟΛΟ,1.0
2021-08-10 20:00:00,17720,ΥΔΡΟΗΛΕΚΤΡΙΚΑ,0.1064034202815007
2021-08-11 20:00:00,61183,ΑΕΡΙΟ,0.4129912383729564
2021-08-11 20:00:00,37445,ΑΙΟΛΙΚΑ,0.2527574149825172
2021-08-11 20:00:00,9920,ΚΑΘΑΡΕΣ ΕΙΣΑΓΩΓΕΣ (ΕΙΣΑΓΩΓΕΣ-ΕΞΑΓΩΓΕΣ),0.0669609709340785
2021-08-11 20:00:00,27745,ΛΙΓΝΙΤΗΣ,0.1872814655812509
2021-08-11 20:00:00,148146,ΣΥΝΟΛΟ,1.0
2021-08-11 20:00:00,11853,ΥΔΡΟΗΛΕΚΤΡΙΚΑ,0.0800089101291968
2021-08-12 20:00:00,78114,ΑΕΡΙΟ,0.5259245793694076
2021-08-12 20:00:00,34689,ΑΙΟΛΙΚΑ,0.2335534953240824
2021-08-12 20:00:00,1630,ΚΑΘΑΡΕΣ ΕΙΣΑΓΩΓΕΣ (ΕΙΣΑΓΩΓΕΣ-ΕΞΑΓΩΓΕΣ),0.0109744356244992
2021-08-12 20:00:00,21433,ΛΙΓΝΙΤΗΣ,0.1443037292882775
2021-08-12 20:00:00,148527,ΣΥΝΟΛΟ,1.0
2021-08-12 20:00:00,12661,ΥΔΡΟΗΛΕΚΤΡΙΚΑ,0.0852437603937331
2021-08-13 20:00:00,64216,ΑΕΡΙΟ,0.4867097673925071
2021-08-13 20:00:00,46638,ΑΙΟΛΙΚΑ,0.3534815331327355
2021-08-13 20:00:00,-773,ΚΑΘΑΡΕΣ ΕΙΣΑΓΩΓΕΣ (ΕΙΣΑΓΩΓΕΣ-ΕΞΑΓΩΓΕΣ),-0.0058587680670612
2021-08-13 20:00:00,9767,ΛΙΓΝΙΤΗΣ,0.0740266335200357
2021-08-13 20:00:00,131939,ΣΥΝΟΛΟ,1.0
2021-08-13 20:00:00,12091,ΥΔΡΟΗΛΕΚΤΡΙΚΑ,0.0916408340217827
2021-08-14 20:00:00,51304,ΑΕΡΙΟ,0.4538008385373361
2021-08-14 20:00:00,44856,ΑΙΟΛΙΚΑ,0.396766147150919
2021-08-14 20:00:00,-4328,ΚΑΘΑΡΕΣ ΕΙΣΑΓΩΓΕΣ (ΕΙΣΑΓΩΓΕΣ-ΕΞΑΓΩΓΕΣ),-0.0382825906204114
2021-08-14 20:00:00,9558,ΛΙΓΝΙΤΗΣ,0.0845436693969253
2021-08-14 20:00:00,113054,ΣΥΝΟΛΟ,1.0
2021-08-14 20:00:00,11664,ΥΔΡΟΗΛΕΚΤΡΙΚΑ,0.1031719355352309
2021-08-15 20:00:00,76668,ΑΕΡΙΟ,0.5761782013031421
2021-08-15 20:00:00,26666,ΑΙΟΛΙΚΑ,0.2004013136634526
2021-08-15 20:00:00,5606,ΚΑΘΑΡΕΣ ΕΙΣΑΓΩΓΕΣ (ΕΙΣΑΓΩΓΕΣ-ΕΞΑΓΩΓΕΣ),0.0421304194253849
2021-08-15 20:00:00,9785,ΛΙΓΝΙΤΗΣ,0.0735365954472693
2021-08-15 20:00:00,133063,ΣΥΝΟΛΟ,1.0
2021-08-15 20:00:00,14338,ΥΔΡΟΗΛΕΚΤΡΙΚΑ,0.1077534701607509
2021-08-16 20:00:00,87468,ΑΕΡΙΟ,0.6183669141039236
2021-08-16 20:00:00,7492,ΑΙΟΛΙΚΑ,0.0529657122658183
2021-08-16 20:00:00,20871,ΚΑΘΑΡΕΣ ΕΙΣΑΓΩΓΕΣ (ΕΙΣΑΓΩΓΕΣ-ΕΞΑΓΩΓΕΣ),0.1475503711558854
2021-08-16 20:00:00,13264,ΛΙΓΝΙΤΗΣ,0.0937716507599858
2021-08-16 20:00:00,141450,ΣΥΝΟΛΟ,1.0
2021-08-16 20:00:00,12355,ΥΔΡΟΗΛΕΚΤΡΙΚΑ,0.0873453517143867
2021-08-17 20:00:00,82725,ΑΕΡΙΟ,0.5698569932767552
2021-08-17 20:00:00,7814,ΑΙΟΛΙΚΑ,0.0538272897608288
2021-08-17 20:00:00,23716,ΚΑΘΑΡΕΣ ΕΙΣΑΓΩΓΕΣ (ΕΙΣΑΓΩΓΕΣ-ΕΞΑΓΩΓΕΣ),0.1633693375950622
2021-08-17 20:00:00,18513,ΛΙΓΝΙΤΗΣ,0.1275281053675741
2021-08-17 20:00:00,145168,ΣΥΝΟΛΟ,1.0
2021-08-17 20:00:00,12400,ΥΔΡΟΗΛΕΚΤΡΙΚΑ,0.0854182739997795
2021-08-18 20:00:00,74622,ΑΕΡΙΟ,0.5225703441224667
2021-08-18 20:00:00,19133,ΑΙΟΛΙΚΑ,0.1339864703987451
2021-08-18 20:00:00,16530,ΚΑΘΑΡΕΣ ΕΙΣΑΓΩΓΕΣ (ΕΙΣΑΓΩΓΕΣ-ΕΞΑΓΩΓΕΣ),0.1157579237804451
2021-08-18 20:00:00,19446,ΛΙΓΝΙΤΗΣ,0.1361783778484292
2021-08-18 20:00:00,142798,ΣΥΝΟΛΟ,1.0
2021-08-18 20:00:00,13067,ΥΔΡΟΗΛΕΚΤΡΙΚΑ,0.0915068838499138
2021-08-19 20:00:00,76353,ΑΕΡΙΟ,0.5523699973956072
2021-08-19 20:00:00,21846,ΑΙΟΛΙΚΑ,0.1580432329195242
2021-08-19 20:00:00,8401,ΚΑΘΑΡΕΣ ΕΙΣΑΓΩΓΕΣ (ΕΙΣΑΓΩΓΕΣ-ΕΞΑΓΩΓΕΣ),0.0607763984142142
2021-08-19 20:00:00,19268,ΛΙΓΝΙΤΗΣ,0.1393928871140434
2021-08-19 20:00:00,138228,ΣΥΝΟΛΟ,1.0
2021-08-19 20:00:00,12360,ΥΔΡΟΗΛΕΚΤΡΙΚΑ,0.0894174841566108
2021-08-20 20:00:00,67577,ΑΕΡΙΟ,0.5242997905190473
2021-08-20 20:00:00,29298,ΑΙΟΛΙΚΑ,0.2273101093956086
2021-08-20 20:00:00,6621,ΚΑΘΑΡΕΣ ΕΙΣΑΓΩΓΕΣ (ΕΙΣΑΓΩΓΕΣ-ΕΞΑΓΩΓΕΣ),0.0513693847466832
2021-08-20 20:00:00,14089,ΛΙΓΝΙΤΗΣ,0.1093102645666847
2021-08-20 20:00:00,128890,ΣΥΝΟΛΟ,1.0
2021-08-20 20:00:00,11305,ΥΔΡΟΗΛΕΚΤΡΙΚΑ,0.0877104507719761
2021-08-21 20:00:00,42095,ΑΕΡΙΟ,0.3576556751658921
2021-08-21 20:00:00,45799,ΑΙΟΛΙΚΑ,0.3891263158789094
2021-08-21 20:00:00,7886,ΚΑΘΑΡΕΣ ΕΙΣΑΓΩΓΕΣ (ΕΙΣΑΓΩΓΕΣ-ΕΞΑΓΩΓΕΣ),0.0670025574143775
2021-08-21 20:00:00,9483,ΛΙΓΝΙΤΗΣ,0.0805712974842179
2021-08-21 20:00:00,117697,ΣΥΝΟΛΟ,1.0
2021-08-21 20:00:00,12434,ΥΔΡΟΗΛΕΚΤΡΙΚΑ,0.1056441540566029
2021-08-22 20:00:00,66208,ΑΕΡΙΟ,0.4894036944775027
2021-08-22 20:00:00,44418,ΑΙΟΛΙΚΑ,0.3283339370061279
2021-08-22 20:00:00,2012,ΚΑΘΑΡΕΣ ΕΙΣΑΓΩΓΕΣ (ΕΙΣΑΓΩΓΕΣ-ΕΞΑΓΩΓΕΣ),0.0148725264815239
2021-08-22 20:00:00,10010,ΛΙΓΝΙΤΗΣ,0.0739930368191125
2021-08-22 20:00:00,135283,ΣΥΝΟΛΟ,1.0
2021-08-22 20:00:00,12635,ΥΔΡΟΗΛΕΚΤΡΙΚΑ,0.0933968052157329
2021-08-23 20:00:00,76694,ΑΕΡΙΟ,0.5435975220787321
2021-08-23 20:00:00,30064,ΑΙΟΛΙΚΑ,0.2130898884368399
2021-08-23 20:00:00,10495,ΚΑΘΑΡΕΣ ΕΙΣΑΓΩΓΕΣ (ΕΙΣΑΓΩΓΕΣ-ΕΞΑΓΩΓΕΣ),0.0743872531647364
2021-08-23 20:00:00,11893,ΛΙΓΝΙΤΗΣ,0.0842961030860609
2021-08-23 20:00:00,141086,ΣΥΝΟΛΟ,1.0
2021-08-23 20:00:00,11940,ΥΔΡΟΗΛΕΚΤΡΙΚΑ,0.0846292332336305
2021-08-24 20:00:00,79251,ΑΕΡΙΟ,0.5579916777559513
2021-08-24 20:00:00,11087,ΑΙΟΛΙΚΑ,0.0780615226467834
2021-08-24 20:00:00,23107,ΚΑΘΑΡΕΣ ΕΙΣΑΓΩΓΕΣ (ΕΙΣΑΓΩΓΕΣ-ΕΞΑΓΩΓΕΣ),0.1626921262559054
2021-08-24 20:00:00,17910,ΛΙΓΝΙΤΗΣ,0.1261010075407135
2021-08-24 20:00:00,142029,ΣΥΝΟΛΟ,1.0
2021-08-24 20:00:00,10674,ΥΔΡΟΗΛΕΚΤΡΙΚΑ,0.0751536658006463
2021-08-25 20:00:00,78246,ΑΕΡΙΟ,0.5273956444666122
2021-08-25 20:00:00,15892,ΑΙΟΛΙΚΑ,0.1071156555205812
2021-08-25 20:00:00,20808,ΚΑΘΑΡΕΣ ΕΙΣΑΓΩΓΕΣ (ΕΙΣΑΓΩΓΕΣ-ΕΞΑΓΩΓΕΣ),0.1402506015650802
2021-08-25 20:00:00,19977,ΛΙΓΝΙΤΗΣ,0.1346494745994621
2021-08-25 20:00:00,148363,ΣΥΝΟΛΟ,1.0
2021-08-25 20:00:00,13440,ΥΔΡΟΗΛΕΚΤΡΙΚΑ,0.090588623848264
2021-08-26 20:00:00,77128,ΑΕΡΙΟ,0.5276740144766909
2021-08-26 20:00:00,17326,ΑΙΟΛΙΚΑ,0.1185364585471313
2021-08-26 20:00:00,20964,ΚΑΘΑΡΕΣ ΕΙΣΑΓΩΓΕΣ (ΕΙΣΑΓΩΓΕΣ-ΕΞΑΓΩΓΕΣ),0.1434259677353146
2021-08-26 20:00:00,19428,ΛΙΓΝΙΤΗΣ,0.132917367924141
2021-08-26 20:00:00,146166,ΣΥΝΟΛΟ,1.0
2021-08-26 20:00:00,11320,ΥΔΡΟΗΛΕΚΤΡΙΚΑ,0.077446191316722
2021-08-27 20:00:00,77994,ΑΕΡΙΟ,0.5578052251775459
2021-08-27 20:00:00,10354,ΑΙΟΛΙΚΑ,0.0740507641804281
2021-08-27 20:00:00,28742,ΚΑΘΑΡΕΣ ΕΙΣΑΓΩΓΕΣ (ΕΙΣΑΓΩΓΕΣ-ΕΞΑΓΩΓΕΣ),0.2055598864278409
2021-08-27 20:00:00,10212,ΛΙΓΝΙΤΗΣ,0.0730351944958983
2021-08-27 20:00:00,139823,ΣΥΝΟΛΟ,1.0
2021-08-27 20:00:00,12521,ΥΔΡΟΗΛΕΚΤΡΙΚΑ,0.0895489297182867
2021-08-28 20:00:00,61318,ΑΕΡΙΟ,0.4873741187317685
2021-08-28 20:00:00,18100,ΑΙΟΛΙΚΑ,0.1438643065501975
2021-08-28 20:00:00,27845,ΚΑΘΑΡΕΣ ΕΙΣΑΓΩΓΕΣ (ΕΙΣΑΓΩΓΕΣ-ΕΞΑΓΩΓΕΣ),0.2213205312646546
2021-08-28 20:00:00,9567,ΛΙΓΝΙΤΗΣ,0.076041426561643
2021-08-28 20:00:00,125813,ΣΥΝΟΛΟ,1.0
2021-08-28 20:00:00,8983,ΥΔΡΟΗΛΕΚΤΡΙΚΑ,0.0713996168917361
2021-08-29 20:00:00,72293,ΑΕΡΙΟ,0.5219485076458782
2021-08-29 20:00:00,13961,ΑΙΟΛΙΚΑ,0.1007970773829292
2021-08-29 20:00:00,27152,ΚΑΘΑΡΕΣ ΕΙΣΑΓΩΓΕΣ (ΕΙΣΑΓΩΓΕΣ-ΕΞΑΓΩΓΕΣ),0.1960348288160801
2021-08-29 20:00:00,12773,ΛΙΓΝΙΤΗΣ,0.0922198316318426
2021-08-29 20:00:00,138506,ΣΥΝΟΛΟ,1.0
2021-08-29 20:00:00,12327,ΥΔΡΟΗΛΕΚΤΡΙΚΑ,0.0889997545232697
2021-08-30 20:00:00,76931,ΑΕΡΙΟ,0.5360223519739135
2021-08-30 20:00:00,8675,ΑΙΟΛΙΚΑ,0.0604436950432686
2021-08-30 20:00:00,22096,ΚΑΘΑΡΕΣ ΕΙΣΑΓΩΓΕΣ (ΕΙΣΑΓΩΓΕΣ-ΕΞΑΓΩΓΕΣ),0.1539554911442148
2021-08-30 20:00:00,16210,ΛΙΓΝΙΤΗΣ,0.1129443569626956
2021-08-30 20:00:00,143522,ΣΥΝΟΛΟ,1.0
2021-08-30 20:00:00,19610,ΥΔΡΟΗΛΕΚΤΡΙΚΑ,0.1366341048759075
2021-08-31 20:00:00,73187,ΑΕΡΙΟ,0.5233287331335941
2021-08-31 20:00:00,12052,ΑΙΟΛΙΚΑ,0.086178664130598
2021-08-31 20:00:00,27229,ΚΑΘΑΡΕΣ ΕΙΣΑΓΩΓΕΣ (ΕΙΣΑΓΩΓΕΣ-ΕΞΑΓΩΓΕΣ),0.1947028580826462
2021-08-31 20:00:00,18270,ΛΙΓΝΙΤΗΣ,0.1306409055481269
2021-08-31 20:00:00,139849,ΣΥΝΟΛΟ,1.0
2021-08-31 20:00:00,9111,ΥΔΡΟΗΛΕΚΤΡΙΚΑ,0.0651488391050347
2021-09-01 20:00:00,58148,ΑΕΡΙΟ,0.4515367531721256
2021-09-01 20:00:00,24202,ΑΙΟΛΙΚΑ,0.1879358275481837
2021-09-01 20:00:00,20641,ΚΑΘΑΡΕΣ ΕΙΣΑΓΩΓΕΣ (ΕΙΣΑΓΩΓΕΣ-ΕΞΑΓΩΓΕΣ),0.1602835888117535
2021-09-01 20:00:00,17447,ΛΙΓΝΙΤΗΣ,0.135481215735607
2021-09-01 20:00:00,128778,ΣΥΝΟΛΟ,1.0
2021-09-01 20:00:00,8340,ΥΔΡΟΗΛΕΚΤΡΙΚΑ,0.06476261473233
2021-09-02 20:00:00,56293,ΑΕΡΙΟ,0.4591448892368928
2021-09-02 20:00:00,30373,ΑΙΟΛΙΚΑ,0.2477325372744771
2021-09-02 20:00:00,15335,ΚΑΘΑΡΕΣ ΕΙΣΑΓΩΓΕΣ (ΕΙΣΑΓΩΓΕΣ-ΕΞΑΓΩΓΕΣ),0.1250774852370232
2021-09-02 20:00:00,11981,ΛΙΓΝΙΤΗΣ,0.0977211183974421
2021-09-02 20:00:00,122604,ΣΥΝΟΛΟ,1.0
2021-09-02 20:00:00,8622,ΥΔΡΟΗΛΕΚΤΡΙΚΑ,0.0703239698541646
2021-09-03 20:00:00,74676,ΑΕΡΙΟ,0.6384910693673743
2021-09-03 20:00:00,13641,ΑΙΟΛΙΚΑ,0.1166326085655411
2021-09-03 20:00:00,15495,ΚΑΘΑΡΕΣ ΕΙΣΑΓΩΓΕΣ (ΕΙΣΑΓΩΓΕΣ-ΕΞΑΓΩΓΕΣ),0.1324845883529844
2021-09-03 20:00:00,4625,ΛΙΓΝΙΤΗΣ,0.0395444479595064
2021-09-03 20:00:00,116957,ΣΥΝΟΛΟ,1.0
2021-09-03 20:00:00,8520,ΥΔΡΟΗΛΕΚΤΡΙΚΑ,0.0728472857545935
2021-09-04 20:00:00,57144,ΑΕΡΙΟ,0.5238339689058374
2021-09-04 20:00:00,21472,ΑΙΟΛΙΚΑ,0.1968319155177471
2021-09-04 20:00:00,18950,ΚΑΘΑΡΕΣ ΕΙΣΑΓΩΓΕΣ (ΕΙΣΑΓΩΓΕΣ-ΕΞΑΓΩΓΕΣ),0.1737129656790847
2021-09-04 20:00:00,4039,ΛΙΓΝΙΤΗΣ,0.0370251540041067
2021-09-04 20:00:00,109088,ΣΥΝΟΛΟ,1.0
2021-09-04 20:00:00,7483,ΥΔΡΟΗΛΕΚΤΡΙΚΑ,0.0685959958932238
2021-09-05 20:00:00,49021,ΑΕΡΙΟ,0.429462525734811
2021-09-05 20:00:00,61771,ΑΙΟΛΙΚΑ,0.5411625563975645
2021-09-05 20:00:00,-8129,ΚΑΘΑΡΕΣ ΕΙΣΑΓΩΓΕΣ (ΕΙΣΑΓΩΓΕΣ-ΕΞΑΓΩΓΕΣ),-0.0712164352358841
2021-09-05 20:00:00,4168,ΛΙΓΝΙΤΗΣ,0.036514959043322
2021-09-05 20:00:00,114145,ΣΥΝΟΛΟ,1.0
2021-09-05 20:00:00,7314,ΥΔΡΟΗΛΕΚΤΡΙΚΑ,0.0640763940601866
2021-09-06 20:00:00,57431,ΑΕΡΙΟ,0.4948175591263516
2021-09-06 20:00:00,60654,ΑΙΟΛΙΚΑ,0.5225864817128333
2021-09-06 20:00:00,-16984,ΚΑΘΑΡΕΣ ΕΙΣΑΓΩΓΕΣ (ΕΙΣΑΓΩΓΕΣ-ΕΞΑΓΩΓΕΣ),-0.1463317968379787
2021-09-06 20:00:00,4484,ΛΙΓΝΙΤΗΣ,0.0386335243182699
2021-09-06 20:00:00,116065,ΣΥΝΟΛΟ,1.0
2021-09-06 20:00:00,10480,ΥΔΡΟΗΛΕΚΤΡΙΚΑ,0.0902942316805238
2021-09-07 20:00:00,68478,ΑΕΡΙΟ,0.5534738611748731
2021-09-07 20:00:00,48705,ΑΙΟΛΙΚΑ,0.3936584656170185
2021-09-07 20:00:00,-10365,ΚΑΘΑΡΕΣ ΕΙΣΑΓΩΓΕΣ (ΕΙΣΑΓΩΓΕΣ-ΕΞΑΓΩΓΕΣ),-0.0837751770068862
2021-09-07 20:00:00,4190,ΛΙΓΝΙΤΗΣ,0.0338657010765898
2021-09-07 20:00:00,123724,ΣΥΝΟΛΟ,1.0
2021-09-07 20:00:00,12716,ΥΔΡΟΗΛΕΚΤΡΙΚΑ,0.1027771491384048
2021-09-08 20:00:00,78848,ΑΕΡΙΟ,0.6573350784903835
2021-09-08 20:00:00,27988,ΑΙΟΛΙΚΑ,0.2333286091820826
2021-09-08 20:00:00,-2048,ΚΑΘΑΡΕΣ ΕΙΣΑΓΩΓΕΣ (ΕΙΣΑΓΩΓΕΣ-ΕΞΑΓΩΓΕΣ),-0.0170736384023476
2021-09-08 20:00:00,4423,ΛΙΓΝΙΤΗΣ,0.03687338996757
2021-09-08 20:00:00,119951,ΣΥΝΟΛΟ,1.0
2021-09-08 20:00:00,10740,ΥΔΡΟΗΛΕΚΤΡΙΚΑ,0.0895365607623112
2021-09-09 20:00:00,83702,ΑΕΡΙΟ,0.7314881977155742
2021-09-09 20:00:00,15042,ΑΙΟΛΙΚΑ,0.1314549887701329
2021-09-09 20:00:00,2629,ΚΑΘΑΡΕΣ ΕΙΣΑΓΩΓΕΣ (ΕΙΣΑΓΩΓΕΣ-ΕΞΑΓΩΓΕΣ),0.0229753467276079
2021-09-09 20:00:00,4603,ΛΙΓΝΙΤΗΣ,0.0402265199646936
2021-09-09 20:00:00,114427,ΣΥΝΟΛΟ,1.0
2021-09-09 20:00:00,8451,ΥΔΡΟΗΛΕΚΤΡΙΚΑ,0.0738549468219913
2021-09-10 20:00:00,80643,ΑΕΡΙΟ,0.7438773533562711
2021-09-10 20:00:00,6757,ΑΙΟΛΙΚΑ,0.0623287734413194
2021-09-10 20:00:00,9693,ΚΑΘΑΡΕΣ ΕΙΣΑΓΩΓΕΣ (ΕΙΣΑΓΩΓΕΣ-ΕΞΑΓΩΓΕΣ),0.0894113957328266
2021-09-10 20:00:00,4153,ΛΙΓΝΙΤΗΣ,0.0383086275124759
2021-09-10 20:00:00,108409,ΣΥΝΟΛΟ,1.0
2021-09-10 20:00:00,7163,ΥΔΡΟΗΛΕΚΤΡΙΚΑ,0.0660738499571068
2021-09-11 20:00:00,63862,ΑΕΡΙΟ,0.6219456374597053
2021-09-11 20:00:00,24975,ΑΙΟΛΙΚΑ,0.2432290297133841
2021-09-11 20:00:00,4131,ΚΑΘΑΡΕΣ ΕΙΣΑΓΩΓΕΣ (ΕΙΣΑΓΩΓΕΣ-ΕΞΑΓΩΓΕΣ),0.0402313962661057
2021-09-11 20:00:00,3952,ΛΙΓΝΙΤΗΣ,0.038488133150242
2021-09-11 20:00:00,102681,ΣΥΝΟΛΟ,1.0
2021-09-11 20:00:00,5761,ΥΔΡΟΗΛΕΚΤΡΙΚΑ,0.0561058034105628
2021-09-12 20:00:00,71641,ΑΕΡΙΟ,0.6417316839399124
2021-09-12 20:00:00,38339,ΑΙΟΛΙΚΑ,0.3434255667923717
2021-09-12 20:00:00,-10003,ΚΑΘΑΡΕΣ ΕΙΣΑΓΩΓΕΣ (ΕΙΣΑΓΩΓΕΣ-ΕΞΑΓΩΓΕΣ),-0.0896029094296693
2021-09-12 20:00:00,4763,ΛΙΓΝΙΤΗΣ,0.042665066241479
2021-09-12 20:00:00,111637,ΣΥΝΟΛΟ,1.0
2021-09-12 20:00:00,6897,ΥΔΡΟΗΛΕΚΤΡΙΚΑ,0.0617805924559062
2021-09-13 20:00:00,68489,ΑΕΡΙΟ,0.6032572314413558
2021-09-13 20:00:00,40354,ΑΙΟΛΙΚΑ,0.3554416375999718
2021-09-13 20:00:00,-8912,ΚΑΘΑΡΕΣ ΕΙΣΑΓΩΓΕΣ (ΕΙΣΑΓΩΓΕΣ-ΕΞΑΓΩΓΕΣ),-0.0784976922805904
2021-09-13 20:00:00,7311,ΛΙΓΝΙΤΗΣ,0.0643959412324278
2021-09-13 20:00:00,113532,ΣΥΝΟΛΟ,1.0
2021-09-13 20:00:00,6290,ΥΔΡΟΗΛΕΚΤΡΙΚΑ,0.055402882006835
2021-09-14 20:00:00,82975,ΑΕΡΙΟ,0.7019109573397173
2021-09-14 20:00:00,13231,ΑΙΟΛΙΚΑ,0.1119250843815824
2021-09-14 20:00:00,729,ΚΑΘΑΡΕΣ ΕΙΣΑΓΩΓΕΣ (ΕΙΣΑΓΩΓΕΣ-ΕΞΑΓΩΓΕΣ),0.0061668344429123
2021-09-14 20:00:00,13066,ΛΙΓΝΙΤΗΣ,0.1105292988080837
2021-09-14 20:00:00,118213,ΣΥΝΟΛΟ,1.0
2021-09-14 20:00:00,8212,ΥΔΡΟΗΛΕΚΤΡΙΚΑ,0.0694678250277042
2021-09-15 20:00:00,83893,ΑΕΡΙΟ,0.6966352780960922
2021-09-15 20:00:00,4484,ΑΙΟΛΙΚΑ,0.0372344842475877
2021-09-15 20:00:00,4001,ΚΑΘΑΡΕΣ ΕΙΣΑΓΩΓΕΣ (ΕΙΣΑΓΩΓΕΣ-ΕΞΑΓΩΓΕΣ),0.0332237224519622
2021-09-15 20:00:00,18048,ΛΙΓΝΙΤΗΣ,0.1498679687110757
2021-09-15 20:00:00,120426,ΣΥΝΟΛΟ,1.0
2021-09-15 20:00:00,10000,ΥΔΡΟΗΛΕΚΤΡΙΚΑ,0.0830385464932821
2021-09-16 20:00:00,77054,ΑΕΡΙΟ,0.6335479309012275
2021-09-16 20:00:00,12649,ΑΙΟΛΙΚΑ,0.1040017102028399
2021-09-16 20:00:00,4162,ΚΑΘΑΡΕΣ ΕΙΣΑΓΩΓΕΣ (ΕΙΣΑΓΩΓΕΣ-ΕΞΑΓΩΓΕΣ),0.0342205010565435
2021-09-16 20:00:00,18905,ΛΙΓΝΙΤΗΣ,0.1554393494651505
2021-09-16 20:00:00,121623,ΣΥΝΟΛΟ,1.0
2021-09-16 20:00:00,8853,ΥΔΡΟΗΛΕΚΤΡΙΚΑ,0.0727905083742384
2021-09-17 20:00:00,70428,ΑΕΡΙΟ,0.5928731974644543
2021-09-17 20:00:00,22423,ΑΙΟΛΙΚΑ,0.1887600912527043
2021-09-17 20:00:00,-1072,ΚΑΘΑΡΕΣ ΕΙΣΑΓΩΓΕΣ (ΕΙΣΑΓΩΓΕΣ-ΕΞΑΓΩΓΕΣ),-0.009024252679075
2021-09-17 20:00:00,18219,ΛΙΓΝΙΤΗΣ,0.1533702048134959
2021-09-17 20:00:00,118791,ΣΥΝΟΛΟ,1.0
2021-09-17 20:00:00,8793,ΥΔΡΟΗΛΕΚΤΡΙΚΑ,0.0740207591484203
2021-09-18 20:00:00,58818,ΑΕΡΙΟ,0.5286536041704116
2021-09-18 20:00:00,19607,ΑΙΟΛΙΚΑ,0.1762268560129426
2021-09-18 20:00:00,7918,ΚΑΘΑΡΕΣ ΕΙΣΑΓΩΓΕΣ (ΕΙΣΑΓΩΓΕΣ-ΕΞΑΓΩΓΕΣ),0.0711666367068128
2021-09-18 20:00:00,17225,ΛΙΓΝΙΤΗΣ,0.1548175444903828
2021-09-18 20:00:00,111260,ΣΥΝΟΛΟ,1.0
2021-09-18 20:00:00,7692,ΥΔΡΟΗΛΕΚΤΡΙΚΑ,0.0691353586194499
2021-09-19 20:00:00,70559,ΑΕΡΙΟ,0.5582950238560566
2021-09-19 20:00:00,23262,ΑΙΟΛΙΚΑ,0.1840595649731372
2021-09-19 20:00:00,2797,ΚΑΘΑΡΕΣ ΕΙΣΑΓΩΓΕΣ (ΕΙΣΑΓΩΓΕΣ-ΕΞΑΓΩΓΕΣ),0.0221311410553634
2021-09-19 20:00:00,19222,ΛΙΓΝΙΤΗΣ,0.1520932403883433
2021-09-19 20:00:00,126383,ΣΥΝΟΛΟ,1.0
2021-09-19 20:00:00,10543,ΥΔΡΟΗΛΕΚΤΡΙΚΑ,0.0834210297270993
2021-09-20 20:00:00,74467,ΑΕΡΙΟ,0.5682334986646318
2021-09-20 20:00:00,15655,ΑΙΟΛΙΚΑ,0.1194582220526516
2021-09-20 20:00:00,11736,ΚΑΘΑΡΕΣ ΕΙΣΑΓΩΓΕΣ (ΕΙΣΑΓΩΓΕΣ-ΕΞΑΓΩΓΕΣ),0.0895536054940862
2021-09-20 20:00:00,19415,ΛΙΓΝΙΤΗΣ,0.1481495612361694
2021-09-20 20:00:00,131050,ΣΥΝΟΛΟ,1.0
2021-09-20 20:00:00,9777,ΥΔΡΟΗΛΕΚΤΡΙΚΑ,0.0746051125524609
2021-09-21 20:00:00,71262,ΑΕΡΙΟ,0.578125
2021-09-21 20:00:00,18866,ΑΙΟΛΙΚΑ,0.1530536085150571
2021-09-21 20:00:00,7862,ΚΑΘΑΡΕΣ ΕΙΣΑΓΩΓΕΣ (ΕΙΣΑΓΩΓΕΣ-ΕΞΑΓΩΓΕΣ),0.0637818016614745
2021-09-21 20:00:00,17095,ΛΙΓΝΙΤΗΣ,0.1386860721703011
2021-09-21 20:00:00,123264,ΣΥΝΟΛΟ,1.0
2021-09-21 20:00:00,8179,ΥΔΡΟΗΛΕΚΤΡΙΚΑ,0.0663535176531671
2021-09-22 20:00:00,49585,ΑΕΡΙΟ,0.45026515564273
2021-09-22 20:00:00,40844,ΑΙΟΛΙΚΑ,0.3708909956049544
2021-09-22 20:00:00,-152,ΚΑΘΑΡΕΣ ΕΙΣΑΓΩΓΕΣ (ΕΙΣΑΓΩΓΕΣ-ΕΞΑΓΩΓΕΣ),-0.0013802622498274
2021-09-22 20:00:00,13609,ΛΙΓΝΙΤΗΣ,0.1235788747230394
2021-09-22 20:00:00,110124,ΣΥΝΟΛΟ,1.0
2021-09-22 20:00:00,6238,ΥΔΡΟΗΛΕΚΤΡΙΚΑ,0.0566452362791035
2021-09-23 20:00:00,67969,ΑΕΡΙΟ,0.6315002183385827
2021-09-23 20:00:00,10707,ΑΙΟΛΙΚΑ,0.0994787747024556
2021-09-23 20:00:00,6559,ΚΑΘΑΡΕΣ ΕΙΣΑΓΩΓΕΣ (ΕΙΣΑΓΩΓΕΣ-ΕΞΑΓΩΓΕΣ),0.0609396920961433
2021-09-23 20:00:00,14447,ΛΙΓΝΙΤΗΣ,0.1342271278720814
2021-09-23 20:00:00,107631,ΣΥΝΟΛΟ,1.0
2021-09-23 20:00:00,7949,ΥΔΡΟΗΛΕΚΤΡΙΚΑ,0.0738541869907368
2021-09-24 20:00:00,69845,ΑΕΡΙΟ,0.6521536148796907
2021-09-24 20:00:00,5540,ΑΙΟΛΙΚΑ,0.051727840596084
2021-09-24 20:00:00,9219,ΚΑΘΑΡΕΣ ΕΙΣΑΓΩΓΕΣ (ΕΙΣΑΓΩΓΕΣ-ΕΞΑΓΩΓΕΣ),0.0860792351002343
2021-09-24 20:00:00,14375,ΛΙΓΝΙΤΗΣ,0.134221608044893
2021-09-24 20:00:00,107099,ΣΥΝΟΛΟ,1.0
2021-09-24 20:00:00,8120,ΥΔΡΟΗΛΕΚΤΡΙΚΑ,0.0758177013790978
2021-09-25 20:00:00,60015,ΑΕΡΙΟ,0.6054659914045318
2021-09-25 20:00:00,9062,ΑΙΟΛΙΚΑ,0.0914226912289905
2021-09-25 20:00:00,8124,ΚΑΘΑΡΕΣ ΕΙΣΑΓΩΓΕΣ (ΕΙΣΑΓΩΓΕΣ-ΕΞΑΓΩΓΕΣ),0.0819596053348399
2021-09-25 20:00:00,14236,ΛΙΓΝΙΤΗΣ,0.1436209923125037
2021-09-25 20:00:00,99122,ΣΥΝΟΛΟ,1.0
2021-09-25 20:00:00,7685,ΥΔΡΟΗΛΕΚΤΡΙΚΑ,0.077530719719134
2021-09-26 20:00:00,67367,ΑΕΡΙΟ,0.5959782724087901
2021-09-26 20:00:00,10573,ΑΙΟΛΙΚΑ,0.0935365724194062
2021-09-26 20:00:00,10926,ΚΑΘΑΡΕΣ ΕΙΣΑΓΩΓΕΣ (ΕΙΣΑΓΩΓΕΣ-ΕΞΑΓΩΓΕΣ),0.0966594713188718
2021-09-26 20:00:00,17121,ΛΙΓΝΙΤΗΣ,0.1514650199936303
2021-09-26 20:00:00,113036,ΣΥΝΟΛΟ,1.0
2021-09-26 20:00:00,7049,ΥΔΡΟΗΛΕΚΤΡΙΚΑ,0.0623606638593014
2021-09-27 20:00:00,74735,ΑΕΡΙΟ,0.6112092513535176
2021-09-27 20:00:00,14622,ΑΙΟΛΙΚΑ,0.1195838853721968
2021-09-27 20:00:00,4524,ΚΑΘΑΡΕΣ ΕΙΣΑΓΩΓΕΣ (ΕΙΣΑΓΩΓΕΣ-ΕΞΑΓΩΓΕΣ),0.0369988713872123
2021-09-27 20:00:00,19182,ΛΙΓΝΙΤΗΣ,0.1568771774866283
2021-09-27 20:00:00,122274,ΣΥΝΟΛΟ,1.0
2021-09-27 20:00:00,9211,ΥΔΡΟΗΛΕΚΤΡΙΚΑ,0.0753308144004449
2021-09-28 20:00:00,69052,ΑΕΡΙΟ,0.5772420250117033
2021-09-28 20:00:00,39588,ΑΙΟΛΙΚΑ,0.3309369357319601
2021-09-28 20:00:00,-15711,ΚΑΘΑΡΕΣ ΕΙΣΑΓΩΓΕΣ (ΕΙΣΑΓΩΓΕΣ-ΕΞΑΓΩΓΕΣ),-0.1313365210994449
2021-09-28 20:00:00,19116,ΛΙΓΝΙΤΗΣ,0.1598007088878485
2021-09-28 20:00:00,119624,ΣΥΝΟΛΟ,1.0
2021-09-28 20:00:00,7579,ΥΔΡΟΗΛΕΚΤΡΙΚΑ,0.0633568514679328
2021-09-29 20:00:00,61847,ΑΕΡΙΟ,0.5320080514743832
2021-09-29 20:00:00,51163,ΑΙΟΛΙΚΑ,0.4401042562708598
2021-09-29 20:00:00,-16519,ΚΑΘΑΡΕΣ ΕΙΣΑΓΩΓΕΣ (ΕΙΣΑΓΩΓΕΣ-ΕΞΑΓΩΓΕΣ),-0.1420964800605581
2021-09-29 20:00:00,13980,ΛΙΓΝΙΤΗΣ,0.1202559955957747
2021-09-29 20:00:00,116252,ΣΥΝΟΛΟ,1.0
2021-09-29 20:00:00,5781,ΥΔΡΟΗΛΕΚΤΡΙΚΑ,0.0497281767195403
2021-09-30 20:00:00,54979,ΑΕΡΙΟ,0.483957289860303
2021-09-30 20:00:00,58726,ΑΙΟΛΙΚΑ,0.5169405737524537
2021-09-30 20:00:00,-15880,ΚΑΘΑΡΕΣ ΕΙΣΑΓΩΓΕΣ (ΕΙΣΑΓΩΓΕΣ-ΕΞΑΓΩΓΕΣ),-0.1397850408880047
2021-09-30 20:00:00,8848,ΛΙΓΝΙΤΗΣ,0.0778852671144248
2021-09-30 20:00:00,113603,ΣΥΝΟΛΟ,1.0
2021-09-30 20:00:00,6930,ΥΔΡΟΗΛΕΚΤΡΙΚΑ,0.0610019101608232
2021-10-01 20:00:00,38161,ΑΕΡΙΟ,0.3655898526565883
2021-10-01 20:00:00,52910,ΑΙΟΛΙΚΑ,0.5068881607940067
2021-10-01 20:00:00,-1204,ΚΑΘΑΡΕΣ ΕΙΣΑΓΩΓΕΣ (ΕΙΣΑΓΩΓΕΣ-ΕΞΑΓΩΓΕΣ),-0.0115345557663198
2021-10-01 20:00:00,7995,ΛΙΓΝΙΤΗΣ,0.0765936655745243
2021-10-01 20:00:00,104382,ΣΥΝΟΛΟ,1.0
2021-10-01 20:00:00,6520,ΥΔΡΟΗΛΕΚΤΡΙΚΑ,0.0624628767412005
2021-10-02 20:00:00,32805,ΑΕΡΙΟ,0.3480304268027456
2021-10-02 20:00:00,39896,ΑΙΟΛΙΚΑ,0.4232593174126609
2021-10-02 20:00:00,4991,ΚΑΘΑΡΕΣ ΕΙΣΑΓΩΓΕΣ (ΕΙΣΑΓΩΓΕΣ-ΕΞΑΓΩΓΕΣ),0.0529498509426155
2021-10-02 20:00:00,9108,ΛΙΓΝΙΤΗΣ,0.0966273777570311
2021-10-02 20:00:00,94259,ΣΥΝΟΛΟ,1.0
2021-10-02 20:00:00,7459,ΥΔΡΟΗΛΕΚΤΡΙΚΑ,0.0791330270849468
2021-10-03 20:00:00,55295,ΑΕΡΙΟ,0.5380042421529899
2021-10-03 20:00:00,33458,ΑΙΟΛΙΚΑ,0.3255365934343925
2021-10-03 20:00:00,-2752,ΚΑΘΑΡΕΣ ΕΙΣΑΓΩΓΕΣ (ΕΙΣΑΓΩΓΕΣ-ΕΞΑΓΩΓΕΣ),-0.0267761583218198
2021-10-03 20:00:00,10116,ΛΙΓΝΙΤΗΣ,0.0984257331335499
2021-10-03 20:00:00,102778,ΣΥΝΟΛΟ,1.0
2021-10-03 20:00:00,6661,ΥΔΡΟΗΛΕΚΤΡΙΚΑ,0.0648095896008873
2021-10-04 20:00:00,63296,ΑΕΡΙΟ,0.586063221051462
2021-10-04 20:00:00,28377,ΑΙΟΛΙΚΑ,0.2627451343493639
2021-10-04 20:00:00,-3842,ΚΑΘΑΡΕΣ ΕΙΣΑΓΩΓΕΣ (ΕΙΣΑΓΩΓΕΣ-ΕΞΑΓΩΓΕΣ),-0.0355734153071239
2021-10-04 20:00:00,13908,ΛΙΓΝΙΤΗΣ,0.1287753930482768
2021-10-04 20:00:00,108002,ΣΥΝΟΛΟ,1.0
2021-10-04 20:00:00,6263,ΥΔΡΟΗΛΕΚΤΡΙΚΑ,0.0579896668580211
2021-10-05 20:00:00,63595,ΑΕΡΙΟ,0.5731499589931235
2021-10-05 20:00:00,31902,ΑΙΟΛΙΚΑ,0.2875167857818794
2021-10-05 20:00:00,-6891,ΚΑΘΑΡΕΣ ΕΙΣΑΓΩΓΕΣ (ΕΙΣΑΓΩΓΕΣ-ΕΞΑΓΩΓΕΣ),-0.0621051398289427
2021-10-05 20:00:00,14860,ΛΙΓΝΙΤΗΣ,0.1339257550222158
2021-10-05 20:00:00,110957,ΣΥΝΟΛΟ,1.0
2021-10-05 20:00:00,7491,ΥΔΡΟΗΛΕΚΤΡΙΚΑ,0.067512640031724
2021-10-06 20:00:00,71109,ΑΕΡΙΟ,0.60896634409523
2021-10-06 20:00:00,27342,ΑΙΟΛΙΚΑ,0.2341526076903314
2021-10-06 20:00:00,-7390,ΚΑΘΑΡΕΣ ΕΙΣΑΓΩΓΕΣ (ΕΙΣΑΓΩΓΕΣ-ΕΞΑΓΩΓΕΣ),-0.063286803117239
2021-10-06 20:00:00,19382,ΛΙΓΝΙΤΗΣ,0.1659844138049156
2021-10-06 20:00:00,116770,ΣΥΝΟΛΟ,1.0
2021-10-06 20:00:00,6327,ΥΔΡΟΗΛΕΚΤΡΙΚΑ,0.054183437526762
2021-10-07 20:00:00,73817,ΑΕΡΙΟ,0.6028387328602112
2021-10-07 20:00:00,21167,ΑΙΟΛΙΚΑ,0.1728638045226992
2021-10-07 20:00:00,-9003,ΚΑΘΑΡΕΣ ΕΙΣΑΓΩΓΕΣ (ΕΙΣΑΓΩΓΕΣ-ΕΞΑΓΩΓΕΣ),-0.0735244877459187
2021-10-07 20:00:00,21281,ΛΙΓΝΙΤΗΣ,0.1737948043675326
2021-10-07 20:00:00,122449,ΣΥΝΟΛΟ,1.0
2021-10-07 20:00:00,15187,ΥΔΡΟΗΛΕΚΤΡΙΚΑ,0.1240271459954756
2021-10-08 20:00:00,71000,ΑΕΡΙΟ,0.610752688172043
2021-10-08 20:00:00,11876,ΑΙΟΛΙΚΑ,0.1021591397849462
2021-10-08 20:00:00,12224,ΚΑΘΑΡΕΣ ΕΙΣΑΓΩΓΕΣ (ΕΙΣΑΓΩΓΕΣ-ΕΞΑΓΩΓΕΣ),0.105152688172043
2021-10-08 20:00:00,15786,ΛΙΓΝΙΤΗΣ,0.1357935483870967
2021-10-08 20:00:00,116250,ΣΥΝΟΛΟ,1.0
2021-10-08 20:00:00,5364,ΥΔΡΟΗΛΕΚΤΡΙΚΑ,0.0461419354838709
2021-10-09 20:00:00,57658,ΑΕΡΙΟ,0.5420615222623345
2021-10-09 20:00:00,20246,ΑΙΟΛΙΚΑ,0.1903391997593261
2021-10-09 20:00:00,12693,ΚΑΘΑΡΕΣ ΕΙΣΑΓΩΓΕΣ (ΕΙΣΑΓΩΓΕΣ-ΕΞΑΓΩΓΕΣ),0.1193310018050541
2021-10-09 20:00:00,9500,ΛΙΓΝΙΤΗΣ,0.0893125752105896
2021-10-09 20:00:00,106368,ΣΥΝΟΛΟ,1.0
2021-10-09 20:00:00,6271,ΥΔΡΟΗΛΕΚΤΡΙΚΑ,0.0589557009626955
2021-10-10 20:00:00,58324,ΑΕΡΙΟ,0.5216442472810532
2021-10-10 20:00:00,31960,ΑΙΟΛΙΚΑ,0.285847166571265
2021-10-10 20:00:00,-1781,ΚΑΘΑΡΕΣ ΕΙΣΑΓΩΓΕΣ (ΕΙΣΑΓΩΓΕΣ-ΕΞΑΓΩΓΕΣ),-0.0159290927303949
2021-10-10 20:00:00,14080,ΛΙΓΝΙΤΗΣ,0.1259301659988551
2021-10-10 20:00:00,111808,ΣΥΝΟΛΟ,1.0
2021-10-10 20:00:00,9225,ΥΔΡΟΗΛΕΚΤΡΙΚΑ,0.0825075128792215
2021-10-11 20:00:00,65476,ΑΕΡΙΟ,0.5573516518126953
2021-10-11 20:00:00,25478,ΑΙΟΛΙΚΑ,0.2168764949734841
2021-10-11 20:00:00,-2451,ΚΑΘΑΡΕΣ ΕΙΣΑΓΩΓΕΣ (ΕΙΣΑΓΩΓΕΣ-ΕΞΑΓΩΓΕΣ),-0.0208636584182435
2021-10-11 20:00:00,18877,ΛΙΓΝΙΤΗΣ,0.1606867727299812
2021-10-11 20:00:00,117477,ΣΥΝΟΛΟ,1.0
2021-10-11 20:00:00,10097,ΥΔΡΟΗΛΕΚΤΡΙΚΑ,0.0859487389020829
2021-10-12 20:00:00,70517,ΑΕΡΙΟ,0.6108752902040958
2021-10-12 20:00:00,9886,ΑΙΟΛΙΚΑ,0.0856405280848262
2021-10-12 20:00:00,6542,ΚΑΘΑΡΕΣ ΕΙΣΑΓΩΓΕΣ (ΕΙΣΑΓΩΓΕΣ-ΕΞΑΓΩΓΕΣ),0.0566720953601995
2021-10-12 20:00:00,18422,ΛΙΓΝΙΤΗΣ,0.1595862642503205
2021-10-12 20:00:00,115436,ΣΥΝΟΛΟ,1.0
2021-10-12 20:00:00,10069,ΥΔΡΟΗΛΕΚΤΡΙΚΑ,0.0872258221005578
2021-10-13 20:00:00,73810,ΑΕΡΙΟ,0.5750278515725427
2021-10-13 20:00:00,22730,ΑΙΟΛΙΚΑ,0.1770814668235184
2021-10-13 20:00:00,-2258,ΚΑΘΑΡΕΣ ΕΙΣΑΓΩΓΕΣ (ΕΙΣΑΓΩΓΕΣ-ΕΞΑΓΩΓΕΣ),-0.0175912869374177
2021-10-13 20:00:00,21883,ΛΙΓΝΙΤΗΣ,0.1704827865595712
2021-10-13 20:00:00,128359,ΣΥΝΟΛΟ,1.0
2021-10-13 20:00:00,12194,ΥΔΡΟΗΛΕΚΤΡΙΚΑ,0.0949991819817854
2021-10-14 20:00:00,65737,ΑΕΡΙΟ,0.5270935565605055
2021-10-14 20:00:00,42197,ΑΙΟΛΙΚΑ,0.338344719202027
2021-10-14 20:00:00,-805,ΚΑΘΑΡΕΣ ΕΙΣΑΓΩΓΕΣ (ΕΙΣΑΓΩΓΕΣ-ΕΞΑΓΩΓΕΣ),-0.0064546649988774
2021-10-14 20:00:00,8251,ΛΙΓΝΙΤΗΣ,0.0661583116841463
2021-10-14 20:00:00,124716,ΣΥΝΟΛΟ,1.0
2021-10-14 20:00:00,9336,ΥΔΡΟΗΛΕΚΤΡΙΚΑ,0.0748580775521986
2021-10-15 20:00:00,64611,ΑΕΡΙΟ,0.5585852734959237
2021-10-15 20:00:00,26601,ΑΙΟΛΙΚΑ,0.2299751878204186
2021-10-15 20:00:00,3435,ΚΑΘΑΡΕΣ ΕΙΣΑΓΩΓΕΣ (ΕΙΣΑΓΩΓΕΣ-ΕΞΑΓΩΓΕΣ),0.0296968072690176
2021-10-15 20:00:00,9658,ΛΙΓΝΙΤΗΣ,0.0834968747028157
2021-10-15 20:00:00,115669,ΣΥΝΟΛΟ,1.0
2021-10-15 20:00:00,11364,ΥΔΡΟΗΛΕΚΤΡΙΚΑ,0.0982458567118242
2021-10-16 20:00:00,64902,ΑΕΡΙΟ,0.5930860542259506
2021-10-16 20:00:00,10757,ΑΙΟΛΙΚΑ,0.0982993850005939
2021-10-16 20:00:00,7370,ΚΑΘΑΡΕΣ ΕΙΣΑΓΩΓΕΣ (ΕΙΣΑΓΩΓΕΣ-ΕΞΑΓΩΓΕΣ),0.0673483747749723
2021-10-16 20:00:00,16925,ΛΙΓΝΙΤΗΣ,0.1546636693441529
2021-10-16 20:00:00,109431,ΣΥΝΟΛΟ,1.0
2021-10-16 20:00:00,9477,ΥΔΡΟΗΛΕΚΤΡΙΚΑ,0.0866025166543301
2021-10-17 20:00:00,74413,ΑΕΡΙΟ,0.6473341278609519
2021-10-17 20:00:00,14770,ΑΙΟΛΙΚΑ,0.128487294807443
2021-10-17 20:00:00,-5062,ΚΑΘΑΡΕΣ ΕΙΣΑΓΩΓΕΣ (ΕΙΣΑΓΩΓΕΣ-ΕΞΑΓΩΓΕΣ),-0.0440353883761189
2021-10-17 20:00:00,18138,ΛΙΓΝΙΤΗΣ,0.157786225674841
2021-10-17 20:00:00,114953,ΣΥΝΟΛΟ,1.0
2021-10-17 20:00:00,12694,ΥΔΡΟΗΛΕΚΤΡΙΚΑ,0.110427740032883
2021-10-18 20:00:00,60960,ΑΕΡΙΟ,0.5497885081936165
2021-10-18 20:00:00,26907,ΑΙΟΛΙΚΑ,0.2426699374994363
2021-10-18 20:00:00,-454,ΚΑΘΑΡΕΣ ΕΙΣΑΓΩΓΕΣ (ΕΙΣΑΓΩΓΕΣ-ΕΞΑΓΩΓΕΣ),-0.0040945535223081
2021-10-18 20:00:00,13107,ΛΙΓΝΙΤΗΣ,0.118209940565842
2021-10-18 20:00:00,110879,ΣΥΝΟΛΟ,1.0
2021-10-18 20:00:00,10359,ΥΔΡΟΗΛΕΚΤΡΙΚΑ,0.0934261672634132
2021-10-19 20:00:00,64811,ΑΕΡΙΟ,0.5843040028849621
2021-10-19 20:00:00,20230,ΑΙΟΛΙΚΑ,0.1823836999639379
2021-10-19 20:00:00,4722,ΚΑΘΑΡΕΣ ΕΙΣΑΓΩΓΕΣ (ΕΙΣΑΓΩΓΕΣ-ΕΞΑΓΩΓΕΣ),0.0425712225027046
2021-10-19 20:00:00,11815,ΛΙΓΝΙΤΗΣ,0.1065182113234763
2021-10-19 20:00:00,110920,ΣΥΝΟΛΟ,1.0
2021-10-19 20:00:00,9342,ΥΔΡΟΗΛΕΚΤΡΙΚΑ,0.0842228633249188
2021-10-20 20:00:00,64208,ΑΕΡΙΟ,0.5733932255154984
2021-10-20 20:00:00,15559,ΑΙΟΛΙΚΑ,0.1389456951749881
2021-10-20 20:00:00,15495,ΚΑΘΑΡΕΣ ΕΙΣΑΓΩΓΕΣ (ΕΙΣΑΓΩΓΕΣ-ΕΞΑΓΩΓΕΣ),0.1383741594406094
2021-10-20 20:00:00,8048,ΛΙΓΝΙΤΗΣ,0.07187061859813
2021-10-20 20:00:00,111979,ΣΥΝΟΛΟ,1.0
2021-10-20 20:00:00,8669,ΥΔΡΟΗΛΕΚΤΡΙΚΑ,0.0774163012707739
2021-10-21 20:00:00,72110,ΑΕΡΙΟ,0.6501961137910824
2021-10-21 20:00:00,17315,ΑΙΟΛΙΚΑ,0.15612461115369
2021-10-21 20:00:00,4756,ΚΑΘΑΡΕΣ ΕΙΣΑΓΩΓΕΣ (ΕΙΣΑΓΩΓΕΣ-ΕΞΑΓΩΓΕΣ),0.0428835489833641
2021-10-21 20:00:00,8258,ΛΙΓΝΙΤΗΣ,0.0744601235291465
2021-10-21 20:00:00,110905,ΣΥΝΟΛΟ,1.0
2021-10-21 20:00:00,8466,ΥΔΡΟΗΛΕΚΤΡΙΚΑ,0.0763356025427167
2021-10-22 20:00:00,82618,ΑΕΡΙΟ,0.7456094435319387
2021-10-22 20:00:00,8297,ΑΙΟΛΙΚΑ,0.0748786166814071
2021-10-22 20:00:00,4484,ΚΑΘΑΡΕΣ ΕΙΣΑΓΩΓΕΣ (ΕΙΣΑΓΩΓΕΣ-ΕΞΑΓΩΓΕΣ),0.0404671227189863
2021-10-22 20:00:00,7896,ΛΙΓΝΙΤΗΣ,0.0712596790787502
2021-10-22 20:00:00,110806,ΣΥΝΟΛΟ,1.0
2021-10-22 20:00:00,7511,ΥΔΡΟΗΛΕΚΤΡΙΚΑ,0.0677851379889175
2021-10-23 20:00:00,66100,ΑΕΡΙΟ,0.6081460286500262
2021-10-23 20:00:00,25587,ΑΙΟΛΙΚΑ,0.2354104755683543
2021-10-23 20:00:00,870,ΚΑΘΑΡΕΣ ΕΙΣΑΓΩΓΕΣ (ΕΙΣΑΓΩΓΕΣ-ΕΞΑΓΩΓΕΣ),0.0080043425858626
2021-10-23 20:00:00,8938,ΛΙΓΝΙΤΗΣ,0.0822331195775179
2021-10-23 20:00:00,108691,ΣΥΝΟΛΟ,1.0
2021-10-23 20:00:00,7196,ΥΔΡΟΗΛΕΚΤΡΙΚΑ,0.0662060336182388
2021-10-24 20:00:00,57332,ΑΕΡΙΟ,0.4998561427064352
2021-10-24 20:00:00,67327,ΑΙΟΛΙΚΑ,0.5869987881112845
2021-10-24 20:00:00,-29730,ΚΑΘΑΡΕΣ ΕΙΣΑΓΩΓΕΣ (ΕΙΣΑΓΩΓΕΣ-ΕΞΑΓΩΓΕΣ),-0.259204687132183
2021-10-24 20:00:00,7921,ΛΙΓΝΙΤΗΣ,0.0690602195349486
2021-10-24 20:00:00,114697,ΣΥΝΟΛΟ,1.0
2021-10-24 20:00:00,11847,ΥΔΡΟΗΛΕΚΤΡΙΚΑ,0.1032895367795147
2021-10-25 20:00:00,69309,ΑΕΡΙΟ,0.599683325257839
2021-10-25 20:00:00,53788,ΑΙΟΛΙΚΑ,0.4653907385616391
2021-10-25 20:00:00,-23746,ΚΑΘΑΡΕΣ ΕΙΣΑΓΩΓΕΣ (ΕΙΣΑΓΩΓΕΣ-ΕΞΑΓΩΓΕΣ),-0.2054578805288295
2021-10-25 20:00:00,8802,ΛΙΓΝΙΤΗΣ,0.0761576797951131
2021-10-25 20:00:00,115576,ΣΥΝΟΛΟ,1.0
2021-10-25 20:00:00,7423,ΥΔΡΟΗΛΕΚΤΡΙΚΑ,0.0642261369142382
2021-10-26 20:00:00,72467,ΑΕΡΙΟ,0.6259404178867266
2021-10-26 20:00:00,52676,ΑΙΟΛΙΚΑ,0.4549938241213409
2021-10-26 20:00:00,-21925,ΚΑΘΑΡΕΣ ΕΙΣΑΓΩΓΕΣ (ΕΙΣΑΓΩΓΕΣ-ΕΞΑΓΩΓΕΣ),-0.1893792162248538
2021-10-26 20:00:00,8119,ΛΙΓΝΙΤΗΣ,0.0701286137527748
2021-10-26 20:00:00,115773,ΣΥΝΟΛΟ,1.0
2021-10-26 20:00:00,4436,ΥΔΡΟΗΛΕΚΤΡΙΚΑ,0.0383163604640114
2021-10-27 20:00:00,50049,ΑΕΡΙΟ,0.5038608289456463
2021-10-27 20:00:00,65440,ΑΙΟΛΙΚΑ,0.6588074216508442
2021-10-27 20:00:00,-29196,ΚΑΘΑΡΕΣ ΕΙΣΑΓΩΓΕΣ (ΕΙΣΑΓΩΓΕΣ-ΕΞΑΓΩΓΕΣ),-0.2939263673978919
2021-10-27 20:00:00,8204,ΛΙΓΝΙΤΗΣ,0.0825925441201639
2021-10-27 20:00:00,99331,ΣΥΝΟΛΟ,1.0
2021-10-27 20:00:00,4834,ΥΔΡΟΗΛΕΚΤΡΙΚΑ,0.0486655726812374
2021-10-28 20:00:00,65560,ΑΕΡΙΟ,0.5817575182131987
2021-10-28 20:00:00,60070,ΑΙΟΛΙΚΑ,0.5330410939454979
2021-10-28 20:00:00,-26236,ΚΑΘΑΡΕΣ ΕΙΣΑΓΩΓΕΣ (ΕΙΣΑΓΩΓΕΣ-ΕΞΑΓΩΓΕΣ),-0.2328094912727498
2021-10-28 20:00:00,8046,ΛΙΓΝΙΤΗΣ,0.0713975135988925
2021-10-28 20:00:00,112693,ΣΥΝΟΛΟ,1.0
2021-10-28 20:00:00,5253,ΥΔΡΟΗΛΕΚΤΡΙΚΑ,0.0466133655151606
2021-10-29 20:00:00,64362,ΑΕΡΙΟ,0.5600348053078095
2021-10-29 20:00:00,50642,ΑΙΟΛΙΚΑ,0.440652599521427
2021-10-29 20:00:00,-13576,ΚΑΘΑΡΕΣ ΕΙΣΑΓΩΓΕΣ (ΕΙΣΑΓΩΓΕΣ-ΕΞΑΓΩΓΕΣ),-0.1181292147052425
2021-10-29 20:00:00,8155,ΛΙΓΝΙΤΗΣ,0.0709593212964977
2021-10-29 20:00:00,114925,ΣΥΝΟΛΟ,1.0
2021-10-29 20:00:00,5342,ΥΔΡΟΗΛΕΚΤΡΙΚΑ,0.0464824885795083
2021-10-30 20:00:00,59571,ΑΕΡΙΟ,0.5276252391412173
2021-10-30 20:00:00,27669,ΑΙΟΛΙΚΑ,0.2450666052575639
2021-10-30 20:00:00,8350,ΚΑΘΑΡΕΣ ΕΙΣΑΓΩΓΕΣ (ΕΙΣΑΓΩΓΕΣ-ΕΞΑΓΩΓΕΣ),0.0739566357259264
2021-10-30 20:00:00,8456,ΛΙΓΝΙΤΗΣ,0.0748954864309501
2021-10-30 20:00:00,112904,ΣΥΝΟΛΟ,1.0
2021-10-30 20:00:00,8858,ΥΔΡΟΗΛΕΚΤΡΙΚΑ,0.0784560334443421
2021-10-31 20:00:00,65096,ΑΕΡΙΟ,0.5639679445527399
2021-10-31 20:00:00,7901,ΑΙΟΛΙΚΑ,0.0684513753519601
2021-10-31 20:00:00,27545,ΚΑΘΑΡΕΣ ΕΙΣΑΓΩΓΕΣ (ΕΙΣΑΓΩΓΕΣ-ΕΞΑΓΩΓΕΣ),0.2386398094000433
2021-10-31 20:00:00,8062,ΛΙΓΝΙΤΗΣ,0.0698462204894953
2021-10-31 20:00:00,115425,ΣΥΝΟΛΟ,1.0
2021-10-31 20:00:00,6821,ΥΔΡΟΗΛΕΚΤΡΙΚΑ,0.0590946502057613
2021-11-01 20:00:00,54937,ΑΕΡΙΟ,0.4344013410719086
2021-11-01 20:00:00,41005,ΑΙΟΛΙΚΑ,0.3242373444245884
2021-11-01 20:00:00,16618,ΚΑΘΑΡΕΣ ΕΙΣΑΓΩΓΕΣ (ΕΙΣΑΓΩΓΕΣ-ΕΞΑΓΩΓΕΣ),0.1314029067101039
2021-11-01 20:00:00,9640,ΛΙΓΝΙΤΗΣ,0.0762260212230955
2021-11-01 20:00:00,126466,ΣΥΝΟΛΟ,1.0
2021-11-01 20:00:00,4266,ΥΔΡΟΗΛΕΚΤΡΙΚΑ,0.0337323865703034
2021-11-02 20:00:00,64517,ΑΕΡΙΟ,0.5678913456798818
2021-11-02 20:00:00,11340,ΑΙΟΛΙΚΑ,0.0998169143018097
2021-11-02 20:00:00,22091,ΚΑΘΑΡΕΣ ΕΙΣΑΓΩΓΕΣ (ΕΙΣΑΓΩΓΕΣ-ΕΞΑΓΩΓΕΣ),0.1944493345539046
2021-11-02 20:00:00,9898,ΛΙΓΝΙΤΗΣ,0.0871241461868882
2021-11-02 20:00:00,113608,ΣΥΝΟΛΟ,1.0
2021-11-02 20:00:00,5762,ΥΔΡΟΗΛΕΚΤΡΙΚΑ,0.0507182592775156
2021-11-03 20:00:00,56954,ΑΕΡΙΟ,0.5058081705150977
2021-11-03 20:00:00,18504,ΑΙΟΛΙΚΑ,0.1643339253996447
2021-11-03 20:00:00,23732,ΚΑΘΑΡΕΣ ΕΙΣΑΓΩΓΕΣ (ΕΙΣΑΓΩΓΕΣ-ΕΞΑΓΩΓΕΣ),0.2107637655417406
2021-11-03 20:00:00,9344,ΛΙΓΝΙΤΗΣ,0.0829840142095914
2021-11-03 20:00:00,112600,ΣΥΝΟΛΟ,1.0
2021-11-03 20:00:00,4066,ΥΔΡΟΗΛΕΚΤΡΙΚΑ,0.0361101243339254
2021-11-04 20:00:00,59712,ΑΕΡΙΟ,0.5172512365623998
2021-11-04 20:00:00,15348,ΑΙΟΛΙΚΑ,0.1329510312627229
2021-11-04 20:00:00,23900,ΚΑΘΑΡΕΣ ΕΙΣΑΓΩΓΕΣ (ΕΙΣΑΓΩΓΕΣ-ΕΞΑΓΩΓΕΣ),0.2070321636160463
2021-11-04 20:00:00,9735,ΛΙΓΝΙΤΗΣ,0.0843287913306364
2021-11-04 20:00:00,115441,ΣΥΝΟΛΟ,1.0
2021-11-04 20:00:00,6746,ΥΔΡΟΗΛΕΚΤΡΙΚΑ,0.0584367772281944
2021-11-05 20:00:00,51422,ΑΕΡΙΟ,0.4692644643183062
2021-11-05 20:00:00,9811,ΑΙΟΛΙΚΑ,0.0895327614528198
2021-11-05 20:00:00,38744,ΚΑΘΑΡΕΣ ΕΙΣΑΓΩΓΕΣ (ΕΙΣΑΓΩΓΕΣ-ΕΞΑΓΩΓΕΣ),0.3535681693739733
2021-11-05 20:00:00,5274,ΛΙΓΝΙΤΗΣ,0.0481292206607045
2021-11-05 20:00:00,109580,ΣΥΝΟΛΟ,1.0
2021-11-05 20:00:00,4329,ΥΔΡΟΗΛΕΚΤΡΙΚΑ,0.039505384194196
2021-11-06 20:00:00,34369,ΑΕΡΙΟ,0.3431101438568819
2021-11-06 20:00:00,32856,ΑΙΟΛΙΚΑ,0.3280056704169953
2021-11-06 20:00:00,22206,ΚΑΘΑΡΕΣ ΕΙΣΑΓΩΓΕΣ (ΕΙΣΑΓΩΓΕΣ-ΕΞΑΓΩΓΕΣ),0.2216853517555331
2021-11-06 20:00:00,4740,ΛΙΓΝΙΤΗΣ,0.0473200291507352
2021-11-06 20:00:00,100169,ΣΥΝΟΛΟ,1.0
2021-11-06 20:00:00,5998,ΥΔΡΟΗΛΕΚΤΡΙΚΑ,0.0598788048198544
2021-11-07 19:00:00,68224,ΑΕΡΙΟ,0.6037201564518698
2021-11-07 19:00:00,5202,ΑΙΟΛΙΚΑ,0.0460329540024423
2021-11-07 19:00:00,23644,ΚΑΘΑΡΕΣ ΕΙΣΑΓΩΓΕΣ (ΕΙΣΑΓΩΓΕΣ-ΕΞΑΓΩΓΕΣ),0.2092278286108702
2021-11-07 19:00:00,6629,ΛΙΓΝΙΤΗΣ,0.0586606020919243
2021-11-07 19:00:00,113006,ΣΥΝΟΛΟ,1.0
2021-11-07 19:00:00,9307,ΥΔΡΟΗΛΕΚΤΡΙΚΑ,0.0823584588428932
2021-11-08 19:00:00,66485,ΑΕΡΙΟ,0.552031352491344
2021-11-08 19:00:00,14781,ΑΙΟΛΙΚΑ,0.1227280652955487
2021-11-08 19:00:00,21363,ΚΑΘΑΡΕΣ ΕΙΣΑΓΩΓΕΣ (ΕΙΣΑΓΩΓΕΣ-ΕΞΑΓΩΓΕΣ),0.1773790446457484
2021-11-08 19:00:00,8261,ΛΙΓΝΙΤΗΣ,0.0685918779112731
2021-11-08 19:00:00,120437,ΣΥΝΟΛΟ,1.0
2021-11-08 19:00:00,9547,ΥΔΡΟΗΛΕΚΤΡΙΚΑ,0.0792696596560857
2021-11-09 19:00:00,54528,ΑΕΡΙΟ,0.4535458220351671
2021-11-09 19:00:00,63284,ΑΙΟΛΙΚΑ,0.5263753264684844
2021-11-09 19:00:00,-12761,ΚΑΘΑΡΕΣ ΕΙΣΑΓΩΓΕΣ (ΕΙΣΑΓΩΓΕΣ-ΕΞΑΓΩΓΕΣ),-0.1061417663400595
2021-11-09 19:00:00,8032,ΛΙΓΝΙΤΗΣ,0.0668075125180909
2021-11-09 19:00:00,120226,ΣΥΝΟΛΟ,1.0
2021-11-09 19:00:00,7143,ΥΔΡΟΗΛΕΚΤΡΙΚΑ,0.0594131053183171
2021-11-10 19:00:00,50034,ΑΕΡΙΟ,0.4149031444871965
2021-11-10 19:00:00,53141,ΑΙΟΛΙΚΑ,0.4406677059838131
2021-11-10 19:00:00,4568,ΚΑΘΑΡΕΣ ΕΙΣΑΓΩΓΕΣ (ΕΙΣΑΓΩΓΕΣ-ΕΞΑΓΩΓΕΣ),0.0378797930210959
2021-11-10 19:00:00,6406,ΛΙΓΝΙΤΗΣ,0.0531212684091813
2021-11-10 19:00:00,120592,ΣΥΝΟΛΟ,1.0
2021-11-10 19:00:00,6443,ΥΔΡΟΗΛΕΚΤΡΙΚΑ,0.053428088098713
2021-11-11 19:00:00,69284,ΑΕΡΙΟ,0.5826052589534229
2021-11-11 19:00:00,22733,ΑΙΟΛΙΚΑ,0.1911605183272929
2021-11-11 19:00:00,13941,ΚΑΘΑΡΕΣ ΕΙΣΑΓΩΓΕΣ (ΕΙΣΑΓΩΓΕΣ-ΕΞΑΓΩΓΕΣ),0.1172290848546514
2021-11-11 19:00:00,6073,ΛΙΓΝΙΤΗΣ,0.0510675154093894
2021-11-11 19:00:00,118921,ΣΥΝΟΛΟ,1.0
2021-11-11 19:00:00,6890,ΥΔΡΟΗΛΕΚΤΡΙΚΑ,0.0579376224552434
2021-11-12 19:00:00,67739,ΑΕΡΙΟ,0.5766689935811213
2021-11-12 19:00:00,2735,ΑΙΟΛΙΚΑ,0.0232833330495632
2021-11-12 19:00:00,33837,ΚΑΘΑΡΕΣ ΕΙΣΑΓΩΓΕΣ (ΕΙΣΑΓΩΓΕΣ-ΕΞΑΓΩΓΕΣ),0.2880578209864982
2021-11-12 19:00:00,7634,ΛΙΓΝΙΤΗΣ,0.0649890180988541
2021-11-12 19:00:00,117466,ΣΥΝΟΛΟ,1.0
2021-11-12 19:00:00,5521,ΥΔΡΟΗΛΕΚΤΡΙΚΑ,0.047000834283963
2021-11-13 19:00:00,63488,ΑΕΡΙΟ,0.5392174348782497
2021-11-13 19:00:00,3338,ΑΙΟΛΙΚΑ,0.0283503622357547
2021-11-13 19:00:00,36377,ΚΑΘΑΡΕΣ ΕΙΣΑΓΩΓΕΣ (ΕΙΣΑΓΩΓΕΣ-ΕΞΑΓΩΓΕΣ),0.3089577971989366
2021-11-13 19:00:00,7573,ΛΙΓΝΙΤΗΣ,0.0643191411657791
2021-11-13 19:00:00,117741,ΣΥΝΟΛΟ,1.0
2021-11-13 19:00:00,6965,ΥΔΡΟΗΛΕΚΤΡΙΚΑ,0.0591552645212797
2021-11-14 19:00:00,64556,ΑΕΡΙΟ,0.5016240073352293
2021-11-14 19:00:00,32905,ΑΙΟΛΙΚΑ,0.2556840256733025
2021-11-14 19:00:00,11044,ΚΑΘΑΡΕΣ ΕΙΣΑΓΩΓΕΣ (ΕΙΣΑΓΩΓΕΣ-ΕΞΑΓΩΓΕΣ),0.0858159665563274
2021-11-14 19:00:00,7573,ΛΙΓΝΙΤΗΣ,0.0588450121994809
2021-11-14 19:00:00,128694,ΣΥΝΟΛΟ,1.0
2021-11-14 19:00:00,12616,ΥΔΡΟΗΛΕΚΤΡΙΚΑ,0.0980309882356597
2021-11-15 19:00:00,63642,ΑΕΡΙΟ,0.4910534478368556
2021-11-15 19:00:00,57465,ΑΙΟΛΙΚΑ,0.4433925140621745
2021-11-15 19:00:00,-6413,ΚΑΘΑΡΕΣ ΕΙΣΑΓΩΓΕΣ (ΕΙΣΑΓΩΓΕΣ-ΕΞΑΓΩΓΕΣ),-0.0494818792774858
2021-11-15 19:00:00,4109,ΛΙΓΝΙΤΗΣ,0.031704513012816
2021-11-15 19:00:00,129603,ΣΥΝΟΛΟ,1.0
2021-11-15 19:00:00,10800,ΥΔΡΟΗΛΕΚΤΡΙΚΑ,0.0833314043656396
2021-11-16 19:00:00,71552,ΑΕΡΙΟ,0.5269545749130973
2021-11-16 19:00:00,21514,ΑΙΟΛΙΚΑ,0.158442820950922
2021-11-16 19:00:00,11616,ΚΑΘΑΡΕΣ ΕΙΣΑΓΩΓΕΣ (ΕΙΣΑΓΩΓΕΣ-ΕΞΑΓΩΓΕΣ),0.085547634478289
2021-11-16 19:00:00,10789,ΛΙΓΝΙΤΗΣ,0.0794570788900017
2021-11-16 19:00:00,135784,ΣΥΝΟΛΟ,1.0
2021-11-16 19:00:00,20313,ΥΔΡΟΗΛΕΚΤΡΙΚΑ,0.1495978907676898
2021-11-17 19:00:00,76349,ΑΕΡΙΟ,0.5798687588291587
2021-11-17 19:00:00,4051,ΑΙΟΛΙΚΑ,0.0307672443911108
2021-11-17 19:00:00,19618,ΚΑΘΑΡΕΣ ΕΙΣΑΓΩΓΕΣ (ΕΙΣΑΓΩΓΕΣ-ΕΞΑΓΩΓΕΣ),0.1489982227758115
2021-11-17 19:00:00,17660,ΛΙΓΝΙΤΗΣ,0.1341272614038552
2021-11-17 19:00:00,131666,ΣΥΝΟΛΟ,1.0
2021-11-17 19:00:00,13988,ΥΔΡΟΗΛΕΚΤΡΙΚΑ,0.1062385126000638
2021-11-18 19:00:00,68833,ΑΕΡΙΟ,0.518832583346524
2021-11-18 19:00:00,24433,ΑΙΟΛΙΚΑ,0.1841651026238232
2021-11-18 19:00:00,11969,ΚΑΘΑΡΕΣ ΕΙΣΑΓΩΓΕΣ (ΕΙΣΑΓΩΓΕΣ-ΕΞΑΓΩΓΕΣ),0.0902170062335587
2021-11-18 19:00:00,20571,ΛΙΓΝΙΤΗΣ,0.1550550618456459
2021-11-18 19:00:00,132669,ΣΥΝΟΛΟ,1.0
2021-11-18 19:00:00,6863,ΥΔΡΟΗΛΕΚΤΡΙΚΑ,0.0517302459504481
2021-11-19 19:00:00,48837,ΑΕΡΙΟ,0.4166552912671057
2021-11-19 19:00:00,39926,ΑΙΟΛΙΚΑ,0.3406306521516568
2021-11-19 19:00:00,2531,ΚΑΘΑΡΕΣ ΕΙΣΑΓΩΓΕΣ (ΕΙΣΑΓΩΓΕΣ-ΕΞΑΓΩΓΕΣ),0.0215933522164966
2021-11-19 19:00:00,20712,ΛΙΓΝΙΤΗΣ,0.1767054567791693
2021-11-19 19:00:00,117212,ΣΥΝΟΛΟ,1.0
2021-11-19 19:00:00,5206,ΥΔΡΟΗΛΕΚΤΡΙΚΑ,0.0444152475855714
2021-11-20 19:00:00,60215,ΑΕΡΙΟ,0.5618485999272205
2021-11-20 19:00:00,19747,ΑΙΟΛΙΚΑ,0.1842534966829332
2021-11-20 19:00:00,8050,ΚΑΘΑΡΕΣ ΕΙΣΑΓΩΓΕΣ (ΕΙΣΑΓΩΓΕΣ-ΕΞΑΓΩΓΕΣ),0.0751122017672361
2021-11-20 19:00:00,14724,ΛΙΓΝΙΤΗΣ,0.1373853489218366
2021-11-20 19:00:00,107173,ΣΥΝΟΛΟ,1.0
2021-11-20 19:00:00,4437,ΥΔΡΟΗΛΕΚΤΡΙΚΑ,0.0414003527007735
2021-11-21 19:00:00,75693,ΑΕΡΙΟ,0.5811362763915547
2021-11-21 19:00:00,26464,ΑΙΟΛΙΚΑ,0.2031785028790786
2021-11-21 19:00:00,2182,ΚΑΘΑΡΕΣ ΕΙΣΑΓΩΓΕΣ (ΕΙΣΑΓΩΓΕΣ-ΕΞΑΓΩΓΕΣ),0.0167523992322456
2021-11-21 19:00:00,14784,ΛΙΓΝΙΤΗΣ,0.1135047984644913
2021-11-21 19:00:00,130250,ΣΥΝΟΛΟ,1.0
2021-11-21 19:00:00,11127,ΥΔΡΟΗΛΕΚΤΡΙΚΑ,0.0854280230326295
2021-11-22 19:00:00,80923,ΑΕΡΙΟ,0.6019488972365827
2021-11-22 19:00:00,19581,ΑΙΟΛΙΚΑ,0.1456540335478112
2021-11-22 19:00:00,9034,ΚΑΘΑΡΕΣ ΕΙΣΑΓΩΓΕΣ (ΕΙΣΑΓΩΓΕΣ-ΕΞΑΓΩΓΕΣ),0.0671997619667497
2021-11-22 19:00:00,14647,ΛΙΓΝΙΤΗΣ,0.10895228177186
2021-11-22 19:00:00,134435,ΣΥΝΟΛΟ,1.0
2021-11-22 19:00:00,10250,ΥΔΡΟΗΛΕΚΤΡΙΚΑ,0.0762450254769963
2021-11-23 19:00:00,79596,ΑΕΡΙΟ,0.5868007431217009
2021-11-23 19:00:00,45998,ΑΙΟΛΙΚΑ,0.3391082539588924
2021-11-23 19:00:00,-13359,ΚΑΘΑΡΕΣ ΕΙΣΑΓΩΓΕΣ (ΕΙΣΑΓΩΓΕΣ-ΕΞΑΓΩΓΕΣ),-0.0984857420895874
2021-11-23 19:00:00,15019,ΛΙΓΝΙΤΗΣ,0.1107236589897083
2021-11-23 19:00:00,135644,ΣΥΝΟΛΟ,1.0
2021-11-23 19:00:00,8390,ΥΔΡΟΗΛΕΚΤΡΙΚΑ,0.0618530860192857
2021-11-24 19:00:00,86534,ΑΕΡΙΟ,0.6426205646898068
2021-11-24 19:00:00,28635,ΑΙΟΛΙΚΑ,0.2126498239985741
2021-11-24 19:00:00,-937,ΚΑΘΑΡΕΣ ΕΙΣΑΓΩΓΕΣ (ΕΙΣΑΓΩΓΕΣ-ΕΞΑΓΩΓΕΣ),-0.0069583686078807
2021-11-24 19:00:00,12379,ΛΙΓΝΙΤΗΣ,0.0919291835613183
2021-11-24 19:00:00,134658,ΣΥΝΟΛΟ,1.0
2021-11-24 19:00:00,8047,ΥΔΡΟΗΛΕΚΤΡΙΚΑ,0.0597587963581814
2021-11-25 19:00:00,80010,ΑΕΡΙΟ,0.5687779910428663
2021-11-25 19:00:00,39469,ΑΙΟΛΙΚΑ,0.2805786592734769
2021-11-25 19:00:00,7039,ΚΑΘΑΡΕΣ ΕΙΣΑΓΩΓΕΣ (ΕΙΣΑΓΩΓΕΣ-ΕΞΑΓΩΓΕΣ),0.0500390985995592
2021-11-25 19:00:00,8498,ΛΙΓΝΙΤΗΣ,0.0604108907371863
2021-11-25 19:00:00,140670,ΣΥΝΟΛΟ,1.0
2021-11-25 19:00:00,5654,ΥΔΡΟΗΛΕΚΤΡΙΚΑ,0.0401933603469112
2021-11-26 19:00:00,62915,ΑΕΡΙΟ,0.5096436585148523
2021-11-26 19:00:00,45518,ΑΙΟΛΙΚΑ,0.3687190661730755
2021-11-26 19:00:00,78,ΚΑΘΑΡΕΣ ΕΙΣΑΓΩΓΕΣ (ΕΙΣΑΓΩΓΕΣ-ΕΞΑΓΩΓΕΣ),0.0006318398690957
2021-11-26 19:00:00,8313,ΛΙΓΝΙΤΗΣ,0.0673395491255498
2021-11-26 19:00:00,123449,ΣΥΝΟΛΟ,1.0
2021-11-26 19:00:00,6625,ΥΔΡΟΗΛΕΚΤΡΙΚΑ,0.0536658863174266
2021-11-27 19:00:00,42701,ΑΕΡΙΟ,0.3860884818126746
2021-11-27 19:00:00,55831,ΑΙΟΛΙΚΑ,0.5048056492373348
2021-11-27 19:00:00,-680,ΚΑΘΑΡΕΣ ΕΙΣΑΓΩΓΕΣ (ΕΙΣΑΓΩΓΕΣ-ΕΞΑΓΩΓΕΣ),-0.0061483376884058
2021-11-27 19:00:00,8631,ΛΙΓΝΙΤΗΣ,0.0780386802773985
2021-11-27 19:00:00,110599,ΣΥΝΟΛΟ,1.0
2021-11-27 19:00:00,4116,ΥΔΡΟΗΛΕΚΤΡΙΚΑ,0.0372155263609978
2021-11-28 19:00:00,60038,ΑΕΡΙΟ,0.4920340927716767
2021-11-28 19:00:00,62043,ΑΙΟΛΙΚΑ,0.5084658252745452
2021-11-28 19:00:00,-16027,ΚΑΘΑΡΕΣ ΕΙΣΑΓΩΓΕΣ (ΕΙΣΑΓΩΓΕΣ-ΕΞΑΓΩΓΕΣ),-0.1313473201114571
2021-11-28 19:00:00,8556,ΛΙΓΝΙΤΗΣ,0.0701196525159809
2021-11-28 19:00:00,122020,ΣΥΝΟΛΟ,1.0
2021-11-28 19:00:00,7410,ΥΔΡΟΗΛΕΚΤΡΙΚΑ,0.0607277495492542
2021-11-29 19:00:00,63099,ΑΕΡΙΟ,0.4924646254946187
2021-11-29 19:00:00,50929,ΑΙΟΛΙΚΑ,0.3974822249451724
2021-11-29 19:00:00,-5884,ΚΑΘΑΡΕΣ ΕΙΣΑΓΩΓΕΣ (ΕΙΣΑΓΩΓΕΣ-ΕΞΑΓΩΓΕΣ),-0.0459224687619508
2021-11-29 19:00:00,8725,ΛΙΓΝΙΤΗΣ,0.0680954350693441
2021-11-29 19:00:00,128129,ΣΥΝΟΛΟ,1.0
2021-11-29 19:00:00,11260,ΥΔΡΟΗΛΕΚΤΡΙΚΑ,0.0878801832528155
2021-11-30 19:00:00,71749,ΑΕΡΙΟ,0.5594158603429052
2021-11-30 19:00:00,25186,ΑΙΟΛΙΚΑ,0.1963713481525374
2021-11-30 19:00:00,10971,ΚΑΘΑΡΕΣ ΕΙΣΑΓΩΓΕΣ (ΕΙΣΑΓΩΓΕΣ-ΕΞΑΓΩΓΕΣ),0.0855391908433847
2021-11-30 19:00:00,8181,ΛΙΓΝΙΤΗΣ,0.0637859921875609
2021-11-30 19:00:00,128257,ΣΥΝΟΛΟ,1.0
2021-11-30 19:00:00,12170,ΥΔΡΟΗΛΕΚΤΡΙΚΑ,0.0948876084736115
2021-12-01 19:00:00,70436,ΑΕΡΙΟ,0.5378887964016525
2021-12-01 19:00:00,38452,ΑΙΟΛΙΚΑ,0.2936410358231067
2021-12-01 19:00:00,-2030,ΚΑΘΑΡΕΣ ΕΙΣΑΓΩΓΕΣ (ΕΙΣΑΓΩΓΕΣ-ΕΞΑΓΩΓΕΣ),-0.0155022184209119
2021-12-01 19:00:00,8625,ΛΙΓΝΙΤΗΣ,0.0658653368868796
2021-12-01 19:00:00,130949,ΣΥΝΟΛΟ,1.0
2021-12-01 19:00:00,15466,ΥΔΡΟΗΛΕΚΤΡΙΚΑ,0.118107049309273
2021-12-02 19:00:00,64649,ΑΕΡΙΟ,0.4906498079871283
2021-12-02 19:00:00,57428,ΑΙΟΛΙΚΑ,0.4358464504181782
2021-12-02 19:00:00,-12872,ΚΑΘΑΡΕΣ ΕΙΣΑΓΩΓΕΣ (ΕΙΣΑΓΩΓΕΣ-ΕΞΑΓΩΓΕΣ),-0.0976912918747438
2021-12-02 19:00:00,8941,ΛΙΓΝΙΤΗΣ,0.0678571970674397
2021-12-02 19:00:00,131762,ΣΥΝΟΛΟ,1.0
2021-12-02 19:00:00,13616,ΥΔΡΟΗΛΕΚΤΡΙΚΑ,0.1033378364019975
2021-12-03 19:00:00,72236,ΑΕΡΙΟ,0.5637007787991822
2021-12-03 19:00:00,17744,ΑΙΟΛΙΚΑ,0.1384670610085371
2021-12-03 19:00:00,11668,ΚΑΘΑΡΕΣ ΕΙΣΑΓΩΓΕΣ (ΕΙΣΑΓΩΓΕΣ-ΕΞΑΓΩΓΕΣ),0.0910523933638193
2021-12-03 19:00:00,9040,ΛΙΓΝΙΤΗΣ,0.0705445351396063
2021-12-03 19:00:00,128146,ΣΥΝΟΛΟ,1.0
2021-12-03 19:00:00,17458,ΥΔΡΟΗΛΕΚΤΡΙΚΑ,0.1362352316888549
2021-12-04 19:00:00,62170,ΑΕΡΙΟ,0.5470784934882084
2021-12-04 19:00:00,24531,ΑΙΟΛΙΚΑ,0.2158658922914466
2021-12-04 19:00:00,5120,ΚΑΘΑΡΕΣ ΕΙΣΑΓΩΓΕΣ (ΕΙΣΑΓΩΓΕΣ-ΕΞΑΓΩΓΕΣ),0.0450545582541358
2021-12-04 19:00:00,8798,ΛΙΓΝΙΤΗΣ,0.077419922562478
2021-12-04 19:00:00,113640,ΣΥΝΟΛΟ,1.0
2021-12-04 19:00:00,13021,ΥΔΡΟΗΛΕΚΤΡΙΚΑ,0.114581133403731
2021-12-05 19:00:00,64096,ΑΕΡΙΟ,0.506711780795927
2021-12-05 19:00:00,59181,ΑΙΟΛΙΚΑ,0.4678561829019558
2021-12-05 19:00:00,-19014,ΚΑΘΑΡΕΣ ΕΙΣΑΓΩΓΕΣ (ΕΙΣΑΓΩΓΕΣ-ΕΞΑΓΩΓΕΣ),-0.1503154299808686
2021-12-05 19:00:00,8922,ΛΙΓΝΙΤΗΣ,0.0705329897070216
2021-12-05 19:00:00,126494,ΣΥΝΟΛΟ,1.0
2021-12-05 19:00:00,13309,ΥΔΡΟΗΛΕΚΤΡΙΚΑ,0.105214476575964
2021-12-06 19:00:00,66636,ΑΕΡΙΟ,0.4824570294965175
2021-12-06 19:00:00,34379,ΑΙΟΛΙΚΑ,0.2489103520178398
2021-12-06 19:00:00,1960,ΚΑΘΑΡΕΣ ΕΙΣΑΓΩΓΕΣ (ΕΙΣΑΓΩΓΕΣ-ΕΞΑΓΩΓΕΣ),0.0141907644188302
2021-12-06 19:00:00,11927,ΛΙΓΝΙΤΗΣ,0.0863536975629534
2021-12-06 19:00:00,138118,ΣΥΝΟΛΟ,1.0
2021-12-06 19:00:00,23216,ΥΔΡΟΗΛΕΚΤΡΙΚΑ,0.168088156503859
2021-12-07 19:00:00,66025,ΑΕΡΙΟ,0.5015344180605563
2021-12-07 19:00:00,28719,ΑΙΟΛΙΚΑ,0.2181532291144433
2021-12-07 19:00:00,4904,ΚΑΘΑΡΕΣ ΕΙΣΑΓΩΓΕΣ (ΕΙΣΑΓΩΓΕΣ-ΕΞΑΓΩΓΕΣ),0.0372514166780608
2021-12-07 19:00:00,14731,ΛΙΓΝΙΤΗΣ,0.111898576485423
2021-12-07 19:00:00,131646,ΣΥΝΟΛΟ,1.0
2021-12-07 19:00:00,17267,ΥΔΡΟΗΛΕΚΤΡΙΚΑ,0.1311623596615165
2021-12-08 19:00:00,65863,ΑΕΡΙΟ,0.496281449443536
2021-12-08 19:00:00,51505,ΑΙΟΛΙΚΑ,0.3880931031624633
2021-12-08 19:00:00,-22302,ΚΑΘΑΡΕΣ ΕΙΣΑΓΩΓΕΣ (ΕΙΣΑΓΩΓΕΣ-ΕΞΑΓΩΓΕΣ),-0.168046837913392
2021-12-08 19:00:00,14534,ΛΙΓΝΙΤΗΣ,0.1095145162870253
2021-12-08 19:00:00,132713,ΣΥΝΟΛΟ,1.0
2021-12-08 19:00:00,23113,ΥΔΡΟΗΛΕΚΤΡΙΚΑ,0.1741577690203672
2021-12-09 19:00:00,65490,ΑΕΡΙΟ,0.4844579899690787
2021-12-09 19:00:00,55047,ΑΙΟΛΙΚΑ,0.4072065807577932
2021-12-09 19:00:00,-20212,ΚΑΘΑΡΕΣ ΕΙΣΑΓΩΓΕΣ (ΕΙΣΑΓΩΓΕΣ-ΕΞΑΓΩΓΕΣ),-0.1495169475225991
2021-12-09 19:00:00,9207,ΛΙΓΝΙΤΗΣ,0.0681081800831471
2021-12-09 19:00:00,135182,ΣΥΝΟΛΟ,1.0
2021-12-09 19:00:00,25650,ΥΔΡΟΗΛΕΚΤΡΙΚΑ,0.18974419671258
2021-12-10 19:00:00,52796,ΑΕΡΙΟ,0.3856002454005653
2021-12-10 19:00:00,56070,ΑΙΟΛΙΚΑ,0.4095121933405882
2021-12-10 19:00:00,-9806,ΚΑΘΑΡΕΣ ΕΙΣΑΓΩΓΕΣ (ΕΙΣΑΓΩΓΕΣ-ΕΞΑΓΩΓΕΣ),-0.0716189864080222
2021-12-10 19:00:00,8496,ΛΙΓΝΙΤΗΣ,0.0620512857967119
2021-12-10 19:00:00,136919,ΣΥΝΟΛΟ,1.0
2021-12-10 19:00:00,29363,ΥΔΡΟΗΛΕΚΤΡΙΚΑ,0.2144552618701568
2021-12-11 19:00:00,40894,ΑΕΡΙΟ,0.3372005772005772
2021-12-11 19:00:00,37741,ΑΙΟΛΙΚΑ,0.3112018140589569
2021-12-11 19:00:00,3888,ΚΑΘΑΡΕΣ ΕΙΣΑΓΩΓΕΣ (ΕΙΣΑΓΩΓΕΣ-ΕΞΑΓΩΓΕΣ),0.0320593692022263
2021-12-11 19:00:00,11250,ΛΙΓΝΙΤΗΣ,0.0927643784786641
2021-12-11 19:00:00,121275,ΣΥΝΟΛΟ,1.0
2021-12-11 19:00:00,27502,ΥΔΡΟΗΛΕΚΤΡΙΚΑ,0.2267738610595753
2021-12-12 19:00:00,74440,ΑΕΡΙΟ,0.5157732094479897
2021-12-12 19:00:00,25888,ΑΙΟΛΙΚΑ,0.1793704573641799
2021-12-12 19:00:00,-4296,ΚΑΘΑΡΕΣ ΕΙΣΑΓΩΓΕΣ (ΕΙΣΑΓΩΓΕΣ-ΕΞΑΓΩΓΕΣ),-0.0297657402980731
2021-12-12 19:00:00,13951,ΛΙΓΝΙΤΗΣ,0.096662440153263
2021-12-12 19:00:00,144327,ΣΥΝΟΛΟ,1.0
2021-12-12 19:00:00,34344,ΥΔΡΟΗΛΕΚΤΡΙΚΑ,0.2379596333326404
2021-12-13 19:00:00,83047,ΑΕΡΙΟ,0.5498526831529116
2021-12-13 19:00:00,32739,ΑΙΟΛΙΚΑ,0.2167643261495679
2021-12-13 19:00:00,-24724,ΚΑΘΑΡΕΣ ΕΙΣΑΓΩΓΕΣ (ΕΙΣΑΓΩΓΕΣ-ΕΞΑΓΩΓΕΣ),-0.1636971562882775
2021-12-13 19:00:00,17839,ΛΙΓΝΙΤΗΣ,0.1181116959645115
2021-12-13 19:00:00,151035,ΣΥΝΟΛΟ,1.0
2021-12-13 19:00:00,42134,ΥΔΡΟΗΛΕΚΤΡΙΚΑ,0.2789684510212865
2021-12-14 19:00:00,75725,ΑΕΡΙΟ,0.514432646517347
2021-12-14 19:00:00,40321,ΑΙΟΛΙΚΑ,0.2739179761007058
2021-12-14 19:00:00,-29928,ΚΑΘΑΡΕΣ ΕΙΣΑΓΩΓΕΣ (ΕΙΣΑΓΩΓΕΣ-ΕΞΑΓΩΓΕΣ),-0.2033138361831781
2021-12-14 19:00:00,20923,ΛΙΓΝΙΤΗΣ,0.142138980034103
2021-12-14 19:00:00,147201,ΣΥΝΟΛΟ,1.0
2021-12-14 19:00:00,40160,ΥΔΡΟΗΛΕΚΤΡΙΚΑ,0.2728242335310222
2021-12-15 19:00:00,77712,ΑΕΡΙΟ,0.5364331667448988
2021-12-15 19:00:00,22607,ΑΙΟΛΙΚΑ,0.1560524063285197
2021-12-15 19:00:00,-11215,ΚΑΘΑΡΕΣ ΕΙΣΑΓΩΓΕΣ (ΕΙΣΑΓΩΓΕΣ-ΕΞΑΓΩΓΕΣ),-0.0774153022061462
2021-12-15 19:00:00,19471,ΛΙΓΝΙΤΗΣ,0.1344051136206753
2021-12-15 19:00:00,144868,ΣΥΝΟΛΟ,1.0
2021-12-15 19:00:00,36293,ΥΔΡΟΗΛΕΚΤΡΙΚΑ,0.2505246155120523
2021-12-16 19:00:00,81552,ΑΕΡΙΟ,0.5616374204567367
2021-12-16 19:00:00,17549,ΑΙΟΛΙΚΑ,0.12085755213355
2021-12-16 19:00:00,-3750,ΚΑΘΑΡΕΣ ΕΙΣΑΓΩΓΕΣ (ΕΙΣΑΓΩΓΕΣ-ΕΞΑΓΩΓΕΣ),-0.0258257348282416
2021-12-16 19:00:00,19522,ΛΙΓΝΙΤΗΣ,0.1344453320845156
2021-12-16 19:00:00,145204,ΣΥΝΟΛΟ,1.0
2021-12-16 19:00:00,30331,ΥΔΡΟΗΛΕΚΤΡΙΚΑ,0.2088854301534393
2021-12-17 19:00:00,55627,ΑΕΡΙΟ,0.3783480472841538
2021-12-17 19:00:00,50635,ΑΙΟΛΙΚΑ,0.3443948689347462
2021-12-17 19:00:00,-12387,ΚΑΘΑΡΕΣ ΕΙΣΑΓΩΓΕΣ (ΕΙΣΑΓΩΓΕΣ-ΕΞΑΓΩΓΕΣ),-0.0842504046903268
2021-12-17 19:00:00,22763,ΛΙΓΝΙΤΗΣ,0.1548229564838872
2021-12-17 19:00:00,147026,ΣΥΝΟΛΟ,1.0
2021-12-17 19:00:00,30388,ΥΔΡΟΗΛΕΚΤΡΙΚΑ,0.2066845319875396
2021-12-18 19:00:00,61214,ΑΕΡΙΟ,0.4513973895730403
2021-12-18 19:00:00,35907,ΑΙΟΛΙΚΑ,0.2647813583069095
2021-12-18 19:00:00,-11848,ΚΑΘΑΡΕΣ ΕΙΣΑΓΩΓΕΣ (ΕΙΣΑΓΩΓΕΣ-ΕΞΑΓΩΓΕΣ),-0.0873681881867119
2021-12-18 19:00:00,17103,ΛΙΓΝΙΤΗΣ,0.1261190177715507
2021-12-18 19:00:00,135610,ΣΥΝΟΛΟ,1.0
2021-12-18 19:00:00,33234,ΥΔΡΟΗΛΕΚΤΡΙΚΑ,0.2450704225352112
2021-12-19 19:00:00,86845,ΑΕΡΙΟ,0.5869333081019708
2021-12-19 19:00:00,20340,ΑΙΟΛΙΚΑ,0.1374658700765051
2021-12-19 19:00:00,-13755,ΚΑΘΑΡΕΣ ΕΙΣΑΓΩΓΕΣ (ΕΙΣΑΓΩΓΕΣ-ΕΞΑΓΩΓΕΣ),-0.0929618015192884
2021-12-19 19:00:00,21403,ΛΙΓΝΙΤΗΣ,0.1446500500121651
2021-12-19 19:00:00,147964,ΣΥΝΟΛΟ,1.0
2021-12-19 19:00:00,33131,ΥΔΡΟΗΛΕΚΤΡΙΚΑ,0.2239125733286475
2021-12-20 19:00:00,94366,ΑΕΡΙΟ,0.6203922238950212
2021-12-20 19:00:00,23981,ΑΙΟΛΙΚΑ,0.1576587533775565
2021-12-20 19:00:00,-25834,ΚΑΘΑΡΕΣ ΕΙΣΑΓΩΓΕΣ (ΕΙΣΑΓΩΓΕΣ-ΕΞΑΓΩΓΕΣ),-0.1698409672138691
2021-12-20 19:00:00,23855,ΛΙΓΝΙΤΗΣ,0.1568303891339649
2021-12-20 19:00:00,152107,ΣΥΝΟΛΟ,1.0
2021-12-20 19:00:00,35739,ΥΔΡΟΗΛΕΚΤΡΙΚΑ,0.2349596008073264
2021-12-21 19:00:00,103963,ΑΕΡΙΟ,0.662488529771615
2021-12-21 19:00:00,9174,ΑΙΟΛΙΚΑ,0.0584599306688417
2021-12-21 19:00:00,-15932,ΚΑΘΑΡΕΣ ΕΙΣΑΓΩΓΕΣ (ΕΙΣΑΓΩΓΕΣ-ΕΞΑΓΩΓΕΣ),-0.1015242659053833
2021-12-21 19:00:00,24932,ΛΙΓΝΙΤΗΣ,0.1588754078303425
2021-12-21 19:00:00,156928,ΣΥΝΟΛΟ,1.0
2021-12-21 19:00:00,34791,ΥΔΡΟΗΛΕΚΤΡΙΚΑ,0.221700397634584
2021-12-22 19:00:00,88922,ΑΕΡΙΟ,0.6038927523633598
2021-12-22 19:00:00,16152,ΑΙΟΛΙΚΑ,0.1096924915788329
2021-12-22 19:00:00,-13509,ΚΑΘΑΡΕΣ ΕΙΣΑΓΩΓΕΣ (ΕΙΣΑΓΩΓΕΣ-ΕΞΑΓΩΓΕΣ),-0.0917431815712267
2021-12-22 19:00:00,29531,ΛΙΓΝΙΤΗΣ,0.2005528088666739
2021-12-22 19:00:00,147248,ΣΥΝΟΛΟ,1.0
2021-12-22 19:00:00,26152,ΥΔΡΟΗΛΕΚΤΡΙΚΑ,0.1776051287623601
2021-12-23 19:00:00,56376,ΑΕΡΙΟ,0.4080515927301153
2021-12-23 19:00:00,27480,ΑΙΟΛΙΚΑ,0.1989012659327297
2021-12-23 19:00:00,2688,ΚΑΘΑΡΕΣ ΕΙΣΑΓΩΓΕΣ (ΕΙΣΑΓΩΓΕΣ-ΕΞΑΓΩΓΕΣ),0.0194558443532451
2021-12-23 19:00:00,29152,ΛΙΓΝΙΤΗΣ,0.2110032643548375
2021-12-23 19:00:00,138159,ΣΥΝΟΛΟ,1.0
2021-12-23 19:00:00,22463,ΥΔΡΟΗΛΕΚΤΡΙΚΑ,0.1625880326290723
2021-12-24 19:00:00,31546,ΑΕΡΙΟ,0.2689481132879772
2021-12-24 19:00:00,37516,ΑΙΟΛΙΚΑ,0.3198458574181118
2021-12-24 19:00:00,5129,ΚΑΘΑΡΕΣ ΕΙΣΑΓΩΓΕΣ (ΕΙΣΑΓΩΓΕΣ-ΕΞΑΓΩΓΕΣ),0.0437277269084522
2021-12-24 19:00:00,21120,ΛΙΓΝΙΤΗΣ,0.1800603611437925
2021-12-24 19:00:00,117294,ΣΥΝΟΛΟ,1.0
2021-12-24 19:00:00,21983,ΥΔΡΟΗΛΕΚΤΡΙΚΑ,0.1874179412416662
2021-12-25 19:00:00,31430,ΑΕΡΙΟ,0.2747329592139997
2021-12-25 19:00:00,47073,ΑΙΟΛΙΚΑ,0.4114700791944197
2021-12-25 19:00:00,-594,ΚΑΘΑΡΕΣ ΕΙΣΑΓΩΓΕΣ (ΕΙΣΑΓΩΓΕΣ-ΕΞΑΓΩΓΕΣ),-0.0051922169192846
2021-12-25 19:00:00,14397,ΛΙΓΝΙΤΗΣ,0.1258457019982168
2021-12-25 19:00:00,114402,ΣΥΝΟΛΟ,1.0
2021-12-25 19:00:00,21502,ΥΔΡΟΗΛΕΚΤΡΙΚΑ,0.1879512595933637
2021-12-26 19:00:00,41518,ΑΕΡΙΟ,0.3227280853809261
2021-12-26 19:00:00,55463,ΑΙΟΛΙΚΑ,0.4311254829106003
2021-12-26 19:00:00,-5832,ΚΑΘΑΡΕΣ ΕΙΣΑΓΩΓΕΣ (ΕΙΣΑΓΩΓΕΣ-ΕΞΑΓΩΓΕΣ),-0.0453333540618902
2021-12-26 19:00:00,14435,ΛΙΓΝΙΤΗΣ,0.1122062698702651
2021-12-26 19:00:00,128647,ΣΥΝΟΛΟ,1.0
2021-12-26 19:00:00,23063,ΥΔΡΟΗΛΕΚΤΡΙΚΑ,0.1792735159000987
2021-12-27 19:00:00,57670,ΑΕΡΙΟ,0.4259798200647058
2021-12-27 19:00:00,31465,ΑΙΟΛΙΚΑ,0.2324164216808733
2021-12-27 19:00:00,558,ΚΑΘΑΡΕΣ ΕΙΣΑΓΩΓΕΣ (ΕΙΣΑΓΩΓΕΣ-ΕΞΑΓΩΓΕΣ),0.0041216705322716
2021-12-27 19:00:00,15063,ΛΙΓΝΙΤΗΣ,0.1112629448523437
2021-12-27 19:00:00,135382,ΣΥΝΟΛΟ,1.0
2021-12-27 19:00:00,30626,ΥΔΡΟΗΛΕΚΤΡΙΚΑ,0.2262191428698054
2021-12-28 19:00:00,61254,ΑΕΡΙΟ,0.4642529615509962
2021-12-28 19:00:00,10116,ΑΙΟΛΙΚΑ,0.0766706330860005
2021-12-28 19:00:00,14755,ΚΑΘΑΡΕΣ ΕΙΣΑΓΩΓΕΣ (ΕΙΣΑΓΩΓΕΣ-ΕΞΑΓΩΓΕΣ),0.1118302877801441
2021-12-28 19:00:00,15307,ΛΙΓΝΙΤΗΣ,0.116013975943793
2021-12-28 19:00:00,131941,ΣΥΝΟΛΟ,1.0
2021-12-28 19:00:00,30509,ΥΔΡΟΗΛΕΚΤΡΙΚΑ,0.2312321416390659
2021-12-29 19:00:00,29705,ΑΕΡΙΟ,0.2347831585270429
2021-12-29 19:00:00,52051,ΑΙΟΛΙΚΑ,0.4114020597371187
2021-12-29 19:00:00,2933,ΚΑΘΑΡΕΣ ΕΙΣΑΓΩΓΕΣ (ΕΙΣΑΓΩΓΕΣ-ΕΞΑΓΩΓΕΣ),0.0231819223686186
2021-12-29 19:00:00,9468,ΛΙΓΝΙΤΗΣ,0.0748334268619438
2021-12-29 19:00:00,126521,ΣΥΝΟΛΟ,1.0
2021-12-29 19:00:00,32364,ΥΔΡΟΗΛΕΚΤΡΙΚΑ,0.2557994325052758
2021-12-30 19:00:00,28669,ΑΕΡΙΟ,0.2375404959773305
2021-12-30 19:00:00,55642,ΑΙΟΛΙΚΑ,0.4610285771101408
2021-12-30 19:00:00,-2168,ΚΑΘΑΡΕΣ ΕΙΣΑΓΩΓΕΣ (ΕΙΣΑΓΩΓΕΣ-ΕΞΑΓΩΓΕΣ),-0.0179632284097405
2021-12-30 19:00:00,8623,ΛΙΓΝΙΤΗΣ,0.0714469181629119
2021-12-30 19:00:00,120691,ΣΥΝΟΛΟ,1.0
2021-12-30 19:00:00,29925,ΥΔΡΟΗΛΕΚΤΡΙΚΑ,0.2479472371593573
2021-12-31 19:00:00,22621,ΑΕΡΙΟ,0.2181346550693332
2021-12-31 19:00:00,18387,ΑΙΟΛΙΚΑ,0.1773061271720892
2021-12-31 19:00:00,24647,ΚΑΘΑΡΕΣ ΕΙΣΑΓΩΓΕΣ (ΕΙΣΑΓΩΓΕΣ-ΕΞΑΓΩΓΕΣ),0.237671404601647
2021-12-31 19:00:00,8384,ΛΙΓΝΙΤΗΣ,0.0808470424871265
2021-12-31 19:00:00,103702,ΣΥΝΟΛΟ,1.0
2021-12-31 19:00:00,29663,ΥΔΡΟΗΛΕΚΤΡΙΚΑ,0.2860407706698039
2022-01-01 19:00:00,26308,ΑΕΡΙΟ,0.268577787306157
2022-01-01 19:00:00,22758,ΑΙΟΛΙΚΑ,0.2323359162047104
2022-01-01 19:00:00,15681,ΚΑΘΑΡΕΣ ΕΙΣΑΓΩΓΕΣ (ΕΙΣΑΓΩΓΕΣ-ΕΞΑΓΩΓΕΣ),0.1600869804906434
2022-01-01 19:00:00,8813,ΛΙΓΝΙΤΗΣ,0.0899717211315631
2022-01-01 19:00:00,97953,ΣΥΝΟΛΟ,1.0
2022-01-01 19:00:00,24393,ΥΔΡΟΗΛΕΚΤΡΙΚΑ,0.2490275948669259
2022-01-02 19:00:00,32144,ΑΕΡΙΟ,0.2758620689655172
2022-01-02 19:00:00,24613,ΑΙΟΛΙΚΑ,0.2112304972451554
2022-01-02 19:00:00,19980,ΚΑΘΑΡΕΣ ΕΙΣΑΓΩΓΕΣ (ΕΙΣΑΓΩΓΕΣ-ΕΞΑΓΩΓΕΣ),0.1714697653661969
2022-01-02 19:00:00,8626,ΛΙΓΝΙΤΗΣ,0.0740289387411819
2022-01-02 19:00:00,116522,ΣΥΝΟΛΟ,1.0
2022-01-02 19:00:00,31159,ΥΔΡΟΗΛΕΚΤΡΙΚΑ,0.2674087296819484
2022-01-03 19:00:00,48482,ΑΕΡΙΟ,0.3942651746795914
2022-01-03 19:00:00,18878,ΑΙΟΛΙΚΑ,0.1535196148591503
2022-01-03 19:00:00,21704,ΚΑΘΑΡΕΣ ΕΙΣΑΓΩΓΕΣ (ΕΙΣΑΓΩΓΕΣ-ΕΞΑΓΩΓΕΣ),0.1765012035651551
2022-01-03 19:00:00,4329,ΛΙΓΝΙΤΗΣ,0.0352042807884978
2022-01-03 19:00:00,122968,ΣΥΝΟΛΟ,1.0
2022-01-03 19:00:00,29575,ΥΔΡΟΗΛΕΚΤΡΙΚΑ,0.2405097261076052
2022-01-04 19:00:00,35685,ΑΕΡΙΟ,0.2929586483757357
2022-01-04 19:00:00,43001,ΑΙΟΛΙΚΑ,0.3530198917978146
2022-01-04 19:00:00,8981,ΚΑΘΑΡΕΣ ΕΙΣΑΓΩΓΕΣ (ΕΙΣΑΓΩΓΕΣ-ΕΞΑΓΩΓΕΣ),0.0737301841407449
2022-01-04 19:00:00,4064,ΛΙΓΝΙΤΗΣ,0.0333637087571525
2022-01-04 19:00:00,121809,ΣΥΝΟΛΟ,1.0
2022-01-04 19:00:00,30078,ΥΔΡΟΗΛΕΚΤΡΙΚΑ,0.246927566928552
2022-01-05 19:00:00,45046,ΑΕΡΙΟ,0.4081658541889418
2022-01-05 19:00:00,40694,ΑΙΟΛΙΚΑ,0.3687319910838875
2022-01-05 19:00:00,-7792,ΚΑΘΑΡΕΣ ΕΙΣΑΓΩΓΕΣ (ΕΙΣΑΓΩΓΕΣ-ΕΞΑΓΩΓΕΣ),-0.0706040122505935
2022-01-05 19:00:00,5164,ΛΙΓΝΙΤΗΣ,0.0467914680777803
2022-01-05 19:00:00,110362,ΣΥΝΟΛΟ,1.0
2022-01-05 19:00:00,27250,ΥΔΡΟΗΛΕΚΤΡΙΚΑ,0.2469146988999837
2022-01-06 19:00:00,57458,ΑΕΡΙΟ,0.450491983221608
2022-01-06 19:00:00,13715,ΑΙΟΛΙΚΑ,0.1075306754478811
2022-01-06 19:00:00,20880,ΚΑΘΑΡΕΣ ΕΙΣΑΓΩΓΕΣ (ΕΙΣΑΓΩΓΕΣ-ΕΞΑΓΩΓΕΣ),0.1637069269669528
2022-01-06 19:00:00,8541,ΛΙΓΝΙΤΗΣ,0.0669646007291544
2022-01-06 19:00:00,127545,ΣΥΝΟΛΟ,1.0
2022-01-06 19:00:00,26951,ΥΔΡΟΗΛΕΚΤΡΙΚΑ,0.2113058136344035
2022-01-07 19:00:00,49074,ΑΕΡΙΟ,0.3751834862385321
2022-01-07 19:00:00,12294,ΑΙΟΛΙΚΑ,0.0939908256880733
2022-01-07 19:00:00,29511,ΚΑΘΑΡΕΣ ΕΙΣΑΓΩΓΕΣ (ΕΙΣΑΓΩΓΕΣ-ΕΞΑΓΩΓΕΣ),0.2256192660550458
2022-01-07 19:00:00,8508,ΛΙΓΝΙΤΗΣ,0.065045871559633
2022-01-07 19:00:00,130800,ΣΥΝΟΛΟ,1.0
2022-01-07 19:00:00,31413,ΥΔΡΟΗΛΕΚΤΡΙΚΑ,0.2401605504587156
2022-01-08 19:00:00,49459,ΑΕΡΙΟ,0.388807219728474
2022-01-08 19:00:00,6665,ΑΙΟΛΙΚΑ,0.0523949153741539
2022-01-08 19:00:00,29091,ΚΑΘΑΡΕΣ ΕΙΣΑΓΩΓΕΣ (ΕΙΣΑΓΩΓΕΣ-ΕΞΑΓΩΓΕΣ),0.2286902450336852
2022-01-08 19:00:00,8509,ΛΙΓΝΙΤΗΣ,0.0668909729810466
2022-01-08 19:00:00,127207,ΣΥΝΟΛΟ,1.0
2022-01-08 19:00:00,33483,ΥΔΡΟΗΛΕΚΤΡΙΚΑ,0.2632166468826401
2022-01-09 19:00:00,64784,ΑΕΡΙΟ,0.4481305986926296
2022-01-09 19:00:00,16162,ΑΙΟΛΙΚΑ,0.1117974613495659
2022-01-09 19:00:00,23006,ΚΑΘΑΡΕΣ ΕΙΣΑΓΩΓΕΣ (ΕΙΣΑΓΩΓΕΣ-ΕΞΑΓΩΓΕΣ),0.1591394874278006
2022-01-09 19:00:00,8378,ΛΙΓΝΙΤΗΣ,0.0579531698543907
2022-01-09 19:00:00,144565,ΣΥΝΟΛΟ,1.0
2022-01-09 19:00:00,32235,ΥΔΡΟΗΛΕΚΤΡΙΚΑ,0.222979282675613
2022-01-10 19:00:00,58981,ΑΕΡΙΟ,0.3880584248963747
2022-01-10 19:00:00,34248,ΑΙΟΛΙΚΑ,0.2253306138561747
2022-01-10 19:00:00,12682,ΚΑΘΑΡΕΣ ΕΙΣΑΓΩΓΕΣ (ΕΙΣΑΓΩΓΕΣ-ΕΞΑΓΩΓΕΣ),0.0834396999802618
2022-01-10 19:00:00,14735,ΛΙΓΝΙΤΗΣ,0.0969471675768142
2022-01-10 19:00:00,151990,ΣΥΝΟΛΟ,1.0
2022-01-10 19:00:00,31344,ΥΔΡΟΗΛΕΚΤΡΙΚΑ,0.2062240936903743
2022-01-11 19:00:00,53154,ΑΕΡΙΟ,0.3424253356353235
2022-01-11 19:00:00,53084,ΑΙΟΛΙΚΑ,0.3419743860643698
2022-01-11 19:00:00,-1694,ΚΑΘΑΡΕΣ ΕΙΣΑΓΩΓΕΣ (ΕΙΣΑΓΩΓΕΣ-ΕΞΑΓΩΓΕΣ),-0.0109129796170793
2022-01-11 19:00:00,19862,ΛΙΓΝΙΤΗΣ,0.1279537196897467
2022-01-11 19:00:00,155228,ΣΥΝΟΛΟ,1.0
2022-01-11 19:00:00,30822,ΥΔΡΟΗΛΕΚΤΡΙΚΑ,0.1985595382276393
2022-01-12 19:00:00,46517,ΑΕΡΙΟ,0.301557151747744
2022-01-12 19:00:00,50218,ΑΙΟΛΙΚΑ,0.3255497355046157
2022-01-12 19:00:00,3358,ΚΑΘΑΡΕΣ ΕΙΣΑΓΩΓΕΣ (ΕΙΣΑΓΩΓΕΣ-ΕΞΑΓΩΓΕΣ),0.0217690073643812
2022-01-12 19:00:00,26449,ΛΙΓΝΙΤΗΣ,0.1714617259620371
2022-01-12 19:00:00,154256,ΣΥΝΟΛΟ,1.0
2022-01-12 19:00:00,27714,ΥΔΡΟΗΛΕΚΤΡΙΚΑ,0.1796623794212218
2022-01-13 19:00:00,44406,ΑΕΡΙΟ,0.2947411738937084
2022-01-13 19:00:00,25199,ΑΙΟΛΙΚΑ,0.1672562906127
2022-01-13 19:00:00,28438,ΚΑΘΑΡΕΣ ΕΙΣΑΓΩΓΕΣ (ΕΙΣΑΓΩΓΕΣ-ΕΞΑΓΩΓΕΣ),0.1887548867988397
2022-01-13 19:00:00,28428,ΛΙΓΝΙΤΗΣ,0.1886885126210499
2022-01-13 19:00:00,150661,ΣΥΝΟΛΟ,1.0
2022-01-13 19:00:00,24190,ΥΔΡΟΗΛΕΚΤΡΙΚΑ,0.1605591360737019
2022-01-14 19:00:00,39964,ΑΕΡΙΟ,0.2932750168785041
2022-01-14 19:00:00,33835,ΑΙΟΛΙΚΑ,0.2482974726274694
2022-01-14 19:00:00,15854,ΚΑΘΑΡΕΣ ΕΙΣΑΓΩΓΕΣ (ΕΙΣΑΓΩΓΕΣ-ΕΞΑΓΩΓΕΣ),0.1163442627762937
2022-01-14 19:00:00,25625,ΛΙΓΝΙΤΗΣ,0.1880485513840373
2022-01-14 19:00:00,136268,ΣΥΝΟΛΟ,1.0
2022-01-14 19:00:00,20990,ΥΔΡΟΗΛΕΚΤΡΙΚΑ,0.1540346963336953
2022-01-15 19:00:00,43826,ΑΕΡΙΟ,0.3339454574548336
2022-01-15 19:00:00,19268,ΑΙΟΛΙΚΑ,0.1468183515319612
2022-01-15 19:00:00,19939,ΚΑΘΑΡΕΣ ΕΙΣΑΓΩΓΕΣ (ΕΙΣΑΓΩΓΕΣ-ΕΞΑΓΩΓΕΣ),0.1519312389036628
2022-01-15 19:00:00,24934,ΛΙΓΝΙΤΗΣ,0.1899921516035874
2022-01-15 19:00:00,131237,ΣΥΝΟΛΟ,1.0
2022-01-15 19:00:00,23270,ΥΔΡΟΗΛΕΚΤΡΙΚΑ,0.1773128005059548
2022-01-16 19:00:00,55995,ΑΕΡΙΟ,0.3895710856785055
2022-01-16 19:00:00,23834,ΑΙΟΛΙΚΑ,0.1658190419869899
2022-01-16 19:00:00,18195,ΚΑΘΑΡΕΣ ΕΙΣΑΓΩΓΕΣ (ΕΙΣΑΓΩΓΕΣ-ΕΞΑΓΩΓΕΣ),0.1265871221344836
2022-01-16 19:00:00,23611,ΛΙΓΝΙΤΗΣ,0.1642675757470344
2022-01-16 19:00:00,143735,ΣΥΝΟΛΟ,1.0
2022-01-16 19:00:00,22100,ΥΔΡΟΗΛΕΚΤΡΙΚΑ,0.1537551744529864
2022-01-18 19:00:00,60842,ΑΕΡΙΟ,0.4089998521087941
2022-01-18 19:00:00,25456,ΑΙΟΛΙΚΑ,0.1711235698248161
2022-01-18 19:00:00,24075,ΚΑΘΑΡΕΣ ΕΙΣΑΓΩΓΕΣ (ΕΙΣΑΓΩΓΕΣ-ΕΞΑΓΩΓΕΣ),0.1618400354938894
2022-01-18 19:00:00,20532,ΛΙΓΝΙΤΗΣ,0.1380228290243214
2022-01-18 19:00:00,148758,ΣΥΝΟΛΟ,1.0
2022-01-18 19:00:00,17853,ΥΔΡΟΗΛΕΚΤΡΙΚΑ,0.1200137135481789
2022-01-19 19:00:00,51827,ΑΕΡΙΟ,0.3525574308007319
2022-01-19 19:00:00,36571,ΑΙΟΛΙΚΑ,0.2487772358387243
2022-01-19 19:00:00,22696,ΚΑΘΑΡΕΣ ΕΙΣΑΓΩΓΕΣ (ΕΙΣΑΓΩΓΕΣ-ΕΞΑΓΩΓΕΣ),0.1543914069780888
2022-01-19 19:00:00,18925,ΛΙΓΝΙΤΗΣ,0.1287388692747767
2022-01-19 19:00:00,147003,ΣΥΝΟΛΟ,1.0
2022-01-19 19:00:00,16984,ΥΔΡΟΗΛΕΚΤΡΙΚΑ,0.115535057107678
2022-01-20 19:00:00,56885,ΑΕΡΙΟ,0.3814968814968815
2022-01-20 19:00:00,35910,ΑΙΟΛΙΚΑ,0.2408289182482731
2022-01-20 19:00:00,22804,ΚΑΘΑΡΕΣ ΕΙΣΑΓΩΓΕΣ (ΕΙΣΑΓΩΓΕΣ-ΕΞΑΓΩΓΕΣ),0.1529340755147206
2022-01-20 19:00:00,14747,ΛΙΓΝΙΤΗΣ,0.0989001408356247
2022-01-20 19:00:00,149110,ΣΥΝΟΛΟ,1.0
2022-01-20 19:00:00,18764,ΥΔΡΟΗΛΕΚΤΡΙΚΑ,0.1258399839045
2022-01-21 19:00:00,46813,ΑΕΡΙΟ,0.3229908373350996
2022-01-21 19:00:00,38287,ΑΙΟΛΙΚΑ,0.2641648727714301
2022-01-21 19:00:00,30290,ΚΑΘΑΡΕΣ ΕΙΣΑΓΩΓΕΣ (ΕΙΣΑΓΩΓΕΣ-ΕΞΑΓΩΓΕΣ),0.2089887950543688
2022-01-21 19:00:00,13968,ΛΙΓΝΙΤΗΣ,0.0963735717834078
2022-01-21 19:00:00,144936,ΣΥΝΟΛΟ,1.0
2022-01-21 19:00:00,15578,ΥΔΡΟΗΛΕΚΤΡΙΚΑ,0.1074819230556935
2022-01-22 19:00:00,45311,ΑΕΡΙΟ,0.3337974422442244
2022-01-22 19:00:00,35224,ΑΙΟΛΙΚΑ,0.2594884488448845
2022-01-22 19:00:00,27257,ΚΑΘΑΡΕΣ ΕΙΣΑΓΩΓΕΣ (ΕΙΣΑΓΩΓΕΣ-ΕΞΑΓΩΓΕΣ),0.2007970886374351
2022-01-22 19:00:00,14887,ΛΙΓΝΙΤΗΣ,0.1096696723243753
2022-01-22 19:00:00,135744,ΣΥΝΟΛΟ,1.0
2022-01-22 19:00:00,13065,ΥΔΡΟΗΛΕΚΤΡΙΚΑ,0.0962473479490806
2022-01-23 19:00:00,69335,ΑΕΡΙΟ,0.426553550665346
2022-01-23 19:00:00,46270,ΑΙΟΛΙΚΑ,0.2846561302269497
2022-01-23 19:00:00,11505,ΚΑΘΑΡΕΣ ΕΙΣΑΓΩΓΕΣ (ΕΙΣΑΓΩΓΕΣ-ΕΞΑΓΩΓΕΣ),0.0707795283825601
2022-01-23 19:00:00,19137,ΛΙΓΝΙΤΗΣ,0.1177321020997003
2022-01-23 19:00:00,162547,ΣΥΝΟΛΟ,1.0
2022-01-23 19:00:00,16300,ΥΔΡΟΗΛΕΚΤΡΙΚΑ,0.1002786886254437
2022-01-24 19:00:00,81315,ΑΕΡΙΟ,0.5317277637550187
2022-01-24 19:00:00,32874,ΑΙΟΛΙΚΑ,0.2149667159279651
2022-01-24 19:00:00,-7440,ΚΑΘΑΡΕΣ ΕΙΣΑΓΩΓΕΣ (ΕΙΣΑΓΩΓΕΣ-ΕΞΑΓΩΓΕΣ),-0.0486509815204739
2022-01-24 19:00:00,24066,ΛΙΓΝΙΤΗΣ,0.1573702313537266
2022-01-24 19:00:00,152926,ΣΥΝΟΛΟ,1.0
2022-01-24 19:00:00,22111,ΥΔΡΟΗΛΕΚΤΡΙΚΑ,0.1445862704837633
2022-01-25 19:00:00,80654,ΑΕΡΙΟ,0.5195238524664082
2022-01-25 19:00:00,18543,ΑΙΟΛΙΚΑ,0.1194426909550004
2022-01-25 19:00:00,12329,ΚΑΘΑΡΕΣ ΕΙΣΑΓΩΓΕΣ (ΕΙΣΑΓΩΓΕΣ-ΕΞΑΓΩΓΕΣ),0.0794158947734563
2022-01-25 19:00:00,28575,ΛΙΓΝΙΤΗΣ,0.1840627133710369
2022-01-25 19:00:00,155246,ΣΥΝΟΛΟ,1.0
2022-01-25 19:00:00,15145,ΥΔΡΟΗΛΕΚΤΡΙΚΑ,0.0975548484340981
2022-01-26 19:00:00,87671,ΑΕΡΙΟ,0.5368017585001317
2022-01-26 19:00:00,7431,ΑΙΟΛΙΚΑ,0.0454993540328555
2022-01-26 19:00:00,24167,ΚΑΘΑΡΕΣ ΕΙΣΑΓΩΓΕΣ (ΕΙΣΑΓΩΓΕΣ-ΕΞΑΓΩΓΕΣ),0.1479723979157609
2022-01-26 19:00:00,29123,ΛΙΓΝΙΤΗΣ,0.1783175464269751
2022-01-26 19:00:00,163321,ΣΥΝΟΛΟ,1.0
2022-01-26 19:00:00,14929,ΥΔΡΟΗΛΕΚΤΡΙΚΑ,0.0914089431242767
2022-01-27 19:00:00,76785,ΑΕΡΙΟ,0.4958637658135885
2022-01-27 19:00:00,12670,ΑΙΟΛΙΚΑ,0.0818205888240954
2022-01-27 19:00:00,26715,ΚΑΘΑΡΕΣ ΕΙΣΑΓΩΓΕΣ (ΕΙΣΑΓΩΓΕΣ-ΕΞΑΓΩΓΕΣ),0.172520681170932
2022-01-27 19:00:00,25703,ΛΙΓΝΙΤΗΣ,0.1659853665781945
2022-01-27 19:00:00,154851,ΣΥΝΟΛΟ,1.0
2022-01-27 19:00:00,12978,ΥΔΡΟΗΛΕΚΤΡΙΚΑ,0.0838095976131894
2022-01-28 19:00:00,63220,ΑΕΡΙΟ,0.3979128770951479
2022-01-28 19:00:00,36110,ΑΙΟΛΙΚΑ,0.2272798796568457
2022-01-28 19:00:00,28973,ΚΑΘΑΡΕΣ ΕΙΣΑΓΩΓΕΣ (ΕΙΣΑΓΩΓΕΣ-ΕΞΑΓΩΓΕΣ),0.1823589020575406
2022-01-28 19:00:00,20390,ΛΙΓΝΙΤΗΣ,0.1283366587151228
2022-01-28 19:00:00,158879,ΣΥΝΟΛΟ,1.0
2022-01-28 19:00:00,10186,ΥΔΡΟΗΛΕΚΤΡΙΚΑ,0.0641116824753428
2022-01-30 19:00:00,56747,ΑΕΡΙΟ,0.4031873019481903
2022-01-30 19:00:00,20436,ΑΙΟΛΙΚΑ,0.1451977320847484
2022-01-30 19:00:00,35782,ΚΑΘΑΡΕΣ ΕΙΣΑΓΩΓΕΣ (ΕΙΣΑΓΩΓΕΣ-ΕΞΑΓΩΓΕΣ),0.2542310261037613
2022-01-30 19:00:00,18249,ΛΙΓΝΙΤΗΣ,0.1296591022124962
2022-01-30 19:00:00,140746,ΣΥΝΟΛΟ,1.0
2022-01-30 19:00:00,9532,ΥΔΡΟΗΛΕΚΤΡΙΚΑ,0.0677248376508035
2022-01-31 19:00:00,62207,ΑΕΡΙΟ,0.4059873126925286
2022-01-31 19:00:00,47872,ΑΙΟΛΙΚΑ,0.3124314728763118
2022-01-31 19:00:00,9481,ΚΑΘΑΡΕΣ ΕΙΣΑΓΩΓΕΣ (ΕΙΣΑΓΩΓΕΣ-ΕΞΑΓΩΓΕΣ),0.061876729494074
2022-01-31 19:00:00,22400,ΛΙΓΝΙΤΗΣ,0.1461911972014828
2022-01-31 19:00:00,153224,ΣΥΝΟΛΟ,1.0
2022-01-31 19:00:00,11264,ΥΔΡΟΗΛΕΚΤΡΙΚΑ,0.0735132877356027
2022-02-01 19:00:00,74461,ΑΕΡΙΟ,0.4655529226402236
2022-02-01 19:00:00,31871,ΑΙΟΛΙΚΑ,0.1992672297909854
2022-02-01 19:00:00,15274,ΚΑΘΑΡΕΣ ΕΙΣΑΓΩΓΕΣ (ΕΙΣΑΓΩΓΕΣ-ΕΞΑΓΩΓΕΣ),0.0954977147823259
2022-02-01 19:00:00,24625,ΛΙΓΝΙΤΗΣ,0.1539630238650502
2022-02-01 19:00:00,159941,ΣΥΝΟΛΟ,1.0
2022-02-01 19:00:00,13710,ΥΔΡΟΗΛΕΚΤΡΙΚΑ,0.0857191089214147
2022-02-02 19:00:00,48367,ΑΕΡΙΟ,0.3258155999703602
2022-02-02 19:00:00,56304,ΑΙΟΛΙΚΑ,0.3792817735383869
2022-02-02 19:00:00,13833,ΚΑΘΑΡΕΣ ΕΙΣΑΓΩΓΕΣ (ΕΙΣΑΓΩΓΕΣ-ΕΞΑΓΩΓΕΣ),0.0931835175716912
2022-02-02 19:00:00,20180,ΛΙΓΝΙΤΗΣ,0.1359389419935466
2022-02-02 19:00:00,148449,ΣΥΝΟΛΟ,1.0
2022-02-02 19:00:00,9765,ΥΔΡΟΗΛΕΚΤΡΙΚΑ,0.065780166926015
2022-02-03 19:00:00,72704,ΑΕΡΙΟ,0.5199419299010949
2022-02-03 19:00:00,21536,ΑΙΟΛΙΚΑ,0.1540144889187662
2022-02-03 19:00:00,16102,ΚΑΘΑΡΕΣ ΕΙΣΑΓΩΓΕΣ (ΕΙΣΑΓΩΓΕΣ-ΕΞΑΓΩΓΕΣ),0.1151532921884274
2022-02-03 19:00:00,20479,ΛΙΓΝΙΤΗΣ,0.1464553639750842
2022-02-03 19:00:00,139831,ΣΥΝΟΛΟ,1.0
2022-02-03 19:00:00,9010,ΥΔΡΟΗΛΕΚΤΡΙΚΑ,0.0644349250166272
2022-02-04 19:00:00,68081,ΑΕΡΙΟ,0.5133036273024059
2022-02-04 19:00:00,14962,ΑΙΟΛΙΚΑ,0.112807521506714
2022-02-04 19:00:00,21205,ΚΑΘΑΡΕΣ ΕΙΣΑΓΩΓΕΣ (ΕΙΣΑΓΩΓΕΣ-ΕΞΑΓΩΓΕΣ),0.1598772552833759
2022-02-04 19:00:00,20617,ΛΙΓΝΙΤΗΣ,0.1554439694495336
2022-02-04 19:00:00,132633,ΣΥΝΟΛΟ,1.0
2022-02-04 19:00:00,7768,ΥΔΡΟΗΛΕΚΤΡΙΚΑ,0.0585676264579704
2022-02-05 19:00:00,51236,ΑΕΡΙΟ,0.4391004765006342
2022-02-05 19:00:00,9796,ΑΙΟΛΙΚΑ,0.0839532412327311
2022-02-05 19:00:00,29777,ΚΑΘΑΡΕΣ ΕΙΣΑΓΩΓΕΣ (ΕΙΣΑΓΩΓΕΣ-ΕΞΑΓΩΓΕΣ),0.2551935141064756
2022-02-05 19:00:00,19467,ΛΙΓΝΙΤΗΣ,0.1668352130540605
2022-02-05 19:00:00,116684,ΣΥΝΟΛΟ,1.0
2022-02-05 19:00:00,6408,ΥΔΡΟΗΛΕΚΤΡΙΚΑ,0.0549175551060985
2022-02-06 19:00:00,43474,ΑΕΡΙΟ,0.3291888781196995
2022-02-06 19:00:00,50137,ΑΙΟΛΙΚΑ,0.3796416888781197
2022-02-06 19:00:00,9249,ΚΑΘΑΡΕΣ ΕΙΣΑΓΩΓΕΣ (ΕΙΣΑΓΩΓΕΣ-ΕΞΑΓΩΓΕΣ),0.0700342258299006
2022-02-06 19:00:00,21433,ΛΙΓΝΙΤΗΣ,0.1622925248364429
2022-02-06 19:00:00,132064,ΣΥΝΟΛΟ,1.0
2022-02-06 19:00:00,7771,ΥΔΡΟΗΛΕΚΤΡΙΚΑ,0.0588426823358371
2022-02-07 19:00:00,46915,ΑΕΡΙΟ,0.3169033112224909
2022-02-07 19:00:00,52820,ΑΙΟΛΙΚΑ,0.3567906404939139
2022-02-07 19:00:00,18786,ΚΑΘΑΡΕΣ ΕΙΣΑΓΩΓΕΣ (ΕΙΣΑΓΩΓΕΣ-ΕΞΑΓΩΓΕΣ),0.1268964212858513
2022-02-07 19:00:00,19411,ΛΙΓΝΙΤΗΣ,0.1311181961875684
2022-02-07 19:00:00,148042,ΣΥΝΟΛΟ,1.0
2022-02-07 19:00:00,10110,ΥΔΡΟΗΛΕΚΤΡΙΚΑ,0.0682914308101755
2022-02-08 19:00:00,54870,ΑΕΡΙΟ,0.4079341595604689
2022-02-08 19:00:00,41831,ΑΙΟΛΙΚΑ,0.3109949668047016
2022-02-08 19:00:00,11895,ΚΑΘΑΡΕΣ ΕΙΣΑΓΩΓΕΣ (ΕΙΣΑΓΩΓΕΣ-ΕΞΑΓΩΓΕΣ),0.0884340591939453
2022-02-08 19:00:00,18838,ΛΙΓΝΙΤΗΣ,0.1400521905923112
2022-02-08 19:00:00,134507,ΣΥΝΟΛΟ,1.0
2022-02-08 19:00:00,7073,ΥΔΡΟΗΛΕΚΤΡΙΚΑ,0.0525846238485729
2022-02-09 19:00:00,59537,ΑΕΡΙΟ,0.4494070758384347
2022-02-09 19:00:00,25175,ΑΙΟΛΙΚΑ,0.190030117980963
2022-02-09 19:00:00,21907,ΚΑΘΑΡΕΣ ΕΙΣΑΓΩΓΕΣ (ΕΙΣΑΓΩΓΕΣ-ΕΞΑΓΩΓΕΣ),0.1653620573826795
2022-02-09 19:00:00,19403,ΛΙΓΝΙΤΗΣ,0.1464609485276911
2022-02-09 19:00:00,132479,ΣΥΝΟΛΟ,1.0
2022-02-09 19:00:00,6457,ΥΔΡΟΗΛΕΚΤΡΙΚΑ,0.0487398002702315
2022-02-10 19:00:00,63280,ΑΕΡΙΟ,0.4837920489296636
2022-02-10 19:00:00,11596,ΑΙΟΛΙΚΑ,0.0886544342507645
2022-02-10 19:00:00,27807,ΚΑΘΑΡΕΣ ΕΙΣΑΓΩΓΕΣ (ΕΙΣΑΓΩΓΕΣ-ΕΞΑΓΩΓΕΣ),0.212591743119266
2022-02-10 19:00:00,21218,ΛΙΓΝΙΤΗΣ,0.162217125382263
2022-02-10 19:00:00,130800,ΣΥΝΟΛΟ,1.0
2022-02-10 19:00:00,6899,ΥΔΡΟΗΛΕΚΤΡΙΚΑ,0.0527446483180428
2022-02-11 19:00:00,57866,ΑΕΡΙΟ,0.4540717839263014
2022-02-11 19:00:00,12152,ΑΙΟΛΙΚΑ,0.0953561731979472
2022-02-11 19:00:00,36867,ΚΑΘΑΡΕΣ ΕΙΣΑΓΩΓΕΣ (ΕΙΣΑΓΩΓΕΣ-ΕΞΑΓΩΓΕΣ),0.2892936172884069
2022-02-11 19:00:00,15255,ΛΙΓΝΙΤΗΣ,0.119705268444263
2022-02-11 19:00:00,127438,ΣΥΝΟΛΟ,1.0
2022-02-11 19:00:00,5298,ΥΔΡΟΗΛΕΚΤΡΙΚΑ,0.0415731571430813
2022-02-12 19:00:00,42060,ΑΕΡΙΟ,0.3328822090842178
2022-02-12 19:00:00,32790,ΑΙΟΛΙΚΑ,0.2595151601491084
2022-02-12 19:00:00,30541,ΚΑΘΑΡΕΣ ΕΙΣΑΓΩΓΕΣ (ΕΙΣΑΓΩΓΕΣ-ΕΞΑΓΩΓΕΣ),0.2417155384603208
2022-02-12 19:00:00,14427,ΛΙΓΝΙΤΗΣ,0.1141819217893012
2022-02-12 19:00:00,126351,ΣΥΝΟΛΟ,1.0
2022-02-12 19:00:00,6533,ΥΔΡΟΗΛΕΚΤΡΙΚΑ,0.0517051705170517
2022-02-13 19:00:00,70991,ΑΕΡΙΟ,0.5177705329336514
2022-02-13 19:00:00,8709,ΑΙΟΛΙΚΑ,0.0635188062052819
2022-02-13 19:00:00,33362,ΚΑΘΑΡΕΣ ΕΙΣΑΓΩΓΕΣ (ΕΙΣΑΓΩΓΕΣ-ΕΞΑΓΩΓΕΣ),0.243324654107316
2022-02-13 19:00:00,14848,ΛΙΓΝΙΤΗΣ,0.1082934016001867
2022-02-13 19:00:00,137109,ΣΥΝΟΛΟ,1.0
2022-02-13 19:00:00,9199,ΥΔΡΟΗΛΕΚΤΡΙΚΑ,0.0670926051535639
2022-02-14 19:00:00,71028,ΑΕΡΙΟ,0.5218579636459818
2022-02-14 19:00:00,9881,ΑΙΟΛΙΚΑ,0.0725978281633432
2022-02-14 19:00:00,33802,ΚΑΘΑΡΕΣ ΕΙΣΑΓΩΓΕΣ (ΕΙΣΑΓΩΓΕΣ-ΕΞΑΓΩΓΕΣ),0.2483505503063788
2022-02-14 19:00:00,14928,ΛΙΓΝΙΤΗΣ,0.1096792206074677
2022-02-14 19:00:00,136106,ΣΥΝΟΛΟ,1.0
2022-02-14 19:00:00,6467,ΥΔΡΟΗΛΕΚΤΡΙΚΑ,0.0475144372768283
2022-02-15 19:00:00,68312,ΑΕΡΙΟ,0.497719489981785
2022-02-15 19:00:00,25140,ΑΙΟΛΙΚΑ,0.1831693989071038
2022-02-15 19:00:00,23711,ΚΑΘΑΡΕΣ ΕΙΣΑΓΩΓΕΣ (ΕΙΣΑΓΩΓΕΣ-ΕΞΑΓΩΓΕΣ),0.1727577413479052
2022-02-15 19:00:00,14210,ΛΙΓΝΙΤΗΣ,0.1035336976320582
2022-02-15 19:00:00,137250,ΣΥΝΟΛΟ,1.0
2022-02-15 19:00:00,5877,ΥΔΡΟΗΛΕΚΤΡΙΚΑ,0.0428196721311475
2022-02-16 19:00:00,60665,ΑΕΡΙΟ,0.4596599433238873
2022-02-16 19:00:00,13874,ΑΙΟΛΙΚΑ,0.1051235812029277
2022-02-16 19:00:00,37278,ΚΑΘΑΡΕΣ ΕΙΣΑΓΩΓΕΣ (ΕΙΣΑΓΩΓΕΣ-ΕΞΑΓΩΓΕΣ),0.2824561669369137
2022-02-16 19:00:00,14626,ΛΙΓΝΙΤΗΣ,0.1108215005531225
2022-02-16 19:00:00,131978,ΣΥΝΟΛΟ,1.0
2022-02-16 19:00:00,5535,ΥΔΡΟΗΛΕΚΤΡΙΚΑ,0.0419388079831487
2022-02-17 19:00:00,45185,ΑΕΡΙΟ,0.3784179891964323
2022-02-17 19:00:00,28631,ΑΙΟΛΙΚΑ,0.2397805787027344
2022-02-17 19:00:00,28395,ΚΑΘΑΡΕΣ ΕΙΣΑΓΩΓΕΣ (ΕΙΣΑΓΩΓΕΣ-ΕΞΑΓΩΓΕΣ),0.237804112055609
2022-02-17 19:00:00,10897,ΛΙΓΝΙΤΗΣ,0.0912608349734098
2022-02-17 19:00:00,119405,ΣΥΝΟΛΟ,1.0
2022-02-17 19:00:00,6297,ΥΔΡΟΗΛΕΚΤΡΙΚΑ,0.0527364850718144
2022-02-18 19:00:00,43065,ΑΕΡΙΟ,0.3890279044977823
2022-02-18 19:00:00,16053,ΑΙΟΛΙΚΑ,0.1450148601161708
2022-02-18 19:00:00,38187,ΚΑΘΑΡΕΣ ΕΙΣΑΓΩΓΕΣ (ΕΙΣΑΓΩΓΕΣ-ΕΞΑΓΩΓΕΣ),0.3449624657855988
2022-02-18 19:00:00,8148,ΛΙΓΝΙΤΗΣ,0.073605000948518
2022-02-18 19:00:00,110699,ΣΥΝΟΛΟ,1.0
2022-02-18 19:00:00,5246,ΥΔΡΟΗΛΕΚΤΡΙΚΑ,0.04738976865193
2022-02-19 19:00:00,35807,ΑΕΡΙΟ,0.3095402755925932
2022-02-19 19:00:00,30599,ΑΙΟΛΙΚΑ,0.2645187503241757
2022-02-19 19:00:00,35335,ΚΑΘΑΡΕΣ ΕΙΣΑΓΩΓΕΣ (ΕΙΣΑΓΩΓΕΣ-ΕΞΑΓΩΓΕΣ),0.3054599837479901
2022-02-19 19:00:00,7694,ΛΙΓΝΙΤΗΣ,0.0665122149414754
2022-02-19 19:00:00,115678,ΣΥΝΟΛΟ,1.0
2022-02-19 19:00:00,6243,ΥΔΡΟΗΛΕΚΤΡΙΚΑ,0.0539687753937654
2022-02-20 19:00:00,41056,ΑΕΡΙΟ,0.3605895062270547
2022-02-20 19:00:00,21031,ΑΙΟΛΙΚΑ,0.1847125366684817
2022-02-20 19:00:00,34879,ΚΑΘΑΡΕΣ ΕΙΣΑΓΩΓΕΣ (ΕΙΣΑΓΩΓΕΣ-ΕΞΑΓΩΓΕΣ),0.306337718913032
2022-02-20 19:00:00,10195,ΛΙΓΝΙΤΗΣ,0.0895413585343146
2022-02-20 19:00:00,113858,ΣΥΝΟΛΟ,1.0
2022-02-20 19:00:00,6697,ΥΔΡΟΗΛΕΚΤΡΙΚΑ,0.0588188796571167
2022-02-21 19:00:00,39646,ΑΕΡΙΟ,0.3215957300107885
2022-02-21 19:00:00,27646,ΑΙΟΛΙΚΑ,0.2242555504181572
2022-02-21 19:00:00,35361,ΚΑΘΑΡΕΣ ΕΙΣΑΓΩΓΕΣ (ΕΙΣΑΓΩΓΕΣ-ΕΞΑΓΩΓΕΣ),0.2868371742145864
2022-02-21 19:00:00,12578,ΛΙΓΝΙΤΗΣ,0.1020287315763431
2022-02-21 19:00:00,123279,ΣΥΝΟΛΟ,1.0
2022-02-21 19:00:00,8048,ΥΔΡΟΗΛΕΚΤΡΙΚΑ,0.0652828137801247
2022-02-22 19:00:00,35153,ΑΕΡΙΟ,0.2757314299160718
2022-02-22 19:00:00,50582,ΑΙΟΛΙΚΑ,0.3967526864852145
2022-02-22 19:00:00,23311,ΚΑΘΑΡΕΣ ΕΙΣΑΓΩΓΕΣ (ΕΙΣΑΓΩΓΕΣ-ΕΞΑΓΩΓΕΣ),0.1828457133892854
2022-02-22 19:00:00,12212,ΛΙΓΝΙΤΗΣ,0.0957879049337202
2022-02-22 19:00:00,127490,ΣΥΝΟΛΟ,1.0
2022-02-22 19:00:00,6232,ΥΔΡΟΗΛΕΚΤΡΙΚΑ,0.0488822652757079
2022-02-23 19:00:00,35748,ΑΕΡΙΟ,0.2998188405797101
2022-02-23 19:00:00,59919,ΑΙΟΛΙΚΑ,0.5025412640901772
2022-02-23 19:00:00,8207,ΚΑΘΑΡΕΣ ΕΙΣΑΓΩΓΕΣ (ΕΙΣΑΓΩΓΕΣ-ΕΞΑΓΩΓΕΣ),0.0688321926999463
2022-02-23 19:00:00,9399,ΛΙΓΝΙΤΗΣ,0.0788295088566827
2022-02-23 19:00:00,119232,ΣΥΝΟΛΟ,1.0
2022-02-23 19:00:00,5959,ΥΔΡΟΗΛΕΚΤΡΙΚΑ,0.0499781937734836
2022-02-24 19:00:00,63225,ΑΕΡΙΟ,0.5417459256593491
2022-02-24 19:00:00,21269,ΑΙΟΛΙΚΑ,0.1822442719311774
2022-02-24 19:00:00,13997,ΚΑΘΑΡΕΣ ΕΙΣΑΓΩΓΕΣ (ΕΙΣΑΓΩΓΕΣ-ΕΞΑΓΩΓΕΣ),0.1199338508731342
2022-02-24 19:00:00,9264,ΛΙΓΝΙΤΗΣ,0.0793789522389594
2022-02-24 19:00:00,116706,ΣΥΝΟΛΟ,1.0
2022-02-24 19:00:00,8951,ΥΔΡΟΗΛΕΚΤΡΙΚΑ,0.0766969992973797
2022-02-25 19:00:00,76748,ΑΕΡΙΟ,0.6470836214019526
2022-02-25 19:00:00,8293,ΑΙΟΛΙΚΑ,0.0699205773738259
2022-02-25 19:00:00,16001,ΚΑΘΑΡΕΣ ΕΙΣΑΓΩΓΕΣ (ΕΙΣΑΓΩΓΕΣ-ΕΞΑΓΩΓΕΣ),0.1349088578992631
2022-02-25 19:00:00,9165,ΛΙΓΝΙΤΗΣ,0.0772726506247576
2022-02-25 19:00:00,118606,ΣΥΝΟΛΟ,1.0
2022-02-25 19:00:00,8399,ΥΔΡΟΗΛΕΚΤΡΙΚΑ,0.0708142927002006
2022-02-26 19:00:00,40689,ΑΕΡΙΟ,0.3364701601766325
2022-02-26 19:00:00,42722,ΑΙΟΛΙΚΑ,0.3532816776786379
2022-02-26 19:00:00,22330,ΚΑΘΑΡΕΣ ΕΙΣΑΓΩΓΕΣ (ΕΙΣΑΓΩΓΕΣ-ΕΞΑΓΩΓΕΣ),0.1846538051253214
2022-02-26 19:00:00,8842,ΛΙΓΝΙΤΗΣ,0.0731172836953915
2022-02-26 19:00:00,120929,ΣΥΝΟΛΟ,1.0
2022-02-26 19:00:00,6346,ΥΔΡΟΗΛΕΚΤΡΙΚΑ,0.0524770733240165
2022-02-27 19:00:00,86725,ΑΕΡΙΟ,0.6221707283827507
2022-02-27 19:00:00,17487,ΑΙΟΛΙΚΑ,0.1254528628103679
2022-02-27 19:00:00,13076,ΚΑΘΑΡΕΣ ΕΙΣΑΓΩΓΕΣ (ΕΙΣΑΓΩΓΕΣ-ΕΞΑΓΩΓΕΣ),0.0938080650831115
2022-02-27 19:00:00,10734,ΛΙΓΝΙΤΗΣ,0.0770064064394401
2022-02-27 19:00:00,139391,ΣΥΝΟΛΟ,1.0
2022-02-27 19:00:00,11369,ΥΔΡΟΗΛΕΚΤΡΙΚΑ,0.0815619372843296
2022-02-28 19:00:00,86431,ΑΕΡΙΟ,0.5828393787973809
2022-02-28 19:00:00,22178,ΑΙΟΛΙΚΑ,0.1495552723324769
2022-02-28 19:00:00,12313,ΚΑΘΑΡΕΣ ΕΙΣΑΓΩΓΕΣ (ΕΙΣΑΓΩΓΕΣ-ΕΞΑΓΩΓΕΣ),0.0830315658864545
2022-02-28 19:00:00,10431,ΛΙΓΝΙΤΗΣ,0.0703404746009589
2022-02-28 19:00:00,148293,ΣΥΝΟΛΟ,1.0
2022-02-28 19:00:00,16940,ΥΔΡΟΗΛΕΚΤΡΙΚΑ,0.1142333083827287
2022-03-01 19:00:00,84247,ΑΕΡΙΟ,0.5839010832877054
2022-03-01 19:00:00,48700,ΑΙΟΛΙΚΑ,0.3375311020702369
2022-03-01 19:00:00,-13058,ΚΑΘΑΡΕΣ ΕΙΣΑΓΩΓΕΣ (ΕΙΣΑΓΩΓΕΣ-ΕΞΑΓΩΓΕΣ),-0.0905026926249107
2022-03-01 19:00:00,14467,ΛΙΓΝΙΤΗΣ,0.1002682228675588
2022-03-01 19:00:00,144283,ΣΥΝΟΛΟ,1.0
2022-03-01 19:00:00,9927,ΥΔΡΟΗΛΕΚΤΡΙΚΑ,0.0688022843994095
2022-03-02 19:00:00,88071,ΑΕΡΙΟ,0.6685720792530175
2022-03-02 19:00:00,16533,ΑΙΟΛΙΚΑ,0.125506718287406
2022-03-02 19:00:00,-4905,ΚΑΘΑΡΕΣ ΕΙΣΑΓΩΓΕΣ (ΕΙΣΑΓΩΓΕΣ-ΕΞΑΓΩΓΕΣ),-0.03723525392849
2022-03-02 19:00:00,20273,ΛΙΓΝΙΤΗΣ,0.1538981249525544
2022-03-02 19:00:00,131730,ΣΥΝΟΛΟ,1.0
2022-03-02 19:00:00,11758,ΥΔΡΟΗΛΕΚΤΡΙΚΑ,0.089258331435512
2022-03-04 19:00:00,87634,ΑΕΡΙΟ,0.6386572994402985
2022-03-04 19:00:00,11489,ΑΙΟΛΙΚΑ,0.0837293027052238
2022-03-04 19:00:00,-12112,ΚΑΘΑΡΕΣ ΕΙΣΑΓΩΓΕΣ (ΕΙΣΑΓΩΓΕΣ-ΕΞΑΓΩΓΕΣ),-0.0882695895522388
2022-03-04 19:00:00,31469,ΛΙΓΝΙΤΗΣ,0.2293391441231343
2022-03-04 19:00:00,137216,ΣΥΝΟΛΟ,1.0
2022-03-04 19:00:00,18736,ΥΔΡΟΗΛΕΚΤΡΙΚΑ,0.1365438432835821
2022-03-05 19:00:00,63247,ΑΕΡΙΟ,0.532471796598754
2022-03-05 19:00:00,20844,ΑΙΟΛΙΚΑ,0.1754840882303418
2022-03-05 19:00:00,-11705,ΚΑΘΑΡΕΣ ΕΙΣΑΓΩΓΕΣ (ΕΙΣΑΓΩΓΕΣ-ΕΞΑΓΩΓΕΣ),-0.098543525846102
2022-03-05 19:00:00,33468,ΛΙΓΝΙΤΗΣ,0.2817646068361677
2022-03-05 19:00:00,118780,ΣΥΝΟΛΟ,1.0
2022-03-05 19:00:00,12926,ΥΔΡΟΗΛΕΚΤΡΙΚΑ,0.1088230341808385
2022-03-06 19:00:00,78136,ΑΕΡΙΟ,0.6997358169524919
2022-03-06 19:00:00,12351,ΑΙΟΛΙΚΑ,0.1106076210092688
2022-03-06 19:00:00,-21398,ΚΑΘΑΡΕΣ ΕΙΣΑΓΩΓΕΣ (ΕΙΣΑΓΩΓΕΣ-ΕΞΑΓΩΓΕΣ),-0.1916267406976223
2022-03-06 19:00:00,34118,ΛΙΓΝΙΤΗΣ,0.3055388886401289
2022-03-06 19:00:00,111665,ΣΥΝΟΛΟ,1.0
2022-03-06 19:00:00,8458,ΥΔΡΟΗΛΕΚΤΡΙΚΑ,0.0757444140957327
2022-03-07 19:00:00,89212,ΑΕΡΙΟ,0.6533667296509499
2022-03-07 19:00:00,19249,ΑΙΟΛΙΚΑ,0.1409749381142798
2022-03-07 19:00:00,-16775,ΚΑΘΑΡΕΣ ΕΙΣΑΓΩΓΕΣ (ΕΙΣΑΓΩΓΕΣ-ΕΞΑΓΩΓΕΣ),-0.1228559710565247
2022-03-07 19:00:00,30646,ΛΙΓΝΙΤΗΣ,0.2244437608940838
2022-03-07 19:00:00,136542,ΣΥΝΟΛΟ,1.0
2022-03-07 19:00:00,14210,ΥΔΡΟΗΛΕΚΤΡΙΚΑ,0.1040705423972111
2022-03-08 19:00:00,82102,ΑΕΡΙΟ,0.5548594638066081
2022-03-08 19:00:00,38056,ΑΙΟΛΙΚΑ,0.25718900580527
2022-03-08 19:00:00,-20061,ΚΑΘΑΡΕΣ ΕΙΣΑΓΩΓΕΣ (ΕΙΣΑΓΩΓΕΣ-ΕΞΑΓΩΓΕΣ),-0.1355756949090688
2022-03-08 19:00:00,24282,ΛΙΓΝΙΤΗΣ,0.164101940271273
2022-03-08 19:00:00,147969,ΣΥΝΟΛΟ,1.0
2022-03-08 19:00:00,23590,ΥΔΡΟΗΛΕΚΤΡΙΚΑ,0.1594252850259176
2022-03-09 19:00:00,71724,ΑΕΡΙΟ,0.4889394858650379
2022-03-09 19:00:00,43702,ΑΙΟΛΙΚΑ,0.2979146925892851
2022-03-09 19:00:00,-10075,ΚΑΘΑΡΕΣ ΕΙΣΑΓΩΓΕΣ (ΕΙΣΑΓΩΓΕΣ-ΕΞΑΓΩΓΕΣ),-0.0686808504836631
2022-03-09 19:00:00,28351,ΛΙΓΝΙΤΗΣ,0.1932675724131349
2022-03-09 19:00:00,146693,ΣΥΝΟΛΟ,1.0
2022-03-09 19:00:00,12991,ΥΔΡΟΗΛΕΚΤΡΙΚΑ,0.0885590996162052
2022-03-10 19:00:00,77912,ΑΕΡΙΟ,0.5309129068967162
2022-03-10 19:00:00,30505,ΑΙΟΛΙΚΑ,0.2078691116244523
2022-03-10 19:00:00,56,ΚΑΘΑΡΕΣ ΕΙΣΑΓΩΓΕΣ (ΕΙΣΑΓΩΓΕΣ-ΕΞΑΓΩΓΕΣ),0.0003815987625297
2022-03-10 19:00:00,28585,ΛΙΓΝΙΤΗΣ,0.1947857254805759
2022-03-10 19:00:00,146751,ΣΥΝΟΛΟ,1.0
2022-03-10 19:00:00,9693,ΥΔΡΟΗΛΕΚΤΡΙΚΑ,0.0660506572357258
2022-03-11 19:00:00,68791,ΑΕΡΙΟ,0.4821010582381386
2022-03-11 19:00:00,28028,ΑΙΟΛΙΚΑ,0.1964258182073025
2022-03-11 19:00:00,3368,ΚΑΘΑΡΕΣ ΕΙΣΑΓΩΓΕΣ (ΕΙΣΑΓΩΓΕΣ-ΕΞΑΓΩΓΕΣ),0.0236036162309902
2022-03-11 19:00:00,30805,ΛΙΓΝΙΤΗΣ,0.2158875884785198
2022-03-11 19:00:00,142690,ΣΥΝΟΛΟ,1.0
2022-03-11 19:00:00,11698,ΥΔΡΟΗΛΕΚΤΡΙΚΑ,0.0819819188450487
2022-03-12 19:00:00,68368,ΑΕΡΙΟ,0.5404884064730855
2022-03-12 19:00:00,10405,ΑΙΟΛΙΚΑ,0.0822575162261943
2022-03-12 19:00:00,2913,ΚΑΘΑΡΕΣ ΕΙΣΑΓΩΓΕΣ (ΕΙΣΑΓΩΓΕΣ-ΕΞΑΓΩΓΕΣ),0.0230289423130133
2022-03-12 19:00:00,28013,ΛΙΓΝΙΤΗΣ,0.2214588949586143
2022-03-12 19:00:00,126493,ΣΥΝΟΛΟ,1.0
2022-03-12 19:00:00,16794,ΥΔΡΟΗΛΕΚΤΡΙΚΑ,0.1327662400290925
2022-03-13 20:00:00,82141,ΑΕΡΙΟ,0.5863989091713843
2022-03-13 20:00:00,22644,ΑΙΟΛΙΚΑ,0.1616539474717477
2022-03-13 20:00:00,-5180,ΚΑΘΑΡΕΣ ΕΙΣΑΓΩΓΕΣ (ΕΙΣΑΓΩΓΕΣ-ΕΞΑΓΩΓΕΣ),-0.0369796611863475
2022-03-13 20:00:00,27466,ΛΙΓΝΙΤΗΣ,0.1960778714564132
2022-03-13 20:00:00,140077,ΣΥΝΟΛΟ,1.0
2022-03-13 20:00:00,13006,ΥΔΡΟΗΛΕΚΤΡΙΚΑ,0.0928489330868022
2022-03-14 20:00:00,79020,ΑΕΡΙΟ,0.5928337784713261
2022-03-14 20:00:00,14106,ΑΙΟΛΙΚΑ,0.1058278066200522
2022-03-14 20:00:00,-2911,ΚΑΘΑΡΕΣ ΕΙΣΑΓΩΓΕΣ (ΕΙΣΑΓΩΓΕΣ-ΕΞΑΓΩΓΕΣ),-0.0218392701737538
2022-03-14 20:00:00,30670,ΛΙΓΝΙΤΗΣ,0.2300963298622573
2022-03-14 20:00:00,133292,ΣΥΝΟΛΟ,1.0
2022-03-14 20:00:00,12407,ΥΔΡΟΗΛΕΚΤΡΙΚΑ,0.0930813552201182
2022-03-15 20:00:00,78643,ΑΕΡΙΟ,0.5742418821330256
2022-03-15 20:00:00,16200,ΑΙΟΛΙΚΑ,0.118290483457587
2022-03-15 20:00:00,-2646,ΚΑΘΑΡΕΣ ΕΙΣΑΓΩΓΕΣ (ΕΙΣΑΓΩΓΕΣ-ΕΞΑΓΩΓΕΣ),-0.0193207789647392
2022-03-15 20:00:00,30116,ΛΙΓΝΙΤΗΣ,0.2199034691239932
2022-03-15 20:00:00,136951,ΣΥΝΟΛΟ,1.0
2022-03-15 20:00:00,14638,ΥΔΡΟΗΛΕΚΤΡΙΚΑ,0.1068849442501332
2022-03-16 20:00:00,70350,ΑΕΡΙΟ,0.5225704374438246
2022-03-16 20:00:00,26047,ΑΙΟΛΙΚΑ,0.1934810545003454
2022-03-16 20:00:00,-238,ΚΑΘΑΡΕΣ ΕΙΣΑΓΩΓΕΣ (ΕΙΣΑΓΩΓΕΣ-ΕΞΑΓΩΓΕΣ),-0.0017678999873721
2022-03-16 20:00:00,29557,ΛΙΓΝΙΤΗΣ,0.2195538652384808
2022-03-16 20:00:00,134623,ΣΥΝΟΛΟ,1.0
2022-03-16 20:00:00,8907,ΥΔΡΟΗΛΕΚΤΡΙΚΑ,0.0661625428047213
2022-03-17 20:00:00,67560,ΑΕΡΙΟ,0.4551088596680319
2022-03-17 20:00:00,55269,ΑΙΟΛΙΚΑ,0.3723121901271826
2022-03-17 20:00:00,-12605,ΚΑΘΑΡΕΣ ΕΙΣΑΓΩΓΕΣ (ΕΙΣΑΓΩΓΕΣ-ΕΞΑΓΩΓΕΣ),-0.0849118883380038
2022-03-17 20:00:00,24149,ΛΙΓΝΙΤΗΣ,0.1626764927786161
2022-03-17 20:00:00,148448,ΣΥΝΟΛΟ,1.0
2022-03-17 20:00:00,14075,ΥΔΡΟΗΛΕΚΤΡΙΚΑ,0.0948143457641733
2022-03-18 20:00:00,44766,ΑΕΡΙΟ,0.3336016096579476
2022-03-18 20:00:00,57698,ΑΙΟΛΙΚΑ,0.4299724271555257
2022-03-18 20:00:00,2296,ΚΑΘΑΡΕΣ ΕΙΣΑΓΩΓΕΣ (ΕΙΣΑΓΩΓΕΣ-ΕΞΑΓΩΓΕΣ),0.0171100678142931
2022-03-18 20:00:00,19018,ΛΙΓΝΙΤΗΣ,0.14172442059766
2022-03-18 20:00:00,134190,ΣΥΝΟΛΟ,1.0
2022-03-18 20:00:00,10412,ΥΔΡΟΗΛΕΚΤΡΙΚΑ,0.0775914747745733
2022-03-19 20:00:00,33309,ΑΕΡΙΟ,0.2660038332534739
2022-03-19 20:00:00,62574,ΑΙΟΛΙΚΑ,0.4997125059894585
2022-03-19 20:00:00,4191,ΚΑΘΑΡΕΣ ΕΙΣΑΓΩΓΕΣ (ΕΙΣΑΓΩΓΕΣ-ΕΞΑΓΩΓΕΣ),0.0334690943938667
2022-03-19 20:00:00,18113,ΛΙΓΝΙΤΗΣ,0.1446494170260341
2022-03-19 20:00:00,125220,ΣΥΝΟΛΟ,1.0
2022-03-19 20:00:00,7033,ΥΔΡΟΗΛΕΚΤΡΙΚΑ,0.0561651493371665
2022-03-20 20:00:00,49312,ΑΕΡΙΟ,0.3541892619859939
2022-03-20 20:00:00,57632,ΑΙΟΛΙΚΑ,0.4139486442808404
2022-03-20 20:00:00,4734,ΚΑΘΑΡΕΣ ΕΙΣΑΓΩΓΕΣ (ΕΙΣΑΓΩΓΕΣ-ΕΞΑΓΩΓΕΣ),0.0340025139163225
2022-03-20 20:00:00,18505,ΛΙΓΝΙΤΗΣ,0.1329143472795834
2022-03-20 20:00:00,139225,ΣΥΝΟΛΟ,1.0
2022-03-20 20:00:00,9042,ΥΔΡΟΗΛΕΚΤΡΙΚΑ,0.0649452325372598
2022-03-21 20:00:00,46653,ΑΕΡΙΟ,0.350189908573659
2022-03-21 20:00:00,56687,ΑΙΟΛΙΚΑ,0.4255077990121751
2022-03-21 20:00:00,3427,ΚΑΘΑΡΕΣ ΕΙΣΑΓΩΓΕΣ (ΕΙΣΑΓΩΓΕΣ-ΕΞΑΓΩΓΕΣ),0.0257239795229016
2022-03-21 20:00:00,19074,ΛΙΓΝΙΤΗΣ,0.1431745507498761
2022-03-21 20:00:00,133222,ΣΥΝΟΛΟ,1.0
2022-03-21 20:00:00,7381,ΥΔΡΟΗΛΕΚΤΡΙΚΑ,0.055403762141388
2022-03-22 20:00:00,45391,ΑΕΡΙΟ,0.346631131203751
2022-03-22 20:00:00,56296,ΑΙΟΛΙΚΑ,0.4299078267111623
2022-03-22 20:00:00,3967,ΚΑΘΑΡΕΣ ΕΙΣΑΓΩΓΕΣ (ΕΙΣΑΓΩΓΕΣ-ΕΞΑΓΩΓΕΣ),0.0302942366875653
2022-03-22 20:00:00,17766,ΛΙΓΝΙΤΗΣ,0.1356711391457743
2022-03-22 20:00:00,130949,ΣΥΝΟΛΟ,1.0
2022-03-22 20:00:00,7529,ΥΔΡΟΗΛΕΚΤΡΙΚΑ,0.0574956662517468
2022-03-23 20:00:00,60241,ΑΕΡΙΟ,0.504970828862661
2022-03-23 20:00:00,34048,ΑΙΟΛΙΚΑ,0.2854077253218884
2022-03-23 20:00:00,-391,ΚΑΘΑΡΕΣ ΕΙΣΑΓΩΓΕΣ (ΕΙΣΑΓΩΓΕΣ-ΕΞΑΓΩΓΕΣ),-0.0032775616952789
2022-03-23 20:00:00,18907,ΛΙΓΝΙΤΗΣ,0.1584881303648068
2022-03-23 20:00:00,119296,ΣΥΝΟΛΟ,1.0
2022-03-23 20:00:00,6491,ΥΔΡΟΗΛΕΚΤΡΙΚΑ,0.0544108771459227
2022-03-24 20:00:00,61321,ΑΕΡΙΟ,0.6362815697179738
2022-03-24 20:00:00,21671,ΑΙΟΛΙΚΑ,0.2248635524104011
2022-03-24 20:00:00,-5614,ΚΑΘΑΡΕΣ ΕΙΣΑΓΩΓΕΣ (ΕΙΣΑΓΩΓΕΣ-ΕΞΑΓΩΓΕΣ),-0.058252225704028
2022-03-24 20:00:00,13493,ΛΙΓΝΙΤΗΣ,0.1400066407952352
2022-03-24 20:00:00,96374,ΣΥΝΟΛΟ,1.0
2022-03-24 20:00:00,5503,ΥΔΡΟΗΛΕΚΤΡΙΚΑ,0.0571004627804179
2022-03-25 20:00:00,52367,ΑΕΡΙΟ,0.522791709927322
2022-03-25 20:00:00,19137,ΑΙΟΛΙΚΑ,0.1910490376168037
2022-03-25 20:00:00,11030,ΚΑΘΑΡΕΣ ΕΙΣΑΓΩΓΕΣ (ΕΙΣΑΓΩΓΕΣ-ΕΞΑΓΩΓΕΣ),0.1101150067885951
2022-03-25 20:00:00,13255,ΛΙΓΝΙΤΗΣ,0.1323276894816707
2022-03-25 20:00:00,100168,ΣΥΝΟΛΟ,1.0
2022-03-25 20:00:00,4379,ΥΔΡΟΗΛΕΚΤΡΙΚΑ,0.0437165561856081
2022-03-26 20:00:00,48451,ΑΕΡΙΟ,0.5200055809560608
2022-03-26 20:00:00,6871,ΑΙΟΛΙΚΑ,0.0737437482559512
2022-03-26 20:00:00,15574,ΚΑΘΑΡΕΣ ΕΙΣΑΓΩΓΕΣ (ΕΙΣΑΓΩΓΕΣ-ΕΞΑΓΩΓΕΣ),0.1671496340180737
2022-03-26 20:00:00,13000,ΛΙΓΝΙΤΗΣ,0.1395239015175907
2022-03-26 20:00:00,93174,ΣΥΝΟΛΟ,1.0
2022-03-26 20:00:00,9278,ΥΔΡΟΗΛΕΚΤΡΙΚΑ,0.0995771352523236
2022-03-27 20:00:00,78307,ΑΕΡΙΟ,0.6308721047331319
2022-03-27 20:00:00,10861,ΑΙΟΛΙΚΑ,0.0875005035246727
2022-03-27 20:00:00,12262,ΚΑΘΑΡΕΣ ΕΙΣΑΓΩΓΕΣ (ΕΙΣΑΓΩΓΕΣ-ΕΞΑΓΩΓΕΣ),0.0987875125881168
2022-03-27 20:00:00,13790,ΛΙΓΝΙΤΗΣ,0.1110976837865055
2022-03-27 20:00:00,124125,ΣΥΝΟΛΟ,1.0
2022-03-27 20:00:00,8905,ΥΔΡΟΗΛΕΚΤΡΙΚΑ,0.071742195367573
2022-03-28 20:00:00,71741,ΑΕΡΙΟ,0.6376977777777778
2022-03-28 20:00:00,12090,ΑΙΟΛΙΚΑ,0.1074666666666666
2022-03-28 20:00:00,5133,ΚΑΘΑΡΕΣ ΕΙΣΑΓΩΓΕΣ (ΕΙΣΑΓΩΓΕΣ-ΕΞΑΓΩΓΕΣ),0.0456266666666666
2022-03-28 20:00:00,15004,ΛΙΓΝΙΤΗΣ,0.1333688888888889
2022-03-28 20:00:00,112500,ΣΥΝΟΛΟ,1.0
2022-03-28 20:00:00,8532,ΥΔΡΟΗΛΕΚΤΡΙΚΑ,0.07584
2022-03-29 20:00:00,79926,ΑΕΡΙΟ,0.7150487130626157
2022-03-29 20:00:00,18611,ΑΙΟΛΙΚΑ,0.1665011585567692
2022-03-29 20:00:00,5724,ΚΑΘΑΡΕΣ ΕΙΣΑΓΩΓΕΣ (ΕΙΣΑΓΩΓΕΣ-ΕΞΑΓΩΓΕΣ),0.0512091038406827
2022-03-29 20:00:00,8946,ΛΙΓΝΙΤΗΣ,0.0800343541157841
2022-03-29 20:00:00,111777,ΣΥΝΟΛΟ,1.0
2022-03-29 20:00:00,10018,ΥΔΡΟΗΛΕΚΤΡΙΚΑ,0.0896248781055136
2022-03-30 20:00:00,59279,ΑΕΡΙΟ,0.5018243077365886
2022-03-30 20:00:00,47667,ΑΙΟΛΙΚΑ,0.4035233265891794
2022-03-30 20:00:00,-3872,ΚΑΘΑΡΕΣ ΕΙΣΑΓΩΓΕΣ (ΕΙΣΑΓΩΓΕΣ-ΕΞΑΓΩΓΕΣ),-0.0327782810026496
2022-03-30 20:00:00,8738,ΛΙΓΝΙΤΗΣ,0.0739712343494713
2022-03-30 20:00:00,118127,ΣΥΝΟΛΟ,1.0
2022-03-30 20:00:00,6315,ΥΔΡΟΗΛΕΚΤΡΙΚΑ,0.0534594123274103
2022-03-31 20:00:00,24243,ΑΕΡΙΟ,0.2408572024678847
2022-03-31 20:00:00,58940,ΑΙΟΛΙΚΑ,0.5855761874956534
2022-03-31 20:00:00,3439,ΚΑΘΑΡΕΣ ΕΙΣΑΓΩΓΕΣ (ΕΙΣΑΓΩΓΕΣ-ΕΞΑΓΩΓΕΣ),0.0341668902069486
2022-03-31 20:00:00,8158,ΛΙΓΝΙΤΗΣ,0.0810507386764428
2022-03-31 20:00:00,100653,ΣΥΝΟΛΟ,1.0
2022-03-31 20:00:00,5873,ΥΔΡΟΗΛΕΚΤΡΙΚΑ,0.0583489811530704
2022-04-01 20:00:00,13628,ΑΕΡΙΟ,0.1452150841262906
2022-04-01 20:00:00,55387,ΑΙΟΛΙΚΑ,0.5901840229309407
2022-04-01 20:00:00,13394,ΚΑΘΑΡΕΣ ΕΙΣΑΓΩΓΕΣ (ΕΙΣΑΓΩΓΕΣ-ΕΞΑΓΩΓΕΣ),0.1427216639849968
2022-04-01 20:00:00,7193,ΛΙΓΝΙΤΗΣ,0.0766460302407109
2022-04-01 20:00:00,93847,ΣΥΝΟΛΟ,1.0
2022-04-01 20:00:00,4245,ΥΔΡΟΗΛΕΚΤΡΙΚΑ,0.0452331987170607
2022-04-02 20:00:00,20759,ΑΕΡΙΟ,0.2409634358676726
2022-04-02 20:00:00,43091,ΑΙΟΛΙΚΑ,0.5001857225769007
2022-04-02 20:00:00,12669,ΚΑΘΑΡΕΣ ΕΙΣΑΓΩΓΕΣ (ΕΙΣΑΓΩΓΕΣ-ΕΞΑΓΩΓΕΣ),0.1470574579222286
2022-04-02 20:00:00,4132,ΛΙΓΝΙΤΗΣ,0.0479628554846198
2022-04-02 20:00:00,86150,ΣΥΝΟΛΟ,1.0
2022-04-02 20:00:00,5499,ΥΔΡΟΗΛΕΚΤΡΙΚΑ,0.063830528148578
2022-04-03 20:00:00,63051,ΑΕΡΙΟ,0.5755664287148777
2022-04-03 20:00:00,9986,ΑΙΟΛΙΚΑ,0.0911580523250506
2022-04-03 20:00:00,21530,ΚΑΘΑΡΕΣ ΕΙΣΑΓΩΓΕΣ (ΕΙΣΑΓΩΓΕΣ-ΕΞΑΓΩΓΕΣ),0.1965384404724955
2022-04-03 20:00:00,4509,ΛΙΓΝΙΤΗΣ,0.0411607909006262
2022-04-03 20:00:00,109546,ΣΥΝΟΛΟ,1.0
2022-04-03 20:00:00,10470,ΥΔΡΟΗΛΕΚΤΡΙΚΑ,0.0955762875869497
2022-04-04 20:00:00,48689,ΑΕΡΙΟ,0.4407999565437821
2022-04-04 20:00:00,16649,ΑΙΟΛΙΚΑ,0.1507297023249076
2022-04-04 20:00:00,25846,ΚΑΘΑΡΕΣ ΕΙΣΑΓΩΓΕΣ (ΕΙΣΑΓΩΓΕΣ-ΕΞΑΓΩΓΕΣ),0.2339936264213804
2022-04-04 20:00:00,7419,ΛΙΓΝΙΤΗΣ,0.0671670167306438
2022-04-04 20:00:00,110456,ΣΥΝΟΛΟ,1.0
2022-04-04 20:00:00,11853,ΥΔΡΟΗΛΕΚΤΡΙΚΑ,0.1073096979792858
2022-04-05 20:00:00,42923,ΑΕΡΙΟ,0.42835187864877
2022-04-05 20:00:00,6999,ΑΠΕ,0.0698468140312359
2022-04-05 20:00:00,32151,ΚΑΘΑΡΕΣ ΕΙΣΑΓΩΓΕΣ (ΕΙΣΑΓΩΓΕΣ-ΕΞΑΓΩΓΕΣ),0.3208522528815927
2022-04-05 20:00:00,8923,ΛΙΓΝΙΤΗΣ,0.08904745272192
2022-04-05 20:00:00,100205,ΣΥΝΟΛΟ,1.0
2022-04-05 20:00:00,9209,ΥΔΡΟΗΛΕΚΤΡΙΚΑ,0.0919016017164812
2022-04-06 20:00:00,23628,ΑΕΡΙΟ,0.2245345953188699
2022-04-06 20:00:00,41371,ΑΠΕ,0.3931446056770343
2022-04-06 20:00:00,26629,ΚΑΘΑΡΕΣ ΕΙΣΑΓΩΓΕΣ (ΕΙΣΑΓΩΓΕΣ-ΕΞΑΓΩΓΕΣ),0.2530528076327318
2022-04-06 20:00:00,6232,ΛΙΓΝΙΤΗΣ,0.0592220923492126
2022-04-06 20:00:00,105231,ΣΥΝΟΛΟ,1.0
2022-04-06 20:00:00,7371,ΥΔΡΟΗΛΕΚΤΡΙΚΑ,0.0700458990221512
2022-04-07 20:00:00,20250,ΑΕΡΙΟ,0.215052621518006
2022-04-07 20:00:00,32799,ΑΠΕ,0.3483215275639051
2022-04-07 20:00:00,29642,ΚΑΘΑΡΕΣ ΕΙΣΑΓΩΓΕΣ (ΕΙΣΑΓΩΓΕΣ-ΕΞΑΓΩΓΕΣ),0.3147945583721844
2022-04-07 20:00:00,4337,ΛΙΓΝΙΤΗΣ,0.0460584305937576
2022-04-07 20:00:00,94163,ΣΥΝΟΛΟ,1.0
2022-04-07 20:00:00,7135,ΥΔΡΟΗΛΕΚΤΡΙΚΑ,0.0757728619521468
2022-04-08 20:00:00,18798,ΑΕΡΙΟ,0.2124980217494517
2022-04-08 20:00:00,33659,ΑΠΕ,0.3804910583075219
2022-04-08 20:00:00,25060,ΚΑΘΑΡΕΣ ΕΙΣΑΓΩΓΕΣ (ΕΙΣΑΓΩΓΕΣ-ΕΞΑΓΩΓΕΣ),0.2832854785105469
2022-04-08 20:00:00,3274,ΛΙΓΝΙΤΗΣ,0.0370102416856955
2022-04-08 20:00:00,88462,ΣΥΝΟΛΟ,1.0
2022-04-08 20:00:00,7671,ΥΔΡΟΗΛΕΚΤΡΙΚΑ,0.0867151997467839
2022-04-09 20:00:00,13093,ΑΕΡΙΟ,0.1532635669803811
2022-04-09 20:00:00,46135,ΑΠΕ,0.5400454183640024
2022-04-09 20:00:00,14431,ΚΑΘΑΡΕΣ ΕΙΣΑΓΩΓΕΣ (ΕΙΣΑΓΩΓΕΣ-ΕΞΑΓΩΓΕΣ),0.1689258791028702
2022-04-09 20:00:00,4275,ΛΙΓΝΙΤΗΣ,0.0500421407501053
2022-04-09 20:00:00,85428,ΣΥΝΟΛΟ,1.0
2022-04-09 20:00:00,7494,ΥΔΡΟΗΛΕΚΤΡΙΚΑ,0.0877229948026408
2022-04-10 20:00:00,18812,ΑΕΡΙΟ,0.2092756783215227
2022-04-10 20:00:00,35178,ΑΠΕ,0.3913406236441913
2022-04-10 20:00:00,15058,ΚΑΘΑΡΕΣ ΕΙΣΑΓΩΓΕΣ (ΕΙΣΑΓΩΓΕΣ-ΕΞΑΓΩΓΕΣ),0.1675139891646549
2022-04-10 20:00:00,8805,ΛΙΓΝΙΤΗΣ,0.0979519640453438
2022-04-10 20:00:00,89891,ΣΥΝΟΛΟ,1.0
2022-04-10 20:00:00,12038,ΥΔΡΟΗΛΕΚΤΡΙΚΑ,0.1339177448242872
2022-04-11 20:00:00,39054,ΑΕΡΙΟ,0.3945087581065519
2022-04-11 20:00:00,8312,ΑΠΕ,0.0839646847283673
2022-04-11 20:00:00,30120,ΚΑΘΑΡΕΣ ΕΙΣΑΓΩΓΕΣ (ΕΙΣΑΓΩΓΕΣ-ΕΞΑΓΩΓΕΣ),0.3042608642948057
2022-04-11 20:00:00,8988,ΛΙΓΝΙΤΗΣ,0.0907933814170555
2022-04-11 20:00:00,98994,ΣΥΝΟΛΟ,1.0
2022-04-11 20:00:00,12520,ΥΔΡΟΗΛΕΚΤΡΙΚΑ,0.1264723114532193
2022-04-12 20:00:00,44075,ΑΕΡΙΟ,0.4402745035361809
2022-04-12 20:00:00,3272,ΑΠΕ,0.0326847005234346
2022-04-12 20:00:00,34088,ΚΑΘΑΡΕΣ ΕΙΣΑΓΩΓΕΣ (ΕΙΣΑΓΩΓΕΣ-ΕΞΑΓΩΓΕΣ),0.3405122467734846
2022-04-12 20:00:00,8972,ΛΙΓΝΙΤΗΣ,0.0896232069365085
2022-04-12 20:00:00,100108,ΣΥΝΟΛΟ,1.0
2022-04-12 20:00:00,9701,ΥΔΡΟΗΛΕΚΤΡΙΚΑ,0.0969053422303911
2022-04-13 20:00:00,40375,ΑΕΡΙΟ,0.411226090322055
2022-04-13 20:00:00,7045,ΑΠΕ,0.0717544967509319
2022-04-13 20:00:00,32740,ΚΑΘΑΡΕΣ ΕΙΣΑΓΩΓΕΣ (ΕΙΣΑΓΩΓΕΣ-ΕΞΑΓΩΓΕΣ),0.333462345440101
2022-04-13 20:00:00,8624,ΛΙΓΝΙΤΗΣ,0.0878368743761585
2022-04-13 20:00:00,98182,ΣΥΝΟΛΟ,1.0
2022-04-13 20:00:00,9398,ΥΔΡΟΗΛΕΚΤΡΙΚΑ,0.0957201931107535
2022-04-14 20:00:00,31794,ΑΕΡΙΟ,0.3289942052980132
2022-04-14 20:00:00,23590,ΑΠΕ,0.2441018211920529
2022-04-14 20:00:00,27203,ΚΑΘΑΡΕΣ ΕΙΣΑΓΩΓΕΣ (ΕΙΣΑΓΩΓΕΣ-ΕΞΑΓΩΓΕΣ),0.2814879966887417
2022-04-14 20:00:00,4765,ΛΙΓΝΙΤΗΣ,0.0493067052980132
2022-04-14 20:00:00,96640,ΣΥΝΟΛΟ,1.0
2022-04-14 20:00:00,9288,ΥΔΡΟΗΛΕΚΤΡΙΚΑ,0.0961092715231788
2022-04-15 20:00:00,31680,ΑΕΡΙΟ,0.3166669998600587
2022-04-15 20:00:00,11287,ΑΠΕ,0.1128226145019092
2022-04-15 20:00:00,46057,ΚΑΘΑΡΕΣ ΕΙΣΑΓΩΓΕΣ (ΕΙΣΑΓΩΓΕΣ-ΕΞΑΓΩΓΕΣ),0.4603766418104396
2022-04-15 20:00:00,4498,ΛΙΓΝΙΤΗΣ,0.0449611163311409
2022-04-15 20:00:00,100042,ΣΥΝΟΛΟ,1.0
2022-04-15 20:00:00,6520,ΥΔΡΟΗΛΕΚΤΡΙΚΑ,0.0651726274964514
2022-04-16 20:00:00,14304,ΑΕΡΙΟ,0.1318620537072374
2022-04-16 20:00:00,47731,ΑΠΕ,0.4400103247693059
2022-04-16 20:00:00,36006,ΚΑΘΑΡΕΣ ΕΙΣΑΓΩΓΕΣ (ΕΙΣΑΓΩΓΕΣ-ΕΞΑΓΩΓΕΣ),0.3319228960977903
2022-04-16 20:00:00,4275,ΛΙΓΝΙΤΗΣ,0.0394092756989961
2022-04-16 20:00:00,108477,ΣΥΝΟΛΟ,1.0
2022-04-16 20:00:00,6161,ΥΔΡΟΗΛΕΚΤΡΙΚΑ,0.0567954497266701
2022-04-17 20:00:00,36647,ΑΕΡΙΟ,0.3003286265704006
2022-04-17 20:00:00,38562,ΑΠΕ,0.3160223892217041
2022-04-17 20:00:00,31816,ΚΑΘΑΡΕΣ ΕΙΣΑΓΩΓΕΣ (ΕΙΣΑΓΩΓΕΣ-ΕΞΑΓΩΓΕΣ),0.260737729772256
2022-04-17 20:00:00,4514,ΛΙΓΝΙΤΗΣ,0.0369930259049523
2022-04-17 20:00:00,122023,ΣΥΝΟΛΟ,1.0
2022-04-17 20:00:00,10484,ΥΔΡΟΗΛΕΚΤΡΙΚΑ,0.0859182285306868
2022-04-18 20:00:00,47750,ΑΕΡΙΟ,0.4075588293032664
2022-04-18 20:00:00,14639,ΑΠΕ,0.1249477215114244
2022-04-18 20:00:00,40012,ΚΑΘΑΡΕΣ ΕΙΣΑΓΩΓΕΣ (ΕΙΣΑΓΩΓΕΣ-ΕΞΑΓΩΓΕΣ),0.341512960797535
2022-04-18 20:00:00,4596,ΛΙΓΝΙΤΗΣ,0.0392280707744044
2022-04-18 20:00:00,117161,ΣΥΝΟΛΟ,1.0
2022-04-18 20:00:00,10164,ΥΔΡΟΗΛΕΚΤΡΙΚΑ,0.0867524176133696
2022-04-19 20:00:00,37822,ΑΕΡΙΟ,0.360604471564094
2022-04-19 20:00:00,27559,ΑΠΕ,0.2627544453449015
2022-04-19 20:00:00,25954,ΚΑΘΑΡΕΣ ΕΙΣΑΓΩΓΕΣ (ΕΙΣΑΓΩΓΕΣ-ΕΞΑΓΩΓΕΣ),0.2474519712065595
2022-04-19 20:00:00,4498,ΛΙΓΝΙΤΗΣ,0.0428850645945559
2022-04-19 20:00:00,104885,ΣΥΝΟΛΟ,1.0
2022-04-19 20:00:00,9052,ΥΔΡΟΗΛΕΚΤΡΙΚΑ,0.0863040472898889
2022-04-20 20:00:00,45276,ΑΕΡΙΟ,0.4345147266288544
2022-04-20 20:00:00,12255,ΑΠΕ,0.1176114933924509
2022-04-20 20:00:00,34016,ΚΑΘΑΡΕΣ ΕΙΣΑΓΩΓΕΣ (ΕΙΣΑΓΩΓΕΣ-ΕΞΑΓΩΓΕΣ),0.3264522692156354
2022-04-20 20:00:00,4662,ΛΙΓΝΙΤΗΣ,0.0447413122966631
2022-04-20 20:00:00,104199,ΣΥΝΟΛΟ,1.0
2022-04-20 20:00:00,7990,ΥΔΡΟΗΛΕΚΤΡΙΚΑ,0.076680198466396
2022-04-21 20:00:00,20199,ΑΕΡΙΟ,0.2480169936887601
2022-04-21 20:00:00,33404,ΑΠΕ,0.4101569214901402
2022-04-21 20:00:00,18904,ΚΑΘΑΡΕΣ ΕΙΣΑΓΩΓΕΣ (ΕΙΣΑΓΩΓΕΣ-ΕΞΑΓΩΓΕΣ),0.2321161071682915
2022-04-21 20:00:00,4452,ΛΙΓΝΙΤΗΣ,0.0546646693352324
2022-04-21 20:00:00,81442,ΣΥΝΟΛΟ,1.0
2022-04-21 20:00:00,4483,ΥΔΡΟΗΛΕΚΤΡΙΚΑ,0.0550453083175756
2022-04-22 20:00:00,23917,ΑΕΡΙΟ,0.2831318882956684
2022-04-22 20:00:00,16705,ΑΠΕ,0.1977554958389071
2022-04-22 20:00:00,32851,ΚΑΘΑΡΕΣ ΕΙΣΑΓΩΓΕΣ (ΕΙΣΑΓΩΓΕΣ-ΕΞΑΓΩΓΕΣ),0.3888934925952671
2022-04-22 20:00:00,4405,ΛΙΓΝΙΤΗΣ,0.0521468398186402
2022-04-22 20:00:00,84473,ΣΥΝΟΛΟ,1.0
2022-04-22 20:00:00,6595,ΥΔΡΟΗΛΕΚΤΡΙΚΑ,0.078072283451517
2022-04-23 20:00:00,19334,ΑΕΡΙΟ,0.2866632070576025
2022-04-23 20:00:00,5674,ΑΠΕ,0.0841278078434279
2022-04-23 20:00:00,29986,ΚΑΘΑΡΕΣ ΕΙΣΑΓΩΓΕΣ (ΕΙΣΑΓΩΓΕΣ-ΕΞΑΓΩΓΕΣ),0.4445993031358885
2022-04-23 20:00:00,4750,ΛΙΓΝΙΤΗΣ,0.070427755949292
2022-04-23 20:00:00,67445,ΣΥΝΟΛΟ,1.0
2022-04-23 20:00:00,7701,ΥΔΡΟΗΛΕΚΤΡΙΚΑ,0.114181926013789
2022-04-24 20:00:00,26223,ΑΕΡΙΟ,0.388270307086381
2022-04-24 20:00:00,17276,ΑΠΕ,0.2557967366519589
2022-04-24 20:00:00,13636,ΚΑΘΑΡΕΣ ΕΙΣΑΓΩΓΕΣ (ΕΙΣΑΓΩΓΕΣ-ΕΞΑΓΩΓΕΣ),0.2019011519440907
2022-04-24 20:00:00,4873,ΛΙΓΝΙΤΗΣ,0.0721519737036927
2022-04-24 20:00:00,67538,ΣΥΝΟΛΟ,1.0
2022-04-24 20:00:00,5530,ΥΔΡΟΗΛΕΚΤΡΙΚΑ,0.0818798306138766
2022-04-25 20:00:00,29972,ΑΕΡΙΟ,0.355173190183322
2022-04-25 20:00:00,11573,ΑΠΕ,0.1371419768447746
2022-04-25 20:00:00,30991,ΚΑΘΑΡΕΣ ΕΙΣΑΓΩΓΕΣ (ΕΙΣΑΓΩΓΕΣ-ΕΞΑΓΩΓΕΣ),0.3672485098415632
2022-04-25 20:00:00,6236,ΛΙΓΝΙΤΗΣ,0.0738976382618175
2022-04-25 20:00:00,84387,ΣΥΝΟΛΟ,1.0
2022-04-25 20:00:00,5615,ΥΔΡΟΗΛΕΚΤΡΙΚΑ,0.0665386848685224
2022-04-26 20:00:00,32769,ΑΕΡΙΟ,0.3520898248630063
2022-04-26 20:00:00,8064,ΑΠΕ,0.0866444611582679
2022-04-26 20:00:00,36733,ΚΑΘΑΡΕΣ ΕΙΣΑΓΩΓΕΣ (ΕΙΣΑΓΩΓΕΣ-ΕΞΑΓΩΓΕΣ),0.394681422585151
2022-04-26 20:00:00,8292,ΛΙΓΝΙΤΗΣ,0.0890942301493499
2022-04-26 20:00:00,93070,ΣΥΝΟΛΟ,1.0
2022-04-26 20:00:00,7212,ΥΔΡΟΗΛΕΚΤΡΙΚΑ,0.0774900612442247
2022-04-27 20:00:00,25882,ΑΕΡΙΟ,0.2773764869788875
2022-04-27 20:00:00,17836,ΑΠΕ,0.1911477869467366
2022-04-27 20:00:00,33287,ΚΑΘΑΡΕΣ ΕΙΣΑΓΩΓΕΣ (ΕΙΣΑΓΩΓΕΣ-ΕΞΑΓΩΓΕΣ),0.3567356124745472
2022-04-27 20:00:00,8175,ΛΙΓΝΙΤΗΣ,0.0876111885114135
2022-04-27 20:00:00,93310,ΣΥΝΟΛΟ,1.0
2022-04-27 20:00:00,8130,ΥΔΡΟΗΛΕΚΤΡΙΚΑ,0.0871289250884149
2022-04-28 20:00:00,19958,ΑΕΡΙΟ,0.2032631278771336
2022-04-28 20:00:00,52332,ΑΠΕ,0.5329775532651648
2022-04-28 20:00:00,15122,ΚΑΘΑΡΕΣ ΕΙΣΑΓΩΓΕΣ (ΕΙΣΑΓΩΓΕΣ-ΕΞΑΓΩΓΕΣ),0.154010673402045
2022-04-28 20:00:00,5335,ΛΙΓΝΙΤΗΣ,0.0543345418992137
2022-04-28 20:00:00,98188,ΣΥΝΟΛΟ,1.0
2022-04-28 20:00:00,5441,ΥΔΡΟΗΛΕΚΤΡΙΚΑ,0.0554141035564427
2022-04-29 20:00:00,19993,ΑΕΡΙΟ,0.2145885433996286
2022-04-29 20:00:00,44753,ΑΠΕ,0.4803421738990436
2022-04-29 20:00:00,17776,ΚΑΘΑΡΕΣ ΕΙΣΑΓΩΓΕΣ (ΕΙΣΑΓΩΓΕΣ-ΕΞΑΓΩΓΕΣ),0.1907930749498223
2022-04-29 20:00:00,4707,ΛΙΓΝΙΤΗΣ,0.050521096072728
2022-04-29 20:00:00,93169,ΣΥΝΟΛΟ,1.0
2022-04-29 20:00:00,5940,ΥΔΡΟΗΛΕΚΤΡΙΚΑ,0.0637551116787772
2022-04-30 20:00:00,21618,ΑΕΡΙΟ,0.2529130984135898
2022-04-30 20:00:00,31281,ΑΠΕ,0.3659623754036221
2022-04-30 20:00:00,20743,ΚΑΘΑΡΕΣ ΕΙΣΑΓΩΓΕΣ (ΕΙΣΑΓΩΓΕΣ-ΕΞΑΓΩΓΕΣ),0.2426763067995694
2022-04-30 20:00:00,4397,ΛΙΓΝΙΤΗΣ,0.051441340259254
2022-04-30 20:00:00,85476,ΣΥΝΟΛΟ,1.0
2022-04-30 20:00:00,7437,ΥΔΡΟΗΛΕΚΤΡΙΚΑ,0.0870068791239646
2022-05-01 20:00:00,25768,ΑΕΡΙΟ,0.2719061286510214
2022-05-01 20:00:00,35057,ΑΠΕ,0.3699244470707412
2022-05-01 20:00:00,19419,ΚΑΘΑΡΕΣ ΕΙΣΑΓΩΓΕΣ (ΕΙΣΑΓΩΓΕΣ-ΕΞΑΓΩΓΕΣ),0.2049109404018234
2022-05-01 20:00:00,4498,ΛΙΓΝΙΤΗΣ,0.0474632787438797
2022-05-01 20:00:00,94768,ΣΥΝΟΛΟ,1.0
2022-05-01 20:00:00,10026,ΥΔΡΟΗΛΕΚΤΡΙΚΑ,0.1057952051325342
2022-05-02 20:00:00,34695,ΑΕΡΙΟ,0.3448121645796064
2022-05-02 20:00:00,17403,ΑΠΕ,0.1729576624925462
2022-05-02 20:00:00,33459,ΚΑΘΑΡΕΣ ΕΙΣΑΓΩΓΕΣ (ΕΙΣΑΓΩΓΕΣ-ΕΞΑΓΩΓΕΣ),0.3325283243887895
2022-05-02 20:00:00,4877,ΛΙΓΝΙΤΗΣ,0.0484694891671635
2022-05-02 20:00:00,100620,ΣΥΝΟΛΟ,1.0
2022-05-02 20:00:00,10186,ΥΔΡΟΗΛΕΚΤΡΙΚΑ,0.1012323593718942
2022-05-03 20:00:00,40958,ΑΕΡΙΟ,0.404659342396459
2022-05-03 20:00:00,8762,ΑΠΕ,0.0865673411318368
2022-05-03 20:00:00,28663,ΚΑΘΑΡΕΣ ΕΙΣΑΓΩΓΕΣ (ΕΙΣΑΓΩΓΕΣ-ΕΞΑΓΩΓΕΣ),0.2831864527347455
2022-05-03 20:00:00,7985,ΛΙΓΝΙΤΗΣ,0.0788906892190958
2022-05-03 20:00:00,101216,ΣΥΝΟΛΟ,1.0
2022-05-03 20:00:00,14848,ΥΔΡΟΗΛΕΚΤΡΙΚΑ,0.1466961745178628
2022-05-04 20:00:00,53394,ΑΕΡΙΟ,0.5533802481163266
2022-05-04 20:00:00,3162,ΑΠΕ,0.0327712541585913
2022-05-04 20:00:00,17878,ΚΑΘΑΡΕΣ ΕΙΣΑΓΩΓΕΣ (ΕΙΣΑΓΩΓΕΣ-ΕΞΑΓΩΓΕΣ),0.1852892099453812
2022-05-04 20:00:00,10823,ΛΙΓΝΙΤΗΣ,0.1121705514732554
2022-05-04 20:00:00,96487,ΣΥΝΟΛΟ,1.0
2022-05-04 20:00:00,11230,ΥΔΡΟΗΛΕΚΤΡΙΚΑ,0.1163887363064454
2022-05-05 20:00:00,46913,ΑΕΡΙΟ,0.4593144501992422
2022-05-05 20:00:00,18357,ΑΠΕ,0.1797291872680811
2022-05-05 20:00:00,13254,ΚΑΘΑΡΕΣ ΕΙΣΑΓΩΓΕΣ (ΕΙΣΑΓΩΓΕΣ-ΕΞΑΓΩΓΕΣ),0.1297668817372744
2022-05-05 20:00:00,11188,ΛΙΓΝΙΤΗΣ,0.1095391483987193
2022-05-05 20:00:00,102137,ΣΥΝΟΛΟ,1.0
2022-05-05 20:00:00,12425,ΥΔΡΟΗΛΕΚΤΡΙΚΑ,0.1216503323966828
2022-05-06 20:00:00,26146,ΑΕΡΙΟ,0.297090004204211
2022-05-06 20:00:00,41595,ΑΠΕ,0.4726328587498721
2022-05-06 20:00:00,3426,ΚΑΘΑΡΕΣ ΕΙΣΑΓΩΓΕΣ (ΕΙΣΑΓΩΓΕΣ-ΕΞΑΓΩΓΕΣ),0.0389287215789653
2022-05-06 20:00:00,9740,ΛΙΓΝΙΤΗΣ,0.1106730146465622
2022-05-06 20:00:00,88007,ΣΥΝΟΛΟ,1.0
2022-05-06 20:00:00,7100,ΥΔΡΟΗΛΕΚΤΡΙΚΑ,0.0806754008203892
2022-05-07 20:00:00,25906,ΑΕΡΙΟ,0.2956192301986694
2022-05-07 20:00:00,29179,ΑΠΕ,0.3329681740896694
2022-05-07 20:00:00,19903,ΚΑΘΑΡΕΣ ΕΙΣΑΓΩΓΕΣ (ΕΙΣΑΓΩΓΕΣ-ΕΞΑΓΩΓΕΣ),0.2271176383325916
2022-05-07 20:00:00,4678,ΛΙΓΝΙΤΗΣ,0.0533817169331188
2022-05-07 20:00:00,87633,ΣΥΝΟΛΟ,1.0
2022-05-07 20:00:00,7967,ΥΔΡΟΗΛΕΚΤΡΙΚΑ,0.0909132404459507
2022-05-08 20:00:00,34071,ΑΕΡΙΟ,0.375744408663814
2022-05-08 20:00:00,31953,ΑΠΕ,0.3523865190348052
2022-05-08 20:00:00,12160,ΚΑΘΑΡΕΣ ΕΙΣΑΓΩΓΕΣ (ΕΙΣΑΓΩΓΕΣ-ΕΞΑΓΩΓΕΣ),0.1341038422515329
2022-05-08 20:00:00,5065,ΛΙΓΝΙΤΗΣ,0.0558582204773038
2022-05-08 20:00:00,90676,ΣΥΝΟΛΟ,1.0
2022-05-08 20:00:00,7427,ΥΔΡΟΗΛΕΚΤΡΙΚΑ,0.081907009572544
2022-05-09 20:00:00,31356,ΑΕΡΙΟ,0.3310877874685869
2022-05-09 20:00:00,33312,ΑΠΕ,0.3517411779612696
2022-05-09 20:00:00,12652,ΚΑΘΑΡΕΣ ΕΙΣΑΓΩΓΕΣ (ΕΙΣΑΓΩΓΕΣ-ΕΞΑΓΩΓΕΣ),0.133592380630583
2022-05-09 20:00:00,6689,ΛΙΓΝΙΤΗΣ,0.0706291048085654
2022-05-09 20:00:00,94706,ΣΥΝΟΛΟ,1.0
2022-05-09 20:00:00,10697,ΥΔΡΟΗΛΕΚΤΡΙΚΑ,0.1129495491309948
2022-05-10 20:00:00,45424,ΑΕΡΙΟ,0.4697560420695575
2022-05-10 20:00:00,19721,ΑΠΕ,0.2039463478701511
2022-05-10 20:00:00,8570,ΚΑΘΑΡΕΣ ΕΙΣΑΓΩΓΕΣ (ΕΙΣΑΓΩΓΕΣ-ΕΞΑΓΩΓΕΣ),0.0886273617588963
2022-05-10 20:00:00,10618,ΛΙΓΝΙΤΗΣ,0.1098069226553047
2022-05-10 20:00:00,96697,ΣΥΝΟΛΟ,1.0
2022-05-10 20:00:00,12364,ΥΔΡΟΗΛΕΚΤΡΙΚΑ,0.1278633256460903
2022-05-11 20:00:00,45044,ΑΕΡΙΟ,0.457123140311352
2022-05-11 20:00:00,4815,ΑΠΕ,0.0488643974913231
2022-05-11 20:00:00,26976,ΚΑΘΑΡΕΣ ΕΙΣΑΓΩΓΕΣ (ΕΙΣΑΓΩΓΕΣ-ΕΞΑΓΩΓΕΣ),0.2737624063812945
2022-05-11 20:00:00,9901,ΛΙΓΝΙΤΗΣ,0.100479003024214
2022-05-11 20:00:00,98538,ΣΥΝΟΛΟ,1.0
2022-05-11 20:00:00,11802,ΥΔΡΟΗΛΕΚΤΡΙΚΑ,0.1197710527918163
2022-05-12 20:00:00,57669,ΑΕΡΙΟ,0.5743867092957241
2022-05-12 20:00:00,4221,ΑΠΕ,0.0420414139301401
2022-05-12 20:00:00,17616,ΚΑΘΑΡΕΣ ΕΙΣΑΓΩΓΕΣ (ΕΙΣΑΓΩΓΕΣ-ΕΞΑΓΩΓΕΣ),0.1754564197567753
2022-05-12 20:00:00,9732,ΛΙΓΝΙΤΗΣ,0.096931305465085
2022-05-12 20:00:00,100401,ΣΥΝΟΛΟ,1.0
2022-05-12 20:00:00,11163,ΥΔΡΟΗΛΕΚΤΡΙΚΑ,0.1111841515522753
2022-05-13 20:00:00,45538,ΑΕΡΙΟ,0.4815574637282687
2022-05-13 20:00:00,6376,ΑΠΕ,0.0674252358191278
2022-05-13 20:00:00,28584,ΚΑΘΑΡΕΣ ΕΙΣΑΓΩΓΕΣ (ΕΙΣΑΓΩΓΕΣ-ΕΞΑΓΩΓΕΣ),0.3022714775178715
2022-05-13 20:00:00,5047,ΛΙΓΝΙΤΗΣ,0.0533712617909563
2022-05-13 20:00:00,94564,ΣΥΝΟΛΟ,1.0
2022-05-13 20:00:00,9019,ΥΔΡΟΗΛΕΚΤΡΙΚΑ,0.0953745611437756
2022-05-14 20:00:00,34116,ΑΕΡΙΟ,0.3977336317851147
2022-05-14 20:00:00,6443,ΑΠΕ,0.075114251072561
2022-05-14 20:00:00,32627,ΚΑΘΑΡΕΣ ΕΙΣΑΓΩΓΕΣ (ΕΙΣΑΓΩΓΕΣ-ΕΞΑΓΩΓΕΣ),0.3803744637194553
2022-05-14 20:00:00,4677,ΛΙΓΝΙΤΗΣ,0.0545257414661443
2022-05-14 20:00:00,85776,ΣΥΝΟΛΟ,1.0
2022-05-14 20:00:00,7913,ΥΔΡΟΗΛΕΚΤΡΙΚΑ,0.0922519119567245
2022-05-15 20:00:00,54085,ΑΕΡΙΟ,0.5434640621388881
2022-05-15 20:00:00,3606,ΑΠΕ,0.0362342869200856
2022-05-15 20:00:00,26025,ΚΑΘΑΡΕΣ ΕΙΣΑΓΩΓΕΣ (ΕΙΣΑΓΩΓΕΣ-ΕΞΑΓΩΓΕΣ),0.2615078527718325
2022-05-15 20:00:00,5572,ΛΙΓΝΙΤΗΣ,0.0559893085742421
2022-05-15 20:00:00,99519,ΣΥΝΟΛΟ,1.0
2022-05-15 20:00:00,10231,ΥΔΡΟΗΛΕΚΤΡΙΚΑ,0.1028044895949517
2022-05-16 20:00:00,59070,ΑΕΡΙΟ,0.5721674948420655
2022-05-16 20:00:00,4403,ΑΠΕ,0.0426486114743459
2022-05-16 20:00:00,19838,ΚΑΘΑΡΕΣ ΕΙΣΑΓΩΓΕΣ (ΕΙΣΑΓΩΓΕΣ-ΕΞΑΓΩΓΕΣ),0.1921560650529354
2022-05-16 20:00:00,8673,ΛΙΓΝΙΤΗΣ,0.0840089501060645
2022-05-16 20:00:00,103239,ΣΥΝΟΛΟ,1.0
2022-05-16 20:00:00,11255,ΥΔΡΟΗΛΕΚΤΡΙΚΑ,0.1090188785245885
2022-05-17 20:00:00,49293,ΑΕΡΙΟ,0.4820265592302126
2022-05-17 20:00:00,18074,ΑΠΕ,0.176742093837398
2022-05-17 20:00:00,15347,ΚΑΘΑΡΕΣ ΕΙΣΑΓΩΓΕΣ (ΕΙΣΑΓΩΓΕΣ-ΕΞΑΓΩΓΕΣ),0.1500752967866852
2022-05-17 20:00:00,12047,ΛΙΓΝΙΤΗΣ,0.1178052453501789
2022-05-17 20:00:00,102262,ΣΥΝΟΛΟ,1.0
2022-05-17 20:00:00,7501,ΥΔΡΟΗΛΕΚΤΡΙΚΑ,0.0733508047955252
2022-05-18 20:00:00,27362,ΑΕΡΙΟ,0.306165379881392
2022-05-18 20:00:00,60254,ΑΠΕ,0.6742083473201298
2022-05-18 20:00:00,-12493,ΚΑΘΑΡΕΣ ΕΙΣΑΓΩΓΕΣ (ΕΙΣΑΓΩΓΕΣ-ΕΞΑΓΩΓΕΣ),-0.1397896385811793
2022-05-18 20:00:00,5123,ΛΙΓΝΙΤΗΣ,0.0573234866286225
2022-05-18 20:00:00,89370,ΣΥΝΟΛΟ,1.0
2022-05-18 20:00:00,9124,ΥΔΡΟΗΛΕΚΤΡΙΚΑ,0.102092424751035
2022-05-19 20:00:00,23187,ΑΕΡΙΟ,0.2602765866690613
2022-05-19 20:00:00,51382,ΑΠΕ,0.5767685158161776
2022-05-19 20:00:00,53,ΚΑΘΑΡΕΣ ΕΙΣΑΓΩΓΕΣ (ΕΙΣΑΓΩΓΕΣ-ΕΞΑΓΩΓΕΣ),0.0005949307410816
2022-05-19 20:00:00,5522,ΛΙΓΝΙΤΗΣ,0.0619850481557147
2022-05-19 20:00:00,89086,ΣΥΝΟΛΟ,1.0
2022-05-19 20:00:00,8942,ΥΔΡΟΗΛΕΚΤΡΙΚΑ,0.1003749186179646
2022-05-20 20:00:00,34636,ΑΕΡΙΟ,0.3921781763420406
2022-05-20 20:00:00,19649,ΑΠΕ,0.2224826477348641
2022-05-20 20:00:00,19729,ΚΑΘΑΡΕΣ ΕΙΣΑΓΩΓΕΣ (ΕΙΣΑΓΩΓΕΣ-ΕΞΑΓΩΓΕΣ),0.2233884756049231
2022-05-20 20:00:00,5204,ΛΙΓΝΙΤΗΣ,0.0589241029473374
2022-05-20 20:00:00,88317,ΣΥΝΟΛΟ,1.0
2022-05-20 20:00:00,9099,ΥΔΡΟΗΛΕΚΤΡΙΚΑ,0.1030265973708346
2022-05-21 20:00:00,32109,ΑΕΡΙΟ,0.3719203549048452
2022-05-21 20:00:00,9426,ΑΠΕ,0.1091818887331611
2022-05-21 20:00:00,31258,ΚΑΘΑΡΕΣ ΕΙΣΑΓΩΓΕΣ (ΕΙΣΑΓΩΓΕΣ-ΕΞΑΓΩΓΕΣ),0.3620631739890887
2022-05-21 20:00:00,4707,ΛΙΓΝΙΤΗΣ,0.0545214460287491
2022-05-21 20:00:00,86333,ΣΥΝΟΛΟ,1.0
2022-05-21 20:00:00,8833,ΥΔΡΟΗΛΕΚΤΡΙΚΑ,0.1023131363441557
2022-05-22 20:00:00,50548,ΑΕΡΙΟ,0.5043200638531378
2022-05-22 20:00:00,11443,ΑΠΕ,0.114167414945625
2022-05-22 20:00:00,23413,ΚΑΘΑΡΕΣ ΕΙΣΑΓΩΓΕΣ (ΕΙΣΑΓΩΓΕΣ-ΕΞΑΓΩΓΕΣ),0.2335927367055771
2022-05-22 20:00:00,4784,ΛΙΓΝΙΤΗΣ,0.0477302204928664
2022-05-22 20:00:00,100230,ΣΥΝΟΛΟ,1.0
2022-05-22 20:00:00,10042,ΥΔΡΟΗΛΕΚΤΡΙΚΑ,0.1001895640027935
2022-05-23 20:00:00,50412,ΑΕΡΙΟ,0.4886540978044879
2022-05-23 20:00:00,7267,ΑΠΕ,0.0704405563902486
2022-05-23 20:00:00,31244,ΚΑΘΑΡΕΣ ΕΙΣΑΓΩΓΕΣ (ΕΙΣΑΓΩΓΕΣ-ΕΞΑΓΩΓΕΣ),0.3028546503174526
2022-05-23 20:00:00,4922,ΛΙΓΝΙΤΗΣ,0.0477099791595987
2022-05-23 20:00:00,103165,ΣΥΝΟΛΟ,1.0
2022-05-23 20:00:00,9320,ΥΔΡΟΗΛΕΚΤΡΙΚΑ,0.090340716328212
2022-05-24 20:00:00,44884,ΑΕΡΙΟ,0.4267067223135939
2022-05-24 20:00:00,6491,ΑΠΕ,0.0617091465675416
2022-05-24 20:00:00,36820,ΚΑΘΑΡΕΣ ΕΙΣΑΓΩΓΕΣ (ΕΙΣΑΓΩΓΕΣ-ΕΞΑΓΩΓΕΣ),0.3500432562959301
2022-05-24 20:00:00,6822,ΛΙΓΝΙΤΗΣ,0.0648559232604789
2022-05-24 20:00:00,105187,ΣΥΝΟΛΟ,1.0
2022-05-24 20:00:00,10170,ΥΔΡΟΗΛΕΚΤΡΙΚΑ,0.0966849515624554
2022-05-25 20:00:00,50866,ΑΕΡΙΟ,0.4671619995775282
2022-05-25 20:00:00,5403,ΑΠΕ,0.0496220713977388
2022-05-25 20:00:00,30001,ΚΑΘΑΡΕΣ ΕΙΣΑΓΩΓΕΣ (ΕΙΣΑΓΩΓΕΣ-ΕΞΑΓΩΓΕΣ),0.2755342890993084
2022-05-25 20:00:00,11241,ΛΙΓΝΙΤΗΣ,0.1032392568169503
2022-05-25 20:00:00,108883,ΣΥΝΟΛΟ,1.0
2022-05-25 20:00:00,11372,ΥΔΡΟΗΛΕΚΤΡΙΚΑ,0.1044423831084742
2022-05-26 20:00:00,51366,ΑΕΡΙΟ,0.4537953212241147
2022-05-26 20:00:00,6915,ΑΠΕ,0.0610908898155346
2022-05-26 20:00:00,31049,ΚΑΘΑΡΕΣ ΕΙΣΑΓΩΓΕΣ (ΕΙΣΑΓΩΓΕΣ-ΕΞΑΓΩΓΕΣ),0.2743038377270478
2022-05-26 20:00:00,11321,ΛΙΓΝΙΤΗΣ,0.1000159021838999
2022-05-26 20:00:00,113192,ΣΥΝΟΛΟ,1.0
2022-05-26 20:00:00,12541,ΥΔΡΟΗΛΕΚΤΡΙΚΑ,0.1107940490494027
2022-05-27 20:00:00,43804,ΑΕΡΙΟ,0.4101306118627405
2022-05-27 20:00:00,10976,ΑΠΕ,0.1027667244042881
2022-05-27 20:00:00,29670,ΚΑΘΑΡΕΣ ΕΙΣΑΓΩΓΕΣ (ΕΙΣΑΓΩΓΕΣ-ΕΞΑΓΩΓΕΣ),0.2777959833341136
2022-05-27 20:00:00,11345,ΛΙΓΝΙΤΗΣ,0.1062216188380693
2022-05-27 20:00:00,106805,ΣΥΝΟΛΟ,1.0
2022-05-27 20:00:00,11010,ΥΔΡΟΗΛΕΚΤΡΙΚΑ,0.1030850615607883
2022-05-28 20:00:00,22362,ΑΕΡΙΟ,0.2332996004214875
2022-05-28 20:00:00,31461,ΑΠΕ,0.3282281874993479
2022-05-28 20:00:00,24206,ΚΑΘΑΡΕΣ ΕΙΣΑΓΩΓΕΣ (ΕΙΣΑΓΩΓΕΣ-ΕΞΑΓΩΓΕΣ),0.2525377930329365
2022-05-28 20:00:00,5265,ΛΙΓΝΙΤΗΣ,0.0549290043922337
2022-05-28 20:00:00,95851,ΣΥΝΟΛΟ,1.0
2022-05-28 20:00:00,12557,ΥΔΡΟΗΛΕΚΤΡΙΚΑ,0.1310054146539942
2022-05-29 20:00:00,45529,ΑΕΡΙΟ,0.4329209733091179
2022-05-29 20:00:00,12738,ΑΠΕ,0.1211216446223625
2022-05-29 20:00:00,24714,ΚΑΘΑΡΕΣ ΕΙΣΑΓΩΓΕΣ (ΕΙΣΑΓΩΓΕΣ-ΕΞΑΓΩΓΕΣ),0.2349976703718847
2022-05-29 20:00:00,5672,ΛΙΓΝΙΤΗΣ,0.0539332680403548
2022-05-29 20:00:00,105167,ΣΥΝΟΛΟ,1.0
2022-05-29 20:00:00,16514,ΥΔΡΟΗΛΕΚΤΡΙΚΑ,0.15702644365628
2022-05-30 20:00:00,53199,ΑΕΡΙΟ,0.4722712947756225
2022-05-30 20:00:00,10589,ΑΠΕ,0.0940032846553331
2022-05-30 20:00:00,26330,ΚΑΘΑΡΕΣ ΕΙΣΑΓΩΓΕΣ (ΕΙΣΑΓΩΓΕΣ-ΕΞΑΓΩΓΕΣ),0.2337431754627369
2022-05-30 20:00:00,7437,ΛΙΓΝΙΤΗΣ,0.0660215721958364
2022-05-30 20:00:00,112645,ΣΥΝΟΛΟ,1.0
2022-05-30 20:00:00,15090,ΥΔΡΟΗΛΕΚΤΡΙΚΑ,0.1339606729104709
2022-05-31 20:00:00,53245,ΑΕΡΙΟ,0.4703538806734863
2022-05-31 20:00:00,11709,ΑΠΕ,0.1034345682938464
2022-05-31 20:00:00,23285,ΚΑΘΑΡΕΣ ΕΙΣΑΓΩΓΕΣ (ΕΙΣΑΓΩΓΕΣ-ΕΞΑΓΩΓΕΣ),0.2056942456847052
2022-05-31 20:00:00,11515,ΛΙΓΝΙΤΗΣ,0.1017208176533983
2022-05-31 20:00:00,113202,ΣΥΝΟΛΟ,1.0
2022-05-31 20:00:00,13448,ΥΔΡΟΗΛΕΚΤΡΙΚΑ,0.1187964876945637
2022-06-01 20:00:00,41901,ΑΕΡΙΟ,0.3621677687021911
2022-06-01 20:00:00,37551,ΑΠΕ,0.324568909633087
2022-06-01 20:00:00,13910,ΚΑΘΑΡΕΣ ΕΙΣΑΓΩΓΕΣ (ΕΙΣΑΓΩΓΕΣ-ΕΞΑΓΩΓΕΣ),0.1202299148623536
2022-06-01 20:00:00,9352,ΛΙΓΝΙΤΗΣ,0.0808332252906348
2022-06-01 20:00:00,115695,ΣΥΝΟΛΟ,1.0
2022-06-01 20:00:00,12981,ΥΔΡΟΗΛΕΚΤΡΙΚΑ,0.1122001815117334
2022-06-02 20:00:00,37666,ΑΕΡΙΟ,0.3176179915506497
2022-06-02 20:00:00,54969,ΑΠΕ,0.4635252848071912
2022-06-02 20:00:00,7837,ΚΑΘΑΡΕΣ ΕΙΣΑΓΩΓΕΣ (ΕΙΣΑΓΩΓΕΣ-ΕΞΑΓΩΓΕΣ),0.0660853873462125
2022-06-02 20:00:00,5774,ΛΙΓΝΙΤΗΣ,0.048689170159121
2022-06-02 20:00:00,118589,ΣΥΝΟΛΟ,1.0
2022-06-02 20:00:00,12343,ΥΔΡΟΗΛΕΚΤΡΙΚΑ,0.1040821661368255
2022-06-03 20:00:00,35979,ΑΕΡΙΟ,0.3121930479148951
2022-06-03 20:00:00,48629,ΑΠΕ,0.421958245839335
2022-06-03 20:00:00,13708,ΚΑΘΑΡΕΣ ΕΙΣΑΓΩΓΕΣ (ΕΙΣΑΓΩΓΕΣ-ΕΞΑΓΩΓΕΣ),0.1189455599326657
2022-06-03 20:00:00,6014,ΛΙΓΝΙΤΗΣ,0.0521840237405202
2022-06-03 20:00:00,115246,ΣΥΝΟΛΟ,1.0
2022-06-03 20:00:00,10916,ΥΔΡΟΗΛΕΚΤΡΙΚΑ,0.0947191225725838
2022-06-04 20:00:00,43826,ΑΕΡΙΟ,0.4012267692026
2022-06-04 20:00:00,21092,ΑΠΕ,0.1930971344868625
2022-06-04 20:00:00,26788,ΚΑΘΑΡΕΣ ΕΙΣΑΓΩΓΕΣ (ΕΙΣΑΓΩΓΕΣ-ΕΞΑΓΩΓΕΣ),0.2452439805914126
2022-06-04 20:00:00,6037,ΛΙΓΝΙΤΗΣ,0.0552686990753456
2022-06-04 20:00:00,109230,ΣΥΝΟΛΟ,1.0
2022-06-04 20:00:00,11487,ΥΔΡΟΗΛΕΚΤΡΙΚΑ,0.1051634166437791
2022-06-05 20:00:00,63927,ΑΕΡΙΟ,0.4904257767548907
2022-06-05 20:00:00,15296,ΑΠΕ,0.1173456079785193
2022-06-05 20:00:00,32032,ΚΑΘΑΡΕΣ ΕΙΣΑΓΩΓΕΣ (ΕΙΣΑΓΩΓΕΣ-ΕΞΑΓΩΓΕΣ),0.2457383966244725
2022-06-05 20:00:00,7536,ΛΙΓΝΙΤΗΣ,0.057813578826237
2022-06-05 20:00:00,130350,ΣΥΝΟΛΟ,1.0
2022-06-05 20:00:00,11559,ΥΔΡΟΗΛΕΚΤΡΙΚΑ,0.0886766398158803
2022-06-06 20:00:00,50192,ΑΕΡΙΟ,0.4227549146774927
2022-06-06 20:00:00,23533,ΑΠΕ,0.1982126914071054
2022-06-06 20:00:00,21050,ΚΑΘΑΡΕΣ ΕΙΣΑΓΩΓΕΣ (ΕΙΣΑΓΩΓΕΣ-ΕΞΑΓΩΓΕΣ),0.1772989909539612
2022-06-06 20:00:00,11162,ΛΙΓΝΙΤΗΣ,0.0940147903576301
2022-06-06 20:00:00,118726,ΣΥΝΟΛΟ,1.0
2022-06-06 20:00:00,12789,ΥΔΡΟΗΛΕΚΤΡΙΚΑ,0.1077186126038104
2022-06-07 20:00:00,59682,ΑΕΡΙΟ,0.5076035925699123
2022-06-07 20:00:00,9247,ΑΠΕ,0.0786470027896849
2022-06-07 20:00:00,18671,ΚΑΘΑΡΕΣ ΕΙΣΑΓΩΓΕΣ (ΕΙΣΑΓΩΓΕΣ-ΕΞΑΓΩΓΕΣ),0.1587994148465673
2022-06-07 20:00:00,16325,ΛΙΓΝΙΤΗΣ,0.1388463632033748
2022-06-07 20:00:00,117576,ΣΥΝΟΛΟ,1.0
2022-06-07 20:00:00,13651,ΥΔΡΟΗΛΕΚΤΡΙΚΑ,0.1161036265904606
2022-06-08 20:00:00,52093,ΑΕΡΙΟ,0.4506548782808796
2022-06-08 20:00:00,18246,ΑΠΕ,0.1578455629184905
2022-06-08 20:00:00,15905,ΚΑΘΑΡΕΣ ΕΙΣΑΓΩΓΕΣ (ΕΙΣΑΓΩΓΕΣ-ΕΞΑΓΩΓΕΣ),0.1375936467290689
2022-06-08 20:00:00,16653,ΛΙΓΝΙΤΗΣ,0.1440645708254753
2022-06-08 20:00:00,115594,ΣΥΝΟΛΟ,1.0
2022-06-08 20:00:00,12697,ΥΔΡΟΗΛΕΚΤΡΙΚΑ,0.1098413412460854
2022-06-09 20:00:00,50669,ΑΕΡΙΟ,0.4200956779119995
2022-06-09 20:00:00,28092,ΑΠΕ,0.2329102169749529
2022-06-09 20:00:00,17872,ΚΑΘΑΡΕΣ ΕΙΣΑΓΩΓΕΣ (ΕΙΣΑΓΩΓΕΣ-ΕΞΑΓΩΓΕΣ),0.1481763988956414
2022-06-09 20:00:00,11611,ΛΙΓΝΙΤΗΣ,0.0962665715967598
2022-06-09 20:00:00,120613,ΣΥΝΟΛΟ,1.0
2022-06-09 20:00:00,12369,ΥΔΡΟΗΛΕΚΤΡΙΚΑ,0.1025511346206462
2022-06-10 20:00:00,36293,ΑΕΡΙΟ,0.3524037014380455
2022-06-10 20:00:00,16973,ΑΠΕ,0.1648072086768232
2022-06-10 20:00:00,28878,ΚΑΘΑΡΕΣ ΕΙΣΑΓΩΓΕΣ (ΕΙΣΑΓΩΓΕΣ-ΕΞΑΓΩΓΕΣ),0.2804043228757027
2022-06-10 20:00:00,8490,ΛΙΓΝΙΤΗΣ,0.0824375892102886
2022-06-10 20:00:00,102987,ΣΥΝΟΛΟ,1.0
2022-06-10 20:00:00,12353,ΥΔΡΟΗΛΕΚΤΡΙΚΑ,0.1199471777991397
2022-06-11 20:00:00,24365,ΑΕΡΙΟ,0.265194392441987
2022-06-11 20:00:00,30172,ΑΠΕ,0.3283991466759545
2022-06-11 20:00:00,20084,ΚΑΘΑΡΕΣ ΕΙΣΑΓΩΓΕΣ (ΕΙΣΑΓΩΓΕΣ-ΕΞΑΓΩΓΕΣ),0.2185989812355784
2022-06-11 20:00:00,4548,ΛΙΓΝΙΤΗΣ,0.0495015020244677
2022-06-11 20:00:00,91876,ΣΥΝΟΛΟ,1.0
2022-06-11 20:00:00,12707,ΥΔΡΟΗΛΕΚΤΡΙΚΑ,0.1383059776220122
2022-06-12 20:00:00,29715,ΑΕΡΙΟ,0.3088813122388308
2022-06-12 20:00:00,35701,ΑΠΕ,0.3711045508409388
2022-06-12 20:00:00,13138,ΚΑΘΑΡΕΣ ΕΙΣΑΓΩΓΕΣ (ΕΙΣΑΓΩΓΕΣ-ΕΞΑΓΩΓΕΣ),0.1365668073428826
2022-06-12 20:00:00,5934,ΛΙΓΝΙΤΗΣ,0.0616827092991829
2022-06-12 20:00:00,96202,ΣΥΝΟΛΟ,1.0
2022-06-12 20:00:00,11714,ΥΔΡΟΗΛΕΚΤΡΙΚΑ,0.1217646202781646
2022-06-13 20:00:00,41535,ΑΕΡΙΟ,0.3713986801867053
2022-06-13 20:00:00,25623,ΑΠΕ,0.2291163689039111
2022-06-13 20:00:00,22034,ΚΑΘΑΡΕΣ ΕΙΣΑΓΩΓΕΣ (ΕΙΣΑΓΩΓΕΣ-ΕΞΑΓΩΓΕΣ),0.1970241608097716
2022-06-13 20:00:00,12571,ΛΙΓΝΙΤΗΣ,0.1124076756621421
2022-06-13 20:00:00,111834,ΣΥΝΟΛΟ,1.0
2022-06-13 20:00:00,10071,ΥΔΡΟΗΛΕΚΤΡΙΚΑ,0.0900531144374698
2022-06-14 20:00:00,47124,ΑΕΡΙΟ,0.4265541837141098
2022-06-14 20:00:00,27219,ΑΠΕ,0.2463793041022484
2022-06-14 20:00:00,9991,ΚΑΘΑΡΕΣ ΕΙΣΑΓΩΓΕΣ (ΕΙΣΑΓΩΓΕΣ-ΕΞΑΓΩΓΕΣ),0.0904359317860892
2022-06-14 20:00:00,15581,ΛΙΓΝΙΤΗΣ,0.1410351569571671
2022-06-14 20:00:00,110476,ΣΥΝΟΛΟ,1.0
2022-06-14 20:00:00,10561,ΥΔΡΟΗΛΕΚΤΡΙΚΑ,0.0955954234403852
2022-06-15 20:00:00,59892,ΑΕΡΙΟ,0.5299989380906871
2022-06-15 20:00:00,27314,ΑΠΕ,0.241708258114757
2022-06-15 20:00:00,-2732,ΚΑΘΑΡΕΣ ΕΙΣΑΓΩΓΕΣ (ΕΙΣΑΓΩΓΕΣ-ΕΞΑΓΩΓΕΣ),-0.0241761353580404
2022-06-15 20:00:00,16609,ΛΙΓΝΙΤΗΣ,0.1469770981558175
2022-06-15 20:00:00,113004,ΣΥΝΟΛΟ,1.0
2022-06-15 20:00:00,11921,ΥΔΡΟΗΛΕΚΤΡΙΚΑ,0.1054918409967788
2022-06-16 20:00:00,69664,ΑΕΡΙΟ,0.6355624486816897
2022-06-16 20:00:00,19672,ΑΠΕ,0.1794726758507435
2022-06-16 20:00:00,-12463,ΚΑΘΑΡΕΣ ΕΙΣΑΓΩΓΕΣ (ΕΙΣΑΓΩΓΕΣ-ΕΞΑΓΩΓΕΣ),-0.1137031292765258
2022-06-16 20:00:00,19801,ΛΙΓΝΙΤΗΣ,0.1806495757686342
2022-06-16 20:00:00,109610,ΣΥΝΟΛΟ,1.0
2022-06-16 20:00:00,12936,ΥΔΡΟΗΛΕΚΤΡΙΚΑ,0.1180184289754584
2022-06-17 20:00:00,39096,ΑΕΡΙΟ,0.368236147347204
2022-06-17 20:00:00,43110,ΑΠΕ,0.4060430814440854
2022-06-17 20:00:00,2960,ΚΑΘΑΡΕΣ ΕΙΣΑΓΩΓΕΣ (ΕΙΣΑΓΩΓΕΣ-ΕΞΑΓΩΓΕΣ),0.0278795527969031
2022-06-17 20:00:00,11390,ΛΙΓΝΙΤΗΣ,0.1072797656610562
2022-06-17 20:00:00,106171,ΣΥΝΟΛΟ,1.0
2022-06-17 20:00:00,9615,ΥΔΡΟΗΛΕΚΤΡΙΚΑ,0.0905614527507511
2022-06-18 20:00:00,25532,ΑΕΡΙΟ,0.2809480842448117
2022-06-18 20:00:00,52145,ΑΠΕ,0.5737912366029182
2022-06-18 20:00:00,-1742,ΚΑΘΑΡΕΣ ΕΙΣΑΓΩΓΕΣ (ΕΙΣΑΓΩΓΕΣ-ΕΞΑΓΩΓΕΣ),-0.0191685556460309
2022-06-18 20:00:00,5311,ΛΙΓΝΙΤΗΣ,0.0584409868174915
2022-06-18 20:00:00,90878,ΣΥΝΟΛΟ,1.0
2022-06-18 20:00:00,9632,ΥΔΡΟΗΛΕΚΤΡΙΚΑ,0.1059882479808094
2022-06-19 20:00:00,75193,ΑΕΡΙΟ,0.7031654743535792
2022-06-19 20:00:00,23295,ΑΠΕ,0.2178426146724645
2022-06-19 20:00:00,-15988,ΚΑΘΑΡΕΣ ΕΙΣΑΓΩΓΕΣ (ΕΙΣΑΓΩΓΕΣ-ΕΞΑΓΩΓΕΣ),-0.1495113854210501
2022-06-19 20:00:00,9866,ΛΙΓΝΙΤΗΣ,0.092261654275962
2022-06-19 20:00:00,106935,ΣΥΝΟΛΟ,1.0
2022-06-19 20:00:00,14569,ΥΔΡΟΗΛΕΚΤΡΙΚΑ,0.1362416421190442
2022-06-20 20:00:00,82162,ΑΕΡΙΟ,0.6938010352718644
2022-06-20 20:00:00,12061,ΑΠΕ,0.1018467696308994
2022-06-20 20:00:00,-4187,ΚΑΘΑΡΕΣ ΕΙΣΑΓΩΓΕΣ (ΕΙΣΑΓΩΓΕΣ-ΕΞΑΓΩΓΕΣ),-0.0353563074740548
2022-06-20 20:00:00,13811,ΛΙΓΝΙΤΗΣ,0.1166243044003276
2022-06-20 20:00:00,118423,ΣΥΝΟΛΟ,1.0
2022-06-20 20:00:00,14576,ΥΔΡΟΗΛΕΚΤΡΙΚΑ,0.1230841981709634
2022-06-21 20:00:00,86386,ΑΕΡΙΟ,0.6549653509636526
2022-06-21 20:00:00,12946,ΑΠΕ,0.0981545786768162
2022-06-21 20:00:00,-8239,ΚΑΘΑΡΕΣ ΕΙΣΑΓΩΓΕΣ (ΕΙΣΑΓΩΓΕΣ-ΕΞΑΓΩΓΕΣ),-0.062466829423628
2022-06-21 20:00:00,24497,ΛΙΓΝΙΤΗΣ,0.1857324821447526
2022-06-21 20:00:00,131894,ΣΥΝΟΛΟ,1.0
2022-06-21 20:00:00,16304,ΥΔΡΟΗΛΕΚΤΡΙΚΑ,0.1236144176384066
2022-06-22 20:00:00,83391,ΑΕΡΙΟ,0.5959990851784617
2022-06-22 20:00:00,18455,ΑΠΕ,0.13189868351463
2022-06-22 20:00:00,-8586,ΚΑΘΑΡΕΣ ΕΙΣΑΓΩΓΕΣ (ΕΙΣΑΓΩΓΕΣ-ΕΞΑΓΩΓΕΣ),-0.0613645135007647
2022-06-22 20:00:00,32983,ΛΙΓΝΙΤΗΣ,0.2357309281150388
2022-06-22 20:00:00,139918,ΣΥΝΟΛΟ,1.0
2022-06-22 20:00:00,13675,ΥΔΡΟΗΛΕΚΤΡΙΚΑ,0.0977358166926342
2022-06-23 20:00:00,66889,ΑΕΡΙΟ,0.5064854427743914
2022-06-23 20:00:00,24260,ΑΠΕ,0.183697421724151
2022-06-23 20:00:00,-3405,ΚΑΘΑΡΕΣ ΕΙΣΑΓΩΓΕΣ (ΕΙΣΑΓΩΓΕΣ-ΕΞΑΓΩΓΕΣ),-0.0257827584901374
2022-06-23 20:00:00,30905,ΛΙΓΝΙΤΗΣ,0.234013553931776
2022-06-23 20:00:00,132065,ΣΥΝΟΛΟ,1.0
2022-06-23 20:00:00,13416,ΥΔΡΟΗΛΕΚΤΡΙΚΑ,0.101586340059819
2022-06-24 20:00:00,67434,ΑΕΡΙΟ,0.5612577820687819
2022-06-24 20:00:00,11596,ΑΠΕ,0.0965142990311948
2022-06-24 20:00:00,-6193,ΚΑΘΑΡΕΣ ΕΙΣΑΓΩΓΕΣ (ΕΙΣΑΓΩΓΕΣ-ΕΞΑΓΩΓΕΣ),-0.0515447614608649
2022-06-24 20:00:00,31812,ΛΙΓΝΙΤΗΣ,0.2647734460831641
2022-06-24 20:00:00,120148,ΣΥΝΟΛΟ,1.0
2022-06-24 20:00:00,15499,ΥΔΡΟΗΛΕΚΤΡΙΚΑ,0.1289992342777241
2022-06-25 20:00:00,60525,ΑΕΡΙΟ,0.5429565903851157
2022-06-25 20:00:00,22693,ΑΠΕ,0.2035739596135387
2022-06-25 20:00:00,-8888,ΚΑΘΑΡΕΣ ΕΙΣΑΓΩΓΕΣ (ΕΙΣΑΓΩΓΕΣ-ΕΞΑΓΩΓΕΣ),-0.079732311860271
2022-06-25 20:00:00,24915,ΛΙΓΝΙΤΗΣ,0.2235070375786065
2022-06-25 20:00:00,111473,ΣΥΝΟΛΟ,1.0
2022-06-25 20:00:00,12228,ΥΔΡΟΗΛΕΚΤΡΙΚΑ,0.1096947242830102
2022-06-26 20:00:00,82534,ΑΕΡΙΟ,0.6481795620896554
2022-06-26 20:00:00,16451,ΑΠΕ,0.129197687933905
2022-06-26 20:00:00,-13794,ΚΑΘΑΡΕΣ ΕΙΣΑΓΩΓΕΣ (ΕΙΣΑΓΩΓΕΣ-ΕΞΑΓΩΓΕΣ),-0.1083309772877202
2022-06-26 20:00:00,26086,ΛΙΓΝΙΤΗΣ,0.2048660195394716
2022-06-26 20:00:00,127332,ΣΥΝΟΛΟ,1.0
2022-06-26 20:00:00,16055,ΥΔΡΟΗΛΕΚΤΡΙΚΑ,0.1260877077246882
2022-06-27 20:00:00,82992,ΑΕΡΙΟ,0.6215837683590854
2022-06-27 20:00:00,23228,ΑΠΕ,0.1739703558348375
2022-06-27 20:00:00,-15418,ΚΑΘΑΡΕΣ ΕΙΣΑΓΩΓΕΣ (ΕΙΣΑΓΩΓΕΣ-ΕΞΑΓΩΓΕΣ),-0.1154759319038025
2022-06-27 20:00:00,25608,ΛΙΓΝΙΤΗΣ,0.1917958012837316
2022-06-27 20:00:00,133517,ΣΥΝΟΛΟ,1.0
2022-06-27 20:00:00,17107,ΥΔΡΟΗΛΕΚΤΡΙΚΑ,0.128126006426148
2022-06-28 20:00:00,74090,ΑΕΡΙΟ,0.561406965113812
2022-06-28 20:00:00,27522,ΑΠΕ,0.2085442366562604
2022-06-28 20:00:00,-12429,ΚΑΘΑΡΕΣ ΕΙΣΑΓΩΓΕΣ (ΕΙΣΑΓΩΓΕΣ-ΕΞΑΓΩΓΕΣ),-0.0941790682872124
2022-06-28 20:00:00,25993,ΛΙΓΝΙΤΗΣ,0.1969584457309126
2022-06-28 20:00:00,131972,ΣΥΝΟΛΟ,1.0
2022-06-28 20:00:00,16796,ΥΔΡΟΗΛΕΚΤΡΙΚΑ,0.1272694207862273
2022-06-29 20:00:00,91085,ΑΕΡΙΟ,0.6633529968684
2022-06-29 20:00:00,22886,ΑΠΕ,0.166673949457432
2022-06-29 20:00:00,-19317,ΚΑΘΑΡΕΣ ΕΙΣΑΓΩΓΕΣ (ΕΙΣΑΓΩΓΕΣ-ΕΞΑΓΩΓΕΣ),-0.1406816692156434
2022-06-29 20:00:00,26511,ΛΙΓΝΙΤΗΣ,0.1930740659820843
2022-06-29 20:00:00,137310,ΣΥΝΟΛΟ,1.0
2022-06-29 20:00:00,16145,ΥΔΡΟΗΛΕΚΤΡΙΚΑ,0.117580656907727
2022-06-30 20:00:00,83066,ΑΕΡΙΟ,0.6035106583937575
2022-06-30 20:00:00,28899,ΑΠΕ,0.2099638181316206
2022-06-30 20:00:00,-20091,ΚΑΘΑΡΕΣ ΕΙΣΑΓΩΓΕΣ (ΕΙΣΑΓΩΓΕΣ-ΕΞΑΓΩΓΕΣ),-0.145969862973888
2022-06-30 20:00:00,27786,ΛΙΓΝΙΤΗΣ,0.2018773885118935
2022-06-30 20:00:00,137638,ΣΥΝΟΛΟ,1.0
2022-06-30 20:00:00,17978,ΥΔΡΟΗΛΕΚΤΡΙΚΑ,0.1306179979366163
2022-07-01 20:00:00,65684,ΑΕΡΙΟ,0.5120561294094719
2022-07-01 20:00:00,34928,ΑΠΕ,0.2722900019489378
2022-07-01 20:00:00,-10194,ΚΑΘΑΡΕΣ ΕΙΣΑΓΩΓΕΣ (ΕΙΣΑΓΩΓΕΣ-ΕΞΑΓΩΓΕΣ),-0.0794698889105437
2022-07-01 20:00:00,25350,ΛΙΓΝΙΤΗΣ,0.1976222958487624
2022-07-01 20:00:00,128275,ΣΥΝΟΛΟ,1.0
2022-07-01 20:00:00,12507,ΥΔΡΟΗΛΕΚΤΡΙΚΑ,0.0975014617033716
2022-07-02 20:00:00,35860,ΑΕΡΙΟ,0.3182265922422285
2022-07-02 20:00:00,59911,ΑΠΕ,0.5316584876693851
2022-07-02 20:00:00,-14283,ΚΑΘΑΡΕΣ ΕΙΣΑΓΩΓΕΣ (ΕΙΣΑΓΩΓΕΣ-ΕΞΑΓΩΓΕΣ),-0.1267493144728318
2022-07-02 20:00:00,18122,ΛΙΓΝΙΤΗΣ,0.1608171306361869
2022-07-02 20:00:00,112687,ΣΥΝΟΛΟ,1.0
2022-07-02 20:00:00,13077,ΥΔΡΟΗΛΕΚΤΡΙΚΑ,0.1160471039250312
2022-07-03 20:00:00,73117,ΑΕΡΙΟ,0.5635438745231031
2022-07-03 20:00:00,52420,ΑΠΕ,0.4040232764268373
2022-07-03 20:00:00,-34677,ΚΑΘΑΡΕΣ ΕΙΣΑΓΩΓΕΣ (ΕΙΣΑΓΩΓΕΣ-ΕΞΑΓΩΓΕΣ),-0.2672704150448957
2022-07-03 20:00:00,24178,ΛΙΓΝΙΤΗΣ,0.1863501483679525
2022-07-03 20:00:00,129745,ΣΥΝΟΛΟ,1.0
2022-07-03 20:00:00,14707,ΥΔΡΟΗΛΕΚΤΡΙΚΑ,0.1133531157270029
2022-07-04 20:00:00,79835,ΑΕΡΙΟ,0.5941916804977709
2022-07-04 20:00:00,44316,ΑΠΕ,0.3298327614822974
2022-07-04 20:00:00,-34422,ΚΑΘΑΡΕΣ ΕΙΣΑΓΩΓΕΣ (ΕΙΣΑΓΩΓΕΣ-ΕΞΑΓΩΓΕΣ),-0.2561942259171325
2022-07-04 20:00:00,27233,ΛΙΓΝΙΤΗΣ,0.2026883200976488
2022-07-04 20:00:00,134359,ΣΥΝΟΛΟ,1.0
2022-07-04 20:00:00,17397,ΥΔΡΟΗΛΕΚΤΡΙΚΑ,0.1294814638394153
2022-07-05 20:00:00,92741,ΑΕΡΙΟ,0.6697600184878926
2022-07-05 20:00:00,25815,ΑΠΕ,0.1864316200738071
2022-07-05 20:00:00,-22879,ΚΑΘΑΡΕΣ ΕΙΣΑΓΩΓΕΣ (ΕΙΣΑΓΩΓΕΣ-ΕΞΑΓΩΓΕΣ),-0.1652283182517386
2022-07-05 20:00:00,28480,ΛΙΓΝΙΤΗΣ,0.2056778051405007
2022-07-05 20:00:00,138469,ΣΥΝΟΛΟ,1.0
2022-07-05 20:00:00,14312,ΥΔΡΟΗΛΕΚΤΡΙΚΑ,0.1033588745495381
2022-07-06 20:00:00,86473,ΑΕΡΙΟ,0.6298748597817695
2022-07-06 20:00:00,21390,ΑΠΕ,0.1558061273545736
2022-07-06 20:00:00,-12995,ΚΑΘΑΡΕΣ ΕΙΣΑΓΩΓΕΣ (ΕΙΣΑΓΩΓΕΣ-ΕΞΑΓΩΓΕΣ),-0.0946564107046603
2022-07-06 20:00:00,28689,ΛΙΓΝΙΤΗΣ,0.2089725099427472
2022-07-06 20:00:00,137286,ΣΥΝΟΛΟ,1.0
2022-07-06 20:00:00,13729,ΥΔΡΟΗΛΕΚΤΡΙΚΑ,0.1000029136255699
2022-07-07 20:00:00,85677,ΑΕΡΙΟ,0.6271465589178269
2022-07-07 20:00:00,10908,ΑΠΕ,0.0798454038385524
2022-07-07 20:00:00,-3437,ΚΑΘΑΡΕΣ ΕΙΣΑΓΩΓΕΣ (ΕΙΣΑΓΩΓΕΣ-ΕΞΑΓΩΓΕΣ),-0.0251584757052717
2022-07-07 20:00:00,29054,ΛΙΓΝΙΤΗΣ,0.2126722005065366
2022-07-07 20:00:00,136614,ΣΥΝΟΛΟ,1.0
2022-07-07 20:00:00,14412,ΥΔΡΟΗΛΕΚΤΡΙΚΑ,0.1054943124423558
2022-07-08 20:00:00,39930,ΑΕΡΙΟ,0.3485540201991987
2022-07-08 20:00:00,36286,ΑΠΕ,0.3167450833195122
2022-07-08 20:00:00,7686,ΚΑΘΑΡΕΣ ΕΙΣΑΓΩΓΕΣ (ΕΙΣΑΓΩΓΕΣ-ΕΞΑΓΩΓΕΣ),0.0670920660969456
2022-07-08 20:00:00,19430,ΛΙΓΝΙΤΗΣ,0.1696069274347716
2022-07-08 20:00:00,114559,ΣΥΝΟΛΟ,1.0
2022-07-08 20:00:00,11227,ΥΔΡΟΗΛΕΚΤΡΙΚΑ,0.0980019029495718
2022-07-09 20:00:00,25699,ΑΕΡΙΟ,0.2726944748039601
2022-07-09 20:00:00,35178,ΑΠΕ,0.3732770238006812
2022-07-09 20:00:00,8904,ΚΑΘΑΡΕΣ ΕΙΣΑΓΩΓΕΣ (ΕΙΣΑΓΩΓΕΣ-ΕΞΑΓΩΓΕΣ),0.0944811706157617
2022-07-09 20:00:00,14919,ΛΙΓΝΙΤΗΣ,0.1583068940270158
2022-07-09 20:00:00,94241,ΣΥΝΟΛΟ,1.0
2022-07-09 20:00:00,9541,ΥΔΡΟΗΛΕΚΤΡΙΚΑ,0.1012404367525811
2022-07-10 20:00:00,77664,ΑΕΡΙΟ,0.7001866226705975
2022-07-10 20:00:00,17229,ΑΠΕ,0.1553295648175695
2022-07-10 20:00:00,-13698,ΚΑΘΑΡΕΣ ΕΙΣΑΓΩΓΕΣ (ΕΙΣΑΓΩΓΕΣ-ΕΞΑΓΩΓΕΣ),-0.123495523760582
2022-07-10 20:00:00,17585,ΛΙΓΝΙΤΗΣ,0.1585391141283278
2022-07-10 20:00:00,110919,ΣΥΝΟΛΟ,1.0
2022-07-10 20:00:00,12139,ΥΔΡΟΗΛΕΚΤΡΙΚΑ,0.1094402221440871
2022-07-11 20:00:00,88454,ΑΕΡΙΟ,0.7717085001875748
2022-07-11 20:00:00,17965,ΑΠΕ,0.156733931827501
2022-07-11 20:00:00,-20712,ΚΑΘΑΡΕΣ ΕΙΣΑΓΩΓΕΣ (ΕΙΣΑΓΩΓΕΣ-ΕΞΑΓΩΓΕΣ),-0.1806998717512497
2022-07-11 20:00:00,17211,ΛΙΓΝΙΤΗΣ,0.1501557306252781
2022-07-11 20:00:00,114621,ΣΥΝΟΛΟ,1.0
2022-07-11 20:00:00,11703,ΥΔΡΟΗΛΕΚΤΡΙΚΑ,0.1021017091108959
2022-07-12 20:00:00,83734,ΑΕΡΙΟ,0.7188084814147138
2022-07-12 20:00:00,30737,ΑΠΕ,0.2638595587604086
2022-07-12 20:00:00,-24951,ΚΑΘΑΡΕΣ ΕΙΣΑΓΩΓΕΣ (ΕΙΣΑΓΩΓΕΣ-ΕΞΑΓΩΓΕΣ),-0.2141900592325521
2022-07-12 20:00:00,14620,ΛΙΓΝΙΤΗΣ,0.1255043351360631
2022-07-12 20:00:00,116490,ΣΥΝΟΛΟ,1.0
2022-07-12 20:00:00,12350,ΥΔΡΟΗΛΕΚΤΡΙΚΑ,0.1060176839213666
2022-07-13 20:00:00,60084,ΑΕΡΙΟ,0.5215941940916549
2022-07-13 20:00:00,55154,ΑΠΕ,0.4787964546456816
2022-07-13 20:00:00,-27446,ΚΑΘΑΡΕΣ ΕΙΣΑΓΩΓΕΣ (ΕΙΣΑΓΩΓΕΣ-ΕΞΑΓΩΓΕΣ),-0.238261005443039
2022-07-13 20:00:00,16294,ΛΙΓΝΙΤΗΣ,0.1414495672480098
2022-07-13 20:00:00,115193,ΣΥΝΟΛΟ,1.0
2022-07-13 20:00:00,11107,ΥΔΡΟΗΛΕΚΤΡΙΚΑ,0.0964207894576927
2022-07-14 20:00:00,69392,ΑΕΡΙΟ,0.5628492866238939
2022-07-14 20:00:00,49525,ΑΠΕ,0.4017049648381419
2022-07-14 20:00:00,-24118,ΚΑΘΑΡΕΣ ΕΙΣΑΓΩΓΕΣ (ΕΙΣΑΓΩΓΕΣ-ΕΞΑΓΩΓΕΣ),-0.1956248428463666
2022-07-14 20:00:00,16453,ΛΙΓΝΙΤΗΣ,0.1334528376876718
2022-07-14 20:00:00,123287,ΣΥΝΟΛΟ,1.0
2022-07-14 20:00:00,12035,ΥΔΡΟΗΛΕΚΤΡΙΚΑ,0.097617753696659
2022-07-15 20:00:00,71023,ΑΕΡΙΟ,0.5721570586150228
2022-07-15 20:00:00,28627,ΑΠΕ,0.2306174072761254
2022-07-15 20:00:00,-5546,ΚΑΘΑΡΕΣ ΕΙΣΑΓΩΓΕΣ (ΕΙΣΑΓΩΓΕΣ-ΕΞΑΓΩΓΕΣ),-0.0446782457384075
2022-07-15 20:00:00,16927,ΛΙΓΝΙΤΗΣ,0.1363629040054136
2022-07-15 20:00:00,124132,ΣΥΝΟΛΟ,1.0
2022-07-15 20:00:00,13101,ΥΔΡΟΗΛΕΚΤΡΙΚΑ,0.1055408758418457
2022-07-16 20:00:00,60782,ΑΕΡΙΟ,0.4968528781859499
2022-07-16 20:00:00,34827,ΑΠΕ,0.2846878218647309
2022-07-16 20:00:00,-2077,ΚΑΘΑΡΕΣ ΕΙΣΑΓΩΓΕΣ (ΕΙΣΑΓΩΓΕΣ-ΕΞΑΓΩΓΕΣ),-0.016978109111122
2022-07-16 20:00:00,16085,ΛΙΓΝΙΤΗΣ,0.1314842970882992
2022-07-16 20:00:00,122334,ΣΥΝΟΛΟ,1.0
2022-07-16 20:00:00,12717,ΥΔΡΟΗΛΕΚΤΡΙΚΑ,0.1039531119721418
2022-07-17 20:00:00,75332,ΑΕΡΙΟ,0.5545519459964813
2022-07-17 20:00:00,51853,ΑΠΕ,0.381712712469542
2022-07-17 20:00:00,-23304,ΚΑΘΑΡΕΣ ΕΙΣΑΓΩΓΕΣ (ΕΙΣΑΓΩΓΕΣ-ΕΞΑΓΩΓΕΣ),-0.1715509816479318
2022-07-17 20:00:00,17615,ΛΙΓΝΙΤΗΣ,0.1296717534212289
2022-07-17 20:00:00,135843,ΣΥΝΟΛΟ,1.0
2022-07-17 20:00:00,14347,ΥΔΡΟΗΛΕΚΤΡΙΚΑ,0.1056145697606796
2022-07-18 20:00:00,66551,ΑΕΡΙΟ,0.511903205212027
2022-07-18 20:00:00,61390,ΑΠΕ,0.4722053427892344
2022-07-18 20:00:00,-32415,ΚΑΘΑΡΕΣ ΕΙΣΑΓΩΓΕΣ (ΕΙΣΑΓΩΓΕΣ-ΕΞΑΓΩΓΕΣ),-0.2493327282377102
2022-07-18 20:00:00,21986,ΛΙΓΝΙΤΗΣ,0.1691139707861884
2022-07-18 20:00:00,130007,ΣΥΝΟΛΟ,1.0
2022-07-18 20:00:00,12495,ΥΔΡΟΗΛΕΚΤΡΙΚΑ,0.0961102094502603
2022-07-19 20:00:00,64787,ΑΕΡΙΟ,0.5107411173915443
2022-07-19 20:00:00,59972,ΑΠΕ,0.4727825997839951
2022-07-19 20:00:00,-32150,ΚΑΘΑΡΕΣ ΕΙΣΑΓΩΓΕΣ (ΕΙΣΑΓΩΓΕΣ-ΕΞΑΓΩΓΕΣ),-0.2534509534958888
2022-07-19 20:00:00,21768,ΛΙΓΝΙΤΗΣ,0.1716056098195492
2022-07-19 20:00:00,126849,ΣΥΝΟΛΟ,1.0
2022-07-19 20:00:00,12472,ΥΔΡΟΗΛΕΚΤΡΙΚΑ,0.0983216265008001
2022-07-20 20:00:00,81810,ΑΕΡΙΟ,0.602376815008983
2022-07-20 20:00:00,38396,ΑΠΕ,0.2827143404117456
2022-07-20 20:00:00,-24532,ΚΑΘΑΡΕΣ ΕΙΣΑΓΩΓΕΣ (ΕΙΣΑΓΩΓΕΣ-ΕΞΑΓΩΓΕΣ),-0.1806320501870232
2022-07-20 20:00:00,22893,ΛΙΓΝΙΤΗΣ,0.1685638971519453
2022-07-20 20:00:00,135812,ΣΥΝΟΛΟ,1.0
2022-07-20 20:00:00,17245,ΥΔΡΟΗΛΕΚΤΡΙΚΑ,0.1269769976143492
2022-07-21 20:00:00,98996,ΑΕΡΙΟ,0.6799082430186398
2022-07-21 20:00:00,15446,ΑΠΕ,0.1060837076413785
2022-07-21 20:00:00,-19628,ΚΑΘΑΡΕΣ ΕΙΣΑΓΩΓΕΣ (ΕΙΣΑΓΩΓΕΣ-ΕΞΑΓΩΓΕΣ),-0.1348058405791129
2022-07-21 20:00:00,27574,ΛΙΓΝΙΤΗΣ,0.1893792667683136
2022-07-21 20:00:00,145602,ΣΥΝΟΛΟ,1.0
2022-07-21 20:00:00,23214,ΥΔΡΟΗΛΕΚΤΡΙΚΑ,0.1594346231507808
2022-07-22 20:00:00,94928,ΑΕΡΙΟ,0.6691384827936222
2022-07-22 20:00:00,23167,ΑΠΕ,0.163301989201077
2022-07-22 20:00:00,-21893,ΚΑΘΑΡΕΣ ΕΙΣΑΓΩΓΕΣ (ΕΙΣΑΓΩΓΕΣ-ΕΞΑΓΩΓΕΣ),-0.1543216838424992
2022-07-22 20:00:00,28972,ΛΙΓΝΙΤΗΣ,0.2042208844966376
2022-07-22 20:00:00,141866,ΣΥΝΟΛΟ,1.0
2022-07-22 20:00:00,16692,ΥΔΡΟΗΛΕΚΤΡΙΚΑ,0.1176603273511623
2022-07-23 20:00:00,77783,ΑΕΡΙΟ,0.5802363226759366
2022-07-23 20:00:00,15201,ΑΠΕ,0.1133946021752428
2022-07-23 20:00:00,-933,ΚΑΘΑΡΕΣ ΕΙΣΑΓΩΓΕΣ (ΕΙΣΑΓΩΓΕΣ-ΕΞΑΓΩΓΕΣ),-0.006959881838662
2022-07-23 20:00:00,26485,ΛΙΓΝΙΤΗΣ,0.1975696361167887
2022-07-23 20:00:00,134054,ΣΥΝΟΛΟ,1.0
2022-07-23 20:00:00,15518,ΥΔΡΟΗΛΕΚΤΡΙΚΑ,0.1157593208706939
2022-07-24 20:00:00,82878,ΑΕΡΙΟ,0.5343658121421572
2022-07-24 20:00:00,23352,ΑΠΕ,0.1505648114716047
2022-07-24 20:00:00,-2209,ΚΑΘΑΡΕΣ ΕΙΣΑΓΩΓΕΣ (ΕΙΣΑΓΩΓΕΣ-ΕΞΑΓΩΓΕΣ),-0.0142427915613555
2022-07-24 20:00:00,29967,ΛΙΓΝΙΤΗΣ,0.1932158147212049
2022-07-24 20:00:00,155096,ΣΥΝΟΛΟ,1.0
2022-07-24 20:00:00,21108,ΥΔΡΟΗΛΕΚΤΡΙΚΑ,0.1360963532263888
2022-07-26 20:00:00,95451,ΑΕΡΙΟ,0.6059188350229479
2022-07-26 20:00:00,17564,ΑΠΕ,0.111495515168443
2022-07-26 20:00:00,-9419,ΚΑΘΑΡΕΣ ΕΙΣΑΓΩΓΕΣ (ΕΙΣΑΓΩΓΕΣ-ΕΞΑΓΩΓΕΣ),-0.0597914061359351
2022-07-26 20:00:00,38880,ΛΙΓΝΙΤΗΣ,0.246808564663463
2022-07-26 20:00:00,157531,ΣΥΝΟΛΟ,1.0
2022-07-26 20:00:00,15055,ΥΔΡΟΗΛΕΚΤΡΙΚΑ,0.0955684912810811
2022-07-27 20:00:00,88450,ΑΕΡΙΟ,0.5626805094342023
2022-07-27 20:00:00,38035,ΑΠΕ,0.2419621614056516
2022-07-27 20:00:00,-25999,ΚΑΘΑΡΕΣ ΕΙΣΑΓΩΓΕΣ (ΕΙΣΑΓΩΓΕΣ-ΕΞΑΓΩΓΕΣ),-0.1653943534740511
2022-07-27 20:00:00,35520,ΛΙΓΝΙΤΗΣ,0.2259628230085117
2022-07-27 20:00:00,157194,ΣΥΝΟΛΟ,1.0
2022-07-27 20:00:00,21188,ΥΔΡΟΗΛΕΚΤΡΙΚΑ,0.1347888596256854
2022-07-28 20:00:00,85382,ΑΕΡΙΟ,0.5624081941837105
2022-07-28 20:00:00,40840,ΑΠΕ,0.2690116259921615
2022-07-28 20:00:00,-26897,ΚΑΘΑΡΕΣ ΕΙΣΑΓΩΓΕΣ (ΕΙΣΑΓΩΓΕΣ-ΕΞΑΓΩΓΕΣ),-0.1771695813984125
2022-07-28 20:00:00,30958,ΛΙΓΝΙΤΗΣ,0.2039192438164871
2022-07-28 20:00:00,151815,ΣΥΝΟΛΟ,1.0
2022-07-28 20:00:00,21532,ΥΔΡΟΗΛΕΚΤΡΙΚΑ,0.1418305174060534
2022-07-29 20:00:00,88210,ΑΕΡΙΟ,0.6263936032722159
2022-07-29 20:00:00,28398,ΑΠΕ,0.2016588317166351
2022-07-29 20:00:00,-19822,ΚΑΘΑΡΕΣ ΕΙΣΑΓΩΓΕΣ (ΕΙΣΑΓΩΓΕΣ-ΕΞΑΓΩΓΕΣ),-0.1407592563661927
2022-07-29 20:00:00,27407,ΛΙΓΝΙΤΗΣ,0.1946215790146426
2022-07-29 20:00:00,140822,ΣΥΝΟΛΟ,1.0
2022-07-29 20:00:00,16629,ΥΔΡΟΗΛΕΚΤΡΙΚΑ,0.118085242362699
2022-07-30 20:00:00,82974,ΑΕΡΙΟ,0.64250205200477
2022-07-30 20:00:00,14461,ΑΠΕ,0.1119775131250871
2022-07-30 20:00:00,-9442,ΚΑΘΑΡΕΣ ΕΙΣΑΓΩΓΕΣ (ΕΙΣΑΓΩΓΕΣ-ΕΞΑΓΩΓΕΣ),-0.0731133171237862
2022-07-30 20:00:00,26551,ΛΙΓΝΙΤΗΣ,0.2055953911198525
2022-07-30 20:00:00,129142,ΣΥΝΟΛΟ,1.0
2022-07-30 20:00:00,14598,ΥΔΡΟΗΛΕΚΤΡΙΚΑ,0.1130383608740766
2022-07-31 20:00:00,85507,ΑΕΡΙΟ,0.5929626984182021
2022-07-31 20:00:00,22012,ΑΠΕ,0.1526459227616624
2022-07-31 20:00:00,-11266,ΚΑΘΑΡΕΣ ΕΙΣΑΓΩΓΕΣ (ΕΙΣΑΓΩΓΕΣ-ΕΞΑΓΩΓΕΣ),-0.0781259751877561
2022-07-31 20:00:00,32249,ΛΙΓΝΙΤΗΣ,0.2236361240750886
2022-07-31 20:00:00,144203,ΣΥΝΟΛΟ,1.0
2022-07-31 20:00:00,15701,ΥΔΡΟΗΛΕΚΤΡΙΚΑ,0.108881229932803
2022-08-01 20:00:00,88814,ΑΕΡΙΟ,0.6188137093009483
2022-08-01 20:00:00,27915,ΑΠΕ,0.1944984427583035
2022-08-01 20:00:00,-19263,ΚΑΘΑΡΕΣ ΕΙΣΑΓΩΓΕΣ (ΕΙΣΑΓΩΓΕΣ-ΕΞΑΓΩΓΕΣ),-0.1342154219184381
2022-08-01 20:00:00,30539,ΛΙΓΝΙΤΗΣ,0.2127812267023404
2022-08-01 20:00:00,143523,ΣΥΝΟΛΟ,1.0
2022-08-01 20:00:00,15518,ΥΔΡΟΗΛΕΚΤΡΙΚΑ,0.1081220431568459
2022-08-02 20:00:00,68777,ΑΕΡΙΟ,0.4827370800081419
2022-08-02 20:00:00,45996,ΑΠΕ,0.3228401170748142
2022-08-02 20:00:00,-15804,ΚΑΘΑΡΕΣ ΕΙΣΑΓΩΓΕΣ (ΕΙΣΑΓΩΓΕΣ-ΕΞΑΓΩΓΕΣ),-0.1109262807689878
2022-08-02 20:00:00,29472,ΛΙΓΝΙΤΗΣ,0.2068602472047335
2022-08-02 20:00:00,142473,ΣΥΝΟΛΟ,1.0
2022-08-02 20:00:00,14032,ΥΔΡΟΗΛΕΚΤΡΙΚΑ,0.0984888364812982
2022-08-03 20:00:00,65313,ΑΕΡΙΟ,0.458359358003551
2022-08-03 20:00:00,50924,ΑΠΕ,0.3573789589664053
2022-08-03 20:00:00,-16445,ΚΑΘΑΡΕΣ ΕΙΣΑΓΩΓΕΣ (ΕΙΣΑΓΩΓΕΣ-ΕΞΑΓΩΓΕΣ),-0.1154091779947085
2022-08-03 20:00:00,29136,ΛΙΓΝΙΤΗΣ,0.2044732021923884
2022-08-03 20:00:00,142493,ΣΥΝΟΛΟ,1.0
2022-08-03 20:00:00,13565,ΥΔΡΟΗΛΕΚΤΡΙΚΑ,0.0951976588323637
2022-08-04 20:00:00,76089,ΑΕΡΙΟ,0.533519846862576
2022-08-04 20:00:00,41803,ΑΠΕ,0.2931137241703303
2022-08-04 20:00:00,-19254,ΚΑΘΑΡΕΣ ΕΙΣΑΓΩΓΕΣ (ΕΙΣΑΓΩΓΕΣ-ΕΞΑΓΩΓΕΣ),-0.1350049433097036
2022-08-04 20:00:00,29177,ΛΙΓΝΙΤΗΣ,0.204582903861391
2022-08-04 20:00:00,142617,ΣΥΝΟΛΟ,1.0
2022-08-04 20:00:00,14802,ΥΔΡΟΗΛΕΚΤΡΙΚΑ,0.1037884684154063
2022-08-05 20:00:00,59068,ΑΕΡΙΟ,0.4378585936457577
2022-08-05 20:00:00,42908,ΑΠΕ,0.3180679307942061
2022-08-05 20:00:00,-8894,ΚΑΘΑΡΕΣ ΕΙΣΑΓΩΓΕΣ (ΕΙΣΑΓΩΓΕΣ-ΕΞΑΓΩΓΕΣ),-0.06592934129961
2022-08-05 20:00:00,28664,ΛΙΓΝΙΤΗΣ,0.212480170790648
2022-08-05 20:00:00,134902,ΣΥΝΟΛΟ,1.0
2022-08-05 20:00:00,13156,ΥΔΡΟΗΛΕΚΤΡΙΚΑ,0.0975226460689982
2022-08-06 20:00:00,37868,ΑΕΡΙΟ,0.3093007489933105
2022-08-06 20:00:00,50867,ΑΠΕ,0.4154748388888435
2022-08-06 20:00:00,-649,ΚΑΘΑΡΕΣ ΕΙΣΑΓΩΓΕΣ (ΕΙΣΑΓΩΓΕΣ-ΕΞΑΓΩΓΕΣ),-0.005300945022094
2022-08-06 20:00:00,22038,ΛΙΓΝΙΤΗΣ,0.1800034305037123
2022-08-06 20:00:00,122431,ΣΥΝΟΛΟ,1.0
2022-08-06 20:00:00,12307,ΥΔΡΟΗΛΕΚΤΡΙΚΑ,0.1005219266362277
2022-08-07 20:00:00,52630,ΑΕΡΙΟ,0.4012503335493462
2022-08-07 20:00:00,61835,ΑΠΕ,0.4714291159989326
2022-08-07 20:00:00,-18656,ΚΑΘΑΡΕΣ ΕΙΣΑΓΩΓΕΣ (ΕΙΣΑΓΩΓΕΣ-ΕΞΑΓΩΓΕΣ),-0.1422330652231921
2022-08-07 20:00:00,21931,ΛΙΓΝΙΤΗΣ,0.167201616284832
2022-08-07 20:00:00,131165,ΣΥΝΟΛΟ,1.0
2022-08-07 20:00:00,13425,ΥΔΡΟΗΛΕΚΤΡΙΚΑ,0.1023519993900811
2022-08-08 20:00:00,59016,ΑΕΡΙΟ,0.4408686492906927
2022-08-08 20:00:00,54286,ΑΠΕ,0.4055340161209594
2022-08-08 20:00:00,-15827,ΚΑΘΑΡΕΣ ΕΙΣΑΓΩΓΕΣ (ΕΙΣΑΓΩΓΕΣ-ΕΞΑΓΩΓΕΣ),-0.1182328201220651
2022-08-08 20:00:00,22313,ΛΙΓΝΙΤΗΣ,0.16668534247701
2022-08-08 20:00:00,133863,ΣΥΝΟΛΟ,1.0
2022-08-08 20:00:00,14075,ΥΔΡΟΗΛΕΚΤΡΙΚΑ,0.1051448122334028
2022-08-09 20:00:00,52446,ΑΕΡΙΟ,0.388572359988442
2022-08-09 20:00:00,50856,ΑΠΕ,0.3767920516259048
2022-08-09 20:00:00,-3594,ΚΑΘΑΡΕΣ ΕΙΣΑΓΩΓΕΣ (ΕΙΣΑΓΩΓΕΣ-ΕΞΑΓΩΓΕΣ),-0.026627942298716
2022-08-09 20:00:00,22353,ΛΙΓΝΙΤΗΣ,0.1656133539797438
2022-08-09 20:00:00,134971,ΣΥΝΟΛΟ,1.0
2022-08-09 20:00:00,12910,ΥΔΡΟΗΛΕΚΤΡΙΚΑ,0.0956501767046254
2022-08-10 20:00:00,65442,ΑΕΡΙΟ,0.4937528293345405
2022-08-10 20:00:00,37329,ΑΠΕ,0.2816432775011317
2022-08-10 20:00:00,-4051,ΚΑΘΑΡΕΣ ΕΙΣΑΓΩΓΕΣ (ΕΙΣΑΓΩΓΕΣ-ΕΞΑΓΩΓΕΣ),-0.0305643579296816
2022-08-10 20:00:00,18294,ΛΙΓΝΙΤΗΣ,0.138026256224536
2022-08-10 20:00:00,132540,ΣΥΝΟΛΟ,1.0
2022-08-10 20:00:00,15526,ΥΔΡΟΗΛΕΚΤΡΙΚΑ,0.1171419948694733
2022-08-11 20:00:00,78172,ΑΕΡΙΟ,0.6195423888664336
2022-08-11 20:00:00,27219,ΑΠΕ,0.215720773199553
2022-08-11 20:00:00,-9690,ΚΑΘΑΡΕΣ ΕΙΣΑΓΩΓΕΣ (ΕΙΣΑΓΩΓΕΣ-ΕΞΑΓΩΓΕΣ),-0.076796880572529
2022-08-11 20:00:00,17805,ΛΙΓΝΙΤΗΣ,0.1411112960365201
2022-08-11 20:00:00,126177,ΣΥΝΟΛΟ,1.0
2022-08-11 20:00:00,12671,ΥΔΡΟΗΛΕΚΤΡΙΚΑ,0.1004224224700222
2022-08-12 20:00:00,71277,ΑΕΡΙΟ,0.6176088312768612
2022-08-12 20:00:00,12187,ΑΠΕ,0.1055992652155829
2022-08-12 20:00:00,257,ΚΑΘΑΡΕΣ ΕΙΣΑΓΩΓΕΣ (ΕΙΣΑΓΩΓΕΣ-ΕΞΑΓΩΓΕΣ),0.0022268820185775
2022-08-12 20:00:00,17504,ΛΙΓΝΙΤΗΣ,0.151670594759462
2022-08-12 20:00:00,115408,ΣΥΝΟΛΟ,1.0
2022-08-12 20:00:00,14183,ΥΔΡΟΗΛΕΚΤΡΙΚΑ,0.1228944267295161
2022-08-13 20:00:00,55240,ΑΕΡΙΟ,0.5413775530205026
2022-08-13 20:00:00,13876,ΑΠΕ,0.1359912187855266
2022-08-13 20:00:00,3591,ΚΑΘΑΡΕΣ ΕΙΣΑΓΩΓΕΣ (ΕΙΣΑΓΩΓΕΣ-ΕΞΑΓΩΓΕΣ),0.0351934611313654
2022-08-13 20:00:00,17787,ΛΙΓΝΙΤΗΣ,0.1743208279430789
2022-08-13 20:00:00,102036,ΣΥΝΟΛΟ,1.0
2022-08-13 20:00:00,11542,ΥΔΡΟΗΛΕΚΤΡΙΚΑ,0.1131169391195264
2022-08-14 20:00:00,61815,ΑΕΡΙΟ,0.6883017103153394
2022-08-14 20:00:00,10333,ΑΠΕ,0.1150565651166933
2022-08-14 20:00:00,-13889,ΚΑΘΑΡΕΣ ΕΙΣΑΓΩΓΕΣ (ΕΙΣΑΓΩΓΕΣ-ΕΞΑΓΩΓΕΣ),-0.1546521468020666
2022-08-14 20:00:00,18723,ΛΙΓΝΙΤΗΣ,0.208478086584714
2022-08-14 20:00:00,89808,ΣΥΝΟΛΟ,1.0
2022-08-14 20:00:00,12826,ΥΔΡΟΗΛΕΚΤΡΙΚΑ,0.1428157847853197
2022-08-15 20:00:00,75219,ΑΕΡΙΟ,0.6569115489415217
2022-08-15 20:00:00,11049,ΑΠΕ,0.096494445608887
2022-08-15 20:00:00,-10319,ΚΑΘΑΡΕΣ ΕΙΣΑΓΩΓΕΣ (ΕΙΣΑΓΩΓΕΣ-ΕΞΑΓΩΓΕΣ),-0.0901191224760707
2022-08-15 20:00:00,22673,ΛΙΓΝΙΤΗΣ,0.1980105498497869
2022-08-15 20:00:00,114504,ΣΥΝΟΛΟ,1.0
2022-08-15 20:00:00,15882,ΥΔΡΟΗΛΕΚΤΡΙΚΑ,0.138702578075875
2022-08-16 20:00:00,83589,ΑΕΡΙΟ,0.6850490497381555
2022-08-16 20:00:00,13486,ΑΠΕ,0.1105237708881403
2022-08-16 20:00:00,-15663,ΚΑΘΑΡΕΣ ΕΙΣΑΓΩΓΕΣ (ΕΙΣΑΓΩΓΕΣ-ΕΞΑΓΩΓΕΣ),-0.128365254591498
2022-08-16 20:00:00,27277,ΛΙΓΝΙΤΗΣ,0.2235471524926446
2022-08-16 20:00:00,122019,ΣΥΝΟΛΟ,1.0
2022-08-16 20:00:00,13330,ΥΔΡΟΗΛΕΚΤΡΙΚΑ,0.1092452814725575
2022-08-17 20:00:00,80421,ΑΕΡΙΟ,0.6253674240656931
2022-08-17 20:00:00,21717,ΑΠΕ,0.1688750991461764
2022-08-17 20:00:00,-16112,ΚΑΘΑΡΕΣ ΕΙΣΑΓΩΓΕΣ (ΕΙΣΑΓΩΓΕΣ-ΕΞΑΓΩΓΕΣ),-0.1252896623586681
2022-08-17 20:00:00,29573,ΛΙΓΝΙΤΗΣ,0.2299646961850106
2022-08-17 20:00:00,128598,ΣΥΝΟΛΟ,1.0
2022-08-17 20:00:00,12999,ΥΔΡΟΗΛΕΚΤΡΙΚΑ,0.1010824429617879
2022-08-18 20:00:00,92142,ΑΕΡΙΟ,0.6791276340131341
2022-08-18 20:00:00,10988,ΑΠΕ,0.0809864604907242
2022-08-18 20:00:00,-15297,ΚΑΘΑΡΕΣ ΕΙΣΑΓΩΓΕΣ (ΕΙΣΑΓΩΓΕΣ-ΕΞΑΓΩΓΕΣ),-0.1127457122430478
2022-08-18 20:00:00,30975,ΛΙΓΝΙΤΗΣ,0.2282995644066422
2022-08-18 20:00:00,135677,ΣΥΝΟΛΟ,1.0
2022-08-18 20:00:00,16869,ΥΔΡΟΗΛΕΚΤΡΙΚΑ,0.1243320533325471
2022-08-19 20:00:00,91268,ΑΕΡΙΟ,0.7022722201275767
2022-08-19 20:00:00,9148,ΑΠΕ,0.0703903478735928
2022-08-19 20:00:00,-18471,ΚΑΘΑΡΕΣ ΕΙΣΑΓΩΓΕΣ (ΕΙΣΑΓΩΓΕΣ-ΕΞΑΓΩΓΕΣ),-0.1421272535606836
2022-08-19 20:00:00,32857,ΛΙΓΝΙΤΗΣ,0.2528220004462877
2022-08-19 20:00:00,129961,ΣΥΝΟΛΟ,1.0
2022-08-19 20:00:00,15159,ΥΔΡΟΗΛΕΚΤΡΙΚΑ,0.1166426851132262
2022-08-20 20:00:00,71700,ΑΕΡΙΟ,0.6047876916848018
2022-08-20 20:00:00,15740,ΑΠΕ,0.1327665030281559
2022-08-20 20:00:00,-12964,ΚΑΘΑΡΕΣ ΕΙΣΑΓΩΓΕΣ (ΕΙΣΑΓΩΓΕΣ-ΕΞΑΓΩΓΕΣ),-0.109351013040471
2022-08-20 20:00:00,29269,ΛΙΓΝΙΤΗΣ,0.2468832768190023
2022-08-20 20:00:00,118554,ΣΥΝΟΛΟ,1.0
2022-08-20 20:00:00,14809,ΥΔΡΟΗΛΕΚΤΡΙΚΑ,0.1249135415085108
2022-08-21 20:00:00,83090,ΑΕΡΙΟ,0.6365781530116605
2022-08-21 20:00:00,8893,ΑΠΕ,0.0681320196742411
2022-08-21 20:00:00,-15415,ΚΑΘΑΡΕΣ ΕΙΣΑΓΩΓΕΣ (ΕΙΣΑΓΩΓΕΣ-ΕΞΑΓΩΓΕΣ),-0.1180990760461517
2022-08-21 20:00:00,29132,ΛΙΓΝΙΤΗΣ,0.2231892496514104
2022-08-21 20:00:00,130526,ΣΥΝΟΛΟ,1.0
2022-08-21 20:00:00,24826,ΥΔΡΟΗΛΕΚΤΡΙΚΑ,0.1901996537088396
2022-08-22 20:00:00,80908,ΑΕΡΙΟ,0.6435724683217067
2022-08-22 20:00:00,6462,ΑΠΕ,0.0514011629294367
2022-08-22 20:00:00,-6797,ΚΑΘΑΡΕΣ ΕΙΣΑΓΩΓΕΣ (ΕΙΣΑΓΩΓΕΣ-ΕΞΑΓΩΓΕΣ),-0.0540658781230859
2022-08-22 20:00:00,30664,ΛΙΓΝΙΤΗΣ,0.2439129155165968
2022-08-22 20:00:00,125717,ΣΥΝΟΛΟ,1.0
2022-08-22 20:00:00,14480,ΥΔΡΟΗΛΕΚΤΡΙΚΑ,0.1151793313553457
2022-08-23 20:00:00,76116,ΑΕΡΙΟ,0.6555507708207734
2022-08-23 20:00:00,14515,ΑΠΕ,0.1250107656532598
2022-08-23 20:00:00,-17232,ΚΑΘΑΡΕΣ ΕΙΣΑΓΩΓΕΣ (ΕΙΣΑΓΩΓΕΣ-ΕΞΑΓΩΓΕΣ),-0.1484109895788476
2022-08-23 20:00:00,31943,ΛΙΓΝΙΤΗΣ,0.2751098096632504
2022-08-23 20:00:00,116110,ΣΥΝΟΛΟ,1.0
2022-08-23 20:00:00,10768,ΥΔΡΟΗΛΕΚΤΡΙΚΑ,0.092739643441564
2022-08-24 20:00:00,73694,ΑΕΡΙΟ,0.6505702884988876
2022-08-24 20:00:00,13760,ΑΠΕ,0.121473215862142
2022-08-24 20:00:00,-12944,ΚΑΘΑΡΕΣ ΕΙΣΑΓΩΓΕΣ (ΕΙΣΑΓΩΓΕΣ-ΕΞΑΓΩΓΕΣ),-0.1142695716656661
2022-08-24 20:00:00,28988,ΛΙΓΝΙΤΗΣ,0.2559059288816696
2022-08-24 20:00:00,113276,ΣΥΝΟΛΟ,1.0
2022-08-24 20:00:00,9778,ΥΔΡΟΗΛΕΚΤΡΙΚΑ,0.0863201384229669
2022-08-25 20:00:00,75918,ΑΕΡΙΟ,0.6840692016579564
2022-08-25 20:00:00,10848,ΑΠΕ,0.0977473418633988
2022-08-25 20:00:00,-10510,ΚΑΘΑΡΕΣ ΕΙΣΑΓΩΓΕΣ (ΕΙΣΑΓΩΓΕΣ-ΕΞΑΓΩΓΕΣ),-0.094701748062714
2022-08-25 20:00:00,24196,ΛΙΓΝΙΤΗΣ,0.2180212650928095
2022-08-25 20:00:00,110980,ΣΥΝΟΛΟ,1.0
2022-08-25 20:00:00,10528,ΥΔΡΟΗΛΕΚΤΡΙΚΑ,0.0948639394485492
2022-08-26 20:00:00,77503,ΑΕΡΙΟ,0.7369517053828673
2022-08-26 20:00:00,5567,ΑΠΕ,0.0529348559909477
2022-08-26 20:00:00,-15863,ΚΑΘΑΡΕΣ ΕΙΣΑΓΩΓΕΣ (ΕΙΣΑΓΩΓΕΣ-ΕΞΑΓΩΓΕΣ),-0.1508362889499558
2022-08-26 20:00:00,23053,ΛΙΓΝΙΤΗΣ,0.2192037426188823
2022-08-26 20:00:00,105167,ΣΥΝΟΛΟ,1.0
2022-08-26 20:00:00,14907,ΥΔΡΟΗΛΕΚΤΡΙΚΑ,0.1417459849572584
2022-08-27 20:00:00,70837,ΑΕΡΙΟ,0.7110078390829979
2022-08-27 20:00:00,4455,ΑΠΕ,0.0447158959740637
2022-08-27 20:00:00,-11405,ΚΑΘΑΡΕΣ ΕΙΣΑΓΩΓΕΣ (ΕΙΣΑΓΩΓΕΣ-ΕΞΑΓΩΓΕΣ),-0.1144747011412339
2022-08-27 20:00:00,23563,ΛΙΓΝΙΤΗΣ,0.2365074426120908
2022-08-27 20:00:00,99629,ΣΥΝΟΛΟ,1.0
2022-08-27 20:00:00,12179,ΥΔΡΟΗΛΕΚΤΡΙΚΑ,0.1222435234720814
2022-08-28 20:00:00,78307,ΑΕΡΙΟ,0.6595828911238019
2022-08-28 20:00:00,7511,ΑΠΕ,0.0632654436414481
2022-08-28 20:00:00,-13235,ΚΑΘΑΡΕΣ ΕΙΣΑΓΩΓΕΣ (ΕΙΣΑΓΩΓΕΣ-ΕΞΑΓΩΓΕΣ),-0.1114789171341453
2022-08-28 20:00:00,25861,ΛΙΓΝΙΤΗΣ,0.2178282037027678
2022-08-28 20:00:00,118722,ΣΥΝΟΛΟ,1.0
2022-08-28 20:00:00,20278,ΥΔΡΟΗΛΕΚΤΡΙΚΑ,0.1708023786661276
2022-08-29 20:00:00,74988,ΑΕΡΙΟ,0.605249564150578
2022-08-29 20:00:00,15066,ΑΠΕ,0.1216019887647704
2022-08-29 20:00:00,-15438,ΚΑΘΑΡΕΣ ΕΙΣΑΓΩΓΕΣ (ΕΙΣΑΓΩΓΕΣ-ΕΞΑΓΩΓΕΣ),-0.1246045070058759
2022-08-29 20:00:00,32566,ΛΙΓΝΙΤΗΣ,0.2628494866662362
2022-08-29 20:00:00,123896,ΣΥΝΟΛΟ,1.0
2022-08-29 20:00:00,16714,ΥΔΡΟΗΛΕΚΤΡΙΚΑ,0.1349034674242913
2022-08-30 20:00:00,70001,ΑΕΡΙΟ,0.5759692601369142
2022-08-30 20:00:00,12316,ΑΠΕ,0.1013362295945234
2022-08-30 20:00:00,-3880,ΚΑΘΑΡΕΣ ΕΙΣΑΓΩΓΕΣ (ΕΙΣΑΓΩΓΕΣ-ΕΞΑΓΩΓΕΣ),-0.0319246972090574
2022-08-30 20:00:00,31991,ΛΙΓΝΙΤΗΣ,0.2632224196945761
2022-08-30 20:00:00,121536,ΣΥΝΟΛΟ,1.0
2022-08-30 20:00:00,11108,ΥΔΡΟΗΛΕΚΤΡΙΚΑ,0.0913967877830437
2022-08-31 20:00:00,71580,ΑΕΡΙΟ,0.5864905610907184
2022-08-31 20:00:00,7095,ΑΠΕ,0.0581328657577346
2022-08-31 20:00:00,2650,ΚΑΘΑΡΕΣ ΕΙΣΑΓΩΓΕΣ (ΕΙΣΑΓΩΓΕΣ-ΕΞΑΓΩΓΕΣ),0.0217127687467226
2022-08-31 20:00:00,30190,ΛΙΓΝΙΤΗΣ,0.2473616937598322
2022-08-31 20:00:00,122048,ΣΥΝΟΛΟ,1.0
2022-08-31 20:00:00,10533,ΥΔΡΟΗΛΕΚΤΡΙΚΑ,0.0863021106449921
2022-09-01 20:00:00,63181,ΑΕΡΙΟ,0.4987921179777055
2022-09-01 20:00:00,9165,ΑΠΕ,0.0723545015315628
2022-09-01 20:00:00,9166,ΚΑΘΑΡΕΣ ΕΙΣΑΓΩΓΕΣ (ΕΙΣΑΓΩΓΕΣ-ΕΞΑΓΩΓΕΣ),0.0723623961853033
2022-09-01 20:00:00,31593,ΛΙΓΝΙΤΗΣ,0.2494157956232039
2022-09-01 20:00:00,126668,ΣΥΝΟΛΟ,1.0
2022-09-01 20:00:00,13563,ΥΔΡΟΗΛΕΚΤΡΙΚΑ,0.1070751886822244
2022-09-02 20:00:00,49477,ΑΕΡΙΟ,0.4452613864415626
2022-09-02 20:00:00,7652,ΑΠΕ,0.0688631107191389
2022-09-02 20:00:00,19294,ΚΑΘΑΡΕΣ ΕΙΣΑΓΩΓΕΣ (ΕΙΣΑΓΩΓΕΣ-ΕΞΑΓΩΓΕΣ),0.1736336720092873
2022-09-02 20:00:00,23863,ΛΙΓΝΙΤΗΣ,0.2147517526255636
2022-09-02 20:00:00,111119,ΣΥΝΟΛΟ,1.0
2022-09-02 20:00:00,10833,ΥΔΡΟΗΛΕΚΤΡΙΚΑ,0.0974900782044474
2022-09-03 20:00:00,35065,ΑΕΡΙΟ,0.3434680823970771
2022-09-03 20:00:00,13477,ΑΠΕ,0.1320096776405364
2022-09-03 20:00:00,21079,ΚΑΘΑΡΕΣ ΕΙΣΑΓΩΓΕΣ (ΕΙΣΑΓΩΓΕΣ-ΕΞΑΓΩΓΕΣ),0.2064726567474116
2022-09-03 20:00:00,22458,ΛΙΓΝΙΤΗΣ,0.2199802137308871
2022-09-03 20:00:00,102091,ΣΥΝΟΛΟ,1.0
2022-09-03 20:00:00,10012,ΥΔΡΟΗΛΕΚΤΡΙΚΑ,0.0980693694840877
2022-09-04 20:00:00,34472,ΑΕΡΙΟ,0.3137640398303388
2022-09-04 20:00:00,46967,ΑΠΕ,0.4274934920721606
2022-09-04 20:00:00,-88,ΚΑΘΑΡΕΣ ΕΙΣΑΓΩΓΕΣ (ΕΙΣΑΓΩΓΕΣ-ΕΞΑΓΩΓΕΣ),-0.000800975734076
2022-09-04 20:00:00,19582,ΛΙΓΝΙΤΗΣ,0.1782353048258788
2022-09-04 20:00:00,109866,ΣΥΝΟΛΟ,1.0
2022-09-04 20:00:00,8933,ΥΔΡΟΗΛΕΚΤΡΙΚΑ,0.0813081390056978
2022-09-05 20:00:00,50787,ΑΕΡΙΟ,0.4874366554054054
2022-09-05 20:00:00,53588,ΑΠΕ,0.5143197174447175
2022-09-05 20:00:00,-17940,ΚΑΘΑΡΕΣ ΕΙΣΑΓΩΓΕΣ (ΕΙΣΑΓΩΓΕΣ-ΕΞΑΓΩΓΕΣ),-0.1721821253071253
2022-09-05 20:00:00,8967,ΛΙΓΝΙΤΗΣ,0.0860622696560196
2022-09-05 20:00:00,104192,ΣΥΝΟΛΟ,1.0
2022-09-05 20:00:00,8790,ΥΔΡΟΗΛΕΚΤΡΙΚΑ,0.0843634828009828
2022-09-06 20:00:00,54435,ΑΕΡΙΟ,0.5285823873843256
2022-09-06 20:00:00,50465,ΑΠΕ,0.4900323354340036
2022-09-06 20:00:00,-17929,ΚΑΘΑΡΕΣ ΕΙΣΑΓΩΓΕΣ (ΕΙΣΑΓΩΓΕΣ-ΕΞΑΓΩΓΕΣ),-0.1740966955711136
2022-09-06 20:00:00,6841,ΛΙΓΝΙΤΗΣ,0.0664284396453783
2022-09-06 20:00:00,102983,ΣΥΝΟΛΟ,1.0
2022-09-06 20:00:00,9171,ΥΔΡΟΗΛΕΚΤΡΙΚΑ,0.089053533107406
2022-09-07 20:00:00,42165,ΑΕΡΙΟ,0.453870248974715
2022-09-07 20:00:00,34775,ΑΠΕ,0.3743232042712134
2022-09-07 20:00:00,-1943,ΚΑΘΑΡΕΣ ΕΙΣΑΓΩΓΕΣ (ΕΙΣΑΓΩΓΕΣ-ΕΞΑΓΩΓΕΣ),-0.0209147371933563
2022-09-07 20:00:00,10814,ΛΙΓΝΙΤΗΣ,0.1164034832778979
2022-09-07 20:00:00,92901,ΣΥΝΟΛΟ,1.0
2022-09-07 20:00:00,7090,ΥΔΡΟΗΛΕΚΤΡΙΚΑ,0.0763178006695299
2022-09-08 20:00:00,54867,ΑΕΡΙΟ,0.5114611978559777
2022-09-08 20:00:00,10012,ΑΠΕ,0.0933302260545327
2022-09-08 20:00:00,15619,ΚΑΘΑΡΕΣ ΕΙΣΑΓΩΓΕΣ (ΕΙΣΑΓΩΓΕΣ-ΕΞΑΓΩΓΕΣ),0.1455977627592636
2022-09-08 20:00:00,16825,ΛΙΓΝΙΤΗΣ,0.1568398974597996
2022-09-08 20:00:00,107275,ΣΥΝΟΛΟ,1.0
2022-09-08 20:00:00,9952,ΥΔΡΟΗΛΕΚΤΡΙΚΑ,0.0927709158704264
2022-09-09 20:00:00,51536,ΑΕΡΙΟ,0.4832345660490585
2022-09-09 20:00:00,15134,ΑΠΕ,0.1419060835646238
2022-09-09 20:00:00,17688,ΚΑΘΑΡΕΣ ΕΙΣΑΓΩΓΕΣ (ΕΙΣΑΓΩΓΕΣ-ΕΞΑΓΩΓΕΣ),0.1658540244542795
2022-09-09 20:00:00,12120,ΛΙΓΝΙΤΗΣ,0.1136448878553746
2022-09-09 20:00:00,106648,ΣΥΝΟΛΟ,1.0
2022-09-09 20:00:00,10170,ΥΔΡΟΗΛΕΚΤΡΙΚΑ,0.0953604380766634
2022-09-10 20:00:00,31543,ΑΕΡΙΟ,0.3156572732367304
2022-09-10 20:00:00,17279,ΑΠΕ,0.172914498438876
2022-09-10 20:00:00,31176,ΚΑΘΑΡΕΣ ΕΙΣΑΓΩΓΕΣ (ΕΙΣΑΓΩΓΕΣ-ΕΞΑΓΩΓΕΣ),0.3119846289328316
2022-09-10 20:00:00,10895,ΛΙΓΝΙΤΗΣ,0.1090285005203746
2022-09-10 20:00:00,99928,ΣΥΝΟΛΟ,1.0
2022-09-10 20:00:00,9035,ΥΔΡΟΗΛΕΚΤΡΙΚΑ,0.0904150988711872
2022-09-11 20:00:00,38921,ΑΕΡΙΟ,0.3659158001617058
2022-09-11 20:00:00,29842,ΑΠΕ,0.2805595773085384
2022-09-11 20:00:00,18604,ΚΑΘΑΡΕΣ ΕΙΣΑΓΩΓΕΣ (ΕΙΣΑΓΩΓΕΣ-ΕΞΑΓΩΓΕΣ),0.1749055149201812
2022-09-11 20:00:00,11245,ΛΙΓΝΙΤΗΣ,0.1057198728917135
2022-09-11 20:00:00,106366,ΣΥΝΟΛΟ,1.0
2022-09-11 20:00:00,7754,ΥΔΡΟΗΛΕΚΤΡΙΚΑ,0.0728992347178609
2022-09-12 20:00:00,48804,ΑΕΡΙΟ,0.4554566325102189
2022-09-12 20:00:00,20395,ΑΠΕ,0.1903335386453142
2022-09-12 20:00:00,17469,ΚΑΘΑΡΕΣ ΕΙΣΑΓΩΓΕΣ (ΕΙΣΑΓΩΓΕΣ-ΕΞΑΓΩΓΕΣ),0.1630270451873005
2022-09-12 20:00:00,10711,ΛΙΓΝΙΤΗΣ,0.0999589376038225
2022-09-12 20:00:00,107154,ΣΥΝΟΛΟ,1.0
2022-09-12 20:00:00,9775,ΥΔΡΟΗΛΕΚΤΡΙΚΑ,0.0912238460533437
2022-09-13 20:00:00,55737,ΑΕΡΙΟ,0.5307679122386013
2022-09-13 20:00:00,8297,ΑΠΕ,0.0790100179027158
2022-09-13 20:00:00,18686,ΚΑΘΑΡΕΣ ΕΙΣΑΓΩΓΕΣ (ΕΙΣΑΓΩΓΕΣ-ΕΞΑΓΩΓΕΣ),0.1779415685826381
2022-09-13 20:00:00,11942,ΛΙΓΝΙΤΗΣ,0.113720336723422
2022-09-13 20:00:00,105012,ΣΥΝΟΛΟ,1.0
2022-09-13 20:00:00,10350,ΥΔΡΟΗΛΕΚΤΡΙΚΑ,0.0985601645526225
2022-09-14 20:00:00,61712,ΑΕΡΙΟ,0.5561844334691229
2022-09-14 20:00:00,9874,ΑΠΕ,0.0889902303615847
2022-09-14 20:00:00,12951,ΚΑΘΑΡΕΣ ΕΙΣΑΓΩΓΕΣ (ΕΙΣΑΓΩΓΕΣ-ΕΞΑΓΩΓΕΣ),0.1167219438335916
2022-09-14 20:00:00,14677,ΛΙΓΝΙΤΗΣ,0.1322776596128195
2022-09-14 20:00:00,110956,ΣΥΝΟΛΟ,1.0
2022-09-14 20:00:00,11742,ΥΔΡΟΗΛΕΚΤΡΙΚΑ,0.1058257327228811
2022-09-15 20:00:00,56659,ΑΕΡΙΟ,0.4970523730151768
2022-09-15 20:00:00,15977,ΑΠΕ,0.1401614176682165
2022-09-15 20:00:00,17433,ΚΑΘΑΡΕΣ ΕΙΣΑΓΩΓΕΣ (ΕΙΣΑΓΩΓΕΣ-ΕΞΑΓΩΓΕΣ),0.1529344679357838
2022-09-15 20:00:00,11260,ΛΙΓΝΙΤΗΣ,0.0987805947890165
2022-09-15 20:00:00,113990,ΣΥΝΟΛΟ,1.0
2022-09-15 20:00:00,12661,ΥΔΡΟΗΛΕΚΤΡΙΚΑ,0.1110711465918063
2022-09-16 20:00:00,33058,ΑΕΡΙΟ,0.3039704286738878
2022-09-16 20:00:00,23081,ΑΠΕ,0.2122312742519815
2022-09-16 20:00:00,32017,ΚΑΘΑΡΕΣ ΕΙΣΑΓΩΓΕΣ (ΕΙΣΑΓΩΓΕΣ-ΕΞΑΓΩΓΕΣ),0.2943983669566177
2022-09-16 20:00:00,10896,ΛΙΓΝΙΤΗΣ,0.1001894183202457
2022-09-16 20:00:00,108754,ΣΥΝΟΛΟ,1.0
2022-09-16 20:00:00,9702,ΥΔΡΟΗΛΕΚΤΡΙΚΑ,0.0892105117972672
2022-09-17 20:00:00,20347,ΑΕΡΙΟ,0.2166349030588886
2022-09-17 20:00:00,36989,ΑΠΕ,0.3938225993633082
2022-09-17 20:00:00,20445,ΚΑΘΑΡΕΣ ΕΙΣΑΓΩΓΕΣ (ΕΙΣΑΓΩΓΕΣ-ΕΞΑΓΩΓΕΣ),0.2176783109568476
2022-09-17 20:00:00,8935,ΛΙΓΝΙΤΗΣ,0.0951311180435037
2022-09-17 20:00:00,93923,ΣΥΝΟΛΟ,1.0
2022-09-17 20:00:00,7207,ΥΔΡΟΗΛΕΚΤΡΙΚΑ,0.0767330685774517
2022-09-18 20:00:00,30751,ΑΕΡΙΟ,0.3067890457425051
2022-09-18 20:00:00,18858,ΑΠΕ,0.1881378759914201
2022-09-18 20:00:00,28545,ΚΑΘΑΡΕΣ ΕΙΣΑΓΩΓΕΣ (ΕΙΣΑΓΩΓΕΣ-ΕΞΑΓΩΓΕΣ),0.2847807652017758
2022-09-18 20:00:00,11352,ΛΙΓΝΙΤΗΣ,0.1132538534444056
2022-09-18 20:00:00,100235,ΣΥΝΟΛΟ,1.0
2022-09-18 20:00:00,10729,ΥΔΡΟΗΛΕΚΤΡΙΚΑ,0.1070384596198932
2022-09-19 20:00:00,40319,ΑΕΡΙΟ,0.3949977467327625
2022-09-19 20:00:00,13308,ΑΠΕ,0.1303760017242392
2022-09-19 20:00:00,29035,ΚΑΘΑΡΕΣ ΕΙΣΑΓΩΓΕΣ (ΕΙΣΑΓΩΓΕΣ-ΕΞΑΓΩΓΕΣ),0.2844504966984736
2022-09-19 20:00:00,9762,ΛΙΓΝΙΤΗΣ,0.0956364990105217
2022-09-19 20:00:00,102074,ΣΥΝΟΛΟ,1.0
2022-09-19 20:00:00,9650,ΥΔΡΟΗΛΕΚΤΡΙΚΑ,0.0945392558340027
2022-09-21 20:00:00,35950,ΑΕΡΙΟ,0.3739182892328174
2022-09-21 20:00:00,35900,ΑΠΕ,0.3733982359793643
2022-09-21 20:00:00,6701,ΚΑΘΑΡΕΣ ΕΙΣΑΓΩΓΕΣ (ΕΙΣΑΓΩΓΕΣ-ΕΞΑΓΩΓΕΣ),0.0696975370277916
2022-09-21 20:00:00,10663,ΛΙΓΝΙΤΗΣ,0.1109065568314195
2022-09-21 20:00:00,96144,ΣΥΝΟΛΟ,1.0
2022-09-21 20:00:00,6930,ΥΔΡΟΗΛΕΚΤΡΙΚΑ,0.072079380928607
2022-09-22 20:00:00,45016,ΑΕΡΙΟ,0.4671599506024221
2022-09-22 20:00:00,17007,ΑΠΕ,0.1764925644192152
2022-09-22 20:00:00,14252,ΚΑΘΑΡΕΣ ΕΙΣΑΓΩΓΕΣ (ΕΙΣΑΓΩΓΕΣ-ΕΞΑΓΩΓΕΣ),0.1479021595873849
2022-09-22 20:00:00,11962,ΛΙΓΝΙΤΗΣ,0.1241373584749016
2022-09-22 20:00:00,96361,ΣΥΝΟΛΟ,1.0
2022-09-22 20:00:00,8124,ΥΔΡΟΗΛΕΚΤΡΙΚΑ,0.084307966916076
2022-09-23 20:00:00,44240,ΑΕΡΙΟ,0.5061958648466195
2022-09-23 20:00:00,8690,ΑΠΕ,0.0994313305948716
2022-09-23 20:00:00,13009,ΚΑΘΑΡΕΣ ΕΙΣΑΓΩΓΕΣ (ΕΙΣΑΓΩΓΕΣ-ΕΞΑΓΩΓΕΣ),0.148849502843347
2022-09-23 20:00:00,12595,ΛΙΓΝΙΤΗΣ,0.1441124981406684
2022-09-23 20:00:00,87397,ΣΥΝΟΛΟ,1.0
2022-09-23 20:00:00,8863,ΥΔΡΟΗΛΕΚΤΡΙΚΑ,0.1014108035744934
2022-09-24 20:00:00,28086,ΑΕΡΙΟ,0.3415209513850045
2022-09-24 20:00:00,7018,ΑΠΕ,0.0853376784454875
2022-09-24 20:00:00,30849,ΚΑΘΑΡΕΣ ΕΙΣΑΓΩΓΕΣ (ΕΙΣΑΓΩΓΕΣ-ΕΞΑΓΩΓΕΣ),0.3751185583306987
2022-09-24 20:00:00,9854,ΛΙΓΝΙΤΗΣ,0.1198229528928232
2022-09-24 20:00:00,82238,ΣΥΝΟΛΟ,1.0
2022-09-24 20:00:00,6431,ΥΔΡΟΗΛΕΚΤΡΙΚΑ,0.078199858945986
2022-09-25 20:00:00,34067,ΑΕΡΙΟ,0.3532492041601426
2022-09-25 20:00:00,21372,ΑΠΕ,0.2216115886726324
2022-09-25 20:00:00,22464,ΚΑΘΑΡΕΣ ΕΙΣΑΓΩΓΕΣ (ΕΙΣΑΓΩΓΕΣ-ΕΞΑΓΩΓΕΣ),0.232934808531818
2022-09-25 20:00:00,10074,ΛΙΓΝΙΤΗΣ,0.1044598139756737
2022-09-25 20:00:00,96439,ΣΥΝΟΛΟ,1.0
2022-09-25 20:00:00,8462,ΥΔΡΟΗΛΕΚΤΡΙΚΑ,0.0877445846597331
2022-09-26 20:00:00,32523,ΑΕΡΙΟ,0.3101978139366309
2022-09-26 20:00:00,47788,ΑΠΕ,0.4557923049043358
2022-09-26 20:00:00,7789,ΚΑΘΑΡΕΣ ΕΙΣΑΓΩΓΕΣ (ΕΙΣΑΓΩΓΕΣ-ΕΞΑΓΩΓΕΣ),0.0742899109169639
2022-09-26 20:00:00,9468,ΛΙΓΝΙΤΗΣ,0.0903038742536672
2022-09-26 20:00:00,104846,ΣΥΝΟΛΟ,1.0
2022-09-26 20:00:00,7278,ΥΔΡΟΗΛΕΚΤΡΙΚΑ,0.069416095988402
2022-09-27 20:00:00,39470,ΑΕΡΙΟ,0.3947118413552407
2022-09-27 20:00:00,30835,ΑΠΕ,0.3083592507775233
2022-09-27 20:00:00,11546,ΚΑΘΑΡΕΣ ΕΙΣΑΓΩΓΕΣ (ΕΙΣΑΓΩΓΕΣ-ΕΞΑΓΩΓΕΣ),0.1154634639039171
2022-09-27 20:00:00,10680,ΛΙΓΝΙΤΗΣ,0.1068032040961228
2022-09-27 20:00:00,99997,ΣΥΝΟΛΟ,1.0
2022-09-27 20:00:00,7466,ΥΔΡΟΗΛΕΚΤΡΙΚΑ,0.074662239867196
2022-09-28 20:00:00,43452,ΑΕΡΙΟ,0.4294991548794591
2022-09-28 20:00:00,31203,ΑΠΕ,0.3084245173916911
2022-09-28 20:00:00,8658,ΚΑΘΑΡΕΣ ΕΙΣΑΓΩΓΕΣ (ΕΙΣΑΓΩΓΕΣ-ΕΞΑΓΩΓΕΣ),0.0855795747709278
2022-09-28 20:00:00,9584,ΛΙΓΝΙΤΗΣ,0.0947325761844043
2022-09-28 20:00:00,101169,ΣΥΝΟΛΟ,1.0
2022-09-28 20:00:00,8272,ΥΔΡΟΗΛΕΚΤΡΙΚΑ,0.0817641767735175
2022-09-29 20:00:00,47324,ΑΕΡΙΟ,0.4627404198730798
2022-09-29 20:00:00,10326,ΑΠΕ,0.1009690130929216
2022-09-29 20:00:00,27779,ΚΑΘΑΡΕΣ ΕΙΣΑΓΩΓΕΣ (ΕΙΣΑΓΩΓΕΣ-ΕΞΑΓΩΓΕΣ),0.2716267881762802
2022-09-29 20:00:00,8276,ΛΙΓΝΙΤΗΣ,0.0809238381132112
2022-09-29 20:00:00,102269,ΣΥΝΟΛΟ,1.0
2022-09-29 20:00:00,8564,ΥΔΡΟΗΛΕΚΤΡΙΚΑ,0.0837399407445071
2022-09-30 20:00:00,26587,ΑΕΡΙΟ,0.2725222685759386
2022-09-30 20:00:00,23961,ΑΠΕ,0.245605223505776
2022-09-30 20:00:00,37387,ΚΑΘΑΡΕΣ ΕΙΣΑΓΩΓΕΣ (ΕΙΣΑΓΩΓΕΣ-ΕΞΑΓΩΓΕΣ),0.3832245102963335
2022-09-30 20:00:00,4150,ΛΙΓΝΙΤΗΣ,0.0425383614018183
2022-09-30 20:00:00,97559,ΣΥΝΟΛΟ,1.0
2022-09-30 20:00:00,5474,ΥΔΡΟΗΛΕΚΤΡΙΚΑ,0.0561096362201334
2022-10-01 20:00:00,17657,ΑΕΡΙΟ,0.2160617703923056
2022-10-01 20:00:00,42687,ΑΠΕ,0.5223440444433567
2022-10-01 20:00:00,12153,ΚΑΘΑΡΕΣ ΕΙΣΑΓΩΓΕΣ (ΕΙΣΑΓΩΓΕΣ-ΕΞΑΓΩΓΕΣ),0.1487114852793617
2022-10-01 20:00:00,3913,ΛΙΓΝΙΤΗΣ,0.0478818433224835
2022-10-01 20:00:00,81722,ΣΥΝΟΛΟ,1.0
2022-10-01 20:00:00,5312,ΥΔΡΟΗΛΕΚΤΡΙΚΑ,0.0650008565624923
2022-10-02 20:00:00,43408,ΑΕΡΙΟ,0.4516162593505831
2022-10-02 20:00:00,16017,ΑΠΕ,0.1666406566996473
2022-10-02 20:00:00,22638,ΚΑΘΑΡΕΣ ΕΙΣΑΓΩΓΕΣ (ΕΙΣΑΓΩΓΕΣ-ΕΞΑΓΩΓΕΣ),0.2355254533537251
2022-10-02 20:00:00,5067,ΛΙΓΝΙΤΗΣ,0.0527170011548425
2022-10-02 20:00:00,96117,ΣΥΝΟΛΟ,1.0
2022-10-02 20:00:00,8987,ΥΔΡΟΗΛΕΚΤΡΙΚΑ,0.0935006294412018
2022-10-03 20:00:00,38547,ΑΕΡΙΟ,0.4145953213229362
2022-10-03 20:00:00,38831,ΑΠΕ,0.4176499058886797
2022-10-03 20:00:00,2242,ΚΑΘΑΡΕΣ ΕΙΣΑΓΩΓΕΣ (ΕΙΣΑΓΩΓΕΣ-ΕΞΑΓΩΓΕΣ),0.0241140091422425
2022-10-03 20:00:00,6116,ΛΙΓΝΙΤΗΣ,0.0657811239580532
2022-10-03 20:00:00,92975,ΣΥΝΟΛΟ,1.0
2022-10-03 20:00:00,7239,ΥΔΡΟΗΛΕΚΤΡΙΚΑ,0.0778596396880881
2022-10-04 20:00:00,29836,ΑΕΡΙΟ,0.3140631578947368
2022-10-04 20:00:00,42883,ΑΠΕ,0.4514
2022-10-04 20:00:00,9170,ΚΑΘΑΡΕΣ ΕΙΣΑΓΩΓΕΣ (ΕΙΣΑΓΩΓΕΣ-ΕΞΑΓΩΓΕΣ),0.0965263157894736
2022-10-04 20:00:00,6449,ΛΙΓΝΙΤΗΣ,0.0678842105263157
2022-10-04 20:00:00,95000,ΣΥΝΟΛΟ,1.0
2022-10-04 20:00:00,6662,ΥΔΡΟΗΛΕΚΤΡΙΚΑ,0.0701263157894736
2022-10-05 20:00:00,27407,ΑΕΡΙΟ,0.2871647108130762
2022-10-05 20:00:00,56523,ΑΠΕ,0.5922359597652975
2022-10-05 20:00:00,-273,ΚΑΘΑΡΕΣ ΕΙΣΑΓΩΓΕΣ (ΕΙΣΑΓΩΓΕΣ-ΕΞΑΓΩΓΕΣ),-0.002860435875943
2022-10-05 20:00:00,5979,ΛΙΓΝΙΤΗΣ,0.0626466890192791
2022-10-05 20:00:00,95440,ΣΥΝΟΛΟ,1.0
2022-10-05 20:00:00,5804,ΥΔΡΟΗΛΕΚΤΡΙΚΑ,0.06081307627829
2022-10-06 20:00:00,24658,ΑΕΡΙΟ,0.2757332796582687
2022-10-06 20:00:00,60755,ΑΠΕ,0.679380947588536
2022-10-06 20:00:00,-8002,ΚΑΘΑΡΕΣ ΕΙΣΑΓΩΓΕΣ (ΕΙΣΑΓΩΓΕΣ-ΕΞΑΓΩΓΕΣ),-0.0894808055732608
2022-10-06 20:00:00,5895,ΛΙΓΝΙΤΗΣ,0.0659196886846254
2022-10-06 20:00:00,89427,ΣΥΝΟΛΟ,1.0
2022-10-06 20:00:00,6121,ΥΔΡΟΗΛΕΚΤΡΙΚΑ,0.0684468896418307
2022-10-07 20:00:00,24107,ΑΕΡΙΟ,0.2783107632274674
2022-10-07 20:00:00,36338,ΑΠΕ,0.4195153488264699
2022-10-07 20:00:00,11524,ΚΑΘΑΡΕΣ ΕΙΣΑΓΩΓΕΣ (ΕΙΣΑΓΩΓΕΣ-ΕΞΑΓΩΓΕΣ),0.133042404091481
2022-10-07 20:00:00,8101,ΛΙΓΝΙΤΗΣ,0.0935245154065505
2022-10-07 20:00:00,86619,ΣΥΝΟΛΟ,1.0
2022-10-07 20:00:00,6549,ΥΔΡΟΗΛΕΚΤΡΙΚΑ,0.075606968448031
2022-10-08 20:00:00,23736,ΑΕΡΙΟ,0.2855802201768634
2022-10-08 20:00:00,4083,ΑΠΕ,0.0491247067316368
2022-10-08 20:00:00,35715,ΚΑΘΑΡΕΣ ΕΙΣΑΓΩΓΕΣ (ΕΙΣΑΓΩΓΕΣ-ΕΞΑΓΩΓΕΣ),0.4297058292726944
2022-10-08 20:00:00,12933,ΛΙΓΝΙΤΗΣ,0.1556036816459123
2022-10-08 20:00:00,83115,ΣΥΝΟΛΟ,1.0
2022-10-08 20:00:00,6648,ΥΔΡΟΗΛΕΚΤΡΙΚΑ,0.0799855621728929
2022-10-09 20:00:00,33018,ΑΕΡΙΟ,0.3486331527764579
2022-10-09 20:00:00,20487,ΑΠΕ,0.2163198074059995
2022-10-09 20:00:00,22362,ΚΑΘΑΡΕΣ ΕΙΣΑΓΩΓΕΣ (ΕΙΣΑΓΩΓΕΣ-ΕΞΑΓΩΓΕΣ),0.2361177104121131
2022-10-09 20:00:00,12149,ΛΙΓΝΙΤΗΣ,0.1282798525980128
2022-10-09 20:00:00,94707,ΣΥΝΟΛΟ,1.0
2022-10-09 20:00:00,6691,ΥΔΡΟΗΛΕΚΤΡΙΚΑ,0.0706494768074165
2022-10-10 20:00:00,40164,ΑΕΡΙΟ,0.3667509793357866
2022-10-10 20:00:00,13154,ΑΠΕ,0.1201135938199118
2022-10-10 20:00:00,32060,ΚΑΘΑΡΕΣ ΕΙΣΑΓΩΓΕΣ (ΕΙΣΑΓΩΓΕΣ-ΕΞΑΓΩΓΕΣ),0.2927506323450184
2022-10-10 20:00:00,12892,ΛΙΓΝΙΤΗΣ,0.1177211837863997
2022-10-10 20:00:00,109513,ΣΥΝΟΛΟ,1.0
2022-10-10 20:00:00,11243,ΥΔΡΟΗΛΕΚΤΡΙΚΑ,0.1026636107128834
2022-10-11 20:00:00,40646,ΑΕΡΙΟ,0.3883177927239376
2022-10-11 20:00:00,17220,ΑΠΕ,0.1645139101192295
2022-10-11 20:00:00,25945,ΚΑΘΑΡΕΣ ΕΙΣΑΓΩΓΕΣ (ΕΙΣΑΓΩΓΕΣ-ΕΞΑΓΩΓΕΣ),0.2478695353103026
2022-10-11 20:00:00,13475,ΛΙΓΝΙΤΗΣ,0.1287354784469581
2022-10-11 20:00:00,104672,ΣΥΝΟΛΟ,1.0
2022-10-11 20:00:00,7386,ΥΔΡΟΗΛΕΚΤΡΙΚΑ,0.0705632833995719
2022-10-12 20:00:00,40199,ΑΕΡΙΟ,0.3960063441400439
2022-10-12 20:00:00,20566,ΑΠΕ,0.202598733142221
2022-10-12 20:00:00,20540,ΚΑΘΑΡΕΣ ΕΙΣΑΓΩΓΕΣ (ΕΙΣΑΓΩΓΕΣ-ΕΞΑΓΩΓΕΣ),0.2023426032646708
2022-10-12 20:00:00,13378,ΛΙΓΝΙΤΗΣ,0.1317886731487228
2022-10-12 20:00:00,101511,ΣΥΝΟΛΟ,1.0
2022-10-12 20:00:00,6828,ΥΔΡΟΗΛΕΚΤΡΙΚΑ,0.0672636463043414
2022-10-13 20:00:00,35996,ΑΕΡΙΟ,0.3225130139502379
2022-10-13 20:00:00,28912,ΑΠΕ,0.2590425674888675
2022-10-13 20:00:00,25523,ΚΑΘΑΡΕΣ ΕΙΣΑΓΩΓΕΣ (ΕΙΣΑΓΩΓΕΣ-ΕΞΑΓΩΓΕΣ),0.2286781768822069
2022-10-13 20:00:00,12812,ΛΙΓΝΙΤΗΣ,0.114791552803935
2022-10-13 20:00:00,111611,ΣΥΝΟΛΟ,1.0
2022-10-13 20:00:00,8368,ΥΔΡΟΗΛΕΚΤΡΙΚΑ,0.0749746888747524
2022-10-14 20:00:00,11236,ΑΕΡΙΟ,0.1146694425734288
2022-10-14 20:00:00,65128,ΑΠΕ,0.6646663809115588
2022-10-14 20:00:00,1426,ΚΑΘΑΡΕΣ ΕΙΣΑΓΩΓΕΣ (ΕΙΣΑΓΩΓΕΣ-ΕΞΑΓΩΓΕΣ),0.0145530994223664
2022-10-14 20:00:00,12325,ΛΙΓΝΙΤΗΣ,0.1257832751617578
2022-10-14 20:00:00,97986,ΣΥΝΟΛΟ,1.0
2022-10-14 20:00:00,7871,ΥΔΡΟΗΛΕΚΤΡΙΚΑ,0.080327801930888
2022-10-15 20:00:00,9326,ΑΕΡΙΟ,0.1133777475199377
2022-10-15 20:00:00,60825,ΑΠΕ,0.7394597354600272
2022-10-15 20:00:00,-607,ΚΑΘΑΡΕΣ ΕΙΣΑΓΩΓΕΣ (ΕΙΣΑΓΩΓΕΣ-ΕΞΑΓΩΓΕΣ),-0.0073794008947675
2022-10-15 20:00:00,7258,ΛΙΓΝΙΤΗΣ,0.0882367243726901
2022-10-15 20:00:00,82256,ΣΥΝΟΛΟ,1.0
2022-10-15 20:00:00,5454,ΥΔΡΟΗΛΕΚΤΡΙΚΑ,0.0663051935421124
2022-10-16 20:00:00,11495,ΑΕΡΙΟ,0.1292880440895287
2022-10-16 20:00:00,64254,ΑΠΕ,0.7226858621077494
2022-10-16 20:00:00,89,ΚΑΘΑΡΕΣ ΕΙΣΑΓΩΓΕΣ (ΕΙΣΑΓΩΓΕΣ-ΕΞΑΓΩΓΕΣ),0.0010010122595883
2022-10-16 20:00:00,5614,ΛΙΓΝΙΤΗΣ,0.0631425036553818
2022-10-16 20:00:00,88910,ΣΥΝΟΛΟ,1.0
2022-10-16 20:00:00,7458,ΥΔΡΟΗΛΕΚΤΡΙΚΑ,0.0838825778877516
2022-10-17 20:00:00,17840,ΑΕΡΙΟ,0.1926690714301142
2022-10-17 20:00:00,60254,ΑΠΕ,0.6507333088537054
2022-10-17 20:00:00,2703,ΚΑΘΑΡΕΣ ΕΙΣΑΓΩΓΕΣ (ΕΙΣΑΓΩΓΕΣ-ΕΞΑΓΩΓΕΣ),0.0291919562822645
2022-10-17 20:00:00,5478,ΛΙΓΝΙΤΗΣ,0.0591615007451886
2022-10-17 20:00:00,92594,ΣΥΝΟΛΟ,1.0
2022-10-17 20:00:00,6319,ΥΔΡΟΗΛΕΚΤΡΙΚΑ,0.0682441626887271
2022-10-18 20:00:00,22506,ΑΕΡΙΟ,0.242568601668427
2022-10-18 20:00:00,25259,ΑΠΕ,0.2722403052316182
2022-10-18 20:00:00,26975,ΚΑΘΑΡΕΣ ΕΙΣΑΓΩΓΕΣ (ΕΙΣΑΓΩΓΕΣ-ΕΞΑΓΩΓΕΣ),0.2907352719277446
2022-10-18 20:00:00,10859,ΛΙΓΝΙΤΗΣ,0.1170377875018861
2022-10-18 20:00:00,92782,ΣΥΝΟΛΟ,1.0
2022-10-18 20:00:00,7183,ΥΔΡΟΗΛΕΚΤΡΙΚΑ,0.0774180336703239
2022-10-19 20:00:00,19868,ΑΕΡΙΟ,0.211986385412332
2022-10-19 20:00:00,36664,ΑΠΕ,0.3911953309219722
2022-10-19 20:00:00,17861,ΚΑΘΑΡΕΣ ΕΙΣΑΓΩΓΕΣ (ΕΙΣΑΓΩΓΕΣ-ΕΞΑΓΩΓΕΣ),0.1905722181321553
2022-10-19 20:00:00,13157,ΛΙΓΝΙΤΗΣ,0.1403817632811583
2022-10-19 20:00:00,93723,ΣΥΝΟΛΟ,1.0
2022-10-19 20:00:00,6173,ΥΔΡΟΗΛΕΚΤΡΙΚΑ,0.065864302252382
2022-10-20 20:00:00,27005,ΑΕΡΙΟ,0.2859033402149171
2022-10-20 20:00:00,41284,ΑΠΕ,0.4370758562278333
2022-10-20 20:00:00,6289,ΚΑΘΑΡΕΣ ΕΙΣΑΓΩΓΕΣ (ΕΙΣΑΓΩΓΕΣ-ΕΞΑΓΩΓΕΣ),0.0665819702503837
2022-10-20 20:00:00,12809,ΛΙΓΝΙΤΗΣ,0.1356095495209359
2022-10-20 20:00:00,94455,ΣΥΝΟΛΟ,1.0
2022-10-20 20:00:00,7068,ΥΔΡΟΗΛΕΚΤΡΙΚΑ,0.0748292837859298
2022-10-21 20:00:00,23882,ΑΕΡΙΟ,0.2666502908567154
2022-10-21 20:00:00,15081,ΑΠΕ,0.1683842658240568
2022-10-21 20:00:00,33602,ΚΑΘΑΡΕΣ ΕΙΣΑΓΩΓΕΣ (ΕΙΣΑΓΩΓΕΣ-ΕΞΑΓΩΓΕΣ),0.3751772495338477
2022-10-21 20:00:00,10037,ΛΙΓΝΙΤΗΣ,0.1120663666916025
2022-10-21 20:00:00,89563,ΣΥΝΟΛΟ,1.0
2022-10-21 20:00:00,6961,ΥΔΡΟΗΛΕΚΤΡΙΚΑ,0.0777218270937775
2022-10-22 20:00:00,25536,ΑΕΡΙΟ,0.3067092651757188
2022-10-22 20:00:00,11200,ΑΠΕ,0.13452160753321
2022-10-22 20:00:00,32206,ΚΑΘΑΡΕΣ ΕΙΣΑΓΩΓΕΣ (ΕΙΣΑΓΩΓΕΣ-ΕΞΑΓΩΓΕΣ),0.3868216868048716
2022-10-22 20:00:00,8506,ΛΙΓΝΙΤΗΣ,0.1021643565783468
2022-10-22 20:00:00,83258,ΣΥΝΟΛΟ,1.0
2022-10-22 20:00:00,5810,ΥΔΡΟΗΛΕΚΤΡΙΚΑ,0.0697830839078527
2022-10-23 20:00:00,42924,ΑΕΡΙΟ,0.4527227278959636
2022-10-23 20:00:00,8057,ΑΠΕ,0.0849777984031725
2022-10-23 20:00:00,27708,ΚΑΘΑΡΕΣ ΕΙΣΑΓΩΓΕΣ (ΕΙΣΑΓΩΓΕΣ-ΕΞΑΓΩΓΕΣ),0.2922384061257422
2022-10-23 20:00:00,9756,ΛΙΓΝΙΤΗΣ,0.1028972820182886
2022-10-23 20:00:00,94813,ΣΥΝΟΛΟ,1.0
2022-10-23 20:00:00,6368,ΥΔΡΟΗΛΕΚΤΡΙΚΑ,0.0671637855568329
2022-10-24 20:00:00,43617,ΑΕΡΙΟ,0.4414095311345673
2022-10-24 20:00:00,3001,ΑΠΕ,0.0303704978089927
2022-10-24 20:00:00,28282,ΚΑΘΑΡΕΣ ΕΙΣΑΓΩΓΕΣ (ΕΙΣΑΓΩΓΕΣ-ΕΞΑΓΩΓΕΣ),0.2862174005444627
2022-10-24 20:00:00,14749,ΛΙΓΝΙΤΗΣ,0.149261736816006
2022-10-24 20:00:00,98813,ΣΥΝΟΛΟ,1.0
2022-10-24 20:00:00,9164,ΥΔΡΟΗΛΕΚΤΡΙΚΑ,0.0927408336959711
2022-10-25 20:00:00,44171,ΑΕΡΙΟ,0.4505543825290451
2022-10-25 20:00:00,6422,ΑΠΕ,0.0655058804328977
2022-10-25 20:00:00,26039,ΚΑΘΑΡΕΣ ΕΙΣΑΓΩΓΕΣ (ΕΙΣΑΓΩΓΕΣ-ΕΞΑΓΩΓΕΣ),0.2656038026459398
2022-10-25 20:00:00,14305,ΛΙΓΝΙΤΗΣ,0.1459142976631272
2022-10-25 20:00:00,98037,ΣΥΝΟΛΟ,1.0
2022-10-25 20:00:00,7100,ΥΔΡΟΗΛΕΚΤΡΙΚΑ,0.07242163672899
2022-10-26 20:00:00,37659,ΑΕΡΙΟ,0.3923711683927566
2022-10-26 20:00:00,26239,ΑΠΕ,0.2733855675258913
2022-10-26 20:00:00,10678,ΚΑΘΑΡΕΣ ΕΙΣΑΓΩΓΕΣ (ΕΙΣΑΓΩΓΕΣ-ΕΞΑΓΩΓΕΣ),0.111254662526829
2022-10-26 20:00:00,14653,ΛΙΓΝΙΤΗΣ,0.1526704036341661
2022-10-26 20:00:00,95978,ΣΥΝΟΛΟ,1.0
2022-10-26 20:00:00,6749,ΥΔΡΟΗΛΕΚΤΡΙΚΑ,0.0703181979203567
2022-10-27 20:00:00,22711,ΑΕΡΙΟ,0.2890543464426626
2022-10-27 20:00:00,54773,ΑΠΕ,0.6971235840651648
2022-10-27 20:00:00,-13214,ΚΑΘΑΡΕΣ ΕΙΣΑΓΩΓΕΣ (ΕΙΣΑΓΩΓΕΣ-ΕΞΑΓΩΓΕΣ),-0.1681812396589029
2022-10-27 20:00:00,6906,ΛΙΓΝΙΤΗΣ,0.0878961435662466
2022-10-27 20:00:00,78570,ΣΥΝΟΛΟ,1.0
2022-10-27 20:00:00,7394,ΥΔΡΟΗΛΕΚΤΡΙΚΑ,0.0941071655848288
2022-10-28 20:00:00,15237,ΑΕΡΙΟ,0.1883203559510567
2022-10-28 20:00:00,58151,ΑΠΕ,0.7187121493016932
2022-10-28 20:00:00,-3741,ΚΑΘΑΡΕΣ ΕΙΣΑΓΩΓΕΣ (ΕΙΣΑΓΩΓΕΣ-ΕΞΑΓΩΓΕΣ),-0.0462365591397849
2022-10-28 20:00:00,5619,ΛΙΓΝΙΤΗΣ,0.0694475342973674
2022-10-28 20:00:00,80910,ΣΥΝΟΛΟ,1.0
2022-10-28 20:00:00,5644,ΥΔΡΟΗΛΕΚΤΡΙΚΑ,0.0697565195896675
2022-10-29 20:00:00,21454,ΑΕΡΙΟ,0.2560784922235882
2022-10-29 20:00:00,45061,ΑΠΕ,0.5378555485264804
2022-10-29 20:00:00,4763,ΚΑΘΑΡΕΣ ΕΙΣΑΓΩΓΕΣ (ΕΙΣΑΓΩΓΕΣ-ΕΞΑΓΩΓΕΣ),0.0568519557406987
2022-10-29 20:00:00,5842,ΛΙΓΝΙΤΗΣ,0.0697310781938194
2022-10-29 20:00:00,83779,ΣΥΝΟΛΟ,1.0
2022-10-29 20:00:00,6659,ΥΔΡΟΗΛΕΚΤΡΙΚΑ,0.0794829253154131
2022-10-30 20:00:00,29038,ΑΕΡΙΟ,0.3149560180916949
2022-10-30 20:00:00,32669,ΑΠΕ,0.354339078278035
2022-10-30 20:00:00,19661,ΚΑΘΑΡΕΣ ΕΙΣΑΓΩΓΕΣ (ΕΙΣΑΓΩΓΕΣ-ΕΞΑΓΩΓΕΣ),0.213249888825016
2022-10-30 20:00:00,5498,ΛΙΓΝΙΤΗΣ,0.059633176784494
2022-10-30 20:00:00,92197,ΣΥΝΟΛΟ,1.0
2022-10-30 20:00:00,5331,ΥΔΡΟΗΛΕΚΤΡΙΚΑ,0.0578218380207598
2022-10-31 20:00:00,26891,ΑΕΡΙΟ,0.3034724808432362
2022-10-31 20:00:00,35533,ΑΠΕ,0.4009998758619133
2022-10-31 20:00:00,14398,ΚΑΘΑΡΕΣ ΕΙΣΑΓΩΓΕΣ (ΕΙΣΑΓΩΓΕΣ-ΕΞΑΓΩΓΕΣ),0.1624854702012165
2022-10-31 20:00:00,6192,ΛΙΓΝΙΤΗΣ,0.0698784575278464
2022-10-31 20:00:00,88611,ΣΥΝΟΛΟ,1.0
2022-10-31 20:00:00,5597,ΥΔΡΟΗΛΕΚΤΡΙΚΑ,0.0631637155657875
2022-11-01 20:00:00,43481,ΑΕΡΙΟ,0.4532292361574383
2022-11-01 20:00:00,11573,ΑΠΕ,0.1206325050033355
2022-11-01 20:00:00,24416,ΚΑΘΑΡΕΣ ΕΙΣΑΓΩΓΕΣ (ΕΙΣΑΓΩΓΕΣ-ΕΞΑΓΩΓΕΣ),0.2545030020013342
2022-11-01 20:00:00,11373,ΛΙΓΝΙΤΗΣ,0.1185477818545697
2022-11-01 20:00:00,95936,ΣΥΝΟΛΟ,1.0
2022-11-01 20:00:00,5093,ΥΔΡΟΗΛΕΚΤΡΙΚΑ,0.0530874749833222
2022-11-02 20:00:00,48363,ΑΕΡΙΟ,0.4891179028702037
2022-11-02 20:00:00,5812,ΑΠΕ,0.0587795060579704
2022-11-02 20:00:00,27482,ΚΑΘΑΡΕΣ ΕΙΣΑΓΩΓΕΣ (ΕΙΣΑΓΩΓΕΣ-ΕΞΑΓΩΓΕΣ),0.27793846962924
2022-11-02 20:00:00,12515,ΛΙΓΝΙΤΗΣ,0.1265701167094803
2022-11-02 20:00:00,98878,ΣΥΝΟΛΟ,1.0
2022-11-02 20:00:00,4706,ΥΔΡΟΗΛΕΚΤΡΙΚΑ,0.0475940047331054
2022-11-03 20:00:00,46933,ΑΕΡΙΟ,0.4808117854362168
2022-11-03 20:00:00,11500,ΑΠΕ,0.117813383600377
2022-11-03 20:00:00,21677,ΚΑΘΑΡΕΣ ΕΙΣΑΓΩΓΕΣ (ΕΙΣΑΓΩΓΕΣ-ΕΞΑΓΩΓΕΣ),0.2220731057656845
2022-11-03 20:00:00,12779,ΛΙΓΝΙΤΗΣ,0.1309162807851493
2022-11-03 20:00:00,97612,ΣΥΝΟΛΟ,1.0
2022-11-03 20:00:00,4723,ΥΔΡΟΗΛΕΚΤΡΙΚΑ,0.0483854444125722
2022-11-04 20:00:00,28338,ΑΕΡΙΟ,0.3078544269418794
2022-11-04 20:00:00,34799,ΑΠΕ,0.3780445410103205
2022-11-04 20:00:00,19354,ΚΑΘΑΡΕΣ ΕΙΣΑΓΩΓΕΣ (ΕΙΣΑΓΩΓΕΣ-ΕΞΑΓΩΓΕΣ),0.2102552960347637
2022-11-04 20:00:00,6217,ΛΙΓΝΙΤΗΣ,0.0675393807713199
2022-11-04 20:00:00,92050,ΣΥΝΟΛΟ,1.0
2022-11-04 20:00:00,3342,ΥΔΡΟΗΛΕΚΤΡΙΚΑ,0.0363063552417164
2022-11-06 19:00:00,44101,ΑΕΡΙΟ,0.4643628054879911
2022-11-06 19:00:00,32412,ΑΠΕ,0.3412831285339735
2022-11-06 19:00:00,8224,ΚΑΘΑΡΕΣ ΕΙΣΑΓΩΓΕΣ (ΕΙΣΑΓΩΓΕΣ-ΕΞΑΓΩΓΕΣ),0.0865948552716092
2022-11-06 19:00:00,5216,ΛΙΓΝΙΤΗΣ,0.0549220288298533
2022-11-06 19:00:00,94971,ΣΥΝΟΛΟ,1.0
2022-11-06 19:00:00,5018,ΥΔΡΟΗΛΕΚΤΡΙΚΑ,0.0528371818765728
2022-11-07 19:00:00,44934,ΑΕΡΙΟ,0.4615337209063456
2022-11-07 19:00:00,17982,ΑΠΕ,0.1846997678670474
2022-11-07 19:00:00,18292,ΚΑΘΑΡΕΣ ΕΙΣΑΓΩΓΕΣ (ΕΙΣΑΓΩΓΕΣ-ΕΞΑΓΩΓΕΣ),0.1878838924382177
2022-11-07 19:00:00,7950,ΛΙΓΝΙΤΗΣ,0.081657388196142
2022-11-07 19:00:00,97358,ΣΥΝΟΛΟ,1.0
2022-11-07 19:00:00,8200,ΥΔΡΟΗΛΕΚΤΡΙΚΑ,0.0842252305922471
2022-11-08 19:00:00,55844,ΑΕΡΙΟ,0.5471951398755573
2022-11-08 19:00:00,13803,ΑΠΕ,0.1352506001665768
2022-11-08 19:00:00,8010,ΚΑΘΑΡΕΣ ΕΙΣΑΓΩΓΕΣ (ΕΙΣΑΓΩΓΕΣ-ΕΞΑΓΩΓΕΣ),0.078487090294449
2022-11-08 19:00:00,12007,ΛΙΓΝΙΤΗΣ,0.117652246337759
2022-11-08 19:00:00,102055,ΣΥΝΟΛΟ,1.0
2022-11-08 19:00:00,12391,ΥΔΡΟΗΛΕΚΤΡΙΚΑ,0.1214149233256577
2022-11-09 19:00:00,60699,ΑΕΡΙΟ,0.602304074301931
2022-11-09 19:00:00,14418,ΑΠΕ,0.1430669392129234
2022-11-09 19:00:00,4178,ΚΑΘΑΡΕΣ ΕΙΣΑΓΩΓΕΣ (ΕΙΣΑΓΩΓΕΣ-ΕΞΑΓΩΓΕΣ),0.0414574609537795
2022-11-09 19:00:00,12432,ΛΙΓΝΙΤΗΣ,0.1233602571989918
2022-11-09 19:00:00,100778,ΣΥΝΟΛΟ,1.0
2022-11-09 19:00:00,9051,ΥΔΡΟΗΛΕΚΤΡΙΚΑ,0.0898112683323741
2022-11-10 19:00:00,42661,ΑΕΡΙΟ,0.4278078620136382
2022-11-10 19:00:00,32042,ΑΠΕ,0.3213196951464099
2022-11-10 19:00:00,7424,ΚΑΘΑΡΕΣ ΕΙΣΑΓΩΓΕΣ (ΕΙΣΑΓΩΓΕΣ-ΕΞΑΓΩΓΕΣ),0.0744484556758925
2022-11-10 19:00:00,12182,ΛΙΓΝΙΤΗΣ,0.1221620537505014
2022-11-10 19:00:00,99720,ΣΥΝΟΛΟ,1.0
2022-11-10 19:00:00,5411,ΥΔΡΟΗΛΕΚΤΡΙΚΑ,0.0542619334135579
2022-11-11 19:00:00,29570,ΑΕΡΙΟ,0.2674517465313579
2022-11-11 19:00:00,46191,ΑΠΕ,0.4177836869810604
2022-11-11 19:00:00,16371,ΚΑΘΑΡΕΣ ΕΙΣΑΓΩΓΕΣ (ΕΙΣΑΓΩΓΕΣ-ΕΞΑΓΩΓΕΣ),0.148070765724209
2022-11-11 19:00:00,11741,ΛΙΓΝΙΤΗΣ,0.1061938098080714
2022-11-11 19:00:00,110562,ΣΥΝΟΛΟ,1.0
2022-11-11 19:00:00,6689,ΥΔΡΟΗΛΕΚΤΡΙΚΑ,0.0604999909553011
2022-11-12 19:00:00,27509,ΑΕΡΙΟ,0.282085726004922
2022-11-12 19:00:00,22426,ΑΠΕ,0.2299630844954881
2022-11-12 19:00:00,30417,ΚΑΘΑΡΕΣ ΕΙΣΑΓΩΓΕΣ (ΕΙΣΑΓΩΓΕΣ-ΕΞΑΓΩΓΕΣ),0.3119052502050861
2022-11-12 19:00:00,11894,ΛΙΓΝΙΤΗΣ,0.1219647251845775
2022-11-12 19:00:00,97520,ΣΥΝΟΛΟ,1.0
2022-11-12 19:00:00,5274,ΥΔΡΟΗΛΕΚΤΡΙΚΑ,0.0540812141099261
2022-11-13 19:00:00,42483,ΑΕΡΙΟ,0.4193780848963475
2022-11-13 19:00:00,25441,ΑΠΕ,0.2511451135241856
2022-11-13 19:00:00,16807,ΚΑΘΑΡΕΣ ΕΙΣΑΓΩΓΕΣ (ΕΙΣΑΓΩΓΕΣ-ΕΞΑΓΩΓΕΣ),0.1659131293188548
2022-11-13 19:00:00,12282,ΛΙΓΝΙΤΗΣ,0.121243830207305
2022-11-13 19:00:00,101300,ΣΥΝΟΛΟ,1.0
2022-11-13 19:00:00,4287,ΥΔΡΟΗΛΕΚΤΡΙΚΑ,0.042319842053307
2022-11-14 19:00:00,59100,ΑΕΡΙΟ,0.5214261136550118
2022-11-14 19:00:00,12952,ΑΠΕ,0.1142726061600628
2022-11-14 19:00:00,20641,ΚΑΘΑΡΕΣ ΕΙΣΑΓΩΓΕΣ (ΕΙΣΑΓΩΓΕΣ-ΕΞΑΓΩΓΕΣ),0.1821109375964991
2022-11-14 19:00:00,12515,ΛΙΓΝΙΤΗΣ,0.1104170526631552
2022-11-14 19:00:00,113343,ΣΥΝΟΛΟ,1.0
2022-11-14 19:00:00,8135,ΥΔΡΟΗΛΕΚΤΡΙΚΑ,0.071773289925271
2022-11-15 19:00:00,43777,ΑΕΡΙΟ,0.4138416743869467
2022-11-15 19:00:00,27780,ΑΠΕ,0.2626155678659885
2022-11-15 19:00:00,9695,ΚΑΘΑΡΕΣ ΕΙΣΑΓΩΓΕΣ (ΕΙΣΑΓΩΓΕΣ-ΕΞΑΓΩΓΕΣ),0.0916507534363124
2022-11-15 19:00:00,18447,ΛΙΓΝΙΤΗΣ,0.1743869467395209
2022-11-15 19:00:00,105782,ΣΥΝΟΛΟ,1.0
2022-11-15 19:00:00,6083,ΥΔΡΟΗΛΕΚΤΡΙΚΑ,0.0575050575712314
2022-11-16 19:00:00,42421,ΑΕΡΙΟ,0.3898845630675343
2022-11-16 19:00:00,46196,ΑΠΕ,0.4245799786772545
2022-11-16 19:00:00,-5613,ΚΑΘΑΡΕΣ ΕΙΣΑΓΩΓΕΣ (ΕΙΣΑΓΩΓΕΣ-ΕΞΑΓΩΓΕΣ),-0.0515881769052608
2022-11-16 19:00:00,20643,ΛΙΓΝΙΤΗΣ,0.1897264806440939
2022-11-16 19:00:00,108804,ΣΥΝΟΛΟ,1.0
2022-11-16 19:00:00,5157,ΥΔΡΟΗΛΕΚΤΡΙΚΑ,0.047397154516378
2022-11-17 19:00:00,37303,ΑΕΡΙΟ,0.3786529970055322
2022-11-17 19:00:00,40795,ΑΠΕ,0.4140993757295843
2022-11-17 19:00:00,318,ΚΑΘΑΡΕΣ ΕΙΣΑΓΩΓΕΣ (ΕΙΣΑΓΩΓΕΣ-ΕΞΑΓΩΓΕΣ),0.003227934832259
2022-11-17 19:00:00,15134,ΛΙΓΝΙΤΗΣ,0.1536212759478252
2022-11-17 19:00:00,98515,ΣΥΝΟΛΟ,1.0
2022-11-17 19:00:00,4965,ΥΔΡΟΗΛΕΚΤΡΙΚΑ,0.0503984164847992
2022-11-18 19:00:00,33558,ΑΕΡΙΟ,0.3551374175864878
2022-11-18 19:00:00,46868,ΑΠΕ,0.4959944122845078
2022-11-18 19:00:00,5582,ΚΑΘΑΡΕΣ ΕΙΣΑΓΩΓΕΣ (ΕΙΣΑΓΩΓΕΣ-ΕΞΑΓΩΓΕΣ),0.0590731588583281
2022-11-18 19:00:00,4426,ΛΙΓΝΙΤΗΣ,0.046839448424751
2022-11-18 19:00:00,94493,ΣΥΝΟΛΟ,1.0
2022-11-18 19:00:00,4059,ΥΔΡΟΗΛΕΚΤΡΙΚΑ,0.0429555628459251
2022-11-19 19:00:00,18511,ΑΕΡΙΟ,0.1968857358619002
2022-11-19 19:00:00,61416,ΑΠΕ,0.6532296663440369
2022-11-19 19:00:00,4435,ΚΑΘΑΡΕΣ ΕΙΣΑΓΩΓΕΣ (ΕΙΣΑΓΩΓΕΣ-ΕΞΑΓΩΓΕΣ),0.0471713164360395
2022-11-19 19:00:00,4664,ΛΙΓΝΙΤΗΣ,0.0496069943309331
2022-11-19 19:00:00,94019,ΣΥΝΟΛΟ,1.0
2022-11-19 19:00:00,4993,ΥΔΡΟΗΛΕΚΤΡΙΚΑ,0.0531062870270902
2022-11-20 19:00:00,40467,ΑΕΡΙΟ,0.4093612802719161
2022-11-20 19:00:00,53619,ΑΠΕ,0.5424059724442106
2022-11-20 19:00:00,-6294,ΚΑΘΑΡΕΣ ΕΙΣΑΓΩΓΕΣ (ΕΙΣΑΓΩΓΕΣ-ΕΞΑΓΩΓΕΣ),-0.0636696542375624
2022-11-20 19:00:00,5665,ΛΙΓΝΙΤΗΣ,0.0573067351852226
2022-11-20 19:00:00,98854,ΣΥΝΟΛΟ,1.0
2022-11-20 19:00:00,5397,ΥΔΡΟΗΛΕΚΤΡΙΚΑ,0.054595666336213
2022-11-21 19:00:00,43594,ΑΕΡΙΟ,0.4036219874637755
2022-11-21 19:00:00,41519,ΑΠΕ,0.3844102697047413
2022-11-21 19:00:00,8759,ΚΑΘΑΡΕΣ ΕΙΣΑΓΩΓΕΣ (ΕΙΣΑΓΩΓΕΣ-ΕΞΑΓΩΓΕΣ),0.0810965955910265
2022-11-21 19:00:00,5695,ΛΙΓΝΙΤΗΣ,0.0527280639217828
2022-11-21 19:00:00,108007,ΣΥΝΟΛΟ,1.0
2022-11-21 19:00:00,8440,ΥΔΡΟΗΛΕΚΤΡΙΚΑ,0.0781430833186737
2022-11-22 19:00:00,35640,ΑΕΡΙΟ,0.3257352806770614
2022-11-22 19:00:00,42083,ΑΠΕ,0.3846217120295392
2022-11-22 19:00:00,14470,ΚΑΘΑΡΕΣ ΕΙΣΑΓΩΓΕΣ (ΕΙΣΑΓΩΓΕΣ-ΕΞΑΓΩΓΕΣ),0.1322499862906026
2022-11-22 19:00:00,7338,ΛΙΓΝΙΤΗΣ,0.0670663717622973
2022-11-22 19:00:00,109414,ΣΥΝΟΛΟ,1.0
2022-11-22 19:00:00,9883,ΥΔΡΟΗΛΕΚΤΡΙΚΑ,0.0903266492404994
2022-11-23 19:00:00,42312,ΑΕΡΙΟ,0.4084288155062405
2022-11-23 19:00:00,22973,ΑΠΕ,0.2217535256812456
2022-11-23 19:00:00,15303,ΚΑΘΑΡΕΣ ΕΙΣΑΓΩΓΕΣ (ΕΙΣΑΓΩΓΕΣ-ΕΞΑΓΩΓΕΣ),0.1477166327210247
2022-11-23 19:00:00,14975,ΛΙΓΝΙΤΗΣ,0.1445505178721391
2022-11-23 19:00:00,103597,ΣΥΝΟΛΟ,1.0
2022-11-23 19:00:00,8034,ΥΔΡΟΗΛΕΚΤΡΙΚΑ,0.0775505082193499
2022-11-24 19:00:00,38525,ΑΕΡΙΟ,0.3756997132882136
2022-11-24 19:00:00,35309,ΑΠΕ,0.3443369546137192
2022-11-24 19:00:00,5763,ΚΑΘΑΡΕΣ ΕΙΣΑΓΩΓΕΣ (ΕΙΣΑΓΩΓΕΣ-ΕΞΑΓΩΓΕΣ),0.0562013613933802
2022-11-24 19:00:00,16058,ΛΙΓΝΙΤΗΣ,0.1565992471377582
2022-11-24 19:00:00,102542,ΣΥΝΟΛΟ,1.0
2022-11-24 19:00:00,6887,ΥΔΡΟΗΛΕΚΤΡΙΚΑ,0.0671627235669286
2022-11-25 19:00:00,43303,ΑΕΡΙΟ,0.3982837276038409
2022-11-25 19:00:00,22422,ΑΠΕ,0.2062286155770575
2022-11-25 19:00:00,18436,ΚΑΘΑΡΕΣ ΕΙΣΑΓΩΓΕΣ (ΕΙΣΑΓΩΓΕΣ-ΕΞΑΓΩΓΕΣ),0.169566976932416
2022-11-25 19:00:00,17235,ΛΙΓΝΙΤΗΣ,0.1585206578124425
2022-11-25 19:00:00,108724,ΣΥΝΟΛΟ,1.0
2022-11-25 19:00:00,7328,ΥΔΡΟΗΛΕΚΤΡΙΚΑ,0.067400022074243
2022-11-26 19:00:00,20321,ΑΕΡΙΟ,0.1876552558431604
2022-11-26 19:00:00,64278,ΑΠΕ,0.5935782951176943
2022-11-26 19:00:00,8320,ΚΑΘΑΡΕΣ ΕΙΣΑΓΩΓΕΣ (ΕΙΣΑΓΩΓΕΣ-ΕΞΑΓΩΓΕΣ),0.0768314417900248
2022-11-26 19:00:00,9530,ΛΙΓΝΙΤΗΣ,0.0880052452234299
2022-11-26 19:00:00,108289,ΣΥΝΟΛΟ,1.0
2022-11-26 19:00:00,5840,ΥΔΡΟΗΛΕΚΤΡΙΚΑ,0.0539297620256905
2022-11-27 19:00:00,55713,ΑΕΡΙΟ,0.4392730426555231
2022-11-27 19:00:00,38379,ΑΠΕ,0.302601908065915
2022-11-27 19:00:00,7539,ΚΑΘΑΡΕΣ ΕΙΣΑΓΩΓΕΣ (ΕΙΣΑΓΩΓΕΣ-ΕΞΑΓΩΓΕΣ),0.0594417724513127
2022-11-27 19:00:00,10571,ΛΙΓΝΙΤΗΣ,0.0833477883781439
2022-11-27 19:00:00,126830,ΣΥΝΟΛΟ,1.0
2022-11-27 19:00:00,14628,ΥΔΡΟΗΛΕΚΤΡΙΚΑ,0.1153354884491051
2022-11-28 19:00:00,65793,ΑΕΡΙΟ,0.4982091337962577
2022-11-28 19:00:00,33384,ΑΠΕ,0.2527960987134538
2022-11-28 19:00:00,2635,ΚΑΘΑΡΕΣ ΕΙΣΑΓΩΓΕΣ (ΕΙΣΑΓΩΓΕΣ-ΕΞΑΓΩΓΕΣ),0.0199532027351411
2022-11-28 19:00:00,12329,ΛΙΓΝΙΤΗΣ,0.0933597861561877
2022-11-28 19:00:00,132059,ΣΥΝΟΛΟ,1.0
2022-11-28 19:00:00,17918,ΥΔΡΟΗΛΕΚΤΡΙΚΑ,0.1356817785989595
2022-11-29 19:00:00,83593,ΑΕΡΙΟ,0.6046553682124283
2022-11-29 19:00:00,28712,ΑΠΕ,0.2076832382151046
2022-11-29 19:00:00,-2722,ΚΑΘΑΡΕΣ ΕΙΣΑΓΩΓΕΣ (ΕΙΣΑΓΩΓΕΣ-ΕΞΑΓΩΓΕΣ),-0.0196891116753104
2022-11-29 19:00:00,14062,ΛΙΓΝΙΤΗΣ,0.1017150214468097
2022-11-29 19:00:00,138249,ΣΥΝΟΛΟ,1.0
2022-11-29 19:00:00,14604,ΥΔΡΟΗΛΕΚΤΡΙΚΑ,0.1056354838009678
2022-12-01 19:00:00,85670,ΑΕΡΙΟ,0.729615561498237
2022-12-01 19:00:00,6933,ΑΠΕ,0.0590454615135669
2022-12-01 19:00:00,-4008,ΚΑΘΑΡΕΣ ΕΙΣΑΓΩΓΕΣ (ΕΙΣΑΓΩΓΕΣ-ΕΞΑΓΩΓΕΣ),-0.0341344597932173
2022-12-01 19:00:00,19159,ΛΙΓΝΙΤΗΣ,0.1631691904137355
2022-12-01 19:00:00,117418,ΣΥΝΟΛΟ,1.0
2022-12-01 19:00:00,9664,ΥΔΡΟΗΛΕΚΤΡΙΚΑ,0.0823042463676778
2022-12-03 19:00:00,60565,ΑΕΡΙΟ,0.5451346072492597
2022-12-03 19:00:00,20654,ΑΠΕ,0.185902917165462
2022-12-03 19:00:00,7250,ΚΑΘΑΡΕΣ ΕΙΣΑΓΩΓΕΣ (ΕΙΣΑΓΩΓΕΣ-ΕΞΑΓΩΓΕΣ),0.0652559382903844
2022-12-03 19:00:00,15806,ΛΙΓΝΙΤΗΣ,0.1422669462921126
2022-12-03 19:00:00,111101,ΣΥΝΟΛΟ,1.0
2022-12-03 19:00:00,6826,ΥΔΡΟΗΛΕΚΤΡΙΚΑ,0.0614395910027812
2022-12-04 19:00:00,85825,ΑΕΡΙΟ,0.6791725687877374
2022-12-04 19:00:00,12425,ΑΠΕ,0.0983247208527542
2022-12-04 19:00:00,1769,ΚΑΘΑΡΕΣ ΕΙΣΑΓΩΓΕΣ (ΕΙΣΑΓΩΓΕΣ-ΕΞΑΓΩΓΕΣ),0.0139989079427382
2022-12-04 19:00:00,12015,ΛΙΓΝΙΤΗΣ,0.0950802029010738
2022-12-04 19:00:00,126367,ΣΥΝΟΛΟ,1.0
2022-12-04 19:00:00,14333,ΥΔΡΟΗΛΕΚΤΡΙΚΑ,0.1134235995156963
2022-12-05 19:00:00,86492,ΑΕΡΙΟ,0.671453968155388
2022-12-05 19:00:00,5598,ΑΠΕ,0.0434583465954523
2022-12-05 19:00:00,5010,ΚΑΘΑΡΕΣ ΕΙΣΑΓΩΓΕΣ (ΕΙΣΑΓΩΓΕΣ-ΕΞΑΓΩΓΕΣ),0.0388935899326931
2022-12-05 19:00:00,17737,ΛΙΓΝΙΤΗΣ,0.137695729468299
2022-12-05 19:00:00,128813,ΣΥΝΟΛΟ,1.0
2022-12-05 19:00:00,13976,ΥΔΡΟΗΛΕΚΤΡΙΚΑ,0.1084983658481675
2022-12-06 19:00:00,83081,ΑΕΡΙΟ,0.6488574061636025
2022-12-06 19:00:00,13580,ΑΠΕ,0.1060589494072257
2022-12-06 19:00:00,-5186,ΚΑΘΑΡΕΣ ΕΙΣΑΓΩΓΕΣ (ΕΙΣΑΓΩΓΕΣ-ΕΞΑΓΩΓΕΣ),-0.0405023351712719
2022-12-06 19:00:00,26553,ΛΙΓΝΙΤΗΣ,0.2073772668343199
2022-12-06 19:00:00,128042,ΣΥΝΟΛΟ,1.0
2022-12-06 19:00:00,10014,ΥΔΡΟΗΛΕΚΤΡΙΚΑ,0.0782087127661236
2022-12-07 19:00:00,73694,ΑΕΡΙΟ,0.6005198953690197
2022-12-07 19:00:00,20276,ΑΠΕ,0.1652256818533699
2022-12-07 19:00:00,-10873,ΚΑΘΑΡΕΣ ΕΙΣΑΓΩΓΕΣ (ΕΙΣΑΓΩΓΕΣ-ΕΞΑΓΩΓΕΣ),-0.0886022311497184
2022-12-07 19:00:00,29256,ΛΙΓΝΙΤΗΣ,0.2384021773674389
2022-12-07 19:00:00,122717,ΣΥΝΟΛΟ,1.0
2022-12-07 19:00:00,10364,ΥΔΡΟΗΛΕΚΤΡΙΚΑ,0.0844544765598898
2022-12-08 19:00:00,65280,ΑΕΡΙΟ,0.5489312322362557
2022-12-08 19:00:00,36572,ΑΠΕ,0.3075293049225542
2022-12-08 19:00:00,-18790,ΚΑΘΑΡΕΣ ΕΙΣΑΓΩΓΕΣ (ΕΙΣΑΓΩΓΕΣ-ΕΞΑΓΩΓΕΣ),-0.1580027244748658
2022-12-08 19:00:00,29951,ΛΙΓΝΙΤΗΣ,0.251854156505945
2022-12-08 19:00:00,118922,ΣΥΝΟΛΟ,1.0
2022-12-08 19:00:00,5909,ΥΔΡΟΗΛΕΚΤΡΙΚΑ,0.0496880308101108
2022-12-09 19:00:00,40645,ΑΕΡΙΟ,0.3577401070271793
2022-12-09 19:00:00,58289,ΑΠΕ,0.5130351358963526
2022-12-09 19:00:00,-24426,ΚΑΘΑΡΕΣ ΕΙΣΑΓΩΓΕΣ (ΕΙΣΑΓΩΓΕΣ-ΕΞΑΓΩΓΕΣ),-0.2149873257287706
2022-12-09 19:00:00,31368,ΛΙΓΝΙΤΗΣ,0.2760878749471905
2022-12-09 19:00:00,113616,ΣΥΝΟΛΟ,1.0
2022-12-09 19:00:00,7740,ΥΔΡΟΗΛΕΚΤΡΙΚΑ,0.0681242078580481
2022-12-10 19:00:00,22672,ΑΕΡΙΟ,0.217790585975024
2022-12-10 19:00:00,57485,ΑΠΕ,0.552209414024976
2022-12-10 19:00:00,-10837,ΚΑΘΑΡΕΣ ΕΙΣΑΓΩΓΕΣ (ΕΙΣΑΓΩΓΕΣ-ΕΞΑΓΩΓΕΣ),-0.1041018251681075
2022-12-10 19:00:00,20834,ΛΙΓΝΙΤΗΣ,0.2001344860710855
2022-12-10 19:00:00,104100,ΣΥΝΟΛΟ,1.0
2022-12-10 19:00:00,13946,ΥΔΡΟΗΛΕΚΤΡΙΚΑ,0.1339673390970221
2022-12-11 19:00:00,61534,ΑΕΡΙΟ,0.5367117313563018
2022-12-11 19:00:00,35933,ΑΠΕ,0.3134147405146096
2022-12-11 19:00:00,-22911,ΚΑΘΑΡΕΣ ΕΙΣΑΓΩΓΕΣ (ΕΙΣΑΓΩΓΕΣ-ΕΞΑΓΩΓΕΣ),-0.199834278238116
2022-12-11 19:00:00,21864,ΛΙΓΝΙΤΗΣ,0.1907021369385085
2022-12-11 19:00:00,114650,ΣΥΝΟΛΟ,1.0
2022-12-11 19:00:00,18230,ΥΔΡΟΗΛΕΚΤΡΙΚΑ,0.159005669428696
2022-12-12 19:00:00,74949,ΑΕΡΙΟ,0.5964000668422602
2022-12-12 19:00:00,20395,ΑΠΕ,0.1622914163397496
2022-12-12 19:00:00,-16759,ΚΑΘΑΡΕΣ ΕΙΣΑΓΩΓΕΣ (ΕΙΣΑΓΩΓΕΣ-ΕΞΑΓΩΓΕΣ),-0.1333582665573848
2022-12-12 19:00:00,26628,ΛΙΓΝΙΤΗΣ,0.2118899649078134
2022-12-12 19:00:00,125669,ΣΥΝΟΛΟ,1.0
2022-12-12 19:00:00,20456,ΥΔΡΟΗΛΕΚΤΡΙΚΑ,0.1627768184675616
2022-12-13 19:00:00,74419,ΑΕΡΙΟ,0.5772718457898616
2022-12-13 19:00:00,16682,ΑΠΕ,0.1294030950626381
2022-12-13 19:00:00,-16562,ΚΑΘΑΡΕΣ ΕΙΣΑΓΩΓΕΣ (ΕΙΣΑΓΩΓΕΣ-ΕΞΑΓΩΓΕΣ),-0.1284722491564209
2022-12-13 19:00:00,39360,ΛΙΓΝΙΤΗΣ,0.3053174572392662
2022-12-13 19:00:00,128915,ΣΥΝΟΛΟ,1.0
2022-12-13 19:00:00,15016,ΥΔΡΟΗΛΕΚΤΡΙΚΑ,0.116479851064655
2022-12-14 19:00:00,61242,ΑΕΡΙΟ,0.5268944868882924
2022-12-14 19:00:00,40880,ΑΠΕ,0.3517103723587308
2022-12-14 19:00:00,-35614,ΚΑΘΑΡΕΣ ΕΙΣΑΓΩΓΕΣ (ΕΙΣΑΓΩΓΕΣ-ΕΞΑΓΩΓΕΣ),-0.3064044325142818
2022-12-14 19:00:00,38832,ΛΙΓΝΙΤΗΣ,0.3340904398100351
2022-12-14 19:00:00,116232,ΣΥΝΟΛΟ,1.0
2022-12-14 19:00:00,10892,ΥΔΡΟΗΛΕΚΤΡΙΚΑ,0.0937091334572234
2022-12-15 19:00:00,65752,ΑΕΡΙΟ,0.5763876713769768
2022-12-15 19:00:00,35791,ΑΠΕ,0.3137469757004102
2022-12-15 19:00:00,-27367,ΚΑΘΑΡΕΣ ΕΙΣΑΓΩΓΕΣ (ΕΙΣΑΓΩΓΕΣ-ΕΞΑΓΩΓΕΣ),-0.2399014691959746
2022-12-15 19:00:00,31041,ΛΙΓΝΙΤΗΣ,0.2721080683053403
2022-12-15 19:00:00,114076,ΣΥΝΟΛΟ,1.0
2022-12-15 19:00:00,8859,ΥΔΡΟΗΛΕΚΤΡΙΚΑ,0.0776587538132473
2022-12-16 19:00:00,30252,ΑΕΡΙΟ,0.2854123818329339
2022-12-16 19:00:00,42237,ΑΠΕ,0.3984848198954658
2022-12-16 19:00:00,734,ΚΑΘΑΡΕΣ ΕΙΣΑΓΩΓΕΣ (ΕΙΣΑΓΩΓΕΣ-ΕΞΑΓΩΓΕΣ),0.0069249202785063
2022-12-16 19:00:00,26941,ΛΙΓΝΙΤΗΣ,0.2541747646093175
2022-12-16 19:00:00,105994,ΣΥΝΟΛΟ,1.0
2022-12-16 19:00:00,5830,ΥΔΡΟΗΛΕΚΤΡΙΚΑ,0.0550031133837764
2022-12-17 19:00:00,32573,ΑΕΡΙΟ,0.3093528596121336
2022-12-17 19:00:00,19702,ΑΠΕ,0.1871141755465648
2022-12-17 19:00:00,16125,ΚΑΘΑΡΕΣ ΕΙΣΑΓΩΓΕΣ (ΕΙΣΑΓΩΓΕΣ-ΕΞΑΓΩΓΕΣ),0.1531426292096415
2022-12-17 19:00:00,27006,ΛΙΓΝΙΤΗΣ,0.2564818508177104
2022-12-17 19:00:00,105294,ΣΥΝΟΛΟ,1.0
2022-12-17 19:00:00,9888,ΥΔΡΟΗΛΕΚΤΡΙΚΑ,0.0939084848139495
2022-12-18 19:00:00,31157,ΑΕΡΙΟ,0.2631636738348227
2022-12-18 19:00:00,56076,ΑΠΕ,0.473638866834468
2022-12-18 19:00:00,-2666,ΚΑΘΑΡΕΣ ΕΙΣΑΓΩΓΕΣ (ΕΙΣΑΓΩΓΕΣ-ΕΞΑΓΩΓΕΣ),-0.0225180330084294
2022-12-18 19:00:00,26611,ΛΙΓΝΙΤΗΣ,0.2247664577596837
2022-12-18 19:00:00,118394,ΣΥΝΟΛΟ,1.0
2022-12-18 19:00:00,7216,ΥΔΡΟΗΛΕΚΤΡΙΚΑ,0.060949034579455
2022-12-19 19:00:00,33407,ΑΕΡΙΟ,0.2795588247600398
2022-12-19 19:00:00,57179,ΑΠΕ,0.4784893597435962
2022-12-19 19:00:00,992,ΚΑΘΑΡΕΣ ΕΙΣΑΓΩΓΕΣ (ΕΙΣΑΓΩΓΕΣ-ΕΞΑΓΩΓΕΣ),0.0083013246972778
2022-12-19 19:00:00,15714,ΛΙΓΝΙΤΗΣ,0.1314990083599025
2022-12-19 19:00:00,119499,ΣΥΝΟΛΟ,1.0
2022-12-19 19:00:00,12207,ΥΔΡΟΗΛΕΚΤΡΙΚΑ,0.1021514824391836
2022-12-20 19:00:00,42671,ΑΕΡΙΟ,0.3535587041179882
2022-12-20 19:00:00,27545,ΑΠΕ,0.2282293479161488
2022-12-20 19:00:00,23855,ΚΑΘΑΡΕΣ ΕΙΣΑΓΩΓΕΣ (ΕΙΣΑΓΩΓΕΣ-ΕΞΑΓΩΓΕΣ),0.1976551495567155
2022-12-20 19:00:00,19211,ΛΙΓΝΙΤΗΣ,0.1591764023531361
2022-12-20 19:00:00,120690,ΣΥΝΟΛΟ,1.0
2022-12-20 19:00:00,7408,ΥΔΡΟΗΛΕΚΤΡΙΚΑ,0.0613803960560112
2022-12-21 19:00:00,49741,ΑΕΡΙΟ,0.3984060873047657
2022-12-21 19:00:00,4978,ΑΠΕ,0.0398718462154585
2022-12-21 19:00:00,40101,ΚΑΘΑΡΕΣ ΕΙΣΑΓΩΓΕΣ (ΕΙΣΑΓΩΓΕΣ-ΕΞΑΓΩΓΕΣ),0.3211934321185422
2022-12-21 19:00:00,22363,ΛΙΓΝΙΤΗΣ,0.1791189427312775
2022-12-21 19:00:00,124850,ΣΥΝΟΛΟ,1.0
2022-12-21 19:00:00,7667,ΥΔΡΟΗΛΕΚΤΡΙΚΑ,0.0614096916299559
2022-12-22 19:00:00,52520,ΑΕΡΙΟ,0.4352907049024077
2022-12-22 19:00:00,6600,ΑΠΕ,0.0547014214081472
2022-12-22 19:00:00,37912,ΚΑΘΑΡΕΣ ΕΙΣΑΓΩΓΕΣ (ΕΙΣΑΓΩΓΕΣ-ΕΞΑΓΩΓΕΣ),0.3142182255190419
2022-12-22 19:00:00,17084,ΛΙΓΝΙΤΗΣ,0.1415938005055737
2022-12-22 19:00:00,120655,ΣΥΝΟΛΟ,1.0
2022-12-22 19:00:00,6539,ΥΔΡΟΗΛΕΚΤΡΙΚΑ,0.0541958476648294
2022-12-23 19:00:00,37098,ΑΕΡΙΟ,0.3411059416318799
2022-12-23 19:00:00,9098,ΑΠΕ,0.0836536162856985
2022-12-23 19:00:00,45492,ΚΑΘΑΡΕΣ ΕΙΣΑΓΩΓΕΣ (ΕΙΣΑΓΩΓΕΣ-ΕΞΑΓΩΓΕΣ),0.4182864708803031
2022-12-23 19:00:00,10827,ΛΙΓΝΙΤΗΣ,0.0995512973758252
2022-12-23 19:00:00,108758,ΣΥΝΟΛΟ,1.0
2022-12-23 19:00:00,6243,ΥΔΡΟΗΛΕΚΤΡΙΚΑ,0.0574026738262932
2022-12-24 19:00:00,21022,ΑΕΡΙΟ,0.2359901212393354
2022-12-24 19:00:00,21499,ΑΠΕ,0.2413448585541086
2022-12-24 19:00:00,33041,ΚΑΘΑΡΕΣ ΕΙΣΑΓΩΓΕΣ (ΕΙΣΑΓΩΓΕΣ-ΕΞΑΓΩΓΕΣ),0.3709137853614728
2022-12-24 19:00:00,8729,ΛΙΓΝΙΤΗΣ,0.097990570273911
2022-12-24 19:00:00,89080,ΣΥΝΟΛΟ,1.0
2022-12-24 19:00:00,4789,ΥΔΡΟΗΛΕΚΤΡΙΚΑ,0.0537606645711719
2022-12-25 19:00:00,23594,ΑΕΡΙΟ,0.2679157440526883
2022-12-25 19:00:00,11289,ΑΠΕ,0.1281894055527167
2022-12-25 19:00:00,37300,ΚΑΘΑΡΕΣ ΕΙΣΑΓΩΓΕΣ (ΕΙΣΑΓΩΓΕΣ-ΕΞΑΓΩΓΕΣ),0.4235507863509907
2022-12-25 19:00:00,9250,ΛΙΓΝΙΤΗΣ,0.1050360529154601
2022-12-25 19:00:00,88065,ΣΥΝΟΛΟ,1.0
2022-12-25 19:00:00,6632,ΥΔΡΟΗΛΕΚΤΡΙΚΑ,0.0753080111281439
2022-12-26 19:00:00,36312,ΑΕΡΙΟ,0.3469885044290915
2022-12-26 19:00:00,13440,ΑΠΕ,0.1284293208726313
2022-12-26 19:00:00,39043,ΚΑΘΑΡΕΣ ΕΙΣΑΓΩΓΕΣ (ΕΙΣΑΓΩΓΕΣ-ΕΞΑΓΩΓΕΣ),0.3730852659843859
2022-12-26 19:00:00,9218,ΛΙΓΝΙΤΗΣ,0.0880849315330294
2022-12-26 19:00:00,104649,ΣΥΝΟΛΟ,1.0
2022-12-26 19:00:00,6636,ΥΔΡΟΗΛΕΚΤΡΙΚΑ,0.0634119771808617
2022-12-27 19:00:00,47289,ΑΕΡΙΟ,0.419180413604815
2022-12-27 19:00:00,7498,ΑΠΕ,0.0664639713508195
2022-12-27 19:00:00,39679,ΚΑΘΑΡΕΣ ΕΙΣΑΓΩΓΕΣ (ΕΙΣΑΓΩΓΕΣ-ΕΞΑΓΩΓΕΣ),0.3517236488702543
2022-12-27 19:00:00,10181,ΛΙΓΝΙΤΗΣ,0.0902466914274064
2022-12-27 19:00:00,112813,ΣΥΝΟΛΟ,1.0
2022-12-27 19:00:00,8166,ΥΔΡΟΗΛΕΚΤΡΙΚΑ,0.0723852747467047
2022-12-28 19:00:00,43369,ΑΕΡΙΟ,0.3947984087536754
2022-12-28 19:00:00,4404,ΑΠΕ,0.0400906682688368
2022-12-28 19:00:00,45672,ΚΑΘΑΡΕΣ ΕΙΣΑΓΩΓΕΣ (ΕΙΣΑΓΩΓΕΣ-ΕΞΑΓΩΓΕΣ),0.4157631701122429
2022-12-28 19:00:00,7215,ΛΙΓΝΙΤΗΣ,0.0656798754676789
2022-12-28 19:00:00,109851,ΣΥΝΟΛΟ,1.0
2022-12-28 19:00:00,9191,ΥΔΡΟΗΛΕΚΤΡΙΚΑ,0.0836678773975657
2022-12-29 19:00:00,44380,ΑΕΡΙΟ,0.4139693673861537
2022-12-29 19:00:00,7852,ΑΠΕ,0.07324216928157
2022-12-29 19:00:00,41095,ΚΑΘΑΡΕΣ ΕΙΣΑΓΩΓΕΣ (ΕΙΣΑΓΩΓΕΣ-ΕΞΑΓΩΓΕΣ),0.3833274257037852
2022-12-29 19:00:00,6981,ΛΙΓΝΙΤΗΣ,0.0651176240135813
2022-12-29 19:00:00,107206,ΣΥΝΟΛΟ,1.0
2022-12-29 19:00:00,6898,ΥΔΡΟΗΛΕΚΤΡΙΚΑ,0.0643434136149096
2022-12-30 19:00:00,34121,ΑΕΡΙΟ,0.3210028693729714
2022-12-30 19:00:00,5228,ΑΠΕ,0.0491838750646784
2022-12-30 19:00:00,47613,ΚΑΘΑΡΕΣ ΕΙΣΑΓΩΓΕΣ (ΕΙΣΑΓΩΓΕΣ-ΕΞΑΓΩΓΕΣ),0.4479326402935227
2022-12-30 19:00:00,8455,ΛΙΓΝΙΤΗΣ,0.0795427818806152
2022-12-30 19:00:00,106295,ΣΥΝΟΛΟ,1.0
2022-12-30 19:00:00,10878,ΥΔΡΟΗΛΕΚΤΡΙΚΑ,0.102337833388212
2022-12-31 19:00:00,17911,ΑΕΡΙΟ,0.2017754345646467
2022-12-31 19:00:00,19790,ΑΠΕ,0.2229432108779163
2022-12-31 19:00:00,39986,ΚΑΘΑΡΕΣ ΕΙΣΑΓΩΓΕΣ (ΕΙΣΑΓΩΓΕΣ-ΕΞΑΓΩΓΕΣ),0.4504601935403922
2022-12-31 19:00:00,6901,ΛΙΓΝΙΤΗΣ,0.0777428548897676
2022-12-31 19:00:00,88767,ΣΥΝΟΛΟ,1.0
2022-12-31 19:00:00,4179,ΥΔΡΟΗΛΕΚΤΡΙΚΑ,0.047078306127277
2023-01-01 19:00:00,35746,ΑΕΡΙΟ,0.3492150330692353
2023-01-01 19:00:00,9043,ΑΠΕ,0.0883441935893553
2023-01-01 19:00:00,45057,ΚΑΘΑΡΕΣ ΕΙΣΑΓΩΓΕΣ (ΕΙΣΑΓΩΓΕΣ-ΕΞΑΓΩΓΕΣ),0.440177411318764
2023-01-01 19:00:00,6355,ΛΙΓΝΙΤΗΣ,0.0620841922216469
2023-01-01 19:00:00,102361,ΣΥΝΟΛΟ,1.0
2023-01-01 19:00:00,6160,ΥΔΡΟΗΛΕΚΤΡΙΚΑ,0.0601791698009984
2023-01-02 19:00:00,44960,ΑΕΡΙΟ,0.3893685751153989
2023-01-02 19:00:00,5085,ΑΠΕ,0.0440377936935454
2023-01-02 19:00:00,45883,ΚΑΘΑΡΕΣ ΕΙΣΑΓΩΓΕΣ (ΕΙΣΑΓΩΓΕΣ-ΕΞΑΓΩΓΕΣ),0.3973620625449254
2023-01-02 19:00:00,11669,ΛΙΓΝΙΤΗΣ,0.1010574266686296
2023-01-02 19:00:00,115469,ΣΥΝΟΛΟ,1.0
2023-01-02 19:00:00,7872,ΥΔΡΟΗΛΕΚΤΡΙΚΑ,0.0681741419775004
2023-01-03 19:00:00,39771,ΑΕΡΙΟ,0.3532248610050269
2023-01-03 19:00:00,12023,ΑΠΕ,0.1067818889105991
2023-01-03 19:00:00,36985,ΚΑΘΑΡΕΣ ΕΙΣΑΓΩΓΕΣ (ΕΙΣΑΓΩΓΕΣ-ΕΞΑΓΩΓΕΣ),0.3284810913547791
2023-01-03 19:00:00,17231,ΛΙΓΝΙΤΗΣ,0.1530365738849317
2023-01-03 19:00:00,112594,ΣΥΝΟΛΟ,1.0
2023-01-03 19:00:00,6584,ΥΔΡΟΗΛΕΚΤΡΙΚΑ,0.0584755848446631
2023-01-04 19:00:00,30856,ΑΕΡΙΟ,0.2680612989540258
2023-01-04 19:00:00,13100,ΑΠΕ,0.1138061646453765
2023-01-04 19:00:00,43722,ΚΑΘΑΡΕΣ ΕΙΣΑΓΩΓΕΣ (ΕΙΣΑΓΩΓΕΣ-ΕΞΑΓΩΓΕΣ),0.3798345901240574
2023-01-04 19:00:00,21108,ΛΙΓΝΙΤΗΣ,0.1833756124682906
2023-01-04 19:00:00,115108,ΣΥΝΟΛΟ,1.0
2023-01-04 19:00:00,6322,ΥΔΡΟΗΛΕΚΤΡΙΚΑ,0.0549223338082496
2023-01-05 19:00:00,22643,ΑΕΡΙΟ,0.2330557757032432
2023-01-05 19:00:00,13940,ΑΠΕ,0.1434791111294091
2023-01-05 19:00:00,39689,ΚΑΘΑΡΕΣ ΕΙΣΑΓΩΓΕΣ (ΕΙΣΑΓΩΓΕΣ-ΕΞΑΓΩΓΕΣ),0.408503761952304
2023-01-05 19:00:00,16102,ΛΙΓΝΙΤΗΣ,0.1657317537593791
2023-01-05 19:00:00,97157,ΣΥΝΟΛΟ,1.0
2023-01-05 19:00:00,4783,ΥΔΡΟΗΛΕΚΤΡΙΚΑ,0.0492295974556645
2023-01-06 19:00:00,28924,ΑΕΡΙΟ,0.2848448440562126
2023-01-06 19:00:00,7467,ΑΠΕ,0.0735353495563456
2023-01-06 19:00:00,43492,ΚΑΘΑΡΕΣ ΕΙΣΑΓΩΓΕΣ (ΕΙΣΑΓΩΓΕΣ-ΕΞΑΓΩΓΕΣ),0.4283111588194164
2023-01-06 19:00:00,15898,ΛΙΓΝΙΤΗΣ,0.1565642141752755
2023-01-06 19:00:00,101543,ΣΥΝΟΛΟ,1.0
2023-01-06 19:00:00,5762,ΥΔΡΟΗΛΕΚΤΡΙΚΑ,0.0567444333927498
2023-01-07 19:00:00,28675,ΑΕΡΙΟ,0.2900097091306282
2023-01-07 19:00:00,4857,ΑΠΕ,0.0491221327723613
2023-01-07 19:00:00,43528,ΚΑΘΑΡΕΣ ΕΙΣΑΓΩΓΕΣ (ΕΙΣΑΓΩΓΕΣ-ΕΞΑΓΩΓΕΣ),0.4402281645697641
2023-01-07 19:00:00,16638,ΛΙΓΝΙΤΗΣ,0.1682713702010599
2023-01-07 19:00:00,98876,ΣΥΝΟΛΟ,1.0
2023-01-07 19:00:00,5178,ΥΔΡΟΗΛΕΚΤΡΙΚΑ,0.0523686233261863
2023-01-08 19:00:00,26560,ΑΕΡΙΟ,0.227105600684053
2023-01-08 19:00:00,28876,ΑΠΕ,0.2469089354424967
2023-01-08 19:00:00,39068,ΚΑΘΑΡΕΣ ΕΙΣΑΓΩΓΕΣ (ΕΙΣΑΓΩΓΕΣ-ΕΞΑΓΩΓΕΣ),0.3340572894399315
2023-01-08 19:00:00,15566,ΛΙΓΝΙΤΗΣ,0.1330996152201795
2023-01-08 19:00:00,116950,ΣΥΝΟΛΟ,1.0
2023-01-08 19:00:00,6880,ΥΔΡΟΗΛΕΚΤΡΙΚΑ,0.058828559213339
2023-01-09 19:00:00,30209,ΑΕΡΙΟ,0.2394100538115881
2023-01-09 19:00:00,48836,ΑΠΕ,0.3870313280129338
2023-01-09 19:00:00,19026,ΚΑΘΑΡΕΣ ΕΙΣΑΓΩΓΕΣ (ΕΙΣΑΓΩΓΕΣ-ΕΞΑΓΩΓΕΣ),0.1507833984514308
2023-01-09 19:00:00,15585,ΛΙΓΝΙΤΗΣ,0.1235130487157337
2023-01-09 19:00:00,126181,ΣΥΝΟΛΟ,1.0
2023-01-09 19:00:00,12525,ΥΔΡΟΗΛΕΚΤΡΙΚΑ,0.0992621710083134
2023-01-10 19:00:00,40463,ΑΕΡΙΟ,0.3302050775671419
2023-01-10 19:00:00,13246,ΑΠΕ,0.108096197945144
2023-01-10 19:00:00,47126,ΚΑΘΑΡΕΣ ΕΙΣΑΓΩΓΕΣ (ΕΙΣΑΓΩΓΕΣ-ΕΞΑΓΩΓΕΣ),0.3845796032283599
2023-01-10 19:00:00,16141,ΛΙΓΝΙΤΗΣ,0.1317213295359028
2023-01-10 19:00:00,122539,ΣΥΝΟΛΟ,1.0
2023-01-10 19:00:00,5563,ΥΔΡΟΗΛΕΚΤΡΙΚΑ,0.0453977917234513
2023-01-11 19:00:00,43013,ΑΕΡΙΟ,0.3473580502144086
2023-01-11 19:00:00,17801,ΑΠΕ,0.1437546939731404
2023-01-11 19:00:00,37065,ΚΑΘΑΡΕΣ ΕΙΣΑΓΩΓΕΣ (ΕΙΣΑΓΩΓΕΣ-ΕΞΑΓΩΓΕΣ),0.2993240678677854
2023-01-11 19:00:00,15662,ΛΙΓΝΙΤΗΣ,0.1264808728165454
2023-01-11 19:00:00,123829,ΣΥΝΟΛΟ,1.0
2023-01-11 19:00:00,10288,ΥΔΡΟΗΛΕΚΤΡΙΚΑ,0.0830823151281202
2023-01-12 19:00:00,45989,ΑΕΡΙΟ,0.3920463748348323
2023-01-12 19:00:00,25762,ΑΠΕ,0.2196155321597545
2023-01-12 19:00:00,25538,ΚΑΘΑΡΕΣ ΕΙΣΑΓΩΓΕΣ (ΕΙΣΑΓΩΓΕΣ-ΕΞΑΓΩΓΕΣ),0.217705980137249
2023-01-12 19:00:00,15731,ΛΙΓΝΙΤΗΣ,0.134103405651933
2023-01-12 19:00:00,117305,ΣΥΝΟΛΟ,1.0
2023-01-12 19:00:00,4285,ΥΔΡΟΗΛΕΚΤΡΙΚΑ,0.0365287072162311
2023-01-13 19:00:00,38306,ΑΕΡΙΟ,0.3216207820122079
2023-01-13 19:00:00,7624,ΑΠΕ,0.0640118217005449
2023-01-13 19:00:00,47847,ΚΑΘΑΡΕΣ ΕΙΣΑΓΩΓΕΣ (ΕΙΣΑΓΩΓΕΣ-ΕΞΑΓΩΓΕΣ),0.4017279161733961
2023-01-13 19:00:00,16474,ΛΙΓΝΙΤΗΣ,0.1383172548130609
2023-01-13 19:00:00,119103,ΣΥΝΟΛΟ,1.0
2023-01-13 19:00:00,8852,ΥΔΡΟΗΛΕΚΤΡΙΚΑ,0.07432222530079
2023-01-14 19:00:00,25705,ΑΕΡΙΟ,0.2304885047164735
2023-01-14 19:00:00,21362,ΑΠΕ,0.1915462142677809
2023-01-14 19:00:00,44105,ΚΑΘΑΡΕΣ ΕΙΣΑΓΩΓΕΣ (ΕΙΣΑΓΩΓΕΣ-ΕΞΑΓΩΓΕΣ),0.3954754133639396
2023-01-14 19:00:00,15131,ΛΙΓΝΙΤΗΣ,0.1356748323230874
2023-01-14 19:00:00,111524,ΣΥΝΟΛΟ,1.0
2023-01-14 19:00:00,5221,ΥΔΡΟΗΛΕΚΤΡΙΚΑ,0.0468150353287184
2023-01-15 19:00:00,27983,ΑΕΡΙΟ,0.2267629373916144
2023-01-15 19:00:00,32468,ΑΠΕ,0.263107567138296
2023-01-15 19:00:00,44198,ΚΑΘΑΡΕΣ ΕΙΣΑΓΩΓΕΣ (ΕΙΣΑΓΩΓΕΣ-ΕΞΑΓΩΓΕΣ),0.358162752629617
2023-01-15 19:00:00,13844,ΛΙΓΝΙΤΗΣ,0.1121861882303366
2023-01-15 19:00:00,123402,ΣΥΝΟΛΟ,1.0
2023-01-15 19:00:00,4909,ΥΔΡΟΗΛΕΚΤΡΙΚΑ,0.0397805546101359
2023-01-16 19:00:00,15484,ΑΕΡΙΟ,0.1282053405092113
2023-01-16 19:00:00,69399,ΑΠΕ,0.5746139515628235
2023-01-16 19:00:00,21529,ΚΑΘΑΡΕΣ ΕΙΣΑΓΩΓΕΣ (ΕΙΣΑΓΩΓΕΣ-ΕΞΑΓΩΓΕΣ),0.1782570896294763
2023-01-16 19:00:00,9021,ΛΙΓΝΙΤΗΣ,0.0746926102256261
2023-01-16 19:00:00,120775,ΣΥΝΟΛΟ,1.0
2023-01-16 19:00:00,5342,ΥΔΡΟΗΛΕΚΤΡΙΚΑ,0.0442310080728627
2023-01-17 19:00:00,17211,ΑΕΡΙΟ,0.1561385842201235
2023-01-17 19:00:00,70197,ΑΠΕ,0.6368287837139047
2023-01-17 19:00:00,6884,ΚΑΘΑΡΕΣ ΕΙΣΑΓΩΓΕΣ (ΕΙΣΑΓΩΓΕΣ-ΕΞΑΓΩΓΕΣ),0.0624518048789338
2023-01-17 19:00:00,8054,ΛΙΓΝΙΤΗΣ,0.0730660715419717
2023-01-17 19:00:00,110229,ΣΥΝΟΛΟ,1.0
2023-01-17 19:00:00,7883,ΥΔΡΟΗΛΕΚΤΡΙΚΑ,0.0715147556450661
2023-01-19 19:00:00,21828,ΑΕΡΙΟ,0.1939180725460408
2023-01-19 19:00:00,53729,ΑΠΕ,0.4773238097776356
2023-01-19 19:00:00,6277,ΚΑΘΑΡΕΣ ΕΙΣΑΓΩΓΕΣ (ΕΙΣΑΓΩΓΕΣ-ΕΞΑΓΩΓΕΣ),0.0557643275321375
2023-01-19 19:00:00,9903,ΛΙΓΝΙΤΗΣ,0.0879773993230457
2023-01-19 19:00:00,112563,ΣΥΝΟΛΟ,1.0
2023-01-19 19:00:00,20826,ΥΔΡΟΗΛΕΚΤΡΙΚΑ,0.1850163908211401
2023-01-20 19:00:00,14900,ΑΕΡΙΟ,0.1318315741043858
2023-01-20 19:00:00,53808,ΑΠΕ,0.4760800898932076
2023-01-20 19:00:00,17855,ΚΑΘΑΡΕΣ ΕΙΣΑΓΩΓΕΣ (ΕΙΣΑΓΩΓΕΣ-ΕΞΑΓΩΓΕΣ),0.1579766950089804
2023-01-20 19:00:00,10059,ΛΙΓΝΙΤΗΣ,0.0889995841554373
2023-01-20 19:00:00,113023,ΣΥΝΟΛΟ,1.0
2023-01-20 19:00:00,16401,ΥΔΡΟΗΛΕΚΤΡΙΚΑ,0.1451120568379887
2023-01-21 19:00:00,18612,ΑΕΡΙΟ,0.1894061975270951
2023-01-21 19:00:00,26033,ΑΠΕ,0.2649264743296189
2023-01-21 19:00:00,29226,ΚΑΘΑΡΕΣ ΕΙΣΑΓΩΓΕΣ (ΕΙΣΑΓΩΓΕΣ-ΕΞΑΓΩΓΕΣ),0.2974202411845519
2023-01-21 19:00:00,9797,ΛΙΓΝΙΤΗΣ,0.0996997913804508
2023-01-21 19:00:00,98265,ΣΥΝΟΛΟ,1.0
2023-01-21 19:00:00,14597,ΥΔΡΟΗΛΕΚΤΡΙΚΑ,0.1485472955782832
2023-01-22 19:00:00,36757,ΑΕΡΙΟ,0.3107731069701376
2023-01-22 19:00:00,25974,ΑΠΕ,0.2196049917142953
2023-01-22 19:00:00,27671,ΚΑΘΑΡΕΣ ΕΙΣΑΓΩΓΕΣ (ΕΙΣΑΓΩΓΕΣ-ΕΞΑΓΩΓΕΣ),0.2339527883932496
2023-01-22 19:00:00,9768,ΛΙΓΝΙΤΗΣ,0.0825864926105042
2023-01-22 19:00:00,118276,ΣΥΝΟΛΟ,1.0
2023-01-22 19:00:00,18106,ΥΔΡΟΗΛΕΚΤΡΙΚΑ,0.153082620311813
2023-01-23 19:00:00,46509,ΑΕΡΙΟ,0.3786822778420101
2023-01-23 19:00:00,10694,ΑΠΕ,0.0870719275676203
2023-01-23 19:00:00,34421,ΚΑΘΑΡΕΣ ΕΙΣΑΓΩΓΕΣ (ΕΙΣΑΓΩΓΕΣ-ΕΞΑΓΩΓΕΣ),0.2802602224429644
2023-01-23 19:00:00,10274,ΛΙΓΝΙΤΗΣ,0.0836522333859857
2023-01-23 19:00:00,122818,ΣΥΝΟΛΟ,1.0
2023-01-23 19:00:00,20920,ΥΔΡΟΗΛΕΚΤΡΙΚΑ,0.1703333387614193
2023-01-24 19:00:00,42697,ΑΕΡΙΟ,0.3186818928198238
2023-01-24 19:00:00,35830,ΑΠΕ,0.267427974324526
2023-01-24 19:00:00,24196,ΚΑΘΑΡΕΣ ΕΙΣΑΓΩΓΕΣ (ΕΙΣΑΓΩΓΕΣ-ΕΞΑΓΩΓΕΣ),0.180594118525153
2023-01-24 19:00:00,10259,ΛΙΓΝΙΤΗΣ,0.0765711300194058
2023-01-24 19:00:00,133980,ΣΥΝΟΛΟ,1.0
2023-01-24 19:00:00,20998,ΥΔΡΟΗΛΕΚΤΡΙΚΑ,0.1567248843110912
2023-01-25 19:00:00,44708,ΑΕΡΙΟ,0.3177789308332563
2023-01-25 19:00:00,23283,ΑΠΕ,0.1654926824414133
2023-01-25 19:00:00,37021,ΚΑΘΑΡΕΣ ΕΙΣΑΓΩΓΕΣ (ΕΙΣΑΓΩΓΕΣ-ΕΞΑΓΩΓΕΣ),0.263140686194372
2023-01-25 19:00:00,13898,ΛΙΓΝΙΤΗΣ,0.098785263950984
2023-01-25 19:00:00,140689,ΣΥΝΟΛΟ,1.0
2023-01-25 19:00:00,21779,ΥΔΡΟΗΛΕΚΤΡΙΚΑ,0.1548024365799742
2023-01-26 19:00:00,41167,ΑΕΡΙΟ,0.3103781053266483
2023-01-26 19:00:00,8980,ΑΠΕ,0.0677046028574659
2023-01-26 19:00:00,48774,ΚΑΘΑΡΕΣ ΕΙΣΑΓΩΓΕΣ (ΕΙΣΑΓΩΓΕΣ-ΕΞΑΓΩΓΕΣ),0.3677309910657066
2023-01-26 19:00:00,15571,ΛΙΓΝΙΤΗΣ,0.117397368718664
2023-01-26 19:00:00,132635,ΣΥΝΟΛΟ,1.0
2023-01-26 19:00:00,18143,ΥΔΡΟΗΛΕΚΤΡΙΚΑ,0.136788932031515
2023-01-27 19:00:00,33128,ΑΕΡΙΟ,0.2903570739916209
2023-01-27 19:00:00,7818,ΑΠΕ,0.0685224464038424
2023-01-27 19:00:00,40125,ΚΑΘΑΡΕΣ ΕΙΣΑΓΩΓΕΣ (ΕΙΣΑΓΩΓΕΣ-ΕΞΑΓΩΓΕΣ),0.3516836994057531
2023-01-27 19:00:00,16194,ΛΙΓΝΙΤΗΣ,0.1419355969639069
2023-01-27 19:00:00,114094,ΣΥΝΟΛΟ,1.0
2023-01-27 19:00:00,16829,ΥΔΡΟΗΛΕΚΤΡΙΚΑ,0.1475011832348765
2023-01-28 19:00:00,21458,ΑΕΡΙΟ,0.1921950433061345
2023-01-28 19:00:00,25849,ΑΠΕ,0.2315243580212634
2023-01-28 19:00:00,30000,ΚΑΘΑΡΕΣ ΕΙΣΑΓΩΓΕΣ (ΕΙΣΑΓΩΓΕΣ-ΕΞΑΓΩΓΕΣ),0.2687040404130876
2023-01-28 19:00:00,16411,ΛΙΓΝΙΤΗΣ,0.146990066907306
2023-01-28 19:00:00,111647,ΣΥΝΟΛΟ,1.0
2023-01-28 19:00:00,17929,ΥΔΡΟΗΛΕΚΤΡΙΚΑ,0.1605864913522083
2023-01-29 19:00:00,41481,ΑΕΡΙΟ,0.3254177453518475
2023-01-29 19:00:00,15892,ΑΠΕ,0.1246724719541853
2023-01-29 19:00:00,33586,ΚΑΘΑΡΕΣ ΕΙΣΑΓΩΓΕΣ (ΕΙΣΑΓΩΓΕΣ-ΕΞΑΓΩΓΕΣ),0.2634816035145524
2023-01-29 19:00:00,17335,ΛΙΓΝΙΤΗΣ,0.1359927826155173
2023-01-29 19:00:00,127470,ΣΥΝΟΛΟ,1.0
2023-01-29 19:00:00,19176,ΥΔΡΟΗΛΕΚΤΡΙΚΑ,0.1504353965638974
2023-01-30 19:00:00,29403,ΑΕΡΙΟ,0.2124217948532705
2023-01-30 19:00:00,33096,ΑΠΕ,0.2391018509153434
2023-01-30 19:00:00,36951,ΚΑΘΑΡΕΣ ΕΙΣΑΓΩΓΕΣ (ΕΙΣΑΓΩΓΕΣ-ΕΞΑΓΩΓΕΣ),0.2669522749931367
2023-01-30 19:00:00,19663,ΛΙΓΝΙΤΗΣ,0.1420552240315566
2023-01-30 19:00:00,138418,ΣΥΝΟΛΟ,1.0
2023-01-30 19:00:00,19305,ΥΔΡΟΗΛΕΚΤΡΙΚΑ,0.1394688552066927
2023-01-31 19:00:00,36092,ΑΕΡΙΟ,0.2883208180220482
2023-01-31 19:00:00,29999,ΑΠΕ,0.2396469084518293
2023-01-31 19:00:00,17644,ΚΑΘΑΡΕΣ ΕΙΣΑΓΩΓΕΣ (ΕΙΣΑΓΩΓΕΣ-ΕΞΑΓΩΓΕΣ),0.1409490333919156
2023-01-31 19:00:00,20318,ΛΙΓΝΙΤΗΣ,0.1623102732065825
2023-01-31 19:00:00,125180,ΣΥΝΟΛΟ,1.0
2023-01-31 19:00:00,21127,ΥΔΡΟΗΛΕΚΤΡΙΚΑ,0.1687729669276242
2023-02-01 19:00:00,39555,ΑΕΡΙΟ,0.3214076770565866
2023-02-01 19:00:00,23282,ΑΠΕ,0.1891799655475022
2023-02-01 19:00:00,18225,ΚΑΘΑΡΕΣ ΕΙΣΑΓΩΓΕΣ (ΕΙΣΑΓΩΓΕΣ-ΕΞΑΓΩΓΕΣ),0.1480888614424546
2023-02-01 19:00:00,23360,ΛΙΓΝΙΤΗΣ,0.1898137614977086
2023-02-01 19:00:00,123068,ΣΥΝΟΛΟ,1.0
2023-02-01 19:00:00,18646,ΥΔΡΟΗΛΕΚΤΡΙΚΑ,0.151509734455748
2023-02-02 19:00:00,41117,ΑΕΡΙΟ,0.3329150000809677
2023-02-02 19:00:00,28166,ΑΠΕ,0.2280536977960585
2023-02-02 19:00:00,21534,ΚΑΘΑΡΕΣ ΕΙΣΑΓΩΓΕΣ (ΕΙΣΑΓΩΓΕΣ-ΕΞΑΓΩΓΕΣ),0.1743559017375674
2023-02-02 19:00:00,16323,ΛΙΓΝΙΤΗΣ,0.1321636195812349
2023-02-02 19:00:00,123506,ΣΥΝΟΛΟ,1.0
2023-02-02 19:00:00,16366,ΥΔΡΟΗΛΕΚΤΡΙΚΑ,0.1325117808041714
2023-02-04 19:00:00,18126,ΑΕΡΙΟ,0.1406533716148056
2023-02-04 19:00:00,53117,ΑΠΕ,0.4121750601381237
2023-02-04 19:00:00,26742,ΚΑΘΑΡΕΣ ΕΙΣΑΓΩΓΕΣ (ΕΙΣΑΓΩΓΕΣ-ΕΞΑΓΩΓΕΣ),0.2075114456428959
2023-02-04 19:00:00,16955,ΛΙΓΝΙΤΗΣ,0.1315666951191123
2023-02-04 19:00:00,128870,ΣΥΝΟΛΟ,1.0
2023-02-04 19:00:00,13930,ΥΔΡΟΗΛΕΚΤΡΙΚΑ,0.1080934274850624
2023-02-05 19:00:00,31206,ΑΕΡΙΟ,0.2338526561902835
2023-02-05 19:00:00,48651,ΑΠΕ,0.3645826307861783
2023-02-05 19:00:00,12845,ΚΑΘΑΡΕΣ ΕΙΣΑΓΩΓΕΣ (ΕΙΣΑΓΩΓΕΣ-ΕΞΑΓΩΓΕΣ),0.0962583275256101
2023-02-05 19:00:00,25907,ΛΙΓΝΙΤΗΣ,0.1941428175325794
2023-02-05 19:00:00,133443,ΣΥΝΟΛΟ,1.0
2023-02-05 19:00:00,14834,ΥΔΡΟΗΛΕΚΤΡΙΚΑ,0.1111635679653485
2023-02-06 19:00:00,39931,ΑΕΡΙΟ,0.2720466003542717
2023-02-06 19:00:00,49762,ΑΠΕ,0.3390243902439024
2023-02-06 19:00:00,9343,ΚΑΘΑΡΕΣ ΕΙΣΑΓΩΓΕΣ (ΕΙΣΑΓΩΓΕΣ-ΕΞΑΓΩΓΕΣ),0.0636530862515329
2023-02-06 19:00:00,25088,ΛΙΓΝΙΤΗΣ,0.1709224690012263
2023-02-06 19:00:00,146780,ΣΥΝΟΛΟ,1.0
2023-02-06 19:00:00,22656,ΥΔΡΟΗΛΕΚΤΡΙΚΑ,0.1543534541490666
2023-02-07 19:00:00,44331,ΑΕΡΙΟ,0.3068059131301387
2023-02-07 19:00:00,50368,ΑΠΕ,0.3485867729701298
2023-02-07 19:00:00,7002,ΚΑΘΑΡΕΣ ΕΙΣΑΓΩΓΕΣ (ΕΙΣΑΓΩΓΕΣ-ΕΞΑΓΩΓΕΣ),0.048459430279877
2023-02-07 19:00:00,32871,ΛΙΓΝΙΤΗΣ,0.2274935636575035
2023-02-07 19:00:00,144492,ΣΥΝΟΛΟ,1.0
2023-02-07 19:00:00,9920,ΥΔΡΟΗΛΕΚΤΡΙΚΑ,0.0686543199623508
2023-02-08 19:00:00,47873,ΑΕΡΙΟ,0.31216907065912
2023-02-08 19:00:00,54087,ΑΠΕ,0.3526891676882547
2023-02-08 19:00:00,6159,ΚΑΘΑΡΕΣ ΕΙΣΑΓΩΓΕΣ (ΕΙΣΑΓΩΓΕΣ-ΕΞΑΓΩΓΕΣ),0.0401614543936983
2023-02-08 19:00:00,28054,ΛΙΓΝΙΤΗΣ,0.1829338271733743
2023-02-08 19:00:00,153356,ΣΥΝΟΛΟ,1.0
2023-02-08 19:00:00,17183,ΥΔΡΟΗΛΕΚΤΡΙΚΑ,0.1120464800855525
2023-02-09 19:00:00,38989,ΑΕΡΙΟ,0.2657773112107868
2023-02-09 19:00:00,52371,ΑΠΕ,0.3569987320890537
2023-02-09 19:00:00,17424,ΚΑΘΑΡΕΣ ΕΙΣΑΓΩΓΕΣ (ΕΙΣΑΓΩΓΕΣ-ΕΞΑΓΩΓΕΣ),0.1187746254209328
2023-02-09 19:00:00,25861,ΛΙΓΝΙΤΗΣ,0.1762873386140233
2023-02-09 19:00:00,146698,ΣΥΝΟΛΟ,1.0
2023-02-09 19:00:00,12053,ΥΔΡΟΗΛΕΚΤΡΙΚΑ,0.0821619926652033
2023-02-10 19:00:00,28164,ΑΕΡΙΟ,0.22376177839925
2023-02-10 19:00:00,35199,ΑΠΕ,0.279654553255049
2023-02-10 19:00:00,26666,ΚΑΘΑΡΕΣ ΕΙΣΑΓΩΓΕΣ (ΕΙΣΑΓΩΓΕΣ-ΕΞΑΓΩΓΕΣ),0.2118602323105524
2023-02-10 19:00:00,28583,ΛΙΓΝΙΤΗΣ,0.2270907155228576
2023-02-10 19:00:00,125866,ΣΥΝΟΛΟ,1.0
2023-02-10 19:00:00,7254,ΥΔΡΟΗΛΕΚΤΡΙΚΑ,0.0576327205122908
2023-02-11 19:00:00,22917,ΑΕΡΙΟ,0.195310902024954
2023-02-11 19:00:00,21840,ΑΠΕ,0.1861321333606054
2023-02-11 19:00:00,36650,ΚΑΘΑΡΕΣ ΕΙΣΑΓΩΓΕΣ (ΕΙΣΑΓΩΓΕΣ-ΕΞΑΓΩΓΕΣ),0.3123508556623713
2023-02-11 19:00:00,28093,ΛΙΓΝΙΤΗΣ,0.2394235358287311
2023-02-11 19:00:00,117336,ΣΥΝΟΛΟ,1.0
2023-02-11 19:00:00,7836,ΥΔΡΟΗΛΕΚΤΡΙΚΑ,0.0667825731233381
2023-02-12 19:00:00,33707,ΑΕΡΙΟ,0.2601832482960378
2023-02-12 19:00:00,49348,ΑΠΕ,0.3809156239627637
2023-02-12 19:00:00,4783,ΚΑΘΑΡΕΣ ΕΙΣΑΓΩΓΕΣ (ΕΙΣΑΓΩΓΕΣ-ΕΞΑΓΩΓΕΣ),0.0369198230812575
2023-02-12 19:00:00,32011,ΛΙΓΝΙΤΗΣ,0.2470918788739569
2023-02-12 19:00:00,129551,ΣΥΝΟΛΟ,1.0
2023-02-12 19:00:00,9702,ΥΔΡΟΗΛΕΚΤΡΙΚΑ,0.0748894257859839
2023-02-13 19:00:00,37379,ΑΕΡΙΟ,0.2994536307120425
2023-02-13 19:00:00,22886,ΑΠΕ,0.1833461513811446
2023-02-13 19:00:00,28806,ΚΑΘΑΡΕΣ ΕΙΣΑΓΩΓΕΣ (ΕΙΣΑΓΩΓΕΣ-ΕΞΑΓΩΓΕΣ),0.2307729282830224
2023-02-13 19:00:00,29477,ΛΙΓΝΙΤΗΣ,0.2361484970838941
2023-02-13 19:00:00,124824,ΣΥΝΟΛΟ,1.0
2023-02-13 19:00:00,6276,ΥΔΡΟΗΛΕΚΤΡΙΚΑ,0.0502787925398961
2023-02-14 19:00:00,44649,ΑΕΡΙΟ,0.3318369986101924
2023-02-14 19:00:00,30139,ΑΠΕ,0.22399684877853
2023-02-14 19:00:00,22969,ΚΑΘΑΡΕΣ ΕΙΣΑΓΩΓΕΣ (ΕΙΣΑΓΩΓΕΣ-ΕΞΑΓΩΓΕΣ),0.1707085045819057
2023-02-14 19:00:00,27241,ΛΙΓΝΙΤΗΣ,0.2024585473166308
2023-02-14 19:00:00,134551,ΣΥΝΟΛΟ,1.0
2023-02-14 19:00:00,9553,ΥΔΡΟΗΛΕΚΤΡΙΚΑ,0.0709991007127408
2023-02-15 19:00:00,54304,ΑΕΡΙΟ,0.438009662926786
2023-02-15 19:00:00,8509,ΑΠΕ,0.068632591003315
2023-02-15 19:00:00,25576,ΚΑΘΑΡΕΣ ΕΙΣΑΓΩΓΕΣ (ΕΙΣΑΓΩΓΕΣ-ΕΞΑΓΩΓΕΣ),0.2062930012340799
2023-02-15 19:00:00,24145,ΛΙΓΝΙΤΗΣ,0.1947507239129207
2023-02-15 19:00:00,123979,ΣΥΝΟΛΟ,1.0
2023-02-15 19:00:00,11445,ΥΔΡΟΗΛΕΚΤΡΙΚΑ,0.0923140209228982
2023-02-16 19:00:00,49211,ΑΕΡΙΟ,0.4083324344283379
2023-02-16 19:00:00,18169,ΑΠΕ,0.1507588141092128
2023-02-16 19:00:00,14397,ΚΑΘΑΡΕΣ ΕΙΣΑΓΩΓΕΣ (ΕΙΣΑΓΩΓΕΣ-ΕΞΑΓΩΓΕΣ),0.1194603250993635
2023-02-16 19:00:00,28579,ΛΙΓΝΙΤΗΣ,0.237136669515504
2023-02-16 19:00:00,120517,ΣΥΝΟΛΟ,1.0
2023-02-16 19:00:00,10161,ΥΔΡΟΗΛΕΚΤΡΙΚΑ,0.0843117568475816
2023-02-17 19:00:00,29067,ΑΕΡΙΟ,0.2689023544104723
2023-02-17 19:00:00,18126,ΑΠΕ,0.1676858319071187
2023-02-17 19:00:00,28377,ΚΑΘΑΡΕΣ ΕΙΣΑΓΩΓΕΣ (ΕΙΣΑΓΩΓΕΣ-ΕΞΑΓΩΓΕΣ),0.2625190804385032
2023-02-17 19:00:00,26955,ΛΙΓΝΙΤΗΣ,0.2493639853832277
2023-02-17 19:00:00,108095,ΣΥΝΟΛΟ,1.0
2023-02-17 19:00:00,5570,ΥΔΡΟΗΛΕΚΤΡΙΚΑ,0.0515287478606781
2023-02-18 19:00:00,18396,ΑΕΡΙΟ,0.1946398908086718
2023-02-18 19:00:00,28360,ΑΠΕ,0.3000645413858411
2023-02-18 19:00:00,26984,ΚΑΘΑΡΕΣ ΕΙΣΑΓΩΓΕΣ (ΕΙΣΑΓΩΓΕΣ-ΕΞΑΓΩΓΕΣ),0.2855056976288976
2023-02-18 19:00:00,14905,ΛΙΓΝΙΤΗΣ,0.1577031731084612
2023-02-18 19:00:00,94513,ΣΥΝΟΛΟ,1.0
2023-02-18 19:00:00,5868,ΥΔΡΟΗΛΕΚΤΡΙΚΑ,0.0620866970681281
2023-02-19 19:00:00,31109,ΑΕΡΙΟ,0.3007502078539801
2023-02-19 19:00:00,25773,ΑΠΕ,0.2491637502658597
2023-02-19 19:00:00,19717,ΚΑΘΑΡΕΣ ΕΙΣΑΓΩΓΕΣ (ΕΙΣΑΓΩΓΕΣ-ΕΞΑΓΩΓΕΣ),0.1906166012490574
2023-02-19 19:00:00,17651,ΛΙΓΝΙΤΗΣ,0.170643283899534
2023-02-19 19:00:00,103438,ΣΥΝΟΛΟ,1.0
2023-02-19 19:00:00,9188,ΥΔΡΟΗΛΕΚΤΡΙΚΑ,0.0888261567315686
2023-02-20 19:00:00,34156,ΑΕΡΙΟ,0.3230034516998439
2023-02-20 19:00:00,15291,ΑΠΕ,0.144602581682349
2023-02-20 19:00:00,25879,ΚΑΘΑΡΕΣ ΕΙΣΑΓΩΓΕΣ (ΕΙΣΑΓΩΓΕΣ-ΕΞΑΓΩΓΕΣ),0.2447302472930162
2023-02-20 19:00:00,23477,ΛΙΓΝΙΤΗΣ,0.222015225306161
2023-02-20 19:00:00,105745,ΣΥΝΟΛΟ,1.0
2023-02-20 19:00:00,6942,ΥΔΡΟΗΛΕΚΤΡΙΚΑ,0.0656484940186297
2023-02-21 19:00:00,43340,ΑΕΡΙΟ,0.4046496428738154
2023-02-21 19:00:00,7633,ΑΠΕ,0.0712665141683394
2023-02-21 19:00:00,27517,ΚΑΘΑΡΕΣ ΕΙΣΑΓΩΓΕΣ (ΕΙΣΑΓΩΓΕΣ-ΕΞΑΓΩΓΕΣ),0.2569161103589935
2023-02-21 19:00:00,24004,ΛΙΓΝΙΤΗΣ,0.2241165211708136
2023-02-21 19:00:00,107105,ΣΥΝΟΛΟ,1.0
2023-02-21 19:00:00,4611,ΥΔΡΟΗΛΕΚΤΡΙΚΑ,0.0430512114280379
2023-02-22 19:00:00,43937,ΑΕΡΙΟ,0.3986480969015107
2023-02-22 19:00:00,4039,ΑΠΕ,0.0366465544617338
2023-02-22 19:00:00,31549,ΚΑΘΑΡΕΣ ΕΙΣΑΓΩΓΕΣ (ΕΙΣΑΓΩΓΕΣ-ΕΞΑΓΩΓΕΣ),0.2862496030485869
2023-02-22 19:00:00,25779,ΛΙΓΝΙΤΗΣ,0.233897382388967
2023-02-22 19:00:00,110215,ΣΥΝΟΛΟ,1.0
2023-02-22 19:00:00,4911,ΥΔΡΟΗΛΕΚΤΡΙΚΑ,0.0445583631992015
2023-02-23 19:00:00,40741,ΑΕΡΙΟ,0.3656590497047156
2023-02-23 19:00:00,7837,ΑΠΕ,0.0703387244430882
2023-02-23 19:00:00,30915,ΚΑΘΑΡΕΣ ΕΙΣΑΓΩΓΕΣ (ΕΙΣΑΓΩΓΕΣ-ΕΞΑΓΩΓΕΣ),0.2774686316394119
2023-02-23 19:00:00,26167,ΛΙΓΝΙΤΗΣ,0.2348543323340932
2023-02-23 19:00:00,111418,ΣΥΝΟΛΟ,1.0
2023-02-23 19:00:00,5758,ΥΔΡΟΗΛΕΚΤΡΙΚΑ,0.051679261878691
2023-02-24 19:00:00,20328,ΑΕΡΙΟ,0.2106026542896511
2023-02-24 19:00:00,34758,ΑΠΕ,0.3601007013872341
2023-02-24 19:00:00,26677,ΚΑΘΑΡΕΣ ΕΙΣΑΓΩΓΕΣ (ΕΙΣΑΓΩΓΕΣ-ΕΞΑΓΩΓΕΣ),0.2763797229675828
2023-02-24 19:00:00,10313,ΛΙΓΝΙΤΗΣ,0.1068450006734146
2023-02-24 19:00:00,96523,ΣΥΝΟΛΟ,1.0
2023-02-24 19:00:00,4447,ΥΔΡΟΗΛΕΚΤΡΙΚΑ,0.0460719206821172
2023-02-25 19:00:00,14185,ΑΕΡΙΟ,0.1566641632797314
2023-02-25 19:00:00,60401,ΑΠΕ,0.6670900335748365
2023-02-25 19:00:00,2388,ΚΑΘΑΡΕΣ ΕΙΣΑΓΩΓΕΣ (ΕΙΣΑΓΩΓΕΣ-ΕΞΑΓΩΓΕΣ),0.0263739176532956
2023-02-25 19:00:00,9006,ΛΙΓΝΙΤΗΣ,0.0994654532602933
2023-02-25 19:00:00,90544,ΣΥΝΟΛΟ,1.0
2023-02-25 19:00:00,4564,ΥΔΡΟΗΛΕΚΤΡΙΚΑ,0.050406432231843
2023-02-26 19:00:00,24920,ΑΕΡΙΟ,0.2931281906509516
2023-02-26 19:00:00,40088,ΑΠΕ,0.4715458630343238
2023-02-26 19:00:00,8507,ΚΑΘΑΡΕΣ ΕΙΣΑΓΩΓΕΣ (ΕΙΣΑΓΩΓΕΣ-ΕΞΑΓΩΓΕΣ),0.100065871503517
2023-02-26 19:00:00,5468,ΛΙΓΝΙΤΗΣ,0.0643188180770226
2023-02-26 19:00:00,85014,ΣΥΝΟΛΟ,1.0
2023-02-26 19:00:00,6031,ΥΔΡΟΗΛΕΚΤΡΙΚΑ,0.0709412567341849
2023-02-27 19:00:00,46643,ΑΕΡΙΟ,0.4072344066494377
2023-02-27 19:00:00,18686,ΑΠΕ,0.1631452119857512
2023-02-27 19:00:00,29839,ΚΑΘΑΡΕΣ ΕΙΣΑΓΩΓΕΣ (ΕΙΣΑΓΩΓΕΣ-ΕΞΑΓΩΓΕΣ),0.2605207096458755
2023-02-27 19:00:00,8896,ΛΙΓΝΙΤΗΣ,0.0776699029126213
2023-02-27 19:00:00,114536,ΣΥΝΟΛΟ,1.0
2023-02-27 19:00:00,10472,ΥΔΡΟΗΛΕΚΤΡΙΚΑ,0.0914297688063141
2023-02-28 19:00:00,52627,ΑΕΡΙΟ,0.4531575593710713
2023-02-28 19:00:00,19903,ΑΠΕ,0.1713796132054351
2023-02-28 19:00:00,18366,ΚΑΘΑΡΕΣ ΕΙΣΑΓΩΓΕΣ (ΕΙΣΑΓΩΓΕΣ-ΕΞΑΓΩΓΕΣ),0.1581449015792102
2023-02-28 19:00:00,15284,ΛΙΓΝΙΤΗΣ,0.1316065923846591
2023-02-28 19:00:00,116134,ΣΥΝΟΛΟ,1.0
2023-02-28 19:00:00,9954,ΥΔΡΟΗΛΕΚΤΡΙΚΑ,0.0857113334596242
2023-03-01 19:00:00,58275,ΑΕΡΙΟ,0.4747415499670064
2023-03-01 19:00:00,15015,ΑΠΕ,0.1223207957572647
2023-03-01 19:00:00,21996,ΚΑΘΑΡΕΣ ΕΙΣΑΓΩΓΕΣ (ΕΙΣΑΓΩΓΕΣ-ΕΞΑΓΩΓΕΣ),0.1791920228755774
2023-03-01 19:00:00,21543,ΛΙΓΝΙΤΗΣ,0.1755016252413422
2023-03-01 19:00:00,122751,ΣΥΝΟΛΟ,1.0
2023-03-01 19:00:00,5922,ΥΔΡΟΗΛΕΚΤΡΙΚΑ,0.0482440061588093
2023-03-02 19:00:00,56844,ΑΕΡΙΟ,0.4799513665493047
2023-03-02 19:00:00,7641,ΑΠΕ,0.0645153119379923
2023-03-02 19:00:00,22108,ΚΑΘΑΡΕΣ ΕΙΣΑΓΩΓΕΣ (ΕΙΣΑΓΩΓΕΣ-ΕΞΑΓΩΓΕΣ),0.1866646402728877
2023-03-02 19:00:00,22019,ΛΙΓΝΙΤΗΣ,0.1859131859131859
2023-03-02 19:00:00,118437,ΣΥΝΟΛΟ,1.0
2023-03-02 19:00:00,9825,ΥΔΡΟΗΛΕΚΤΡΙΚΑ,0.0829554953266293
2023-03-03 19:00:00,40194,ΑΕΡΙΟ,0.343037099623627
2023-03-03 19:00:00,21713,ΑΠΕ,0.1853103583651244
2023-03-03 19:00:00,25173,ΚΑΘΑΡΕΣ ΕΙΣΑΓΩΓΕΣ (ΕΙΣΑΓΩΓΕΣ-ΕΞΑΓΩΓΕΣ),0.2148398494508026
2023-03-03 19:00:00,25382,ΛΙΓΝΙΤΗΣ,0.2166235672649375
2023-03-03 19:00:00,117171,ΣΥΝΟΛΟ,1.0
2023-03-03 19:00:00,4709,ΥΔΡΟΗΛΕΚΤΡΙΚΑ,0.0401891252955082
2023-03-05 19:00:00,37084,ΑΕΡΙΟ,0.3585038814396613
2023-03-05 19:00:00,16588,ΑΠΕ,0.1603619454568304
2023-03-05 19:00:00,24600,ΚΑΘΑΡΕΣ ΕΙΣΑΓΩΓΕΣ (ΕΙΣΑΓΩΓΕΣ-ΕΞΑΓΩΓΕΣ),0.2378167264430931
2023-03-05 19:00:00,21052,ΛΙΓΝΙΤΗΣ,0.2035169806943088
2023-03-05 19:00:00,103441,ΣΥΝΟΛΟ,1.0
2023-03-05 19:00:00,4117,ΥΔΡΟΗΛΕΚΤΡΙΚΑ,0.0398004659661062
2023-03-06 19:00:00,44565,ΑΕΡΙΟ,0.3935481592031014
2023-03-06 19:00:00,37320,ΑΠΕ,0.3295684349031694
2023-03-06 19:00:00,5526,ΚΑΘΑΡΕΣ ΕΙΣΑΓΩΓΕΣ (ΕΙΣΑΓΩΓΕΣ-ΕΞΑΓΩΓΕΣ),0.0487994418883953
2023-03-06 19:00:00,20760,ΛΙΓΝΙΤΗΣ,0.1833290650747534
2023-03-06 19:00:00,113239,ΣΥΝΟΛΟ,1.0
2023-03-06 19:00:00,5068,ΥΔΡΟΗΛΕΚΤΡΙΚΑ,0.0447548989305804
2023-03-07 19:00:00,37511,ΑΕΡΙΟ,0.3768434800080369
2023-03-07 19:00:00,22654,ΑΠΕ,0.2275868997387984
2023-03-07 19:00:00,14002,ΚΑΘΑΡΕΣ ΕΙΣΑΓΩΓΕΣ (ΕΙΣΑΓΩΓΕΣ-ΕΞΑΓΩΓΕΣ),0.1406670685151697
2023-03-07 19:00:00,20511,ΛΙΓΝΙΤΗΣ,0.2060578661844484
2023-03-07 19:00:00,99540,ΣΥΝΟΛΟ,1.0
2023-03-07 19:00:00,4862,ΥΔΡΟΗΛΕΚΤΡΙΚΑ,0.0488446855535463
2023-03-08 19:00:00,29736,ΑΕΡΙΟ,0.2953633437959394
2023-03-08 19:00:00,32274,ΑΠΕ,0.3205729270133894
2023-03-08 19:00:00,12491,ΚΑΘΑΡΕΣ ΕΙΣΑΓΩΓΕΣ (ΕΙΣΑΓΩΓΕΣ-ΕΞΑΓΩΓΕΣ),0.1240712781596408
2023-03-08 19:00:00,20790,ΛΙΓΝΙΤΗΣ,0.2065040327386864
2023-03-08 19:00:00,100676,ΣΥΝΟΛΟ,1.0
2023-03-08 19:00:00,5385,ΥΔΡΟΗΛΕΚΤΡΙΚΑ,0.0534884182923437
2023-03-09 19:00:00,23986,ΑΕΡΙΟ,0.2284272177515356
2023-03-09 19:00:00,41358,ΑΠΕ,0.3938669587162516
2023-03-09 19:00:00,19601,ΚΑΘΑΡΕΣ ΕΙΣΑΓΩΓΕΣ (ΕΙΣΑΓΩΓΕΣ-ΕΞΑΓΩΓΕΣ),0.1866673015570687
2023-03-09 19:00:00,16099,ΛΙΓΝΙΤΗΣ,0.1533165087376791
2023-03-09 19:00:00,105005,ΣΥΝΟΛΟ,1.0
2023-03-09 19:00:00,3961,ΥΔΡΟΗΛΕΚΤΡΙΚΑ,0.0377220132374648
2023-03-10 19:00:00,22231,ΑΕΡΙΟ,0.2483494386415684
2023-03-10 19:00:00,47904,ΑΠΕ,0.5351505334301514
2023-03-10 19:00:00,4770,ΚΑΘΑΡΕΣ ΕΙΣΑΓΩΓΕΣ (ΕΙΣΑΓΩΓΕΣ-ΕΞΑΓΩΓΕΣ),0.0532871585767748
2023-03-10 19:00:00,9579,ΛΙΓΝΙΤΗΣ,0.1070099983243031
2023-03-10 19:00:00,89515,ΣΥΝΟΛΟ,1.0
2023-03-10 19:00:00,5031,ΥΔΡΟΗΛΕΚΤΡΙΚΑ,0.0562028710272021
2023-03-11 19:00:00,22746,ΑΕΡΙΟ,0.2549914240552448
2023-03-11 19:00:00,33444,ΑΠΕ,0.3749201260047308
2023-03-11 19:00:00,22058,ΚΑΘΑΡΕΣ ΕΙΣΑΓΩΓΕΣ (ΕΙΣΑΓΩΓΕΣ-ΕΞΑΓΩΓΕΣ),0.2472786789681961
2023-03-11 19:00:00,6448,ΛΙΓΝΙΤΗΣ,0.0722845644204791
2023-03-11 19:00:00,89203,ΣΥΝΟΛΟ,1.0
2023-03-11 19:00:00,4507,ΥΔΡΟΗΛΕΚΤΡΙΚΑ,0.0505252065513491
2023-03-12 20:00:00,24252,ΑΕΡΙΟ,0.2482648485965235
2023-03-12 20:00:00,55166,ΑΠΕ,0.564727801322605
2023-03-12 20:00:00,692,ΚΑΘΑΡΕΣ ΕΙΣΑΓΩΓΕΣ (ΕΙΣΑΓΩΓΕΣ-ΕΞΑΓΩΓΕΣ),0.0070839219540159
2023-03-12 20:00:00,9237,ΛΙΓΝΙΤΗΣ,0.0945580738283889
2023-03-12 20:00:00,97686,ΣΥΝΟΛΟ,1.0
2023-03-12 20:00:00,8339,ΥΔΡΟΗΛΕΚΤΡΙΚΑ,0.0853653542984665
2023-03-13 20:00:00,32707,ΑΕΡΙΟ,0.33889050066313
2023-03-13 20:00:00,25468,ΑΠΕ,0.2638842838196286
2023-03-13 20:00:00,22795,ΚΑΘΑΡΕΣ ΕΙΣΑΓΩΓΕΣ (ΕΙΣΑΓΩΓΕΣ-ΕΞΑΓΩΓΕΣ),0.2361882460212201
2023-03-13 20:00:00,7823,ΛΙΓΝΙΤΗΣ,0.0810572778514588
2023-03-13 20:00:00,96512,ΣΥΝΟΛΟ,1.0
2023-03-13 20:00:00,7719,ΥΔΡΟΗΛΕΚΤΡΙΚΑ,0.0799796916445623
2023-03-14 20:00:00,39163,ΑΕΡΙΟ,0.338838899463575
2023-03-14 20:00:00,26158,ΑΠΕ,0.2263194324277556
2023-03-14 20:00:00,25298,ΚΑΘΑΡΕΣ ΕΙΣΑΓΩΓΕΣ (ΕΙΣΑΓΩΓΕΣ-ΕΞΑΓΩΓΕΣ),0.2188786987368056
2023-03-14 20:00:00,16350,ΛΙΓΝΙΤΗΣ,0.1414604602872469
2023-03-14 20:00:00,115580,ΣΥΝΟΛΟ,1.0
2023-03-14 20:00:00,8611,ΥΔΡΟΗΛΕΚΤΡΙΚΑ,0.0745025090846167
2023-03-15 20:00:00,33653,ΑΕΡΙΟ,0.2881398017021422
2023-03-15 20:00:00,28972,ΑΠΕ,0.2480606880490436
2023-03-15 20:00:00,32239,ΚΑΘΑΡΕΣ ΕΙΣΑΓΩΓΕΣ (ΕΙΣΑΓΩΓΕΣ-ΕΞΑΓΩΓΕΣ),0.2760330153946264
2023-03-15 20:00:00,13296,ΛΙΓΝΙΤΗΣ,0.1138414644587906
2023-03-15 20:00:00,116794,ΣΥΝΟΛΟ,1.0
2023-03-15 20:00:00,8634,ΥΔΡΟΗΛΕΚΤΡΙΚΑ,0.073925030395397
2023-03-16 20:00:00,22851,ΑΕΡΙΟ,0.1901477012689827
2023-03-16 20:00:00,61913,ΑΠΕ,0.515190347410027
2023-03-16 20:00:00,12227,ΚΑΘΑΡΕΣ ΕΙΣΑΓΩΓΕΣ (ΕΙΣΑΓΩΓΕΣ-ΕΞΑΓΩΓΕΣ),0.1017432910339088
2023-03-16 20:00:00,16606,ΛΙΓΝΙΤΗΣ,0.1381818181818181
2023-03-16 20:00:00,120175,ΣΥΝΟΛΟ,1.0
2023-03-16 20:00:00,6578,ΥΔΡΟΗΛΕΚΤΡΙΚΑ,0.0547368421052631
2023-03-17 20:00:00,25560,ΑΕΡΙΟ,0.2479795872827995
2023-03-17 20:00:00,38577,ΑΠΕ,0.374268722167784
2023-03-17 20:00:00,16152,ΚΑΘΑΡΕΣ ΕΙΣΑΓΩΓΕΣ (ΕΙΣΑΓΩΓΕΣ-ΕΞΑΓΩΓΕΣ),0.1567044715880977
2023-03-17 20:00:00,17587,ΛΙΓΝΙΤΗΣ,0.1706266432528402
2023-03-17 20:00:00,103073,ΣΥΝΟΛΟ,1.0
2023-03-17 20:00:00,5197,ΥΔΡΟΗΛΕΚΤΡΙΚΑ,0.0504205757084784
2023-03-18 20:00:00,26896,ΑΕΡΙΟ,0.3085040490009406
2023-03-18 20:00:00,30817,ΑΠΕ,0.3534789291367484
2023-03-18 20:00:00,17139,ΚΑΘΑΡΕΣ ΕΙΣΑΓΩΓΕΣ (ΕΙΣΑΓΩΓΕΣ-ΕΞΑΓΩΓΕΣ),0.1965887453832213
2023-03-18 20:00:00,7139,ΛΙΓΝΙΤΗΣ,0.0818861691633594
2023-03-18 20:00:00,87182,ΣΥΝΟΛΟ,1.0
2023-03-18 20:00:00,5191,ΥΔΡΟΗΛΕΚΤΡΙΚΑ,0.0595421073157303
2023-03-19 20:00:00,42262,ΑΕΡΙΟ,0.441065353065186
2023-03-19 20:00:00,6921,ΑΠΕ,0.0722306873447577
2023-03-19 20:00:00,30363,ΚΑΘΑΡΕΣ ΕΙΣΑΓΩΓΕΣ (ΕΙΣΑΓΩΓΕΣ-ΕΞΑΓΩΓΕΣ),0.3168820054687011
2023-03-19 20:00:00,9581,ΛΙΓΝΙΤΗΣ,0.0999916508380471
2023-03-19 20:00:00,95818,ΣΥΝΟΛΟ,1.0
2023-03-19 20:00:00,6691,ΥΔΡΟΗΛΕΚΤΡΙΚΑ,0.0698303032833079
2023-03-20 20:00:00,50755,ΑΕΡΙΟ,0.421556657447321
2023-03-20 20:00:00,5653,ΑΠΕ,0.0469522172111064
2023-03-20 20:00:00,41397,ΚΑΘΑΡΕΣ ΕΙΣΑΓΩΓΕΣ (ΕΙΣΑΓΩΓΕΣ-ΕΞΑΓΩΓΕΣ),0.343831759399995
2023-03-20 20:00:00,13587,ΛΙΓΝΙΤΗΣ,0.1128497744997882
2023-03-20 20:00:00,120399,ΣΥΝΟΛΟ,1.0
2023-03-20 20:00:00,9007,ΥΔΡΟΗΛΕΚΤΡΙΚΑ,0.0748095914417893
2023-03-21 20:00:00,36983,ΑΕΡΙΟ,0.3504932854421562
2023-03-21 20:00:00,20203,ΑΠΕ,0.1914667778651781
2023-03-21 20:00:00,30215,ΚΑΘΑΡΕΣ ΕΙΣΑΓΩΓΕΣ (ΕΙΣΑΓΩΓΕΣ-ΕΞΑΓΩΓΕΣ),0.2863519622430509
2023-03-21 20:00:00,12559,ΛΙΓΝΙΤΗΣ,0.119023474890302
2023-03-21 20:00:00,105517,ΣΥΝΟΛΟ,1.0
2023-03-21 20:00:00,5557,ΥΔΡΟΗΛΕΚΤΡΙΚΑ,0.0526644995593127
2023-03-22 20:00:00,32706,ΑΕΡΙΟ,0.3322328657192487
2023-03-22 20:00:00,31687,ΑΠΕ,0.3218816980384588
2023-03-22 20:00:00,18883,ΚΑΘΑΡΕΣ ΕΙΣΑΓΩΓΕΣ (ΕΙΣΑΓΩΓΕΣ-ΕΞΑΓΩΓΕΣ),0.1918165842162469
2023-03-22 20:00:00,9990,ΛΙΓΝΙΤΗΣ,0.1014800442895889
2023-03-22 20:00:00,98443,ΣΥΝΟΛΟ,1.0
2023-03-22 20:00:00,5177,ΥΔΡΟΗΛΕΚΤΡΙΚΑ,0.0525888077364566
2023-03-23 20:00:00,32271,ΑΕΡΙΟ,0.3570906918071969
2023-03-23 20:00:00,19162,ΑΠΕ,0.2120347010135883
2023-03-23 20:00:00,22334,ΚΑΘΑΡΕΣ ΕΙΣΑΓΩΓΕΣ (ΕΙΣΑΓΩΓΕΣ-ΕΞΑΓΩΓΕΣ),0.2471340680741822
2023-03-23 20:00:00,10916,ΛΙΓΝΙΤΗΣ,0.120789625105121
2023-03-23 20:00:00,90372,ΣΥΝΟΛΟ,1.0
2023-03-23 20:00:00,5689,ΥΔΡΟΗΛΕΚΤΡΙΚΑ,0.0629509139999114
2023-03-24 20:00:00,26749,ΑΕΡΙΟ,0.3568246091457233
2023-03-24 20:00:00,15255,ΑΠΕ,0.2034976788858652
2023-03-24 20:00:00,23581,ΚΑΘΑΡΕΣ ΕΙΣΑΓΩΓΕΣ (ΕΙΣΑΓΩΓΕΣ-ΕΞΑΓΩΓΕΣ),0.3145643242089536
2023-03-24 20:00:00,4744,ΛΙΓΝΙΤΗΣ,0.0632837095139
2023-03-24 20:00:00,74964,ΣΥΝΟΛΟ,1.0
2023-03-24 20:00:00,4635,ΥΔΡΟΗΛΕΚΤΡΙΚΑ,0.0618296782455578
2023-03-25 20:00:00,22280,ΑΕΡΙΟ,0.3300202929892906
2023-03-25 20:00:00,20674,ΑΠΕ,0.3062315770763283
2023-03-25 20:00:00,16105,ΚΑΘΑΡΕΣ ΕΙΣΑΓΩΓΕΣ (ΕΙΣΑΓΩΓΕΣ-ΕΞΑΓΩΓΕΣ),0.2385537171720164
2023-03-25 20:00:00,4197,ΛΙΓΝΙΤΗΣ,0.0621676467538623
2023-03-25 20:00:00,67511,ΣΥΝΟΛΟ,1.0
2023-03-25 20:00:00,4255,ΥΔΡΟΗΛΕΚΤΡΙΚΑ,0.0630267660085023
2023-03-26 20:00:00,19251,ΑΕΡΙΟ,0.2216401671713276
2023-03-26 20:00:00,44452,ΑΠΕ,0.5117837364864087
2023-03-26 20:00:00,13486,ΚΑΘΑΡΕΣ ΕΙΣΑΓΩΓΕΣ (ΕΙΣΑΓΩΓΕΣ-ΕΞΑΓΩΓΕΣ),0.1552667027412874
2023-03-26 20:00:00,5301,ΛΙΓΝΙΤΗΣ,0.0610313503805104
2023-03-26 20:00:00,86857,ΣΥΝΟΛΟ,1.0
2023-03-26 20:00:00,4367,ΥΔΡΟΗΛΕΚΤΡΙΚΑ,0.0502780432204658
2023-03-27 20:00:00,20969,ΑΕΡΙΟ,0.2122669204138238
2023-03-27 20:00:00,46924,ΑΠΕ,0.47500657987974
2023-03-27 20:00:00,9645,ΚΑΘΑΡΕΣ ΕΙΣΑΓΩΓΕΣ (ΕΙΣΑΓΩΓΕΣ-ΕΞΑΓΩΓΕΣ),0.0976352924503472
2023-03-27 20:00:00,12864,ΛΙΓΝΙΤΗΣ,0.1302208815014273
2023-03-27 20:00:00,98786,ΣΥΝΟΛΟ,1.0
2023-03-27 20:00:00,8384,ΥΔΡΟΗΛΕΚΤΡΙΚΑ,0.0848703257546616
2023-03-28 20:00:00,33521,ΑΕΡΙΟ,0.3578703505999914
2023-03-28 20:00:00,39611,ΑΠΕ,0.4228872186872784
2023-03-28 20:00:00,535,ΚΑΘΑΡΕΣ ΕΙΣΑΓΩΓΕΣ (ΕΙΣΑΓΩΓΕΣ-ΕΞΑΓΩΓΕΣ),0.0057116624674381
2023-03-28 20:00:00,12167,ΛΙΓΝΙΤΗΣ,0.1298949481146175
2023-03-28 20:00:00,93668,ΣΥΝΟΛΟ,1.0
2023-03-28 20:00:00,7834,ΥΔΡΟΗΛΕΚΤΡΙΚΑ,0.0836358201306742
2023-03-29 20:00:00,34922,ΑΕΡΙΟ,0.3679136948345431
2023-03-29 20:00:00,19049,ΑΠΕ,0.2006869014633529
2023-03-29 20:00:00,16861,ΚΑΘΑΡΕΣ ΕΙΣΑΓΩΓΕΣ (ΕΙΣΑΓΩΓΕΣ-ΕΞΑΓΩΓΕΣ),0.1776356683066614
2023-03-29 20:00:00,18728,ΛΙΓΝΙΤΗΣ,0.1973050706391765
2023-03-29 20:00:00,94919,ΣΥΝΟΛΟ,1.0
2023-03-29 20:00:00,5359,ΥΔΡΟΗΛΕΚΤΡΙΚΑ,0.0564586647562658
2023-03-30 20:00:00,28321,ΑΕΡΙΟ,0.3030280333832655
2023-03-30 20:00:00,35110,ΑΠΕ,0.3756687352878237
2023-03-30 20:00:00,11765,ΚΑΘΑΡΕΣ ΕΙΣΑΓΩΓΕΣ (ΕΙΣΑΓΩΓΕΣ-ΕΞΑΓΩΓΕΣ),0.1258827305799272
2023-03-30 20:00:00,11241,ΛΙΓΝΙΤΗΣ,0.1202760539268136
2023-03-30 20:00:00,93460,ΣΥΝΟΛΟ,1.0
2023-03-30 20:00:00,7023,ΥΔΡΟΗΛΕΚΤΡΙΚΑ,0.0751444468221699
2023-03-31 20:00:00,17265,ΑΕΡΙΟ,0.197693857921495
2023-03-31 20:00:00,50105,ΑΠΕ,0.5737301332844776
2023-03-31 20:00:00,8452,ΚΑΘΑΡΕΣ ΕΙΣΑΓΩΓΕΣ (ΕΙΣΑΓΩΓΕΣ-ΕΞΑΓΩΓΕΣ),0.0967801035130307
2023-03-31 20:00:00,6073,ΛΙΓΝΙΤΗΣ,0.0695392296065588
2023-03-31 20:00:00,87332,ΣΥΝΟΛΟ,1.0
2023-03-31 20:00:00,5437,ΥΔΡΟΗΛΕΚΤΡΙΚΑ,0.0622566756744377
2023-04-01 20:00:00,30120,ΑΕΡΙΟ,0.3359170244800089
2023-04-01 20:00:00,17019,ΑΠΕ,0.1898065019795907
2023-04-01 20:00:00,27374,ΚΑΘΑΡΕΣ ΕΙΣΑΓΩΓΕΣ (ΕΙΣΑΓΩΓΕΣ-ΕΞΑΓΩΓΕΣ),0.3052919199241621
2023-04-01 20:00:00,6604,ΛΙΓΝΙΤΗΣ,0.0736519266157363
2023-04-01 20:00:00,89665,ΣΥΝΟΛΟ,1.0
2023-04-01 20:00:00,8548,ΥΔΡΟΗΛΕΚΤΡΙΚΑ,0.0953326270005018
2023-04-02 20:00:00,46144,ΑΕΡΙΟ,0.4040488949598963
2023-04-02 20:00:00,35852,ΑΠΕ,0.313929459563588
2023-04-02 20:00:00,12728,ΚΑΘΑΡΕΣ ΕΙΣΑΓΩΓΕΣ (ΕΙΣΑΓΩΓΕΣ-ΕΞΑΓΩΓΕΣ),0.111449686525866
2023-04-02 20:00:00,13888,ΛΙΓΝΙΤΗΣ,0.1216069489685124
2023-04-02 20:00:00,114204,ΣΥΝΟΛΟ,1.0
2023-04-02 20:00:00,5592,ΥΔΡΟΗΛΕΚΤΡΙΚΑ,0.0489650099821372
2023-04-03 20:00:00,46384,ΑΕΡΙΟ,0.4381056727808527
2023-04-03 20:00:00,23074,ΑΠΕ,0.2179383040217617
2023-04-03 20:00:00,10835,ΚΑΘΑΡΕΣ ΕΙΣΑΓΩΓΕΣ (ΕΙΣΑΓΩΓΕΣ-ΕΞΑΓΩΓΕΣ),0.1023386289362827
2023-04-03 20:00:00,19292,ΛΙΓΝΙΤΗΣ,0.1822165970871035
2023-04-03 20:00:00,105874,ΣΥΝΟΛΟ,1.0
2023-04-03 20:00:00,6289,ΥΔΡΟΗΛΕΚΤΡΙΚΑ,0.0594007971739992
2023-04-04 20:00:00,43468,ΑΕΡΙΟ,0.4381943184338394
2023-04-04 20:00:00,27916,ΑΠΕ,0.2814169640516946
2023-04-04 20:00:00,77,ΚΑΘΑΡΕΣ ΕΙΣΑΓΩΓΕΣ (ΕΙΣΑΓΩΓΕΣ-ΕΞΑΓΩΓΕΣ),0.0007762253271235
2023-04-04 20:00:00,16926,ΛΙΓΝΙΤΗΣ,0.1706284400895179
2023-04-04 20:00:00,99198,ΣΥΝΟΛΟ,1.0
2023-04-04 20:00:00,10811,ΥΔΡΟΗΛΕΚΤΡΙΚΑ,0.1089840520978245
2023-04-05 20:00:00,60106,ΑΕΡΙΟ,0.5569237896687514
2023-04-05 20:00:00,18260,ΑΠΕ,0.1691915682186703
2023-04-05 20:00:00,4374,ΚΑΘΑΡΕΣ ΕΙΣΑΓΩΓΕΣ (ΕΙΣΑΓΩΓΕΣ-ΕΞΑΓΩΓΕΣ),0.0405281445448227
2023-04-05 20:00:00,19683,ΛΙΓΝΙΤΗΣ,0.1823766504517025
2023-04-05 20:00:00,107925,ΣΥΝΟΛΟ,1.0
2023-04-05 20:00:00,5502,ΥΔΡΟΗΛΕΚΤΡΙΚΑ,0.0509798471160528
2023-04-06 20:00:00,65157,ΑΕΡΙΟ,0.6429226898218955
2023-04-06 20:00:00,12372,ΑΠΕ,0.1220780502244807
2023-04-06 20:00:00,4657,ΚΑΘΑΡΕΣ ΕΙΣΑΓΩΓΕΣ (ΕΙΣΑΓΩΓΕΣ-ΕΞΑΓΩΓΕΣ),0.0459519463219695
2023-04-06 20:00:00,10370,ΛΙΓΝΙΤΗΣ,0.1023237456213922
2023-04-06 20:00:00,101345,ΣΥΝΟΛΟ,1.0
2023-04-06 20:00:00,8789,ΥΔΡΟΗΛΕΚΤΡΙΚΑ,0.0867235680102619
2023-04-07 20:00:00,54820,ΑΕΡΙΟ,0.5524149258844987
2023-04-07 20:00:00,4937,ΑΠΕ,0.0497495893668692
2023-04-07 20:00:00,14702,ΚΑΘΑΡΕΣ ΕΙΣΑΓΩΓΕΣ (ΕΙΣΑΓΩΓΕΣ-ΕΞΑΓΩΓΕΣ),0.1481503874562915
2023-04-07 20:00:00,20462,ΛΙΓΝΙΤΗΣ,0.2061932545320797
2023-04-07 20:00:00,99237,ΣΥΝΟΛΟ,1.0
2023-04-07 20:00:00,4316,ΥΔΡΟΗΛΕΚΤΡΙΚΑ,0.0434918427602607
2023-04-08 20:00:00,44227,ΑΕΡΙΟ,0.4791398082444071
2023-04-08 20:00:00,10328,ΑΠΕ,0.1118899301229619
2023-04-08 20:00:00,21453,ΚΑΘΑΡΕΣ ΕΙΣΑΓΩΓΕΣ (ΕΙΣΑΓΩΓΕΣ-ΕΞΑΓΩΓΕΣ),0.2324142787497968
2023-04-08 20:00:00,12052,ΛΙΓΝΙΤΗΣ,0.1305671415416283
2023-04-08 20:00:00,92305,ΣΥΝΟΛΟ,1.0
2023-04-08 20:00:00,4245,ΥΔΡΟΗΛΕΚΤΡΙΚΑ,0.0459888413412057
2023-04-09 20:00:00,39709,ΑΕΡΙΟ,0.3574939680939177
2023-04-09 20:00:00,32114,ΑΠΕ,0.2891173610861032
2023-04-09 20:00:00,25201,ΚΑΘΑΡΕΣ ΕΙΣΑΓΩΓΕΣ (ΕΙΣΑΓΩΓΕΣ-ΕΞΑΓΩΓΕΣ),0.2268806942993986
2023-04-09 20:00:00,9937,ΛΙΓΝΙΤΗΣ,0.0894612697612445
2023-04-09 20:00:00,111076,ΣΥΝΟΛΟ,1.0
2023-04-09 20:00:00,4115,ΥΔΡΟΗΛΕΚΤΡΙΚΑ,0.0370467067593359
2023-04-10 20:00:00,37282,ΑΕΡΙΟ,0.3769437647867672
2023-04-10 20:00:00,38491,ΑΠΕ,0.3891674923664894
2023-04-10 20:00:00,9129,ΚΑΘΑΡΕΣ ΕΙΣΑΓΩΓΕΣ (ΕΙΣΑΓΩΓΕΣ-ΕΞΑΓΩΓΕΣ),0.0922997593674802
2023-04-10 20:00:00,9088,ΛΙΓΝΙΤΗΣ,0.0918852243544375
2023-04-10 20:00:00,98906,ΣΥΝΟΛΟ,1.0
2023-04-10 20:00:00,4916,ΥΔΡΟΗΛΕΚΤΡΙΚΑ,0.0497037591248255
2023-04-11 20:00:00,40235,ΑΕΡΙΟ,0.4413716692811461
2023-04-11 20:00:00,29224,ΑΠΕ,0.3205827181079213
2023-04-11 20:00:00,9451,ΚΑΘΑΡΕΣ ΕΙΣΑΓΩΓΕΣ (ΕΙΣΑΓΩΓΕΣ-ΕΞΑΓΩΓΕΣ),0.1036759946905955
2023-04-11 20:00:00,7102,ΛΙΓΝΙΤΗΣ,0.0779078313715595
2023-04-11 20:00:00,91159,ΣΥΝΟΛΟ,1.0
2023-04-11 20:00:00,5147,ΥΔΡΟΗΛΕΚΤΡΙΚΑ,0.0564617865487774
2023-04-12 20:00:00,47125,ΑΕΡΙΟ,0.5678258145363408
2023-04-12 20:00:00,25092,ΑΠΕ,0.3023423944476576
2023-04-12 20:00:00,605,ΚΑΘΑΡΕΣ ΕΙΣΑΓΩΓΕΣ (ΕΙΣΑΓΩΓΕΣ-ΕΞΑΓΩΓΕΣ),0.0072898592635434
2023-04-12 20:00:00,4836,ΛΙΓΝΙΤΗΣ,0.0582706766917293
2023-04-12 20:00:00,82992,ΣΥΝΟΛΟ,1.0
2023-04-12 20:00:00,5334,ΥΔΡΟΗΛΕΚΤΡΙΚΑ,0.0642712550607287
2023-04-13 20:00:00,24767,ΑΕΡΙΟ,0.325201223755564
2023-04-13 20:00:00,52988,ΑΠΕ,0.6957549337570084
2023-04-13 20:00:00,-11683,ΚΑΘΑΡΕΣ ΕΙΣΑΓΩΓΕΣ (ΕΙΣΑΓΩΓΕΣ-ΕΞΑΓΩΓΕΣ),-0.1534027495108917
2023-04-13 20:00:00,4981,ΛΙΓΝΙΤΗΣ,0.0654026444674956
2023-04-13 20:00:00,76159,ΣΥΝΟΛΟ,1.0
2023-04-13 20:00:00,5106,ΥΔΡΟΗΛΕΚΤΡΙΚΑ,0.0670439475308236
2023-04-14 20:00:00,30872,ΑΕΡΙΟ,0.4091228349169747
2023-04-14 20:00:00,29154,ΑΠΕ,0.3863555043136008
2023-04-14 20:00:00,4985,ΚΑΘΑΡΕΣ ΕΙΣΑΓΩΓΕΣ (ΕΙΣΑΓΩΓΕΣ-ΕΞΑΓΩΓΕΣ),0.06606236499291
2023-04-14 20:00:00,5505,ΛΙΓΝΙΤΗΣ,0.0729535244304854
2023-04-14 20:00:00,75459,ΣΥΝΟΛΟ,1.0
2023-04-14 20:00:00,4943,ΥΔΡΟΗΛΕΚΤΡΙΚΑ,0.0655057713460289
2023-04-15 20:00:00,33853,ΑΕΡΙΟ,0.4725894489969707
2023-04-15 20:00:00,18124,ΑΠΕ,0.2530118799994416
2023-04-15 20:00:00,8080,ΚΑΘΑΡΕΣ ΕΙΣΑΓΩΓΕΣ (ΕΙΣΑΓΩΓΕΣ-ΕΞΑΓΩΓΕΣ),0.1127971744866193
2023-04-15 20:00:00,5577,ΛΙΓΝΙΤΗΣ,0.0778551784791925
2023-04-15 20:00:00,71633,ΣΥΝΟΛΟ,1.0
2023-04-15 20:00:00,5999,ΥΔΡΟΗΛΕΚΤΡΙΚΑ,0.0837463180377758
2023-04-16 20:00:00,38387,ΑΕΡΙΟ,0.4954248028599822
2023-04-16 20:00:00,18235,ΑΠΕ,0.2353419459752462
2023-04-16 20:00:00,9317,ΚΑΘΑΡΕΣ ΕΙΣΑΓΩΓΕΣ (ΕΙΣΑΓΩΓΕΣ-ΕΞΑΓΩΓΕΣ),0.1202457313217092
2023-04-16 20:00:00,5492,ΛΙΓΝΙΤΗΣ,0.0708800640140417
2023-04-16 20:00:00,77483,ΣΥΝΟΛΟ,1.0
2023-04-16 20:00:00,6052,ΥΔΡΟΗΛΕΚΤΡΙΚΑ,0.0781074558290205
2023-04-17 20:00:00,49564,ΑΕΡΙΟ,0.5398952103961744
2023-04-17 20:00:00,11133,ΑΠΕ,0.1212705467141596
2023-04-17 20:00:00,20177,ΚΑΘΑΡΕΣ ΕΙΣΑΓΩΓΕΣ (ΕΙΣΑΓΩΓΕΣ-ΕΞΑΓΩΓΕΣ),0.2197858457784604
2023-04-17 20:00:00,6132,ΛΙΓΝΙΤΗΣ,0.0667952027711512
2023-04-17 20:00:00,91803,ΣΥΝΟΛΟ,1.0
2023-04-17 20:00:00,4797,ΥΔΡΟΗΛΕΚΤΡΙΚΑ,0.0522531943400542
2023-04-18 20:00:00,47481,ΑΕΡΙΟ,0.5068640847175371
2023-04-18 20:00:00,13486,ΑΠΕ,0.1439643024894316
2023-04-18 20:00:00,11994,ΚΑΘΑΡΕΣ ΕΙΣΑΓΩΓΕΣ (ΕΙΣΑΓΩΓΕΣ-ΕΞΑΓΩΓΕΣ),0.1280370639224561
2023-04-18 20:00:00,11048,ΛΙΓΝΙΤΗΣ,0.1179384260643067
2023-04-18 20:00:00,93676,ΣΥΝΟΛΟ,1.0
2023-04-18 20:00:00,9667,ΥΔΡΟΗΛΕΚΤΡΙΚΑ,0.1031961228062684
2023-04-19 20:00:00,49686,ΑΕΡΙΟ,0.5510013972985561
2023-04-19 20:00:00,8198,ΑΠΕ,0.0909131235167565
2023-04-19 20:00:00,11852,ΚΑΘΑΡΕΣ ΕΙΣΑΓΩΓΕΣ (ΕΙΣΑΓΩΓΕΣ-ΕΞΑΓΩΓΕΣ),0.1314347816443764
2023-04-19 20:00:00,14563,ΛΙΓΝΙΤΗΣ,0.1614988799432208
2023-04-19 20:00:00,90174,ΣΥΝΟΛΟ,1.0
2023-04-19 20:00:00,5875,ΥΔΡΟΗΛΕΚΤΡΙΚΑ,0.06515181759709
2023-04-20 20:00:00,45229,ΑΕΡΙΟ,0.5201126954921803
2023-04-20 20:00:00,7359,ΑΠΕ,0.0846251149954001
2023-04-20 20:00:00,18373,ΚΑΘΑΡΕΣ ΕΙΣΑΓΩΓΕΣ (ΕΙΣΑΓΩΓΕΣ-ΕΞΑΓΩΓΕΣ),0.2112810487580496
2023-04-20 20:00:00,10978,ΛΙΓΝΙΤΗΣ,0.1262419503219871
2023-04-20 20:00:00,86960,ΣΥΝΟΛΟ,1.0
2023-04-20 20:00:00,5021,ΥΔΡΟΗΛΕΚΤΡΙΚΑ,0.0577391904323827
2023-04-21 20:00:00,39594,ΑΕΡΙΟ,0.4251750354366221
2023-04-21 20:00:00,10059,ΑΠΕ,0.1080172672995146
2023-04-21 20:00:00,27215,ΚΑΘΑΡΕΣ ΕΙΣΑΓΩΓΕΣ (ΕΙΣΑΓΩΓΕΣ-ΕΞΑΓΩΓΕΣ),0.2922447489369013
2023-04-21 20:00:00,10458,ΛΙΓΝΙΤΗΣ,0.1123018770671362
2023-04-21 20:00:00,93124,ΣΥΝΟΛΟ,1.0
2023-04-21 20:00:00,5798,ΥΔΡΟΗΛΕΚΤΡΙΚΑ,0.0622610712598256
2023-04-22 20:00:00,32052,ΑΕΡΙΟ,0.4149448500854435
2023-04-22 20:00:00,14537,ΑΠΕ,0.1881958469266221
2023-04-22 20:00:00,18540,ΚΑΘΑΡΕΣ ΕΙΣΑΓΩΓΕΣ (ΕΙΣΑΓΩΓΕΣ-ΕΞΑΓΩΓΕΣ),0.2400186422246388
2023-04-22 20:00:00,6998,ΛΙΓΝΙΤΗΣ,0.0905960333488685
2023-04-22 20:00:00,77244,ΣΥΝΟΛΟ,1.0
2023-04-22 20:00:00,5117,ΥΔΡΟΗΛΕΚΤΡΙΚΑ,0.066244627414427
2023-04-24 20:00:00,29218,ΑΕΡΙΟ,0.3183170096634673
2023-04-24 20:00:00,38049,ΑΠΕ,0.4145267951497456
2023-04-24 20:00:00,12442,ΚΑΘΑΡΕΣ ΕΙΣΑΓΩΓΕΣ (ΕΙΣΑΓΩΓΕΣ-ΕΞΑΓΩΓΕΣ),0.1355500114392792
2023-04-24 20:00:00,5400,ΛΙΓΝΙΤΗΣ,0.0588305788275283
2023-04-24 20:00:00,91789,ΣΥΝΟΛΟ,1.0
2023-04-24 20:00:00,6680,ΥΔΡΟΗΛΕΚΤΡΙΚΑ,0.0727756049199795
2023-04-25 20:00:00,26839,ΑΕΡΙΟ,0.2916109825396308
2023-04-25 20:00:00,40083,ΑΠΕ,0.4355096319958277
2023-04-25 20:00:00,14742,ΚΑΘΑΡΕΣ ΕΙΣΑΓΩΓΕΣ (ΕΙΣΑΓΩΓΕΣ-ΕΞΑΓΩΓΕΣ),0.1601747123439486
2023-04-25 20:00:00,4639,ΛΙΓΝΙΤΗΣ,0.050403642013538
2023-04-25 20:00:00,92037,ΣΥΝΟΛΟ,1.0
2023-04-25 20:00:00,5734,ΥΔΡΟΗΛΕΚΤΡΙΚΑ,0.0623010311070547
2023-04-26 20:00:00,24025,ΑΕΡΙΟ,0.2802860609454478
2023-04-26 20:00:00,38523,ΑΠΕ,0.4494260114797704
2023-04-26 20:00:00,9688,ΚΑΘΑΡΕΣ ΕΙΣΑΓΩΓΕΣ (ΕΙΣΑΓΩΓΕΣ-ΕΞΑΓΩΓΕΣ),0.113024406178543
2023-04-26 20:00:00,5156,ΛΙΓΝΙΤΗΣ,0.0601521302907275
2023-04-26 20:00:00,85716,ΣΥΝΟΛΟ,1.0
2023-04-26 20:00:00,8324,ΥΔΡΟΗΛΕΚΤΡΙΚΑ,0.0971113911055112
2023-04-27 20:00:00,27380,ΑΕΡΙΟ,0.3306563613308375
2023-04-27 20:00:00,23207,ΑΠΕ,0.2802608538131755
2023-04-27 20:00:00,20199,ΚΑΘΑΡΕΣ ΕΙΣΑΓΩΓΕΣ (ΕΙΣΑΓΩΓΕΣ-ΕΞΑΓΩΓΕΣ),0.2439345450153976
2023-04-27 20:00:00,5206,ΛΙΓΝΙΤΗΣ,0.0628705996014733
2023-04-27 20:00:00,82805,ΣΥΝΟΛΟ,1.0
2023-04-27 20:00:00,6813,ΥΔΡΟΗΛΕΚΤΡΙΚΑ,0.0822776402391159
2023-04-28 20:00:00,35185,ΑΕΡΙΟ,0.4341951008823348
2023-04-28 20:00:00,7463,ΑΠΕ,0.0920960078978219
2023-04-28 20:00:00,27519,ΚΑΘΑΡΕΣ ΕΙΣΑΓΩΓΕΣ (ΕΙΣΑΓΩΓΕΣ-ΕΞΑΓΩΓΕΣ),0.3395940025914728
2023-04-28 20:00:00,5740,ΛΙΓΝΙΤΗΣ,0.0708335904238909
2023-04-28 20:00:00,81035,ΣΥΝΟΛΟ,1.0
2023-04-28 20:00:00,5128,ΥΔΡΟΗΛΕΚΤΡΙΚΑ,0.0632812982044795
2023-04-29 20:00:00,28843,ΑΕΡΙΟ,0.3720813230475502
2023-04-29 20:00:00,6803,ΑΠΕ,0.0877602621326659
2023-04-29 20:00:00,31287,ΚΑΘΑΡΕΣ ΕΙΣΑΓΩΓΕΣ (ΕΙΣΑΓΩΓΕΣ-ΕΞΑΓΩΓΕΣ),0.4036094842488196
2023-04-29 20:00:00,5279,ΛΙΓΝΙΤΗΣ,0.0681003121855569
2023-04-29 20:00:00,77518,ΣΥΝΟΛΟ,1.0
2023-04-29 20:00:00,5306,ΥΔΡΟΗΛΕΚΤΡΙΚΑ,0.0684486183854072
2023-04-30 20:00:00,28591,ΑΕΡΙΟ,0.3616230094987541
2023-04-30 20:00:00,9364,ΑΠΕ,0.1184371956540986
2023-04-30 20:00:00,31424,ΚΑΘΑΡΕΣ ΕΙΣΑΓΩΓΕΣ (ΕΙΣΑΓΩΓΕΣ-ΕΞΑΓΩΓΕΣ),0.3974551939592476
2023-04-30 20:00:00,5092,ΛΙΓΝΙΤΗΣ,0.0644043357828567
2023-04-30 20:00:00,79063,ΣΥΝΟΛΟ,1.0
2023-04-30 20:00:00,4592,ΥΔΡΟΗΛΕΚΤΡΙΚΑ,0.0580802651050428
2023-05-01 20:00:00,32605,ΑΕΡΙΟ,0.3427811478253556
2023-05-01 20:00:00,34040,ΑΠΕ,0.3578675133254134
2023-05-01 20:00:00,14974,ΚΑΘΑΡΕΣ ΕΙΣΑΓΩΓΕΣ (ΕΙΣΑΓΩΓΕΣ-ΕΞΑΓΩΓΕΣ),0.1574238585350981
2023-05-01 20:00:00,5101,ΛΙΓΝΙΤΗΣ,0.0536275612653623
2023-05-01 20:00:00,95119,ΣΥΝΟΛΟ,1.0
2023-05-01 20:00:00,8399,ΥΔΡΟΗΛΕΚΤΡΙΚΑ,0.0882999190487704
2023-05-02 20:00:00,34616,ΑΕΡΙΟ,0.3350367789392179
2023-05-02 20:00:00,30584,ΑΠΕ,0.2960123886953155
2023-05-02 20:00:00,23798,ΚΑΘΑΡΕΣ ΕΙΣΑΓΩΓΕΣ (ΕΙΣΑΓΩΓΕΣ-ΕΞΑΓΩΓΕΣ),0.2303329461866047
2023-05-02 20:00:00,6734,ΛΙΓΝΙΤΗΣ,0.0651761517615176
2023-05-02 20:00:00,103320,ΣΥΝΟΛΟ,1.0
2023-05-02 20:00:00,7588,ΥΔΡΟΗΛΕΚΤΡΙΚΑ,0.0734417344173441
2023-05-03 20:00:00,39859,ΑΕΡΙΟ,0.3911426440571518
2023-05-03 20:00:00,11490,ΑΠΕ,0.112753179463024
2023-05-03 20:00:00,31911,ΚΑΘΑΡΕΣ ΕΙΣΑΓΩΓΕΣ (ΕΙΣΑΓΩΓΕΣ-ΕΞΑΓΩΓΕΣ),0.3131476683937824
2023-05-03 20:00:00,10284,ΛΙΓΝΙΤΗΣ,0.1009185115402732
2023-05-03 20:00:00,101904,ΣΥΝΟΛΟ,1.0
2023-05-03 20:00:00,8360,ΥΔΡΟΗΛΕΚΤΡΙΚΑ,0.0820379965457685
2023-05-04 20:00:00,30195,ΑΕΡΙΟ,0.3093528128105566
2023-05-04 20:00:00,48130,ΑΠΕ,0.4930998801315479
2023-05-04 20:00:00,1012,ΚΑΘΑΡΕΣ ΕΙΣΑΓΩΓΕΣ (ΕΙΣΑΓΩΓΕΣ-ΕΞΑΓΩΓΕΣ),0.0103681088446525
2023-05-04 20:00:00,10312,ΛΙΓΝΙΤΗΣ,0.1056481604802934
2023-05-04 20:00:00,97607,ΣΥΝΟΛΟ,1.0
2023-05-04 20:00:00,7958,ΥΔΡΟΗΛΕΚΤΡΙΚΑ,0.0815310377329494
2023-05-05 20:00:00,12805,ΑΕΡΙΟ,0.1549398027708875
2023-05-05 20:00:00,57142,ΑΠΕ,0.6914150886321011
2023-05-05 20:00:00,-4223,ΚΑΘΑΡΕΣ ΕΙΣΑΓΩΓΕΣ (ΕΙΣΑΓΩΓΕΣ-ΕΞΑΓΩΓΕΣ),-0.0510980700586847
2023-05-05 20:00:00,10121,ΛΙΓΝΙΤΗΣ,0.1224635489140298
2023-05-05 20:00:00,82645,ΣΥΝΟΛΟ,1.0
2023-05-05 20:00:00,6800,ΥΔΡΟΗΛΕΚΤΡΙΚΑ,0.0822796297416661
2023-05-06 20:00:00,12554,ΑΕΡΙΟ,0.1763474694124092
2023-05-06 20:00:00,31987,ΑΠΕ,0.4493250361713186
2023-05-06 20:00:00,11593,ΚΑΘΑΡΕΣ ΕΙΣΑΓΩΓΕΣ (ΕΙΣΑΓΩΓΕΣ-ΕΞΑΓΩΓΕΣ),0.1628481928387812
2023-05-06 20:00:00,9893,ΛΙΓΝΙΤΗΣ,0.1389680990040596
2023-05-06 20:00:00,71189,ΣΥΝΟΛΟ,1.0
2023-05-06 20:00:00,5162,ΥΔΡΟΗΛΕΚΤΡΙΚΑ,0.0725112025734312
2023-05-07 20:00:00,39284,ΑΕΡΙΟ,0.483114838773151
2023-05-07 20:00:00,8724,ΑΠΕ,0.1072877979191775
2023-05-07 20:00:00,16552,ΚΑΘΑΡΕΣ ΕΙΣΑΓΩΓΕΣ (ΕΙΣΑΓΩΓΕΣ-ΕΞΑΓΩΓΕΣ),0.2035565831222175
2023-05-07 20:00:00,9205,ΛΙΓΝΙΤΗΣ,0.1132031384509432
2023-05-07 20:00:00,81314,ΣΥΝΟΛΟ,1.0
2023-05-07 20:00:00,7549,ΥΔΡΟΗΛΕΚΤΡΙΚΑ,0.0928376417345106
2023-05-08 20:00:00,41348,ΑΕΡΙΟ,0.3970500681787628
2023-05-08 20:00:00,27271,ΑΠΕ,0.2618736676333327
2023-05-08 20:00:00,17064,ΚΑΘΑΡΕΣ ΕΙΣΑΓΩΓΕΣ (ΕΙΣΑΓΩΓΕΣ-ΕΞΑΓΩΓΕΣ),0.1638594941327853
2023-05-08 20:00:00,10509,ΛΙΓΝΙΤΗΣ,0.1009141715800188
2023-05-08 20:00:00,104138,ΣΥΝΟΛΟ,1.0
2023-05-08 20:00:00,7946,ΥΔΡΟΗΛΕΚΤΡΙΚΑ,0.0763025984751003
2023-05-09 20:00:00,42343,ΑΕΡΙΟ,0.41836775022231
2023-05-09 20:00:00,37713,ΑΠΕ,0.3726212824819682
2023-05-09 20:00:00,3321,ΚΑΘΑΡΕΣ ΕΙΣΑΓΩΓΕΣ (ΕΙΣΑΓΩΓΕΣ-ΕΞΑΓΩΓΕΣ),0.0328129631459341
2023-05-09 20:00:00,10727,ΛΙΓΝΙΤΗΣ,0.1059875506372888
2023-05-09 20:00:00,101210,ΣΥΝΟΛΟ,1.0
2023-05-09 20:00:00,7106,ΥΔΡΟΗΛΕΚΤΡΙΚΑ,0.0702104535124987
2023-05-10 20:00:00,43935,ΑΕΡΙΟ,0.4198480577189545
2023-05-10 20:00:00,35568,ΑΠΕ,0.3398920158631563
2023-05-10 20:00:00,4460,ΚΑΘΑΡΕΣ ΕΙΣΑΓΩΓΕΣ (ΕΙΣΑΓΩΓΕΣ-ΕΞΑΓΩΓΕΣ),0.0426202876391609
2023-05-10 20:00:00,11247,ΛΙΓΝΙΤΗΣ,0.1074776625734626
2023-05-10 20:00:00,104645,ΣΥΝΟΛΟ,1.0
2023-05-10 20:00:00,9435,ΥΔΡΟΗΛΕΚΤΡΙΚΑ,0.0901619762052654
2023-05-11 20:00:00,42607,ΑΕΡΙΟ,0.4713320132305275
2023-05-11 20:00:00,23473,ΑΠΕ,0.2596656968704713
2023-05-11 20:00:00,9555,ΚΑΘΑΡΕΣ ΕΙΣΑΓΩΓΕΣ (ΕΙΣΑΓΩΓΕΣ-ΕΞΑΓΩΓΕΣ),0.1057004104118499
2023-05-11 20:00:00,8305,ΛΙΓΝΙΤΗΣ,0.0918725178932929
2023-05-11 20:00:00,90397,ΣΥΝΟΛΟ,1.0
2023-05-11 20:00:00,6457,ΥΔΡΟΗΛΕΚΤΡΙΚΑ,0.0714293615938582
2023-05-12 20:00:00,38708,ΑΕΡΙΟ,0.4569742045924089
2023-05-12 20:00:00,8687,ΑΠΕ,0.1025559294020423
2023-05-12 20:00:00,24492,ΚΑΘΑΡΕΣ ΕΙΣΑΓΩΓΕΣ (ΕΙΣΑΓΩΓΕΣ-ΕΞΑΓΩΓΕΣ),0.289144678590402
2023-05-12 20:00:00,5948,ΛΙΓΝΙΤΗΣ,0.0702201759046101
2023-05-12 20:00:00,84705,ΣΥΝΟΛΟ,1.0
2023-05-12 20:00:00,6870,ΥΔΡΟΗΛΕΚΤΡΙΚΑ,0.0811050115105365
2023-05-13 20:00:00,27231,ΑΕΡΙΟ,0.3160258567665115
2023-05-13 20:00:00,15641,ΑΠΕ,0.1815196072742465
2023-05-13 20:00:00,32446,ΚΑΘΑΡΕΣ ΕΙΣΑΓΩΓΕΣ (ΕΙΣΑΓΩΓΕΣ-ΕΞΑΓΩΓΕΣ),0.3765478663525479
2023-05-13 20:00:00,5454,ΛΙΓΝΙΤΗΣ,0.0632956932468346
2023-05-13 20:00:00,86167,ΣΥΝΟΛΟ,1.0
2023-05-13 20:00:00,5395,ΥΔΡΟΗΛΕΚΤΡΙΚΑ,0.0626109763598593
2023-05-14 20:00:00,35109,ΑΕΡΙΟ,0.3824426483083157
2023-05-14 20:00:00,23495,ΑΠΕ,0.2559312433280321
2023-05-14 20:00:00,23275,ΚΑΘΑΡΕΣ ΕΙΣΑΓΩΓΕΣ (ΕΙΣΑΓΩΓΕΣ-ΕΞΑΓΩΓΕΣ),0.253534781377312
2023-05-14 20:00:00,5193,ΛΙΓΝΙΤΗΣ,0.0565673950458595
2023-05-14 20:00:00,91802,ΣΥΝΟΛΟ,1.0
2023-05-14 20:00:00,4730,ΥΔΡΟΗΛΕΚΤΡΙΚΑ,0.0515239319404806
2023-05-15 20:00:00,39397,ΑΕΡΙΟ,0.3781591652988549
2023-05-15 20:00:00,25534,ΑΠΕ,0.2450926752478859
2023-05-15 20:00:00,27329,ΚΑΘΑΡΕΣ ΕΙΣΑΓΩΓΕΣ (ΕΙΣΑΓΩΓΕΣ-ΕΞΑΓΩΓΕΣ),0.2623223044509075
2023-05-15 20:00:00,5625,ΛΙΓΝΙΤΗΣ,0.0539925706222823
2023-05-15 20:00:00,104181,ΣΥΝΟΛΟ,1.0
2023-05-15 20:00:00,6296,ΥΔΡΟΗΛΕΚΤΡΙΚΑ,0.0604332843800693
2023-05-16 20:00:00,34565,ΑΕΡΙΟ,0.3816174441070936
2023-05-16 20:00:00,23787,ΑΠΕ,0.2626221363510903
2023-05-16 20:00:00,21895,ΚΑΘΑΡΕΣ ΕΙΣΑΓΩΓΕΣ (ΕΙΣΑΓΩΓΕΣ-ΕΞΑΓΩΓΕΣ),0.241733370135247
2023-05-16 20:00:00,5190,ΛΙΓΝΙΤΗΣ,0.0573005796301407
2023-05-16 20:00:00,90575,ΣΥΝΟΛΟ,1.0
2023-05-16 20:00:00,5138,ΥΔΡΟΗΛΕΚΤΡΙΚΑ,0.0567264697764283
2023-05-17 20:00:00,38112,ΑΕΡΙΟ,0.4152357709404689
2023-05-17 20:00:00,21187,ΑΠΕ,0.2308354397280571
2023-05-17 20:00:00,18454,ΚΑΘΑΡΕΣ ΕΙΣΑΓΩΓΕΣ (ΕΙΣΑΓΩΓΕΣ-ΕΞΑΓΩΓΕΣ),0.2010590081059879
2023-05-17 20:00:00,5538,ΛΙΓΝΙΤΗΣ,0.0603373136930183
2023-05-17 20:00:00,91784,ΣΥΝΟΛΟ,1.0
2023-05-17 20:00:00,8493,ΥΔΡΟΗΛΕΚΤΡΙΚΑ,0.0925324675324675
2023-05-18 20:00:00,34456,ΑΕΡΙΟ,0.3992213931501135
2023-05-18 20:00:00,25695,ΑΠΕ,0.2977128423784585
2023-05-18 20:00:00,13003,ΚΑΘΑΡΕΣ ΕΙΣΑΓΩΓΕΣ (ΕΙΣΑΓΩΓΕΣ-ΕΞΑΓΩΓΕΣ),0.1506581081707373
2023-05-18 20:00:00,4920,ΛΙΓΝΙΤΗΣ,0.0570051443666867
2023-05-18 20:00:00,86308,ΣΥΝΟΛΟ,1.0
2023-05-18 20:00:00,8234,ΥΔΡΟΗΛΕΚΤΡΙΚΑ,0.0954025119340038
2023-05-19 20:00:00,16366,ΑΕΡΙΟ,0.1968794735765756
2023-05-19 20:00:00,42026,ΑΠΕ,0.505563775909151
2023-05-19 20:00:00,14084,ΚΑΘΑΡΕΣ ΕΙΣΑΓΩΓΕΣ (ΕΙΣΑΓΩΓΕΣ-ΕΞΑΓΩΓΕΣ),0.1694275024961805
2023-05-19 20:00:00,4712,ΛΙΓΝΙΤΗΣ,0.0566843504517184
2023-05-19 20:00:00,83127,ΣΥΝΟΛΟ,1.0
2023-05-19 20:00:00,5939,ΥΔΡΟΗΛΕΚΤΡΙΚΑ,0.0714448975663743
2023-05-20 20:00:00,12055,ΑΕΡΙΟ,0.1379748429112634
2023-05-20 20:00:00,40675,ΑΠΕ,0.4655434869693605
2023-05-20 20:00:00,24053,ΚΑΘΑΡΕΣ ΕΙΣΑΓΩΓΕΣ (ΕΙΣΑΓΩΓΕΣ-ΕΞΑΓΩΓΕΣ),0.2752972954412791
2023-05-20 20:00:00,4738,ΛΙΓΝΙΤΗΣ,0.0542285197605612
2023-05-20 20:00:00,87371,ΣΥΝΟΛΟ,1.0
2023-05-20 20:00:00,5850,ΥΔΡΟΗΛΕΚΤΡΙΚΑ,0.0669558549175355
2023-05-21 20:00:00,20698,ΑΕΡΙΟ,0.2150933200315916
2023-05-21 20:00:00,39506,ΑΠΕ,0.4105457870889969
2023-05-21 20:00:00,24328,ΚΑΘΑΡΕΣ ΕΙΣΑΓΩΓΕΣ (ΕΙΣΑΓΩΓΕΣ-ΕΞΑΓΩΓΕΣ),0.2528162281248701
2023-05-21 20:00:00,4775,ΛΙΓΝΙΤΗΣ,0.0496217317204971
2023-05-21 20:00:00,96228,ΣΥΝΟΛΟ,1.0
2023-05-21 20:00:00,6921,ΥΔΡΟΗΛΕΚΤΡΙΚΑ,0.0719229330340441
2023-05-22 20:00:00,27660,ΑΕΡΙΟ,0.3050387639644011
2023-05-22 20:00:00,31635,ΑΠΕ,0.3488756796100444
2023-05-22 20:00:00,18624,ΚΑΘΑΡΕΣ ΕΙΣΑΓΩΓΕΣ (ΕΙΣΑΓΩΓΕΣ-ΕΞΑΓΩΓΕΣ),0.2053883564740783
2023-05-22 20:00:00,5126,ΛΙΓΝΙΤΗΣ,0.0565303219118409
2023-05-22 20:00:00,90677,ΣΥΝΟΛΟ,1.0
2023-05-22 20:00:00,7632,ΥΔΡΟΗΛΕΚΤΡΙΚΑ,0.0841668780396351
2023-05-23 20:00:00,37717,ΑΕΡΙΟ,0.4284318736866019
2023-05-23 20:00:00,8422,ΑΠΕ,0.0956664962798886
2023-05-23 20:00:00,29448,ΚΑΘΑΡΕΣ ΕΙΣΑΓΩΓΕΣ (ΕΙΣΑΓΩΓΕΣ-ΕΞΑΓΩΓΕΣ),0.3345033225421707
2023-05-23 20:00:00,4990,ΛΙΓΝΙΤΗΣ,0.0566820014766854
2023-05-23 20:00:00,88035,ΣΥΝΟΛΟ,1.0
2023-05-23 20:00:00,7458,ΥΔΡΟΗΛΕΚΤΡΙΚΑ,0.0847163060146532
2023-05-24 20:00:00,36911,ΑΕΡΙΟ,0.4090088093523187
2023-05-24 20:00:00,10941,ΑΠΕ,0.1212366336085101
2023-05-24 20:00:00,29144,ΚΑΘΑΡΕΣ ΕΙΣΑΓΩΓΕΣ (ΕΙΣΑΓΩΓΕΣ-ΕΞΑΓΩΓΕΣ),0.3229430993406837
2023-05-24 20:00:00,4845,ΛΙΓΝΙΤΗΣ,0.0536871848855892
2023-05-24 20:00:00,90245,ΣΥΝΟΛΟ,1.0
2023-05-24 20:00:00,8404,ΥΔΡΟΗΛΕΚΤΡΙΚΑ,0.0931242728128982
2023-05-25 20:00:00,20695,ΑΕΡΙΟ,0.2277278929530349
2023-05-25 20:00:00,29803,ΑΠΕ,0.3279523746643778
2023-05-25 20:00:00,27367,ΚΑΘΑΡΕΣ ΕΙΣΑΓΩΓΕΣ (ΕΙΣΑΓΩΓΕΣ-ΕΞΑΓΩΓΕΣ),0.3011466173687222
2023-05-25 20:00:00,5020,ΛΙΓΝΙΤΗΣ,0.0552401073990932
2023-05-25 20:00:00,90876,ΣΥΝΟΛΟ,1.0
2023-05-25 20:00:00,7991,ΥΔΡΟΗΛΕΚΤΡΙΚΑ,0.0879330076147717
2023-05-26 20:00:00,13783,ΑΕΡΙΟ,0.1652360515021459
2023-05-26 20:00:00,41397,ΑΠΕ,0.4962835974776416
2023-05-26 20:00:00,17802,ΚΑΘΑΡΕΣ ΕΙΣΑΓΩΓΕΣ (ΕΙΣΑΓΩΓΕΣ-ΕΞΑΓΩΓΕΣ),0.213417411945237
2023-05-26 20:00:00,4965,ΛΙΓΝΙΤΗΣ,0.0595223823339007
2023-05-26 20:00:00,83414,ΣΥΝΟΛΟ,1.0
2023-05-26 20:00:00,5467,ΥΔΡΟΗΛΕΚΤΡΙΚΑ,0.0655405567410746
2023-05-27 20:00:00,12640,ΑΕΡΙΟ,0.1605181281351197
2023-05-27 20:00:00,40517,ΑΠΕ,0.5145342561432472
2023-05-27 20:00:00,15494,ΚΑΘΑΡΕΣ ΕΙΣΑΓΩΓΕΣ (ΕΙΣΑΓΩΓΕΣ-ΕΞΑΓΩΓΕΣ),0.1967616991555019
2023-05-27 20:00:00,4818,ΛΙΓΝΙΤΗΣ,0.0611848371325163
2023-05-27 20:00:00,78745,ΣΥΝΟΛΟ,1.0
2023-05-27 20:00:00,5276,ΥΔΡΟΗΛΕΚΤΡΙΚΑ,0.0670010794336148
2023-05-28 20:00:00,21684,ΑΕΡΙΟ,0.2375573790247483
2023-05-28 20:00:00,30290,ΑΠΕ,0.331839744081333
2023-05-28 20:00:00,25463,ΚΑΘΑΡΕΣ ΕΙΣΑΓΩΓΕΣ (ΕΙΣΑΓΩΓΕΣ-ΕΞΑΓΩΓΕΣ),0.2789579202226142
2023-05-28 20:00:00,4718,ΛΙΓΝΙΤΗΣ,0.051687682818611
2023-05-28 20:00:00,91279,ΣΥΝΟΛΟ,1.0
2023-05-28 20:00:00,9124,ΥΔΡΟΗΛΕΚΤΡΙΚΑ,0.0999572738526933
2023-05-29 20:00:00,39062,ΑΕΡΙΟ,0.4127125001320696
2023-05-29 20:00:00,11175,ΑΠΕ,0.1180703033376652
2023-05-29 20:00:00,29402,ΚΑΘΑΡΕΣ ΕΙΣΑΓΩΓΕΣ (ΕΙΣΑΓΩΓΕΣ-ΕΞΑΓΩΓΕΣ),0.3106490432871617
2023-05-29 20:00:00,4536,ΛΙΓΝΙΤΗΣ,0.0479254493010872
2023-05-29 20:00:00,94647,ΣΥΝΟΛΟ,1.0
2023-05-29 20:00:00,10472,ΥΔΡΟΗΛΕΚΤΡΙΚΑ,0.1106427039420161
2023-05-30 20:00:00,40648,ΑΕΡΙΟ,0.4249660219550444
2023-05-30 20:00:00,13026,ΑΠΕ,0.1361840041819132
2023-05-30 20:00:00,27315,ΚΑΘΑΡΕΣ ΕΙΣΑΓΩΓΕΣ (ΕΙΣΑΓΩΓΕΣ-ΕΞΑΓΩΓΕΣ),0.285572399372713
2023-05-30 20:00:00,3672,ΛΙΓΝΙΤΗΣ,0.0383899634082592
2023-05-30 20:00:00,95650,ΣΥΝΟΛΟ,1.0
2023-05-30 20:00:00,10989,ΥΔΡΟΗΛΕΚΤΡΙΚΑ,0.11488761108207
2023-05-31 20:00:00,34794,ΑΕΡΙΟ,0.3903035469903305
2023-05-31 20:00:00,32868,ΑΠΕ,0.3686985394745698
2023-05-31 20:00:00,9303,ΚΑΘΑΡΕΣ ΕΙΣΑΓΩΓΕΣ (ΕΙΣΑΓΩΓΕΣ-ΕΞΑΓΩΓΕΣ),0.1043568976734794
2023-05-31 20:00:00,3935,ΛΙΓΝΙΤΗΣ,0.0441410719493864
2023-05-31 20:00:00,89146,ΣΥΝΟΛΟ,1.0
2023-05-31 20:00:00,8246,ΥΔΡΟΗΛΕΚΤΡΙΚΑ,0.0924999439122338
2023-06-01 20:00:00,40857,ΑΕΡΙΟ,0.4564211984449707
2023-06-01 20:00:00,19765,ΑΠΕ,0.22079851646633
2023-06-01 20:00:00,11279,ΚΑΘΑΡΕΣ ΕΙΣΑΓΩΓΕΣ (ΕΙΣΑΓΩΓΕΣ-ΕΞΑΓΩΓΕΣ),0.1259998212610036
2023-06-01 20:00:00,3679,ΛΙΓΝΙΤΗΣ,0.0410987979802493
2023-06-01 20:00:00,89516,ΣΥΝΟΛΟ,1.0
2023-06-01 20:00:00,13936,ΥΔΡΟΗΛΕΚΤΡΙΚΑ,0.1556816658474462
2023-06-02 20:00:00,33185,ΑΕΡΙΟ,0.3913510071229775
2023-06-02 20:00:00,12659,ΑΠΕ,0.1492877022501061
2023-06-02 20:00:00,23449,ΚΑΘΑΡΕΣ ΕΙΣΑΓΩΓΕΣ (ΕΙΣΑΓΩΓΕΣ-ΕΞΑΓΩΓΕΣ),0.2765342704844568
2023-06-02 20:00:00,3969,ΛΙΓΝΙΤΗΣ,0.0468064531345818
2023-06-02 20:00:00,84796,ΣΥΝΟΛΟ,1.0
2023-06-02 20:00:00,11534,ΥΔΡΟΗΛΕΚΤΡΙΚΑ,0.1360205670078777
2023-06-03 20:00:00,24876,ΑΕΡΙΟ,0.315653233174297
2023-06-03 20:00:00,14111,ΑΠΕ,0.1790554258450918
2023-06-03 20:00:00,27202,ΚΑΘΑΡΕΣ ΕΙΣΑΓΩΓΕΣ (ΕΙΣΑΓΩΓΕΣ-ΕΞΑΓΩΓΕΣ),0.3451680032484012
2023-06-03 20:00:00,4046,ΛΙΓΝΙΤΗΣ,0.0513399654857374
2023-06-03 20:00:00,78808,ΣΥΝΟΛΟ,1.0
2023-06-03 20:00:00,8573,ΥΔΡΟΗΛΕΚΤΡΙΚΑ,0.1087833722464724
2023-06-04 20:00:00,21384,ΑΕΡΙΟ,0.2701330200477508
2023-06-04 20:00:00,33319,ΑΠΕ,0.4209017066484758
2023-06-04 20:00:00,11434,ΚΑΘΑΡΕΣ ΕΙΣΑΓΩΓΕΣ (ΕΙΣΑΓΩΓΕΣ-ΕΞΑΓΩΓΕΣ),0.1444398125339498
2023-06-04 20:00:00,3955,ΛΙΓΝΙΤΗΣ,0.0499614709263399
2023-06-04 20:00:00,79161,ΣΥΝΟΛΟ,1.0
2023-06-04 20:00:00,9069,ΥΔΡΟΗΛΕΚΤΡΙΚΑ,0.1145639898434835
2023-06-05 20:00:00,30472,ΑΕΡΙΟ,0.3411286621066419
2023-06-05 20:00:00,38839,ΑΠΕ,0.4347957504449942
2023-06-05 20:00:00,6071,ΚΑΘΑΡΕΣ ΕΙΣΑΓΩΓΕΣ (ΕΙΣΑΓΩΓΕΣ-ΕΞΑΓΩΓΕΣ),0.0679637735511099
2023-06-05 20:00:00,3948,ΛΙΓΝΙΤΗΣ,0.0441971632317216
2023-06-05 20:00:00,89327,ΣΥΝΟΛΟ,1.0
2023-06-05 20:00:00,9997,ΥΔΡΟΗΛΕΚΤΡΙΚΑ,0.1119146506655322
2023-06-06 20:00:00,45051,ΑΕΡΙΟ,0.486207343132811
2023-06-06 20:00:00,22438,ΑΠΕ,0.2421593386431824
2023-06-06 20:00:00,8948,ΚΑΘΑΡΕΣ ΕΙΣΑΓΩΓΕΣ (ΕΙΣΑΓΩΓΕΣ-ΕΞΑΓΩΓΕΣ),0.0965701828228539
2023-06-06 20:00:00,3884,ΛΙΓΝΙΤΗΣ,0.0419175894148373
2023-06-06 20:00:00,92658,ΣΥΝΟΛΟ,1.0
2023-06-06 20:00:00,12337,ΥΔΡΟΗΛΕΚΤΡΙΚΑ,0.1331455459863152
2023-06-07 20:00:00,47663,ΑΕΡΙΟ,0.4822140385666012
2023-06-07 20:00:00,18309,ΑΠΕ,0.1852350215495437
2023-06-07 20:00:00,12897,ΚΑΘΑΡΕΣ ΕΙΣΑΓΩΓΕΣ (ΕΙΣΑΓΩΓΕΣ-ΕΞΑΓΩΓΕΣ),0.1304809696282956
2023-06-07 20:00:00,7365,ΛΙΓΝΙΤΗΣ,0.074512858906133
2023-06-07 20:00:00,98842,ΣΥΝΟΛΟ,1.0
2023-06-07 20:00:00,12608,ΥΔΡΟΗΛΕΚΤΡΙΚΑ,0.1275571113494263
2023-06-09 20:00:00,38878,ΑΕΡΙΟ,0.4170608996020125
2023-06-09 20:00:00,7061,ΑΠΕ,0.0757463607204539
2023-06-09 20:00:00,27325,ΚΑΘΑΡΕΣ ΕΙΣΑΓΩΓΕΣ (ΕΙΣΑΓΩΓΕΣ-ΕΞΑΓΩΓΕΣ),0.2931269376414679
2023-06-09 20:00:00,8803,ΛΙΓΝΙΤΗΣ,0.0944335382271854
2023-06-09 20:00:00,93219,ΣΥΝΟΛΟ,1.0
2023-06-09 20:00:00,11152,ΥΔΡΟΗΛΕΚΤΡΙΚΑ,0.1196322638088801
2023-06-10 20:00:00,32875,ΑΕΡΙΟ,0.3671912521919782
2023-06-10 20:00:00,8455,ΑΠΕ,0.0944365638717315
2023-06-10 20:00:00,27702,ΚΑΘΑΡΕΣ ΕΙΣΑΓΩΓΕΣ (ΕΙΣΑΓΩΓΕΣ-ΕΞΑΓΩΓΕΣ),0.3094123823033363
2023-06-10 20:00:00,7942,ΛΙΓΝΙΤΗΣ,0.0887067049401883
2023-06-10 20:00:00,89531,ΣΥΝΟΛΟ,1.0
2023-06-10 20:00:00,12557,ΥΔΡΟΗΛΕΚΤΡΙΚΑ,0.1402530966927656
2023-06-11 20:00:00,53142,ΑΕΡΙΟ,0.5308254754674764
2023-06-11 20:00:00,8898,ΑΠΕ,0.0888804538916413
2023-06-11 20:00:00,18227,ΚΑΘΑΡΕΣ ΕΙΣΑΓΩΓΕΣ (ΕΙΣΑΓΩΓΕΣ-ΕΞΑΓΩΓΕΣ),0.1820660859836982
2023-06-11 20:00:00,9154,ΛΙΓΝΙΤΗΣ,0.0914375898993127
2023-06-11 20:00:00,100112,ΣΥΝΟΛΟ,1.0
2023-06-11 20:00:00,10691,ΥΔΡΟΗΛΕΚΤΡΙΚΑ,0.1067903947578711
2023-06-12 20:00:00,53842,ΑΕΡΙΟ,0.536980891211553
2023-06-12 20:00:00,15669,ΑΠΕ,0.156271193202218
2023-06-12 20:00:00,5021,ΚΑΘΑΡΕΣ ΕΙΣΑΓΩΓΕΣ (ΕΙΣΑΓΩΓΕΣ-ΕΞΑΓΩΓΕΣ),0.0500757968644034
2023-06-12 20:00:00,13681,ΛΙΓΝΙΤΗΣ,0.13644432919775
2023-06-12 20:00:00,100268,ΣΥΝΟΛΟ,1.0
2023-06-12 20:00:00,12055,ΥΔΡΟΗΛΕΚΤΡΙΚΑ,0.1202277895240754
2023-06-13 20:00:00,63310,ΑΕΡΙΟ,0.6664491136468904
2023-06-13 20:00:00,8897,ΑΠΕ,0.0936565750136847
2023-06-13 20:00:00,-449,ΚΑΘΑΡΕΣ ΕΙΣΑΓΩΓΕΣ (ΕΙΣΑΓΩΓΕΣ-ΕΞΑΓΩΓΕΣ),-0.0047265148006231
2023-06-13 20:00:00,12448,ΛΙΓΝΙΤΗΣ,0.1310370962987915
2023-06-13 20:00:00,94996,ΣΥΝΟΛΟ,1.0
2023-06-13 20:00:00,10790,ΥΔΡΟΗΛΕΚΤΡΙΚΑ,0.1135837298412564
2023-06-14 20:00:00,77855,ΑΕΡΙΟ,0.742997566445579
2023-06-14 20:00:00,11454,ΑΠΕ,0.109309538578995
2023-06-14 20:00:00,-9880,ΚΑΘΑΡΕΣ ΕΙΣΑΓΩΓΕΣ (ΕΙΣΑΓΩΓΕΣ-ΕΞΑΓΩΓΕΣ),-0.0942883046237534
2023-06-14 20:00:00,7007,ΛΙΓΝΙΤΗΣ,0.0668702581476356
2023-06-14 20:00:00,104785,ΣΥΝΟΛΟ,1.0
2023-06-14 20:00:00,18349,ΥΔΡΟΗΛΕΚΤΡΙΚΑ,0.1751109414515436
2023-06-15 20:00:00,75567,ΑΕΡΙΟ,0.7225621999961752
2023-06-15 20:00:00,16169,ΑΠΕ,0.154605955135683
2023-06-15 20:00:00,-9902,ΚΑΘΑΡΕΣ ΕΙΣΑΓΩΓΕΣ (ΕΙΣΑΓΩΓΕΣ-ΕΞΑΓΩΓΕΣ),-0.094681685184831
2023-06-15 20:00:00,5333,ΛΙΓΝΙΤΗΣ,0.0509934788013233
2023-06-15 20:00:00,104582,ΣΥΝΟΛΟ,1.0
2023-06-15 20:00:00,17415,ΥΔΡΟΗΛΕΚΤΡΙΚΑ,0.1665200512516494
2023-06-16 20:00:00,45246,ΑΕΡΙΟ,0.4683899419248646
2023-06-16 20:00:00,22341,ΑΠΕ,0.2312756860837068
2023-06-16 20:00:00,8238,ΚΑΘΑΡΕΣ ΕΙΣΑΓΩΓΕΣ (ΕΙΣΑΓΩΓΕΣ-ΕΞΑΓΩΓΕΣ),0.0852803859253201
2023-06-16 20:00:00,5301,ΛΙΓΝΙΤΗΣ,0.0548763444756156
2023-06-16 20:00:00,96599,ΣΥΝΟΛΟ,1.0
2023-06-16 20:00:00,15473,ΥΔΡΟΗΛΕΚΤΡΙΚΑ,0.1601776415904926
2023-06-17 20:00:00,26736,ΑΕΡΙΟ,0.3303595699987643
2023-06-17 20:00:00,26369,ΑΠΕ,0.3258247868528358
2023-06-17 20:00:00,8559,ΚΑΘΑΡΕΣ ΕΙΣΑΓΩΓΕΣ (ΕΙΣΑΓΩΓΕΣ-ΕΞΑΓΩΓΕΣ),0.1057580625231681
2023-06-17 20:00:00,7651,ΛΙΓΝΙΤΗΣ,0.0945384900531323
2023-06-17 20:00:00,80930,ΣΥΝΟΛΟ,1.0
2023-06-17 20:00:00,11615,ΥΔΡΟΗΛΕΚΤΡΙΚΑ,0.1435190905720993
2023-06-18 20:00:00,39266,ΑΕΡΙΟ,0.4445979302067528
2023-06-18 20:00:00,15316,ΑΠΕ,0.1734187821282184
2023-06-18 20:00:00,8962,ΚΑΘΑΡΕΣ ΕΙΣΑΓΩΓΕΣ (ΕΙΣΑΓΩΓΕΣ-ΕΞΑΓΩΓΕΣ),0.1014742181661722
2023-06-18 20:00:00,9072,ΛΙΓΝΙΤΗΣ,0.1027197173849045
2023-06-18 20:00:00,88318,ΣΥΝΟΛΟ,1.0
2023-06-18 20:00:00,15702,ΥΔΡΟΗΛΕΚΤΡΙΚΑ,0.1777893521139518
2023-06-19 20:00:00,47872,ΑΕΡΙΟ,0.4987705772035841
2023-06-19 20:00:00,10853,ΑΠΕ,0.1130756407584913
2023-06-19 20:00:00,14438,ΚΑΘΑΡΕΣ ΕΙΣΑΓΩΓΕΣ (ΕΙΣΑΓΩΓΕΣ-ΕΞΑΓΩΓΕΣ),0.1504271723275682
2023-06-19 20:00:00,8912,ΛΙΓΝΙΤΗΣ,0.0928526776411752
2023-06-19 20:00:00,95980,ΣΥΝΟΛΟ,1.0
2023-06-19 20:00:00,13905,ΥΔΡΟΗΛΕΚΤΡΙΚΑ,0.1448739320691811
2023-06-20 20:00:00,53281,ΑΕΡΙΟ,0.5399590579269529
2023-06-20 20:00:00,17188,ΑΠΕ,0.1741862256273055
2023-06-20 20:00:00,6746,ΚΑΘΑΡΕΣ ΕΙΣΑΓΩΓΕΣ (ΕΙΣΑΓΩΓΕΣ-ΕΞΑΓΩΓΕΣ),0.0683651546475333
2023-06-20 20:00:00,9543,ΛΙΓΝΙΤΗΣ,0.0967104463091329
2023-06-20 20:00:00,98676,ΣΥΝΟΛΟ,1.0
2023-06-20 20:00:00,11918,ΥΔΡΟΗΛΕΚΤΡΙΚΑ,0.1207791154890753
2023-06-21 20:00:00,54045,ΑΕΡΙΟ,0.5099932057524629
2023-06-21 20:00:00,22430,ΑΠΕ,0.2116596836900313
2023-06-21 20:00:00,7717,ΚΑΘΑΡΕΣ ΕΙΣΑΓΩΓΕΣ (ΕΙΣΑΓΩΓΕΣ-ΕΞΑΓΩΓΕΣ),0.0728211225606764
2023-06-21 20:00:00,8223,ΛΙΓΝΙΤΗΣ,0.0775959687464613
2023-06-21 20:00:00,105972,ΣΥΝΟΛΟ,1.0
2023-06-21 20:00:00,13557,ΥΔΡΟΗΛΕΚΤΡΙΚΑ,0.127930019250368
2023-06-22 20:00:00,58473,ΑΕΡΙΟ,0.5346445029624753
2023-06-22 20:00:00,22482,ΑΠΕ,0.2055628703094141
2023-06-22 20:00:00,4308,ΚΑΘΑΡΕΣ ΕΙΣΑΓΩΓΕΣ (ΕΙΣΑΓΩΓΕΣ-ΕΞΑΓΩΓΕΣ),0.0393899495281983
2023-06-22 20:00:00,9969,ΛΙΓΝΙΤΗΣ,0.0911509765196401
2023-06-22 20:00:00,109368,ΣΥΝΟΛΟ,1.0
2023-06-22 20:00:00,14136,ΥΔΡΟΗΛΕΚΤΡΙΚΑ,0.1292517006802721
2023-06-23 20:00:00,51532,ΑΕΡΙΟ,0.4929640790165973
2023-06-23 20:00:00,16593,ΑΠΕ,0.1587315253264457
2023-06-23 20:00:00,19127,ΚΑΘΑΡΕΣ ΕΙΣΑΓΩΓΕΣ (ΕΙΣΑΓΩΓΕΣ-ΕΞΑΓΩΓΕΣ),0.1829722102645047
2023-06-23 20:00:00,5246,ΛΙΓΝΙΤΗΣ,0.0501841488496675
2023-06-23 20:00:00,104535,ΣΥΝΟΛΟ,1.0
2023-06-23 20:00:00,12037,ΥΔΡΟΗΛΕΚΤΡΙΚΑ,0.1151480365427847
2023-06-24 20:00:00,44493,ΑΕΡΙΟ,0.4533856422275437
2023-06-24 20:00:00,12012,ΑΠΕ,0.1224028124522341
2023-06-24 20:00:00,24222,ΚΑΘΑΡΕΣ ΕΙΣΑΓΩΓΕΣ (ΕΙΣΑΓΩΓΕΣ-ΕΞΑΓΩΓΕΣ),0.2468232536811535
2023-06-24 20:00:00,7349,ΛΙΓΝΙΤΗΣ,0.0748866357568655
2023-06-24 20:00:00,98135,ΣΥΝΟΛΟ,1.0
2023-06-24 20:00:00,10059,ΥΔΡΟΗΛΕΚΤΡΙΚΑ,0.102501655882203
2023-06-25 20:00:00,63463,ΑΕΡΙΟ,0.5620123803366955
2023-06-25 20:00:00,20100,ΑΠΕ,0.17800054905642
2023-06-25 20:00:00,16033,ΚΑΘΑΡΕΣ ΕΙΣΑΓΩΓΕΣ (ΕΙΣΑΓΩΓΕΣ-ΕΞΑΓΩΓΕΣ),0.1419842190558
2023-06-25 20:00:00,1636,ΛΙΓΝΙΤΗΣ,0.0144880048883732
2023-06-25 20:00:00,112921,ΣΥΝΟΛΟ,1.0
2023-06-25 20:00:00,11689,ΥΔΡΟΗΛΕΚΤΡΙΚΑ,0.1035148466627111
2023-06-26 20:00:00,60203,ΑΕΡΙΟ,0.52545538652213
2023-06-26 20:00:00,24879,ΑΠΕ,0.2171454007488675
2023-06-26 20:00:00,7860,ΚΑΘΑΡΕΣ ΕΙΣΑΓΩΓΕΣ (ΕΙΣΑΓΩΓΕΣ-ΕΞΑΓΩΓΕΣ),0.0686025503390851
2023-06-26 20:00:00,6864,ΛΙΓΝΙΤΗΣ,0.0599094027388651
2023-06-26 20:00:00,114573,ΣΥΝΟΛΟ,1.0
2023-06-26 20:00:00,14767,ΥΔΡΟΗΛΕΚΤΡΙΚΑ,0.1288872596510521
2023-06-27 20:00:00,67541,ΑΕΡΙΟ,0.5788864699933147
2023-06-27 20:00:00,13961,ΑΠΕ,0.1196581929135882
2023-06-27 20:00:00,3213,ΚΑΘΑΡΕΣ ΕΙΣΑΓΩΓΕΣ (ΕΙΣΑΓΩΓΕΣ-ΕΞΑΓΩΓΕΣ),0.0275382690230899
2023-06-27 20:00:00,14373,ΛΙΓΝΙΤΗΣ,0.1231893995234585
2023-06-27 20:00:00,116674,ΣΥΝΟΛΟ,1.0
2023-06-27 20:00:00,17586,ΥΔΡΟΗΛΕΚΤΡΙΚΑ,0.1507276685465485
2023-06-28 20:00:00,64975,ΑΕΡΙΟ,0.5348440946955978
2023-06-28 20:00:00,19942,ΑΠΕ,0.1641533041388166
2023-06-28 20:00:00,10657,ΚΑΘΑΡΕΣ ΕΙΣΑΓΩΓΕΣ (ΕΙΣΑΓΩΓΕΣ-ΕΞΑΓΩΓΕΣ),0.0877234862204076
2023-06-28 20:00:00,10225,ΛΙΓΝΙΤΗΣ,0.0841674623818774
2023-06-28 20:00:00,121484,ΣΥΝΟΛΟ,1.0
2023-06-28 20:00:00,15685,ΥΔΡΟΗΛΕΚΤΡΙΚΑ,0.1291116525633005
2023-06-29 20:00:00,74351,ΑΕΡΙΟ,0.651784383684132
2023-06-29 20:00:00,11699,ΑΠΕ,0.1025571344665258
2023-06-29 20:00:00,8990,ΚΑΘΑΡΕΣ ΕΙΣΑΓΩΓΕΣ (ΕΙΣΑΓΩΓΕΣ-ΕΞΑΓΩΓΕΣ),0.0788091835929624
2023-06-29 20:00:00,5227,ΛΙΓΝΙΤΗΣ,0.0458215353326378
2023-06-29 20:00:00,114073,ΣΥΝΟΛΟ,1.0
2023-06-29 20:00:00,13806,ΥΔΡΟΗΛΕΚΤΡΙΚΑ,0.1210277629237418
2023-06-30 20:00:00,44293,ΑΕΡΙΟ,0.439536776088596
2023-06-30 20:00:00,12027,ΑΠΕ,0.119348628587306
2023-06-30 20:00:00,28417,ΚΑΘΑΡΕΣ ΕΙΣΑΓΩΓΕΣ (ΕΙΣΑΓΩΓΕΣ-ΕΞΑΓΩΓΕΣ),0.2819930139324415
2023-06-30 20:00:00,2171,ΛΙΓΝΙΤΗΣ,0.0215436827690231
2023-06-30 20:00:00,100772,ΣΥΝΟΛΟ,1.0
2023-06-30 20:00:00,13864,ΥΔΡΟΗΛΕΚΤΡΙΚΑ,0.1375778986226332
2023-07-01 20:00:00,33710,ΑΕΡΙΟ,0.3455840893946383
2023-07-01 20:00:00,16560,ΑΠΕ,0.1697677994771644
2023-07-01 20:00:00,29781,ΚΑΘΑΡΕΣ ΕΙΣΑΓΩΓΕΣ (ΕΙΣΑΓΩΓΕΣ-ΕΞΑΓΩΓΕΣ),0.3053052437336614
2023-07-01 20:00:00,0,ΛΙΓΝΙΤΗΣ,0.0
2023-07-01 20:00:00,97545,ΣΥΝΟΛΟ,1.0
2023-07-01 20:00:00,17494,ΥΔΡΟΗΛΕΚΤΡΙΚΑ,0.1793428673945358
2023-07-02 20:00:00,55398,ΑΕΡΙΟ,0.4722399815870905
2023-07-02 20:00:00,19789,ΑΠΕ,0.1686912342616508
2023-07-02 20:00:00,26503,ΚΑΘΑΡΕΣ ΕΙΣΑΓΩΓΕΣ (ΕΙΣΑΓΩΓΕΣ-ΕΞΑΓΩΓΕΣ),0.2259246946099617
2023-07-02 20:00:00,0,ΛΙΓΝΙΤΗΣ,0.0
2023-07-02 20:00:00,117309,ΣΥΝΟΛΟ,1.0
2023-07-02 20:00:00,15619,ΥΔΡΟΗΛΕΚΤΡΙΚΑ,0.1331440895412969
2023-07-03 20:00:00,80353,ΑΕΡΙΟ,0.6345845541489303
2023-07-03 20:00:00,13920,ΑΠΕ,0.1099326346714262
2023-07-03 20:00:00,17872,ΚΑΘΑΡΕΣ ΕΙΣΑΓΩΓΕΣ (ΕΙΣΑΓΩΓΕΣ-ΕΞΑΓΩΓΕΣ),0.1411433941700954
2023-07-03 20:00:00,0,ΛΙΓΝΙΤΗΣ,0.0
2023-07-03 20:00:00,126623,ΣΥΝΟΛΟ,1.0
2023-07-03 20:00:00,14478,ΥΔΡΟΗΛΕΚΤΡΙΚΑ,0.114339417009548
2023-07-04 20:00:00,66667,ΑΕΡΙΟ,0.5122753363711109
2023-07-04 20:00:00,25071,ΑΠΕ,0.1926478611330961
2023-07-04 20:00:00,18667,ΚΑΘΑΡΕΣ ΕΙΣΑΓΩΓΕΣ (ΕΙΣΑΓΩΓΕΣ-ΕΞΑΓΩΓΕΣ),0.143438938365901
2023-07-04 20:00:00,3584,ΛΙΓΝΙΤΗΣ,0.027539784384389
2023-07-04 20:00:00,130139,ΣΥΝΟΛΟ,1.0
2023-07-04 20:00:00,16150,ΥΔΡΟΗΛΕΚΤΡΙΚΑ,0.1240980797455028
2023-07-05 20:00:00,62495,ΑΕΡΙΟ,0.4879981884057971
2023-07-05 20:00:00,34259,ΑΠΕ,0.26751468015992
2023-07-05 20:00:00,6344,ΚΑΘΑΡΕΣ ΕΙΣΑΓΩΓΕΣ (ΕΙΣΑΓΩΓΕΣ-ΕΞΑΓΩΓΕΣ),0.0495377311344327
2023-07-05 20:00:00,11039,ΛΙΓΝΙΤΗΣ,0.0861990879560219
2023-07-05 20:00:00,128064,ΣΥΝΟΛΟ,1.0
2023-07-05 20:00:00,13927,ΥΔΡΟΗΛΕΚΤΡΙΚΑ,0.108750312343828
2023-07-07 20:00:00,46264,ΑΕΡΙΟ,0.4100364268051653
2023-07-07 20:00:00,32429,ΑΠΕ,0.2874172420211116
2023-07-07 20:00:00,22207,ΚΑΘΑΡΕΣ ΕΙΣΑΓΩΓΕΣ (ΕΙΣΑΓΩΓΕΣ-ΕΞΑΓΩΓΕΣ),0.1968199664979748
2023-07-07 20:00:00,0,ΛΙΓΝΙΤΗΣ,0.0
2023-07-07 20:00:00,112829,ΣΥΝΟΛΟ,1.0
2023-07-07 20:00:00,11929,ΥΔΡΟΗΛΕΚΤΡΙΚΑ,0.1057263646757482
2023-07-08 20:00:00,44748,ΑΕΡΙΟ,0.4571253447747471
2023-07-08 20:00:00,20695,ΑΠΕ,0.2114107671876596
2023-07-08 20:00:00,15704,ΚΑΘΑΡΕΣ ΕΙΣΑΓΩΓΕΣ (ΕΙΣΑΓΩΓΕΣ-ΕΞΑΓΩΓΕΣ),0.1604249667994688
2023-07-08 20:00:00,0,ΛΙΓΝΙΤΗΣ,0.0
2023-07-08 20:00:00,97890,ΣΥΝΟΛΟ,1.0
2023-07-08 20:00:00,16743,ΥΔΡΟΗΛΕΚΤΡΙΚΑ,0.1710389212381244
2023-07-09 20:00:00,77819,ΑΕΡΙΟ,0.6285711977900375
2023-07-09 20:00:00,19599,ΑΠΕ,0.1583079569961955
2023-07-09 20:00:00,4654,ΚΑΘΑΡΕΣ ΕΙΣΑΓΩΓΕΣ (ΕΙΣΑΓΩΓΕΣ-ΕΞΑΓΩΓΕΣ),0.0375919808082195
2023-07-09 20:00:00,4556,ΛΙΓΝΙΤΗΣ,0.036800400636495
2023-07-09 20:00:00,123803,ΣΥΝΟΛΟ,1.0
2023-07-09 20:00:00,17175,ΥΔΡΟΗΛΕΚΤΡΙΚΑ,0.1387284637690524
2023-07-11 20:00:00,67278,ΑΕΡΙΟ,0.4846838798916489
2023-07-11 20:00:00,8632,ΑΠΕ,0.0621866174860238
2023-07-11 20:00:00,20240,ΚΑΘΑΡΕΣ ΕΙΣΑΓΩΓΕΣ (ΕΙΣΑΓΩΓΕΣ-ΕΞΑΓΩΓΕΣ),0.1458129214454498
2023-07-11 20:00:00,28811,ΛΙΓΝΙΤΗΣ,0.2075600829923347
2023-07-11 20:00:00,138808,ΣΥΝΟΛΟ,1.0
2023-07-11 20:00:00,13847,ΥΔΡΟΗΛΕΚΤΡΙΚΑ,0.0997564981845426
2023-07-12 20:00:00,67867,ΑΕΡΙΟ,0.4481119305914124
2023-07-12 20:00:00,7536,ΑΠΕ,0.0497586678199549
2023-07-12 20:00:00,26385,ΚΑΘΑΡΕΣ ΕΙΣΑΓΩΓΕΣ (ΕΙΣΑΓΩΓΕΣ-ΕΞΑΓΩΓΕΣ),0.1742147625304554
2023-07-12 20:00:00,35734,ΛΙΓΝΙΤΗΣ,0.2359442988161187
2023-07-12 20:00:00,151451,ΣΥΝΟΛΟ,1.0
2023-07-12 20:00:00,13929,ΥΔΡΟΗΛΕΚΤΡΙΚΑ,0.0919703402420584
2023-07-13 20:00:00,68270,ΑΕΡΙΟ,0.4223609401196493
2023-07-13 20:00:00,9831,ΑΠΕ,0.0608207177723198
2023-07-13 20:00:00,34946,ΚΑΘΑΡΕΣ ΕΙΣΑΓΩΓΕΣ (ΕΙΣΑΓΩΓΕΣ-ΕΞΑΓΩΓΕΣ),0.2161978235450602
2023-07-13 20:00:00,35984,ΛΙΓΝΙΤΗΣ,0.2226195410761016
2023-07-13 20:00:00,161639,ΣΥΝΟΛΟ,1.0
2023-07-13 20:00:00,12608,ΥΔΡΟΗΛΕΚΤΡΙΚΑ,0.0780009774868688
2023-07-14 20:00:00,61967,ΑΕΡΙΟ,0.4072489484752892
2023-07-14 20:00:00,21125,ΑΠΕ,0.1388341219768664
2023-07-14 20:00:00,27856,ΚΑΘΑΡΕΣ ΕΙΣΑΓΩΓΕΣ (ΕΙΣΑΓΩΓΕΣ-ΕΞΑΓΩΓΕΣ),0.1830704521556256
2023-07-14 20:00:00,28391,ΛΙΓΝΙΤΗΣ,0.1865864879074658
2023-07-14 20:00:00,152160,ΣΥΝΟΛΟ,1.0
2023-07-14 20:00:00,12821,ΥΔΡΟΗΛΕΚΤΡΙΚΑ,0.0842599894847529
2023-07-15 20:00:00,42815,ΑΕΡΙΟ,0.3069373651346682
2023-07-15 20:00:00,38981,ΑΠΕ,0.2794517208995562
2023-07-15 20:00:00,17724,ΚΑΘΑΡΕΣ ΕΙΣΑΓΩΓΕΣ (ΕΙΣΑΓΩΓΕΣ-ΕΞΑΓΩΓΕΣ),0.1270619609867303
2023-07-15 20:00:00,27457,ΛΙΓΝΙΤΗΣ,0.1968370719257873
2023-07-15 20:00:00,139491,ΣΥΝΟΛΟ,1.0
2023-07-15 20:00:00,12514,ΥΔΡΟΗΛΕΚΤΡΙΚΑ,0.0897118810532579
2023-07-16 20:00:00,63719,ΑΕΡΙΟ,0.4102011124272545
2023-07-16 20:00:00,50733,ΑΠΕ,0.3266016892413864
2023-07-16 20:00:00,197,ΚΑΘΑΡΕΣ ΕΙΣΑΓΩΓΕΣ (ΕΙΣΑΓΩΓΕΣ-ΕΞΑΓΩΓΕΣ),0.0012682185713549
2023-07-16 20:00:00,27496,ΛΙΓΝΙΤΗΣ,0.1770098367410001
2023-07-16 20:00:00,155336,ΣΥΝΟΛΟ,1.0
2023-07-16 20:00:00,13191,ΥΔΡΟΗΛΕΚΤΡΙΚΑ,0.0849191430190039
2023-07-17 20:00:00,71248,ΑΕΡΙΟ,0.4364857165611924
2023-07-17 20:00:00,41917,ΑΠΕ,0.2567955841721241
2023-07-17 20:00:00,6210,ΚΑΘΑΡΕΣ ΕΙΣΑΓΩΓΕΣ (ΕΙΣΑΓΩΓΕΣ-ΕΞΑΓΩΓΕΣ),0.0380442440467803
2023-07-17 20:00:00,28091,ΛΙΓΝΙΤΗΣ,0.1720935361542844
2023-07-17 20:00:00,163231,ΣΥΝΟΛΟ,1.0
2023-07-17 20:00:00,15765,ΥΔΡΟΗΛΕΚΤΡΙΚΑ,0.0965809190656186
2023-07-18 20:00:00,77864,ΑΕΡΙΟ,0.4677780781592622
2023-07-18 20:00:00,40443,ΑΠΕ,0.2429665675407767
2023-07-18 20:00:00,4218,ΚΑΘΑΡΕΣ ΕΙΣΑΓΩΓΕΣ (ΕΙΣΑΓΩΓΕΣ-ΕΞΑΓΩΓΕΣ),0.0253401820311795
2023-07-18 20:00:00,30075,ΛΙΓΝΙΤΗΣ,0.1806794629179057
2023-07-18 20:00:00,166455,ΣΥΝΟΛΟ,1.0
2023-07-18 20:00:00,13855,ΥΔΡΟΗΛΕΚΤΡΙΚΑ,0.0832357093508756
2023-07-19 20:00:00,85036,ΑΕΡΙΟ,0.4920267549239706
2023-07-19 20:00:00,16648,ΑΠΕ,0.0963269840535098
2023-07-19 20:00:00,26240,ΚΑΘΑΡΕΣ ΕΙΣΑΓΩΓΕΣ (ΕΙΣΑΓΩΓΕΣ-ΕΞΑΓΩΓΕΣ),0.1518272502140857
2023-07-19 20:00:00,30022,ΛΙΓΝΙΤΗΣ,0.1737102784271067
2023-07-19 20:00:00,172828,ΣΥΝΟΛΟ,1.0
2023-07-19 20:00:00,14882,ΥΔΡΟΗΛΕΚΤΡΙΚΑ,0.0861087323813271
2023-07-20 20:00:00,81809,ΑΕΡΙΟ,0.4663580757149942
2023-07-20 20:00:00,11460,ΑΠΕ,0.0653285524538111
2023-07-20 20:00:00,32514,ΚΑΘΑΡΕΣ ΕΙΣΑΓΩΓΕΣ (ΕΙΣΑΓΩΓΕΣ-ΕΞΑΓΩΓΕΣ),0.1853483904435615
2023-07-20 20:00:00,34918,ΛΙΓΝΙΤΗΣ,0.1990525649722667
2023-07-20 20:00:00,175421,ΣΥΝΟΛΟ,1.0
2023-07-20 20:00:00,14720,ΥΔΡΟΗΛΕΚΤΡΙΚΑ,0.0839124164153664
2023-07-21 20:00:00,77868,ΑΕΡΙΟ,0.4777646885583861
2023-07-21 20:00:00,11540,ΑΠΕ,0.070804496146861
2023-07-21 20:00:00,27841,ΚΑΘΑΡΕΣ ΕΙΣΑΓΩΓΕΣ (ΕΙΣΑΓΩΓΕΣ-ΕΞΑΓΩΓΕΣ),0.1708204486329946
2023-07-21 20:00:00,30625,ΛΙΓΝΙΤΗΣ,0.1879018799391351
2023-07-21 20:00:00,162984,ΣΥΝΟΛΟ,1.0
2023-07-21 20:00:00,15110,ΥΔΡΟΗΛΕΚΤΡΙΚΑ,0.092708486722623
2023-07-22 20:00:00,62044,ΑΕΡΙΟ,0.3975472072891771
2023-07-22 20:00:00,23698,ΑΠΕ,0.151845040911916
2023-07-22 20:00:00,25929,ΚΑΘΑΡΕΣ ΕΙΣΑΓΩΓΕΣ (ΕΙΣΑΓΩΓΕΣ-ΕΞΑΓΩΓΕΣ),0.1661401833827779
2023-07-22 20:00:00,29055,ΛΙΓΝΙΤΗΣ,0.1861700423536045
2023-07-22 20:00:00,156067,ΣΥΝΟΛΟ,1.0
2023-07-22 20:00:00,15341,ΥΔΡΟΗΛΕΚΤΡΙΚΑ,0.0982975260625244
2023-07-23 20:00:00,74911,ΑΕΡΙΟ,0.4328339236498316
2023-07-23 20:00:00,22551,ΑΠΕ,0.1302991257923049
2023-07-23 20:00:00,30808,ΚΑΘΑΡΕΣ ΕΙΣΑΓΩΓΕΣ (ΕΙΣΑΓΩΓΕΣ-ΕΞΑΓΩΓΕΣ),0.1780078696026486
2023-07-23 20:00:00,30649,ΛΙΓΝΙΤΗΣ,0.1770891714960912
2023-07-23 20:00:00,173071,ΣΥΝΟΛΟ,1.0
2023-07-23 20:00:00,14152,ΥΔΡΟΗΛΕΚΤΡΙΚΑ,0.0817699094591237
2023-07-24 20:00:00,74346,ΑΕΡΙΟ,0.4253787705405776
2023-07-24 20:00:00,12189,ΑΠΕ,0.0697406966631574
2023-07-24 20:00:00,39167,ΚΑΘΑΡΕΣ ΕΙΣΑΓΩΓΕΣ (ΕΙΣΑΓΩΓΕΣ-ΕΞΑΓΩΓΕΣ),0.2240982743626127
2023-07-24 20:00:00,34520,ΛΙΓΝΙΤΗΣ,0.1975099556003112
2023-07-24 20:00:00,174776,ΣΥΝΟΛΟ,1.0
2023-07-24 20:00:00,14554,ΥΔΡΟΗΛΕΚΤΡΙΚΑ,0.0832723028333409
2023-07-25 20:00:00,66949,ΑΕΡΙΟ,0.3841506099450303
2023-07-25 20:00:00,29784,ΑΠΕ,0.1708993676769299
2023-07-25 20:00:00,28856,ΚΑΘΑΡΕΣ ΕΙΣΑΓΩΓΕΣ (ΕΙΣΑΓΩΓΕΣ-ΕΞΑΓΩΓΕΣ),0.1655745418239823
2023-07-25 20:00:00,35518,ΛΙΓΝΙΤΗΣ,0.203800823970897
2023-07-25 20:00:00,174278,ΣΥΝΟΛΟ,1.0
2023-07-25 20:00:00,13171,ΥΔΡΟΗΛΕΚΤΡΙΚΑ,0.0755746565831602
2023-07-26 20:00:00,46716,ΑΕΡΙΟ,0.3040456107466416
2023-07-26 20:00:00,37618,ΑΠΕ,0.2448323440591482
2023-07-26 20:00:00,26882,ΚΑΘΑΡΕΣ ΕΙΣΑΓΩΓΕΣ (ΕΙΣΑΓΩΓΕΣ-ΕΞΑΓΩΓΕΣ),0.1749583463500989
2023-07-26 20:00:00,28796,ΛΙΓΝΙΤΗΣ,0.1874153910236384
2023-07-26 20:00:00,153648,ΣΥΝΟΛΟ,1.0
2023-07-26 20:00:00,13636,ΥΔΡΟΗΛΕΚΤΡΙΚΑ,0.0887483078204727
2023-07-27 20:00:00,62196,ΑΕΡΙΟ,0.4439115260261653
2023-07-27 20:00:00,19624,ΑΠΕ,0.1400623800041396
2023-07-27 20:00:00,19406,ΚΑΘΑΡΕΣ ΕΙΣΑΓΩΓΕΣ (ΕΙΣΑΓΩΓΕΣ-ΕΞΑΓΩΓΕΣ),0.1385064485507711
2023-07-27 20:00:00,24155,ΛΙΓΝΙΤΗΣ,0.172401487413371
2023-07-27 20:00:00,140109,ΣΥΝΟΛΟ,1.0
2023-07-27 20:00:00,14728,ΥΔΡΟΗΛΕΚΤΡΙΚΑ,0.1051181580055528
2023-07-28 20:00:00,64424,ΑΕΡΙΟ,0.5042343033357858
2023-07-28 20:00:00,13203,ΑΠΕ,0.1033373510949705
2023-07-28 20:00:00,20841,ΚΑΘΑΡΕΣ ΕΙΣΑΓΩΓΕΣ (ΕΙΣΑΓΩΓΕΣ-ΕΞΑΓΩΓΕΣ),0.1631185135325517
2023-07-28 20:00:00,14703,ΛΙΓΝΙΤΗΣ,0.1150775636710862
2023-07-28 20:00:00,127766,ΣΥΝΟΛΟ,1.0
2023-07-28 20:00:00,14595,ΥΔΡΟΗΛΕΚΤΡΙΚΑ,0.1142322683656058
2023-07-29 20:00:00,46272,ΑΕΡΙΟ,0.3873689850316445
2023-07-29 20:00:00,19135,ΑΠΕ,0.160189867059572
2023-07-29 20:00:00,33678,ΚΑΘΑΡΕΣ ΕΙΣΑΓΩΓΕΣ (ΕΙΣΑΓΩΓΕΣ-ΕΞΑΓΩΓΕΣ),0.2819375146502361
2023-07-29 20:00:00,7653,ΛΙΓΝΙΤΗΣ,0.0640675752603556
2023-07-29 20:00:00,119452,ΣΥΝΟΛΟ,1.0
2023-07-29 20:00:00,12714,ΥΔΡΟΗΛΕΚΤΡΙΚΑ,0.1064360579981917
2023-07-30 20:00:00,69123,ΑΕΡΙΟ,0.4892243667324882
2023-07-30 20:00:00,20742,ΑΠΕ,0.1468034057370957
2023-07-30 20:00:00,28446,ΚΑΘΑΡΕΣ ΕΙΣΑΓΩΓΕΣ (ΕΙΣΑΓΩΓΕΣ-ΕΞΑΓΩΓΕΣ),0.2013291717094507
2023-07-30 20:00:00,8217,ΛΙΓΝΙΤΗΣ,0.0581565704821963
2023-07-30 20:00:00,141291,ΣΥΝΟΛΟ,1.0
2023-07-30 20:00:00,14763,ΥΔΡΟΗΛΕΚΤΡΙΚΑ,0.1044864853387689
2023-07-31 20:00:00,75120,ΑΕΡΙΟ,0.5172128890112917
2023-07-31 20:00:00,19355,ΑΠΕ,0.13326218672542
2023-07-31 20:00:00,25607,ΚΑΘΑΡΕΣ ΕΙΣΑΓΩΓΕΣ (ΕΙΣΑΓΩΓΕΣ-ΕΞΑΓΩΓΕΣ),0.1763081795648581
2023-07-31 20:00:00,9954,ΛΙΓΝΙΤΗΣ,0.0685348388873588
2023-07-31 20:00:00,145240,ΣΥΝΟΛΟ,1.0
2023-07-31 20:00:00,15204,ΥΔΡΟΗΛΕΚΤΡΙΚΑ,0.1046819058110713
2023-08-01 20:00:00,71568,ΑΕΡΙΟ,0.4818485403425617
2023-08-01 20:00:00,13074,ΑΠΕ,0.0880238069589572
2023-08-01 20:00:00,34945,ΚΑΘΑΡΕΣ ΕΙΣΑΓΩΓΕΣ (ΕΙΣΑΓΩΓΕΣ-ΕΞΑΓΩΓΕΣ),0.2352755036087471
2023-08-01 20:00:00,15668,ΛΙΓΝΙΤΗΣ,0.1054885274157061
2023-08-01 20:00:00,148528,ΣΥΝΟΛΟ,1.0
2023-08-01 20:00:00,13273,ΥΔΡΟΗΛΕΚΤΡΙΚΑ,0.0893636216740278
2023-08-02 20:00:00,71707,ΑΕΡΙΟ,0.4712667096044901
2023-08-02 20:00:00,9494,ΑΠΕ,0.0623956676612468
2023-08-02 20:00:00,35389,ΚΑΘΑΡΕΣ ΕΙΣΑΓΩΓΕΣ (ΕΙΣΑΓΩΓΕΣ-ΕΞΑΓΩΓΕΣ),0.2325806070006177
2023-08-02 20:00:00,18242,ΛΙΓΝΙΤΗΣ,0.1198885369155746
2023-08-02 20:00:00,152158,ΣΥΝΟΛΟ,1.0
2023-08-02 20:00:00,17326,ΥΔΡΟΗΛΕΚΤΡΙΚΑ,0.1138684788180706
2023-08-03 20:00:00,73077,ΑΕΡΙΟ,0.4788794233289646
2023-08-03 20:00:00,8693,ΑΠΕ,0.0569659239842726
2023-08-03 20:00:00,33796,ΚΑΘΑΡΕΣ ΕΙΣΑΓΩΓΕΣ (ΕΙΣΑΓΩΓΕΣ-ΕΞΑΓΩΓΕΣ),0.2214678899082569
2023-08-03 20:00:00,23003,ΛΙΓΝΙΤΗΣ,0.150740498034076
2023-08-03 20:00:00,152600,ΣΥΝΟΛΟ,1.0
2023-08-03 20:00:00,14031,ΥΔΡΟΗΛΕΚΤΡΙΚΑ,0.0919462647444298
2023-08-04 20:00:00,57732,ΑΕΡΙΟ,0.420382722162351
2023-08-04 20:00:00,22022,ΑΠΕ,0.1603559257856872
2023-08-04 20:00:00,28452,ΚΑΘΑΡΕΣ ΕΙΣΑΓΩΓΕΣ (ΕΙΣΑΓΩΓΕΣ-ΕΞΑΓΩΓΕΣ),0.2071767687064923
2023-08-04 20:00:00,15745,ΛΙΓΝΙΤΗΣ,0.1146491713511781
2023-08-04 20:00:00,137332,ΣΥΝΟΛΟ,1.0
2023-08-04 20:00:00,13381,ΥΔΡΟΗΛΕΚΤΡΙΚΑ,0.0974354119942912
2023-08-05 20:00:00,32674,ΑΕΡΙΟ,0.2872843652733571
2023-08-05 20:00:00,41955,ΑΠΕ,0.3688870522447113
2023-08-05 20:00:00,18585,ΚΑΘΑΡΕΣ ΕΙΣΑΓΩΓΕΣ (ΕΙΣΑΓΩΓΕΣ-ΕΞΑΓΩΓΕΣ),0.1634076001899168
2023-08-05 20:00:00,7508,ΛΙΓΝΙΤΗΣ,0.0660136810452459
2023-08-05 20:00:00,113734,ΣΥΝΟΛΟ,1.0
2023-08-05 20:00:00,13012,ΥΔΡΟΗΛΕΚΤΡΙΚΑ,0.1144073012467687
2023-08-06 20:00:00,53906,ΑΕΡΙΟ,0.429290435613602
2023-08-06 20:00:00,16728,ΑΠΕ,0.1332165326112925
2023-08-06 20:00:00,32193,ΚΑΘΑΡΕΣ ΕΙΣΑΓΩΓΕΣ (ΕΙΣΑΓΩΓΕΣ-ΕΞΑΓΩΓΕΣ),0.256374930317751
2023-08-06 20:00:00,8475,ΛΙΓΝΙΤΗΣ,0.0674922354065461
2023-08-06 20:00:00,125570,ΣΥΝΟΛΟ,1.0
2023-08-06 20:00:00,14268,ΥΔΡΟΗΛΕΚΤΡΙΚΑ,0.1136258660508083
2023-08-07 20:00:00,37829,ΑΕΡΙΟ,0.3044391507991437
2023-08-07 20:00:00,36015,ΑΠΕ,0.2898404931674419
2023-08-07 20:00:00,26137,ΚΑΘΑΡΕΣ ΕΙΣΑΓΩΓΕΣ (ΕΙΣΑΓΩΓΕΣ-ΕΞΑΓΩΓΕΣ),0.2103446055787152
2023-08-07 20:00:00,10266,ΛΙΓΝΙΤΗΣ,0.0826184229586827
2023-08-07 20:00:00,124258,ΣΥΝΟΛΟ,1.0
2023-08-07 20:00:00,14011,ΥΔΡΟΗΛΕΚΤΡΙΚΑ,0.1127573274960163
2023-08-08 20:00:00,38471,ΑΕΡΙΟ,0.3238572270393131
2023-08-08 20:00:00,43589,ΑΠΕ,0.3669416617560401
2023-08-08 20:00:00,13508,ΚΑΘΑΡΕΣ ΕΙΣΑΓΩΓΕΣ (ΕΙΣΑΓΩΓΕΣ-ΕΞΑΓΩΓΕΣ),0.1137132755282431
2023-08-08 20:00:00,7324,ΛΙΓΝΙΤΗΣ,0.0616550214664534
2023-08-08 20:00:00,118790,ΣΥΝΟΛΟ,1.0
2023-08-08 20:00:00,15898,ΥΔΡΟΗΛΕΚΤΡΙΚΑ,0.1338328142099503
2023-08-09 20:00:00,53710,ΑΕΡΙΟ,0.4504625397331275
2023-08-09 20:00:00,21128,ΑΠΕ,0.1771992653040685
2023-08-09 20:00:00,17955,ΚΑΘΑΡΕΣ ΕΙΣΑΓΩΓΕΣ (ΕΙΣΑΓΩΓΕΣ-ΕΞΑΓΩΓΕΣ),0.1505875051370006
2023-08-09 20:00:00,9144,ΛΙΓΝΙΤΗΣ,0.0766901780547331
2023-08-09 20:00:00,119233,ΣΥΝΟΛΟ,1.0
2023-08-09 20:00:00,17296,ΥΔΡΟΗΛΕΚΤΡΙΚΑ,0.1450605117710701
2023-08-10 20:00:00,48109,ΑΕΡΙΟ,0.4582813378168551
2023-08-10 20:00:00,37664,ΑΠΕ,0.3587833525438905
2023-08-10 20:00:00,-5097,ΚΑΘΑΡΕΣ ΕΙΣΑΓΩΓΕΣ (ΕΙΣΑΓΩΓΕΣ-ΕΞΑΓΩΓΕΣ),-0.0485534926698229
2023-08-10 20:00:00,11070,ΛΙΓΝΙΤΗΣ,0.1054516703658896
2023-08-10 20:00:00,104977,ΣΥΝΟΛΟ,1.0
2023-08-10 20:00:00,13231,ΥΔΡΟΗΛΕΚΤΡΙΚΑ,0.1260371319431875
2023-08-11 20:00:00,32696,ΑΕΡΙΟ,0.3220297249116033
2023-08-11 20:00:00,61019,ΑΠΕ,0.6009888605450552
2023-08-11 20:00:00,-14555,ΚΑΘΑΡΕΣ ΕΙΣΑΓΩΓΕΣ (ΕΙΣΑΓΩΓΕΣ-ΕΞΑΓΩΓΕΣ),-0.1433552314071564
2023-08-11 20:00:00,8517,ΛΙΓΝΙΤΗΣ,0.0838857097832189
2023-08-11 20:00:00,101531,ΣΥΝΟΛΟ,1.0
2023-08-11 20:00:00,13854,ΥΔΡΟΗΛΕΚΤΡΙΚΑ,0.1364509361672789
2023-08-12 20:00:00,21709,ΑΕΡΙΟ,0.2218055867748329
2023-08-12 20:00:00,63001,ΑΠΕ,0.643694954737724
2023-08-12 20:00:00,-12026,ΚΑΘΑΡΕΣ ΕΙΣΑΓΩΓΕΣ (ΕΙΣΑΓΩΓΕΣ-ΕΞΑΓΩΓΕΣ),-0.1228722643398655
2023-08-12 20:00:00,9909,ΛΙΓΝΙΤΗΣ,0.1012424137155935
2023-08-12 20:00:00,97874,ΣΥΝΟΛΟ,1.0
2023-08-12 20:00:00,15281,ΥΔΡΟΗΛΕΚΤΡΙΚΑ,0.156129309111715
2023-08-13 20:00:00,39146,ΑΕΡΙΟ,0.3615256741780568
2023-08-13 20:00:00,45024,ΑΠΕ,0.415810860731437
2023-08-13 20:00:00,-2050,ΚΑΘΑΡΕΣ ΕΙΣΑΓΩΓΕΣ (ΕΙΣΑΓΩΓΕΣ-ΕΞΑΓΩΓΕΣ),-0.018932397487994
2023-08-13 20:00:00,9485,ΛΙΓΝΙΤΗΣ,0.0875969708164019
2023-08-13 20:00:00,108280,ΣΥΝΟΛΟ,1.0
2023-08-13 20:00:00,16675,ΥΔΡΟΗΛΕΚΤΡΙΚΑ,0.1539988917620982
2023-08-14 20:00:00,46803,ΑΕΡΙΟ,0.5103981504705613
2023-08-14 20:00:00,21478,ΑΠΕ,0.23422283776268
2023-08-14 20:00:00,1315,ΚΑΘΑΡΕΣ ΕΙΣΑΓΩΓΕΣ (ΕΙΣΑΓΩΓΕΣ-ΕΞΑΓΩΓΕΣ),0.014340396296579
2023-08-14 20:00:00,9647,ΛΙΓΝΙΤΗΣ,0.1052028920707968
2023-08-14 20:00:00,91699,ΣΥΝΟΛΟ,1.0
2023-08-14 20:00:00,12456,ΥΔΡΟΗΛΕΚΤΡΙΚΑ,0.1358357233993827
2023-08-15 20:00:00,68754,ΑΕΡΙΟ,0.6353874020405146
2023-08-15 20:00:00,25703,ΑΠΕ,0.2375332692592044
2023-08-15 20:00:00,-11277,ΚΑΘΑΡΕΣ ΕΙΣΑΓΩΓΕΣ (ΕΙΣΑΓΩΓΕΣ-ΕΞΑΓΩΓΕΣ),-0.1042159544580807
2023-08-15 20:00:00,10921,ΛΙΓΝΙΤΗΣ,0.1009259943811917
2023-08-15 20:00:00,108208,ΣΥΝΟΛΟ,1.0
2023-08-15 20:00:00,14107,ΥΔΡΟΗΛΕΚΤΡΙΚΑ,0.1303692887771698
2023-08-16 20:00:00,64684,ΑΕΡΙΟ,0.5409401473527518
2023-08-16 20:00:00,40751,ΑΠΕ,0.3407929618572133
2023-08-16 20:00:00,-16677,ΚΑΘΑΡΕΣ ΕΙΣΑΓΩΓΕΣ (ΕΙΣΑΓΩΓΕΣ-ΕΞΑΓΩΓΕΣ),-0.1394666198349181
2023-08-16 20:00:00,14263,ΛΙΓΝΙΤΗΣ,0.1192787910718616
2023-08-16 20:00:00,119577,ΣΥΝΟΛΟ,1.0
2023-08-16 20:00:00,16556,ΥΔΡΟΗΛΕΚΤΡΙΚΑ,0.1384547195530913
2023-08-17 20:00:00,60829,ΑΕΡΙΟ,0.489215055493003
2023-08-17 20:00:00,46571,ΑΠΕ,0.3745456007720765
2023-08-17 20:00:00,-8016,ΚΑΘΑΡΕΣ ΕΙΣΑΓΩΓΕΣ (ΕΙΣΑΓΩΓΕΣ-ΕΞΑΓΩΓΕΣ),-0.0644683931156506
2023-08-17 20:00:00,9683,ΛΙΓΝΙΤΗΣ,0.0778751809554447
2023-08-17 20:00:00,124340,ΣΥΝΟΛΟ,1.0
2023-08-17 20:00:00,15273,ΥΔΡΟΗΛΕΚΤΡΙΚΑ,0.1228325558951262
2023-08-18 20:00:00,48706,ΑΕΡΙΟ,0.4060796051424855
2023-08-18 20:00:00,47332,ΑΠΕ,0.3946240682996781
2023-08-18 20:00:00,5226,ΚΑΘΑΡΕΣ ΕΙΣΑΓΩΓΕΣ (ΕΙΣΑΓΩΓΕΣ-ΕΞΑΓΩΓΕΣ),0.0435710593453502
2023-08-18 20:00:00,4133,ΛΙΓΝΙΤΗΣ,0.034458321522069
2023-08-18 20:00:00,119942,ΣΥΝΟΛΟ,1.0
2023-08-18 20:00:00,14545,ΥΔΡΟΗΛΕΚΤΡΙΚΑ,0.121266945690417
2023-08-19 20:00:00,39258,ΑΕΡΙΟ,0.3569266017510842
2023-08-19 20:00:00,58043,ΑΠΕ,0.5277164080044368
2023-08-19 20:00:00,-2641,ΚΑΘΑΡΕΣ ΕΙΣΑΓΩΓΕΣ (ΕΙΣΑΓΩΓΕΣ-ΕΞΑΓΩΓΕΣ),-0.0240114920582967
2023-08-19 20:00:00,315,ΛΙΓΝΙΤΗΣ,0.0028639227559119
2023-08-19 20:00:00,109989,ΣΥΝΟΛΟ,1.0
2023-08-19 20:00:00,15014,ΥΔΡΟΗΛΕΚΤΡΙΚΑ,0.1365045595468637
2023-08-20 20:00:00,55143,ΑΕΡΙΟ,0.4208072282720675
2023-08-20 20:00:00,70674,ΑΠΕ,0.539327386085271
2023-08-20 20:00:00,-10879,ΚΑΘΑΡΕΣ ΕΙΣΑΓΩΓΕΣ (ΕΙΣΑΓΩΓΕΣ-ΕΞΑΓΩΓΕΣ),-0.0830198182248304
2023-08-20 20:00:00,1744,ΛΙΓΝΙΤΗΣ,0.0133088117459421
2023-08-20 20:00:00,131041,ΣΥΝΟΛΟ,1.0
2023-08-20 20:00:00,14359,ΥΔΡΟΗΛΕΚΤΡΙΚΑ,0.1095763921215497
2023-08-21 20:00:00,63972,ΑΕΡΙΟ,0.4468441787041435
2023-08-21 20:00:00,67686,ΑΠΕ,0.4727864546953144
2023-08-21 20:00:00,-13576,ΚΑΘΑΡΕΣ ΕΙΣΑΓΩΓΕΣ (ΕΙΣΑΓΩΓΕΣ-ΕΞΑΓΩΓΕΣ),-0.0948283087927132
2023-08-21 20:00:00,5224,ΛΙΓΝΙΤΗΣ,0.036489620295605
2023-08-21 20:00:00,143164,ΣΥΝΟΛΟ,1.0
2023-08-21 20:00:00,19858,ΥΔΡΟΗΛΕΚΤΡΙΚΑ,0.1387080550976502
2023-08-22 20:00:00,62966,ΑΕΡΙΟ,0.4355428895544688
2023-08-22 20:00:00,55341,ΑΠΕ,0.3827999086941184
2023-08-22 20:00:00,-10576,ΚΑΘΑΡΕΣ ΕΙΣΑΓΩΓΕΣ (ΕΙΣΑΓΩΓΕΣ-ΕΞΑΓΩΓΕΣ),-0.0731553790923365
2023-08-22 20:00:00,14529,ΛΙΓΝΙΤΗΣ,0.1004987237927909
2023-08-22 20:00:00,144569,ΣΥΝΟΛΟ,1.0
2023-08-22 20:00:00,22309,ΥΔΡΟΗΛΕΚΤΡΙΚΑ,0.1543138570509583
2023-08-23 20:00:00,66913,ΑΕΡΙΟ,0.4641836394916477
2023-08-23 20:00:00,39411,ΑΠΕ,0.2733989122592818
2023-08-23 20:00:00,1848,ΚΑΘΑΡΕΣ ΕΙΣΑΓΩΓΕΣ (ΕΙΣΑΓΩΓΕΣ-ΕΞΑΓΩΓΕΣ),0.012819801320828
2023-08-23 20:00:00,21407,ΛΙΓΝΙΤΗΣ,0.1485029690881847
2023-08-23 20:00:00,144152,ΣΥΝΟΛΟ,1.0
2023-08-23 20:00:00,14573,ΥΔΡΟΗΛΕΚΤΡΙΚΑ,0.1010946778400577
2023-08-24 20:00:00,62215,ΑΕΡΙΟ,0.4396913008756369
2023-08-24 20:00:00,33674,ΑΠΕ,0.237983844180442
2023-08-24 20:00:00,8769,ΚΑΘΑΡΕΣ ΕΙΣΑΓΩΓΕΣ (ΕΙΣΑΓΩΓΕΣ-ΕΞΑΓΩΓΕΣ),0.0619730453649194
2023-08-24 20:00:00,21678,ΛΙΓΝΙΤΗΣ,0.153204661582931
2023-08-24 20:00:00,141497,ΣΥΝΟΛΟ,1.0
2023-08-24 20:00:00,15161,ΥΔΡΟΗΛΕΚΤΡΙΚΑ,0.1071471479960705
2023-08-25 20:00:00,56330,ΑΕΡΙΟ,0.4295343978283082
2023-08-25 20:00:00,38933,ΑΠΕ,0.2968766680392246
2023-08-25 20:00:00,10619,ΚΑΘΑΡΕΣ ΕΙΣΑΓΩΓΕΣ (ΕΙΣΑΓΩΓΕΣ-ΕΞΑΓΩΓΕΣ),0.0809732961217611
2023-08-25 20:00:00,14406,ΛΙΓΝΙΤΗΣ,0.1098503911790273
2023-08-25 20:00:00,131142,ΣΥΝΟΛΟ,1.0
2023-08-25 20:00:00,10854,ΥΔΡΟΗΛΕΚΤΡΙΚΑ,0.0827652468316786
2023-08-26 20:00:00,50326,ΑΕΡΙΟ,0.4401703795054796
2023-08-26 20:00:00,34363,ΑΠΕ,0.3005518966527599
2023-08-26 20:00:00,10226,ΚΑΘΑΡΕΣ ΕΙΣΑΓΩΓΕΣ (ΕΙΣΑΓΩΓΕΣ-ΕΞΑΓΩΓΕΣ),0.0894404939956093
2023-08-26 20:00:00,8844,ΛΙΓΝΙΤΗΣ,0.0773529951982367
2023-08-26 20:00:00,114333,ΣΥΝΟΛΟ,1.0
2023-08-26 20:00:00,10574,ΥΔΡΟΗΛΕΚΤΡΙΚΑ,0.0924842346479144
2023-08-27 20:00:00,62799,ΑΕΡΙΟ,0.4649745666708623
2023-08-27 20:00:00,15315,ΑΠΕ,0.113394886679155
2023-08-27 20:00:00,24787,ΚΑΘΑΡΕΣ ΕΙΣΑΓΩΓΕΣ (ΕΙΣΑΓΩΓΕΣ-ΕΞΑΓΩΓΕΣ),0.1835271992240428
2023-08-27 20:00:00,18611,ΛΙΓΝΙΤΗΣ,0.1377990359768693
2023-08-27 20:00:00,135059,ΣΥΝΟΛΟ,1.0
2023-08-27 20:00:00,13547,ΥΔΡΟΗΛΕΚΤΡΙΚΑ,0.1003043114490704
2023-08-28 20:00:00,57171,ΑΕΡΙΟ,0.4173766398738474
2023-08-28 20:00:00,20062,ΑΠΕ,0.1464625448067923
2023-08-28 20:00:00,21184,ΚΑΘΑΡΕΣ ΕΙΣΑΓΩΓΕΣ (ΕΙΣΑΓΩΓΕΣ-ΕΞΑΓΩΓΕΣ),0.1546537009862969
2023-08-28 20:00:00,25696,ΛΙΓΝΙΤΗΣ,0.1875935376012031
2023-08-28 20:00:00,136977,ΣΥΝΟΛΟ,1.0
2023-08-28 20:00:00,12864,ΥΔΡΟΗΛΕΚΤΡΙΚΑ,0.0939135767318601
2023-08-29 20:00:00,60020,ΑΕΡΙΟ,0.4715772932626203
2023-08-29 20:00:00,33367,ΑΠΕ,0.2621646042034963
2023-08-29 20:00:00,6849,ΚΑΘΑΡΕΣ ΕΙΣΑΓΩΓΕΣ (ΕΙΣΑΓΩΓΕΣ-ΕΞΑΓΩΓΕΣ),0.0538126104890984
2023-08-29 20:00:00,16745,ΛΙΓΝΙΤΗΣ,0.13156550775879
2023-08-29 20:00:00,127275,ΣΥΝΟΛΟ,1.0
2023-08-29 20:00:00,10294,ΥΔΡΟΗΛΕΚΤΡΙΚΑ,0.0808799842859949
2023-08-30 20:00:00,59411,ΑΕΡΙΟ,0.4813647485861516
2023-08-30 20:00:00,29966,ΑΠΕ,0.2427930190727747
2023-08-30 20:00:00,9862,ΚΑΘΑΡΕΣ ΕΙΣΑΓΩΓΕΣ (ΕΙΣΑΓΩΓΕΣ-ΕΞΑΓΩΓΕΣ),0.0799047171492926
2023-08-30 20:00:00,12563,ΛΙΓΝΙΤΗΣ,0.1017889841357294
2023-08-30 20:00:00,123422,ΣΥΝΟΛΟ,1.0
2023-08-30 20:00:00,11620,ΥΔΡΟΗΛΕΚΤΡΙΚΑ,0.0941485310560516
2023-08-31 20:00:00,64836,ΑΕΡΙΟ,0.5222434332938646
2023-08-31 20:00:00,14207,ΑΠΕ,0.1144350739836809
2023-08-31 20:00:00,18855,ΚΑΘΑΡΕΣ ΕΙΣΑΓΩΓΕΣ (ΕΙΣΑΓΩΓΕΣ-ΕΞΑΓΩΓΕΣ),0.1518739579054201
2023-08-31 20:00:00,12400,ΛΙΓΝΙΤΗΣ,0.0998799829237448
2023-08-31 20:00:00,124149,ΣΥΝΟΛΟ,1.0
2023-08-31 20:00:00,13851,ΥΔΡΟΗΛΕΚΤΡΙΚΑ,0.1115675518932895
2023-09-01 20:00:00,48089,ΑΕΡΙΟ,0.4385881709152264
2023-09-01 20:00:00,37445,ΑΠΕ,0.3415112408226549
2023-09-01 20:00:00,13167,ΚΑΘΑΡΕΣ ΕΙΣΑΓΩΓΕΣ (ΕΙΣΑΓΩΓΕΣ-ΕΞΑΓΩΓΕΣ),0.1200875552920789
2023-09-01 20:00:00,754,ΛΙΓΝΙΤΗΣ,0.00687673856537
2023-09-01 20:00:00,109645,ΣΥΝΟΛΟ,1.0
2023-09-01 20:00:00,10190,ΥΔΡΟΗΛΕΚΤΡΙΚΑ,0.0929362944046696
2023-09-02 20:00:00,46575,ΑΕΡΙΟ,0.4832083164742133
2023-09-02 20:00:00,44858,ΑΠΕ,0.4653947109049975
2023-09-02 20:00:00,-3968,ΚΑΘΑΡΕΣ ΕΙΣΑΓΩΓΕΣ (ΕΙΣΑΓΩΓΕΣ-ΕΞΑΓΩΓΕΣ),-0.0411673773434176
2023-09-02 20:00:00,0,ΛΙΓΝΙΤΗΣ,0.0
2023-09-02 20:00:00,96387,ΣΥΝΟΛΟ,1.0
2023-09-02 20:00:00,8922,ΥΔΡΟΗΛΕΚΤΡΙΚΑ,0.0925643499642067
2023-09-03 20:00:00,54164,ΑΕΡΙΟ,0.4566139216496236
2023-09-03 20:00:00,43475,ΑΠΕ,0.3665034015899377
2023-09-03 20:00:00,12399,ΚΑΘΑΡΕΣ ΕΙΣΑΓΩΓΕΣ (ΕΙΣΑΓΩΓΕΣ-ΕΞΑΓΩΓΕΣ),0.104526180018715
2023-09-03 20:00:00,0,ΛΙΓΝΙΤΗΣ,0.0
2023-09-03 20:00:00,118621,ΣΥΝΟΛΟ,1.0
2023-09-03 20:00:00,8583,ΥΔΡΟΗΛΕΚΤΡΙΚΑ,0.0723564967417236
2023-09-04 20:00:00,52957,ΑΕΡΙΟ,0.4671659697595229
2023-09-04 20:00:00,40571,ΑΠΕ,0.3579015155524974
2023-09-04 20:00:00,9326,ΚΑΘΑΡΕΣ ΕΙΣΑΓΩΓΕΣ (ΕΙΣΑΓΩΓΕΣ-ΕΞΑΓΩΓΕΣ),0.0822703293988955
2023-09-04 20:00:00,0,ΛΙΓΝΙΤΗΣ,0.0
2023-09-04 20:00:00,113358,ΣΥΝΟΛΟ,1.0
2023-09-04 20:00:00,10504,ΥΔΡΟΗΛΕΚΤΡΙΚΑ,0.0926621852890841
2023-09-05 20:00:00,58768,ΑΕΡΙΟ,0.5300813594790107
2023-09-05 20:00:00,41990,ΑΠΕ,0.3787455126007973
2023-09-05 20:00:00,-600,ΚΑΘΑΡΕΣ ΕΙΣΑΓΩΓΕΣ (ΕΙΣΑΓΩΓΕΣ-ΕΞΑΓΩΓΕΣ),-0.0054119387368534
2023-09-05 20:00:00,0,ΛΙΓΝΙΤΗΣ,0.0
2023-09-05 20:00:00,110866,ΣΥΝΟΛΟ,1.0
2023-09-05 20:00:00,10708,ΥΔΡΟΗΛΕΚΤΡΙΚΑ,0.0965850666570454
2023-09-06 20:00:00,58234,ΑΕΡΙΟ,0.5543508267570372
2023-09-06 20:00:00,49802,ΑΠΕ,0.4740835229273958
2023-09-06 20:00:00,-11967,ΚΑΘΑΡΕΣ ΕΙΣΑΓΩΓΕΣ (ΕΙΣΑΓΩΓΕΣ-ΕΞΑΓΩΓΕΣ),-0.1139182667136288
2023-09-06 20:00:00,0,ΛΙΓΝΙΤΗΣ,0.0
2023-09-06 20:00:00,105049,ΣΥΝΟΛΟ,1.0
2023-09-06 20:00:00,8980,ΥΔΡΟΗΛΕΚΤΡΙΚΑ,0.0854839170291959
2023-09-07 20:00:00,34835,ΑΕΡΙΟ,0.3804775219537769
2023-09-07 20:00:00,75611,ΑΠΕ,0.8258442920179999
2023-09-07 20:00:00,-29365,ΚΑΘΑΡΕΣ ΕΙΣΑΓΩΓΕΣ (ΕΙΣΑΓΩΓΕΣ-ΕΞΑΓΩΓΕΣ),-0.3207326663462799
2023-09-07 20:00:00,0,ΛΙΓΝΙΤΗΣ,0.0
2023-09-07 20:00:00,91556,ΣΥΝΟΛΟ,1.0
2023-09-07 20:00:00,10475,ΥΔΡΟΗΛΕΚΤΡΙΚΑ,0.114410852374503
2023-09-09 20:00:00,19598,ΑΕΡΙΟ,0.2597516202998051
2023-09-09 20:00:00,75410,ΑΠΕ,0.9994830945406832
2023-09-09 20:00:00,-28544,ΚΑΘΑΡΕΣ ΕΙΣΑΓΩΓΕΣ (ΕΙΣΑΓΩΓΕΣ-ΕΞΑΓΩΓΕΣ),-0.3783217802754178
2023-09-09 20:00:00,0,ΛΙΓΝΙΤΗΣ,0.0
2023-09-09 20:00:00,75449,ΣΥΝΟΛΟ,1.0
2023-09-09 20:00:00,8985,ΥΔΡΟΗΛΕΚΤΡΙΚΑ,0.1190870654349295
2023-09-10 20:00:00,37566,ΑΕΡΙΟ,0.435937010432502
2023-09-10 20:00:00,67125,ΑΠΕ,0.7789562856115024
2023-09-10 20:00:00,-32978,ΚΑΘΑΡΕΣ ΕΙΣΑΓΩΓΕΣ (ΕΙΣΑΓΩΓΕΣ-ΕΞΑΓΩΓΕΣ),-0.3826952757824376
2023-09-10 20:00:00,0,ΛΙΓΝΙΤΗΣ,0.0
2023-09-10 20:00:00,86173,ΣΥΝΟΛΟ,1.0
2023-09-10 20:00:00,14460,ΥΔΡΟΗΛΕΚΤΡΙΚΑ,0.1678019797384331
2023-09-11 20:00:00,51495,ΑΕΡΙΟ,0.5601788395013381
2023-09-11 20:00:00,45196,ΑΠΕ,0.4916563322672584
2023-09-11 20:00:00,-28918,ΚΑΘΑΡΕΣ ΕΙΣΑΓΩΓΕΣ (ΕΙΣΑΓΩΓΕΣ-ΕΞΑΓΩΓΕΣ),-0.3145791179862063
2023-09-11 20:00:00,9460,ΛΙΓΝΙΤΗΣ,0.1029088614755346
2023-09-11 20:00:00,91926,ΣΥΝΟΛΟ,1.0
2023-09-11 20:00:00,14693,ΥΔΡΟΗΛΕΚΤΡΙΚΑ,0.1598350847420751
2023-09-12 20:00:00,56270,ΑΕΡΙΟ,0.6908532842234499
2023-09-12 20:00:00,25888,ΑΠΕ,0.3178391651319828
2023-09-12 20:00:00,-14273,ΚΑΘΑΡΕΣ ΕΙΣΑΓΩΓΕΣ (ΕΙΣΑΓΩΓΕΣ-ΕΞΑΓΩΓΕΣ),-0.1752363413136893
2023-09-12 20:00:00,0,ΛΙΓΝΙΤΗΣ,0.0
2023-09-12 20:00:00,81450,ΣΥΝΟΛΟ,1.0
2023-09-12 20:00:00,13565,ΥΔΡΟΗΛΕΚΤΡΙΚΑ,0.1665438919582566
2023-09-13 20:00:00,70308,ΑΕΡΙΟ,0.6953752423151481
2023-09-13 20:00:00,9806,ΑΠΕ,0.0969854017486252
2023-09-13 20:00:00,-9776,ΚΑΘΑΡΕΣ ΕΙΣΑΓΩΓΕΣ (ΕΙΣΑΓΩΓΕΣ-ΕΞΑΓΩΓΕΣ),-0.0966886893223088
2023-09-13 20:00:00,15998,ΛΙΓΝΙΤΗΣ,0.1582268465403331
2023-09-13 20:00:00,101108,ΣΥΝΟΛΟ,1.0
2023-09-13 20:00:00,14772,ΥΔΡΟΗΛΕΚΤΡΙΚΑ,0.1461011987182023
2023-09-14 20:00:00,78518,ΑΕΡΙΟ,0.7529608070656604
2023-09-14 20:00:00,6666,ΑΠΕ,0.0639246636427276
2023-09-14 20:00:00,-7810,ΚΑΘΑΡΕΣ ΕΙΣΑΓΩΓΕΣ (ΕΙΣΑΓΩΓΕΣ-ΕΞΑΓΩΓΕΣ),-0.0748952329807535
2023-09-14 20:00:00,11641,ΛΙΓΝΙΤΗΣ,0.111633214741223
2023-09-14 20:00:00,104279,ΣΥΝΟΛΟ,1.0
2023-09-14 20:00:00,15264,ΥΔΡΟΗΛΕΚΤΡΙΚΑ,0.1463765475311424
2023-09-15 20:00:00,49439,ΑΕΡΙΟ,0.51976492356862
2023-09-15 20:00:00,15637,ΑΠΕ,0.1643958031077188
2023-09-15 20:00:00,467,ΚΑΘΑΡΕΣ ΕΙΣΑΓΩΓΕΣ (ΕΙΣΑΓΩΓΕΣ-ΕΞΑΓΩΓΕΣ),0.0049096911205029
2023-09-15 20:00:00,14554,ΛΙΓΝΙΤΗΣ,0.1530099455413276
2023-09-15 20:00:00,95118,ΣΥΝΟΛΟ,1.0
2023-09-15 20:00:00,15021,ΥΔΡΟΗΛΕΚΤΡΙΚΑ,0.1579196366618305
2023-09-16 20:00:00,36396,ΑΕΡΙΟ,0.4240376549538633
2023-09-16 20:00:00,41834,ΑΠΕ,0.4873939789355951
2023-09-16 20:00:00,-6846,ΚΑΘΑΡΕΣ ΕΙΣΑΓΩΓΕΣ (ΕΙΣΑΓΩΓΕΣ-ΕΞΑΓΩΓΕΣ),-0.0797604622984434
2023-09-16 20:00:00,2706,ΛΙΓΝΙΤΗΣ,0.0315267033274303
2023-09-16 20:00:00,85832,ΣΥΝΟΛΟ,1.0
2023-09-16 20:00:00,11742,ΥΔΡΟΗΛΕΚΤΡΙΚΑ,0.1368021250815546
2023-09-17 20:00:00,42789,ΑΕΡΙΟ,0.4315843621399177
2023-09-17 20:00:00,57207,ΑΠΕ,0.5770091987412249
2023-09-17 20:00:00,-22733,ΚΑΘΑΡΕΣ ΕΙΣΑΓΩΓΕΣ (ΕΙΣΑΓΩΓΕΣ-ΕΞΑΓΩΓΕΣ),-0.2292927459049463
2023-09-17 20:00:00,9149,ΛΙΓΝΙΤΗΣ,0.092279916081659
2023-09-17 20:00:00,99144,ΣΥΝΟΛΟ,1.0
2023-09-17 20:00:00,12732,ΥΔΡΟΗΛΕΚΤΡΙΚΑ,0.1284192689421447
2023-09-18 20:00:00,49436,ΑΕΡΙΟ,0.492733977873019
2023-09-18 20:00:00,42749,ΑΠΕ,0.426083923053922
2023-09-18 20:00:00,-15899,ΚΑΘΑΡΕΣ ΕΙΣΑΓΩΓΕΣ (ΕΙΣΑΓΩΓΕΣ-ΕΞΑΓΩΓΕΣ),-0.1584670587062693
2023-09-18 20:00:00,11209,ΛΙΓΝΙΤΗΣ,0.1117213196451709
2023-09-18 20:00:00,100330,ΣΥΝΟΛΟ,1.0
2023-09-18 20:00:00,12835,ΥΔΡΟΗΛΕΚΤΡΙΚΑ,0.1279278381341572
2023-09-19 20:00:00,54402,ΑΕΡΙΟ,0.5285801731425074
2023-09-19 20:00:00,15509,ΑΠΕ,0.1506883920677024
2023-09-19 20:00:00,6206,ΚΑΘΑΡΕΣ ΕΙΣΑΓΩΓΕΣ (ΕΙΣΑΓΩΓΕΣ-ΕΞΑΓΩΓΕΣ),0.060298675683291
2023-09-19 20:00:00,15644,ΛΙΓΝΙΤΗΣ,0.1520000777295207
2023-09-19 20:00:00,102921,ΣΥΝΟΛΟ,1.0
2023-09-19 20:00:00,11160,ΥΔΡΟΗΛΕΚΤΡΙΚΑ,0.1084326813769784
2023-09-20 20:00:00,65928,ΑΕΡΙΟ,0.6099079513390999
2023-09-20 20:00:00,7187,ΑΠΕ,0.0664878116471622
2023-09-20 20:00:00,7055,ΚΑΘΑΡΕΣ ΕΙΣΑΓΩΓΕΣ (ΕΙΣΑΓΩΓΕΣ-ΕΞΑΓΩΓΕΣ),0.0652666635829594
2023-09-20 20:00:00,15953,ΛΙΓΝΙΤΗΣ,0.1475831444562653
2023-09-20 20:00:00,108095,ΣΥΝΟΛΟ,1.0
2023-09-20 20:00:00,11972,ΥΔΡΟΗΛΕΚΤΡΙΚΑ,0.1107544289745131
2023-09-21 20:00:00,58622,ΑΕΡΙΟ,0.5483919250126289
2023-09-21 20:00:00,9852,ΑΠΕ,0.0921626223128589
2023-09-21 20:00:00,9970,ΚΑΘΑΡΕΣ ΕΙΣΑΓΩΓΕΣ (ΕΙΣΑΓΩΓΕΣ-ΕΞΑΓΩΓΕΣ),0.0932664783251323
2023-09-21 20:00:00,16042,ΛΙΓΝΙΤΗΣ,0.1500682893973694
2023-09-21 20:00:00,106898,ΣΥΝΟΛΟ,1.0
2023-09-21 20:00:00,12412,ΥΔΡΟΗΛΕΚΤΡΙΚΑ,0.1161106849520103
2023-09-22 20:00:00,49597,ΑΕΡΙΟ,0.4921899809463321
2023-09-22 20:00:00,8654,ΑΠΕ,0.0858804382343601
2023-09-22 20:00:00,18689,ΚΑΘΑΡΕΣ ΕΙΣΑΓΩΓΕΣ (ΕΙΣΑΓΩΓΕΣ-ΕΞΑΓΩΓΕΣ),0.1854656240076214
2023-09-22 20:00:00,11097,ΛΙΓΝΙΤΗΣ,0.110124245792315
2023-09-22 20:00:00,100768,ΣΥΝΟΛΟ,1.0
2023-09-22 20:00:00,12731,ΥΔΡΟΗΛΕΚΤΡΙΚΑ,0.1263397110193712
2023-09-23 20:00:00,39936,ΑΕΡΙΟ,0.4099026973765242
2023-09-23 20:00:00,12285,ΑΠΕ,0.12609311491563
2023-09-23 20:00:00,21952,ΚΑΘΑΡΕΣ ΕΙΣΑΓΩΓΕΣ (ΕΙΣΑΓΩΓΕΣ-ΕΞΑΓΩΓΕΣ),0.2253151044874163
2023-09-23 20:00:00,13492,ΛΙΓΝΙΤΗΣ,0.1384817506261033
2023-09-23 20:00:00,97428,ΣΥΝΟΛΟ,1.0
2023-09-23 20:00:00,9763,ΥΔΡΟΗΛΕΚΤΡΙΚΑ,0.100207332594326
2023-09-24 20:00:00,56392,ΑΕΡΙΟ,0.5058349703542244
2023-09-24 20:00:00,26310,ΑΠΕ,0.2360001076397298
2023-09-24 20:00:00,4787,ΚΑΘΑΡΕΣ ΕΙΣΑΓΩΓΕΣ (ΕΙΣΑΓΩΓΕΣ-ΕΞΑΓΩΓΕΣ),0.0429392822224016
2023-09-24 20:00:00,10161,ΛΙΓΝΙΤΗΣ,0.0911439412287075
2023-09-24 20:00:00,111483,ΣΥΝΟΛΟ,1.0
2023-09-24 20:00:00,13833,ΥΔΡΟΗΛΕΚΤΡΙΚΑ,0.1240816985549366
2023-09-25 20:00:00,61891,ΑΕΡΙΟ,0.5673180926540414
2023-09-25 20:00:00,40740,ΑΠΕ,0.3734394192164555
2023-09-25 20:00:00,-10058,ΚΑΘΑΡΕΣ ΕΙΣΑΓΩΓΕΣ (ΕΙΣΑΓΩΓΕΣ-ΕΞΑΓΩΓΕΣ),-0.0921957211212348
2023-09-25 20:00:00,3271,ΛΙΓΝΙΤΗΣ,0.0299833171393477
2023-09-25 20:00:00,109094,ΣΥΝΟΛΟ,1.0
2023-09-25 20:00:00,13250,ΥΔΡΟΗΛΕΚΤΡΙΚΑ,0.1214548921113901
2023-09-26 20:00:00,65226,ΑΕΡΙΟ,0.6108218459694337
2023-09-26 20:00:00,35147,ΑΠΕ,0.3291410698231944
2023-09-26 20:00:00,-9940,ΚΑΘΑΡΕΣ ΕΙΣΑΓΩΓΕΣ (ΕΙΣΑΓΩΓΕΣ-ΕΞΑΓΩΓΕΣ),-0.0930851063829787
2023-09-26 20:00:00,0,ΛΙΓΝΙΤΗΣ,0.0
2023-09-26 20:00:00,106784,ΣΥΝΟΛΟ,1.0
2023-09-26 20:00:00,16351,ΥΔΡΟΗΛΕΚΤΡΙΚΑ,0.1531221905903506
2023-09-27 20:00:00,57697,ΑΕΡΙΟ,0.5758528454797692
2023-09-27 20:00:00,25728,ΑΠΕ,0.2567818432241451
2023-09-27 20:00:00,1351,ΚΑΘΑΡΕΣ ΕΙΣΑΓΩΓΕΣ (ΕΙΣΑΓΩΓΕΣ-ΕΞΑΓΩΓΕΣ),0.0134838413477852
2023-09-27 20:00:00,0,ΛΙΓΝΙΤΗΣ,0.0
2023-09-27 20:00:00,100194,ΣΥΝΟΛΟ,1.0
2023-09-27 20:00:00,15418,ΥΔΡΟΗΛΕΚΤΡΙΚΑ,0.1538814699483003
2023-09-28 20:00:00,64443,ΑΕΡΙΟ,0.6540112650327294
2023-09-28 20:00:00,23844,ΑΠΕ,0.241985081443142
2023-09-28 20:00:00,-2853,ΚΑΘΑΡΕΣ ΕΙΣΑΓΩΓΕΣ (ΕΙΣΑΓΩΓΕΣ-ΕΞΑΓΩΓΕΣ),-0.0289541787182219
2023-09-28 20:00:00,0,ΛΙΓΝΙΤΗΣ,0.0
2023-09-28 20:00:00,98535,ΣΥΝΟΛΟ,1.0
2023-09-28 20:00:00,13101,ΥΔΡΟΗΛΕΚΤΡΙΚΑ,0.1329578322423504
2023-09-29 20:00:00,46316,ΑΕΡΙΟ,0.5136064228525804
2023-09-29 20:00:00,27832,ΑΠΕ,0.308634034908736
2023-09-29 20:00:00,3735,ΚΑΘΑΡΕΣ ΕΙΣΑΓΩΓΕΣ (ΕΙΣΑΓΩΓΕΣ-ΕΞΑΓΩΓΕΣ),0.041418084233405
2023-09-29 20:00:00,0,ΛΙΓΝΙΤΗΣ,0.0
2023-09-29 20:00:00,90178,ΣΥΝΟΛΟ,1.0
2023-09-29 20:00:00,12295,ΥΔΡΟΗΛΕΚΤΡΙΚΑ,0.1363414580052784
2023-09-30 20:00:00,28042,ΑΕΡΙΟ,0.3561702992430016
2023-09-30 20:00:00,28084,ΑΠΕ,0.3567037545089671
2023-09-30 20:00:00,9823,ΚΑΘΑΡΕΣ ΕΙΣΑΓΩΓΕΣ (ΕΙΣΑΓΩΓΕΣ-ΕΞΑΓΩΓΕΣ),0.124765025656658
2023-09-30 20:00:00,0,ΛΙΓΝΙΤΗΣ,0.0
2023-09-30 20:00:00,78732,ΣΥΝΟΛΟ,1.0
2023-09-30 20:00:00,12783,ΥΔΡΟΗΛΕΚΤΡΙΚΑ,0.1623609205913732
2023-10-01 20:00:00,46475,ΑΕΡΙΟ,0.5167965839718
2023-10-01 20:00:00,29398,ΑΠΕ,0.326902334063539
2023-10-01 20:00:00,-1621,ΚΑΘΑΡΕΣ ΕΙΣΑΓΩΓΕΣ (ΕΙΣΑΓΩΓΕΣ-ΕΞΑΓΩΓΕΣ),-0.0180253310945301
2023-10-01 20:00:00,0,ΛΙΓΝΙΤΗΣ,0.0
2023-10-01 20:00:00,89929,ΣΥΝΟΛΟ,1.0
2023-10-01 20:00:00,15677,ΥΔΡΟΗΛΕΚΤΡΙΚΑ,0.1743264130591911
2023-10-02 20:00:00,35164,ΑΕΡΙΟ,0.3712337155043179
2023-10-02 20:00:00,46538,ΑΠΕ,0.4913114165663731
2023-10-02 20:00:00,-4551,ΚΑΘΑΡΕΣ ΕΙΣΑΓΩΓΕΣ (ΕΙΣΑΓΩΓΕΣ-ΕΞΑΓΩΓΕΣ),-0.0480458605181478
2023-10-02 20:00:00,0,ΛΙΓΝΙΤΗΣ,0.0
2023-10-02 20:00:00,94722,ΣΥΝΟΛΟ,1.0
2023-10-02 20:00:00,17571,ΥΔΡΟΗΛΕΚΤΡΙΚΑ,0.1855007284474567
2023-10-03 20:00:00,39739,ΑΕΡΙΟ,0.4361363536590719
2023-10-03 20:00:00,21757,ΑΠΕ,0.2387835286887045
2023-10-03 20:00:00,13231,ΚΑΘΑΡΕΣ ΕΙΣΑΓΩΓΕΣ (ΕΙΣΑΓΩΓΕΣ-ΕΞΑΓΩΓΕΣ),0.1452105008999517
2023-10-03 20:00:00,3098,ΛΙΓΝΙΤΗΣ,0.0340006146011677
2023-10-03 20:00:00,91116,ΣΥΝΟΛΟ,1.0
2023-10-03 20:00:00,13291,ΥΔΡΟΗΛΕΚΤΡΙΚΑ,0.1458690021511041
2023-10-04 20:00:00,40492,ΑΕΡΙΟ,0.4354259414585887
2023-10-04 20:00:00,23086,ΑΠΕ,0.2482525754349743
2023-10-04 20:00:00,5317,ΚΑΘΑΡΕΣ ΕΙΣΑΓΩΓΕΣ (ΕΙΣΑΓΩΓΕΣ-ΕΞΑΓΩΓΕΣ),0.0571757317676409
2023-10-04 20:00:00,12016,ΛΙΓΝΙΤΗΣ,0.1292126373744542
2023-10-04 20:00:00,92994,ΣΥΝΟΛΟ,1.0
2023-10-04 20:00:00,12083,ΥΔΡΟΗΛΕΚΤΡΙΚΑ,0.1299331139643418
2023-10-05 20:00:00,43383,ΑΕΡΙΟ,0.4474688505652281
2023-10-05 20:00:00,26162,ΑΠΕ,0.2698448716890833
2023-10-05 20:00:00,1155,ΚΑΘΑΡΕΣ ΕΙΣΑΓΩΓΕΣ (ΕΙΣΑΓΩΓΕΣ-ΕΞΑΓΩΓΕΣ),0.0119131116428748
2023-10-05 20:00:00,10590,ΛΙΓΝΙΤΗΣ,0.1092293093489561
2023-10-05 20:00:00,96952,ΣΥΝΟΛΟ,1.0
2023-10-05 20:00:00,15662,ΥΔΡΟΗΛΕΚΤΡΙΚΑ,0.1615438567538575
2023-10-06 20:00:00,18579,ΑΕΡΙΟ,0.2149352151781582
2023-10-06 20:00:00,45892,ΑΠΕ,0.5309116149930587
2023-10-06 20:00:00,-132,ΚΑΘΑΡΕΣ ΕΙΣΑΓΩΓΕΣ (ΕΙΣΑΓΩΓΕΣ-ΕΞΑΓΩΓΕΣ),-0.0015270708005552
2023-10-06 20:00:00,9748,ΛΙΓΝΙΤΗΣ,0.1127718648773715
2023-10-06 20:00:00,86440,ΣΥΝΟΛΟ,1.0
2023-10-06 20:00:00,12353,ΥΔΡΟΗΛΕΚΤΡΙΚΑ,0.1429083757519667
2023-10-07 20:00:00,29061,ΑΕΡΙΟ,0.3819543931129657
2023-10-07 20:00:00,12548,ΑΠΕ,0.1649208122494578
2023-10-07 20:00:00,11809,ΚΑΘΑΡΕΣ ΕΙΣΑΓΩΓΕΣ (ΕΙΣΑΓΩΓΕΣ-ΕΞΑΓΩΓΕΣ),0.1552079910626273
2023-10-07 20:00:00,9505,ΛΙΓΝΙΤΗΣ,0.1249260695275021
2023-10-07 20:00:00,76085,ΣΥΝΟΛΟ,1.0
2023-10-07 20:00:00,13162,ΥΔΡΟΗΛΕΚΤΡΙΚΑ,0.1729907340474469
2023-10-08 20:00:00,49572,ΑΕΡΙΟ,0.5547945205479452
2023-10-08 20:00:00,30105,ΑΠΕ,0.3369258662369057
2023-10-08 20:00:00,-13805,ΚΑΘΑΡΕΣ ΕΙΣΑΓΩΓΕΣ (ΕΙΣΑΓΩΓΕΣ-ΕΞΑΓΩΓΕΣ),-0.1545012982361894
2023-10-08 20:00:00,10472,ΛΙΓΝΙΤΗΣ,0.1171993911719939
2023-10-08 20:00:00,89352,ΣΥΝΟΛΟ,1.0
2023-10-08 20:00:00,13008,ΥΔΡΟΗΛΕΚΤΡΙΚΑ,0.1455815202793446
2023-10-09 20:00:00,57255,ΑΕΡΙΟ,0.606534105956757
2023-10-09 20:00:00,16025,ΑΠΕ,0.1697617509031007
2023-10-09 20:00:00,-2617,ΚΑΘΑΡΕΣ ΕΙΣΑΓΩΓΕΣ (ΕΙΣΑΓΩΓΕΣ-ΕΞΑΓΩΓΕΣ),-0.0277233386654236
2023-10-09 20:00:00,12715,ΛΙΓΝΙΤΗΣ,0.134697077237624
2023-10-09 20:00:00,94397,ΣΥΝΟΛΟ,1.0
2023-10-09 20:00:00,11019,ΥΔΡΟΗΛΕΚΤΡΙΚΑ,0.1167304045679417
2023-10-10 20:00:00,46128,ΑΕΡΙΟ,0.4755905187079213
2023-10-10 20:00:00,50536,ΑΠΕ,0.5210380344568053
2023-10-10 20:00:00,-23748,ΚΑΘΑΡΕΣ ΕΙΣΑΓΩΓΕΣ (ΕΙΣΑΓΩΓΕΣ-ΕΞΑΓΩΓΕΣ),-0.244847460073615
2023-10-10 20:00:00,6360,ΛΙΓΝΙΤΗΣ,0.0655730944108216
2023-10-10 20:00:00,96991,ΣΥΝΟΛΟ,1.0
2023-10-10 20:00:00,17715,ΥΔΡΟΗΛΕΚΤΡΙΚΑ,0.1826458124980668
2023-10-11 20:00:00,47863,ΑΕΡΙΟ,0.5329599358617464
2023-10-11 20:00:00,43427,ΑΠΕ,0.483564572522994
2023-10-11 20:00:00,-29123,ΚΑΘΑΡΕΣ ΕΙΣΑΓΩΓΕΣ (ΕΙΣΑΓΩΓΕΣ-ΕΞΑΓΩΓΕΣ),-0.3242879094937977
2023-10-11 20:00:00,8709,ΛΙΓΝΙΤΗΣ,0.0969757031824154
2023-10-11 20:00:00,89806,ΣΥΝΟΛΟ,1.0
2023-10-11 20:00:00,18930,ΥΔΡΟΗΛΕΚΤΡΙΚΑ,0.2107876979266418
2023-10-12 20:00:00,59534,ΑΕΡΙΟ,0.6457400075926026
2023-10-12 20:00:00,7944,ΑΠΕ,0.0861651933402028
2023-10-12 20:00:00,-9007,ΚΑΘΑΡΕΣ ΕΙΣΑΓΩΓΕΣ (ΕΙΣΑΓΩΓΕΣ-ΕΞΑΓΩΓΕΣ),-0.0976951027712999
2023-10-12 20:00:00,13051,ΛΙΓΝΙΤΗΣ,0.1415586528553609
2023-10-12 20:00:00,92195,ΣΥΝΟΛΟ,1.0
2023-10-12 20:00:00,20673,ΥΔΡΟΗΛΕΚΤΡΙΚΑ,0.2242312489831335
2023-10-13 20:00:00,43142,ΑΕΡΙΟ,0.4923930287501284
2023-10-13 20:00:00,9427,ΑΠΕ,0.1075932752776287
2023-10-13 20:00:00,7325,ΚΑΘΑΡΕΣ ΕΙΣΑΓΩΓΕΣ (ΕΙΣΑΓΩΓΕΣ-ΕΞΑΓΩΓΕΣ),0.0836024972322722
2023-10-13 20:00:00,12760,ΛΙΓΝΙΤΗΣ,0.1456338381820879
2023-10-13 20:00:00,87617,ΣΥΝΟΛΟ,1.0
2023-10-13 20:00:00,14963,ΥΔΡΟΗΛΕΚΤΡΙΚΑ,0.1707773605578826
2023-10-14 20:00:00,36066,ΑΕΡΙΟ,0.4643790639284105
2023-10-14 20:00:00,13309,ΑΠΕ,0.171364192364643
2023-10-14 20:00:00,2317,ΚΑΘΑΡΕΣ ΕΙΣΑΓΩΓΕΣ (ΕΙΣΑΓΩΓΕΣ-ΕΞΑΓΩΓΕΣ),0.0298332582244254
2023-10-14 20:00:00,12224,ΛΙΓΝΙΤΗΣ,0.1573939354921779
2023-10-14 20:00:00,77665,ΣΥΝΟΛΟ,1.0
2023-10-14 20:00:00,13749,ΥΔΡΟΗΛΕΚΤΡΙΚΑ,0.1770295499903431
2023-10-15 20:00:00,59030,ΑΕΡΙΟ,0.613668496340652
2023-10-15 20:00:00,26006,ΑΠΕ,0.270355123087159
2023-10-15 20:00:00,-19025,ΚΑΘΑΡΕΣ ΕΙΣΑΓΩΓΕΣ (ΕΙΣΑΓΩΓΕΣ-ΕΞΑΓΩΓΕΣ),-0.1977815202927478
2023-10-15 20:00:00,13161,ΛΙΓΝΙΤΗΣ,0.1368201097804391
2023-10-15 20:00:00,96192,ΣΥΝΟΛΟ,1.0
2023-10-15 20:00:00,17020,ΥΔΡΟΗΛΕΚΤΡΙΚΑ,0.1769377910844976
2023-10-16 20:00:00,65788,ΑΕΡΙΟ,0.6131849490628116
2023-10-16 20:00:00,18685,ΑΠΕ,0.1741557848428077
2023-10-16 20:00:00,-12164,ΚΑΘΑΡΕΣ ΕΙΣΑΓΩΓΕΣ (ΕΙΣΑΓΩΓΕΣ-ΕΞΑΓΩΓΕΣ),-0.1133760217729683
2023-10-16 20:00:00,13523,ΛΙΓΝΙΤΗΣ,0.126042744363355
2023-10-16 20:00:00,107289,ΣΥΝΟΛΟ,1.0
2023-10-16 20:00:00,21457,ΥΔΡΟΗΛΕΚΤΡΙΚΑ,0.1999925435039939
2023-10-17 20:00:00,67847,ΑΕΡΙΟ,0.6444250258826211
2023-10-17 20:00:00,18109,ΑΠΕ,0.1720030774199063
2023-10-17 20:00:00,-16629,ΚΑΘΑΡΕΣ ΕΙΣΑΓΩΓΕΣ (ΕΙΣΑΓΩΓΕΣ-ΕΞΑΓΩΓΕΣ),-0.157945727230417
2023-10-17 20:00:00,17558,ΛΙΓΝΙΤΗΣ,0.1667695639371978
2023-10-17 20:00:00,105283,ΣΥΝΟΛΟ,1.0
2023-10-17 20:00:00,18398,ΥΔΡΟΗΛΕΚΤΡΙΚΑ,0.1747480599906917
2023-10-18 20:00:00,59151,ΑΕΡΙΟ,0.5953020742127352
2023-10-18 20:00:00,11644,ΑΠΕ,0.1171864778639936
2023-10-18 20:00:00,-5808,ΚΑΘΑΡΕΣ ΕΙΣΑΓΩΓΕΣ (ΕΙΣΑΓΩΓΕΣ-ΕΞΑΓΩΓΕΣ),-0.0584523414148123
2023-10-18 20:00:00,17375,ΛΙΓΝΙΤΗΣ,0.1748638829342914
2023-10-18 20:00:00,99363,ΣΥΝΟΛΟ,1.0
2023-10-18 20:00:00,17001,ΥΔΡΟΗΛΕΚΤΡΙΚΑ,0.1710999064037921
2023-10-19 20:00:00,43107,ΑΕΡΙΟ,0.4692378028868134
2023-10-19 20:00:00,34966,ΑΠΕ,0.380619598110291
2023-10-19 20:00:00,-14505,ΚΑΘΑΡΕΣ ΕΙΣΑΓΩΓΕΣ (ΕΙΣΑΓΩΓΕΣ-ΕΞΑΓΩΓΕΣ),-0.1578930180915681
2023-10-19 20:00:00,13081,ΛΙΓΝΙΤΗΣ,0.1423921799142229
2023-10-19 20:00:00,91866,ΣΥΝΟΛΟ,1.0
2023-10-19 20:00:00,15217,ΥΔΡΟΗΛΕΚΤΡΙΚΑ,0.1656434371802408
2023-10-20 20:00:00,18327,ΑΕΡΙΟ,0.2017103612230073
2023-10-20 20:00:00,38035,ΑΠΕ,0.4186202645886988
2023-10-20 20:00:00,10575,ΚΑΘΑΡΕΣ ΕΙΣΑΓΩΓΕΣ (ΕΙΣΑΓΩΓΕΣ-ΕΞΑΓΩΓΕΣ),0.1163904114112131
2023-10-20 20:00:00,12822,ΛΙΓΝΙΤΗΣ,0.1411213101763191
2023-10-20 20:00:00,90858,ΣΥΝΟΛΟ,1.0
2023-10-20 20:00:00,11099,ΥΔΡΟΗΛΕΚΤΡΙΚΑ,0.1221576526007616
2023-10-21 20:00:00,22764,ΑΕΡΙΟ,0.2620346709026867
2023-10-21 20:00:00,33209,ΑΠΕ,0.3822662706908856
2023-10-21 20:00:00,9586,ΚΑΘΑΡΕΣ ΕΙΣΑΓΩΓΕΣ (ΕΙΣΑΓΩΓΕΣ-ΕΞΑΓΩΓΕΣ),0.1103437161866611
2023-10-21 20:00:00,10550,ΛΙΓΝΙΤΗΣ,0.1214402467942077
2023-10-21 20:00:00,86874,ΣΥΝΟΛΟ,1.0
2023-10-21 20:00:00,10765,ΥΔΡΟΗΛΕΚΤΡΙΚΑ,0.1239150954255588
2023-10-22 20:00:00,60789,ΑΕΡΙΟ,0.6258197354197766
2023-10-22 20:00:00,10666,ΑΠΕ,0.1098059401863386
2023-10-22 20:00:00,-4593,ΚΑΘΑΡΕΣ ΕΙΣΑΓΩΓΕΣ (ΕΙΣΑΓΩΓΕΣ-ΕΞΑΓΩΓΕΣ),-0.0472847068512894
2023-10-22 20:00:00,13114,ΛΙΓΝΙΤΗΣ,0.1350079785865033
2023-10-22 20:00:00,97135,ΣΥΝΟΛΟ,1.0
2023-10-22 20:00:00,17159,ΥΔΡΟΗΛΕΚΤΡΙΚΑ,0.1766510526586709
2023-10-23 20:00:00,63725,ΑΕΡΙΟ,0.6368360565632339
2023-10-23 20:00:00,8175,ΑΠΕ,0.081696897016939
2023-10-23 20:00:00,-4716,ΚΑΘΑΡΕΣ ΕΙΣΑΓΩΓΕΣ (ΕΙΣΑΓΩΓΕΣ-ΕΞΑΓΩΓΕΣ),-0.0471293659121571
2023-10-23 20:00:00,17121,ΛΙΓΝΙΤΗΣ,0.1710987857892369
2023-10-23 20:00:00,100065,ΣΥΝΟΛΟ,1.0
2023-10-23 20:00:00,15760,ΥΔΡΟΗΛΕΚΤΡΙΚΑ,0.1574976265427472
2023-10-24 20:00:00,57509,ΑΕΡΙΟ,0.5566913508542665
2023-10-24 20:00:00,31205,ΑΠΕ,0.3020666957068874
2023-10-24 20:00:00,-17169,ΚΑΘΑΡΕΣ ΕΙΣΑΓΩΓΕΣ (ΕΙΣΑΓΩΓΕΣ-ΕΞΑΓΩΓΕΣ),-0.1661971830985915
2023-10-24 20:00:00,17585,ΛΙΓΝΙΤΗΣ,0.1702240937031121
2023-10-24 20:00:00,103305,ΣΥΝΟΛΟ,1.0
2023-10-24 20:00:00,14175,ΥΔΡΟΗΛΕΚΤΡΙΚΑ,0.1372150428343255
2023-10-25 20:00:00,57591,ΑΕΡΙΟ,0.5505621199954113
2023-10-25 20:00:00,33544,ΑΠΕ,0.3206760735727123
2023-10-25 20:00:00,-20554,ΚΑΘΑΡΕΣ ΕΙΣΑΓΩΓΕΣ (ΕΙΣΑΓΩΓΕΣ-ΕΞΑΓΩΓΕΣ),-0.1964934419333868
2023-10-25 20:00:00,18362,ΛΙΓΝΙΤΗΣ,0.1755382203357424
2023-10-25 20:00:00,104604,ΣΥΝΟΛΟ,1.0
2023-10-25 20:00:00,15661,ΥΔΡΟΗΛΕΚΤΡΙΚΑ,0.1497170280295208
2023-10-26 20:00:00,52393,ΑΕΡΙΟ,0.5495500220268937
2023-10-26 20:00:00,38886,ΑΠΕ,0.4078751389792108
2023-10-26 20:00:00,-23890,ΚΑΘΑΡΕΣ ΕΙΣΑΓΩΓΕΣ (ΕΙΣΑΓΩΓΕΣ-ΕΞΑΓΩΓΕΣ),-0.2505821393358367
2023-10-26 20:00:00,17149,ΛΙΓΝΙΤΗΣ,0.1798758102750215
2023-10-26 20:00:00,95338,ΣΥΝΟΛΟ,1.0
2023-10-26 20:00:00,10800,ΥΔΡΟΗΛΕΚΤΡΙΚΑ,0.1132811680547106
2023-10-27 20:00:00,26485,ΑΕΡΙΟ,0.3257928014367604
2023-10-27 20:00:00,32931,ΑΠΕ,0.4050852461436268
2023-10-27 20:00:00,-1440,ΚΑΘΑΡΕΣ ΕΙΣΑΓΩΓΕΣ (ΕΙΣΑΓΩΓΕΣ-ΕΞΑΓΩΓΕΣ),-0.0177134843899918
2023-10-27 20:00:00,14634,ΛΙΓΝΙΤΗΣ,0.1800132851132924
2023-10-27 20:00:00,81294,ΣΥΝΟΛΟ,1.0
2023-10-27 20:00:00,8684,ΥΔΡΟΗΛΕΚΤΡΙΚΑ,0.1068221516963121
2023-10-28 20:00:00,32303,ΑΕΡΙΟ,0.3679408615622935
2023-10-28 20:00:00,11847,ΑΠΕ,0.1349408843428935
2023-10-28 20:00:00,18048,ΚΑΘΑΡΕΣ ΕΙΣΑΓΩΓΕΣ (ΕΙΣΑΓΩΓΕΣ-ΕΞΑΓΩΓΕΣ),0.2055721347700298
2023-10-28 20:00:00,14291,ΛΙΓΝΙΤΗΣ,0.1627787775930018
2023-10-28 20:00:00,87794,ΣΥΝΟΛΟ,1.0
2023-10-28 20:00:00,11305,ΥΔΡΟΗΛΕΚΤΡΙΚΑ,0.1287673417317812
2023-10-29 20:00:00,40551,ΑΕΡΙΟ,0.4365345074440485
2023-10-29 20:00:00,11784,ΑΠΕ,0.1268556295953408
2023-10-29 20:00:00,16397,ΚΑΘΑΡΕΣ ΕΙΣΑΓΩΓΕΣ (ΕΙΣΑΓΩΓΕΣ-ΕΞΑΓΩΓΕΣ),0.1765149150097424
2023-10-29 20:00:00,15103,ΛΙΓΝΙΤΗΣ,0.1625849095195547
2023-10-29 20:00:00,92893,ΣΥΝΟΛΟ,1.0
2023-10-29 20:00:00,9058,ΥΔΡΟΗΛΕΚΤΡΙΚΑ,0.0975100384313134
2023-10-30 20:00:00,35298,ΑΕΡΙΟ,0.3713468133902834
2023-10-30 20:00:00,19238,ΑΠΕ,0.2023902202958318
2023-10-30 20:00:00,16747,ΚΑΘΑΡΕΣ ΕΙΣΑΓΩΓΕΣ (ΕΙΣΑΓΩΓΕΣ-ΕΞΑΓΩΓΕΣ),0.1761840637953163
2023-10-30 20:00:00,11543,ΛΙΓΝΙΤΗΣ,0.1214362362446609
2023-10-30 20:00:00,95054,ΣΥΝΟΛΟ,1.0
2023-10-30 20:00:00,12228,ΥΔΡΟΗΛΕΚΤΡΙΚΑ,0.1286426662739074
2023-10-31 20:00:00,25381,ΑΕΡΙΟ,0.2551572301753257
2023-10-31 20:00:00,20944,ΑΠΕ,0.2105517130448769
2023-10-31 20:00:00,31396,ΚΑΘΑΡΕΣ ΕΙΣΑΓΩΓΕΣ (ΕΙΣΑΓΩΓΕΣ-ΕΞΑΓΩΓΕΣ),0.3156265079620395
2023-10-31 20:00:00,11784,ΛΙΓΝΙΤΗΣ,0.1184654978285346
2023-10-31 20:00:00,99472,ΣΥΝΟΛΟ,1.0
2023-10-31 20:00:00,9967,ΥΔΡΟΗΛΕΚΤΡΙΚΑ,0.1001990509892231
2023-11-01 20:00:00,26846,ΑΕΡΙΟ,0.2687717752593008
2023-11-01 20:00:00,29940,ΑΠΕ,0.299747707340515
2023-11-01 20:00:00,15706,ΚΑΘΑΡΕΣ ΕΙΣΑΓΩΓΕΣ (ΕΙΣΑΓΩΓΕΣ-ΕΞΑΓΩΓΕΣ),0.157242401185375
2023-11-01 20:00:00,16284,ΛΙΓΝΙΤΗΣ,0.1630291137719755
2023-11-01 20:00:00,99884,ΣΥΝΟΛΟ,1.0
2023-11-01 20:00:00,11108,ΥΔΡΟΗΛΕΚΤΡΙΚΑ,0.1112090024428336
2023-11-02 20:00:00,15336,ΑΕΡΙΟ,0.154848090146306
2023-11-02 20:00:00,52075,ΑΠΕ,0.5258029665081433
2023-11-02 20:00:00,10401,ΚΑΘΑΡΕΣ ΕΙΣΑΓΩΓΕΣ (ΕΙΣΑΓΩΓΕΣ-ΕΞΑΓΩΓΕΣ),0.1050192348468785
2023-11-02 20:00:00,15008,ΛΙΓΝΙΤΗΣ,0.1515362634921596
2023-11-02 20:00:00,99039,ΣΥΝΟΛΟ,1.0
2023-11-02 20:00:00,6219,ΥΔΡΟΗΛΕΚΤΡΙΚΑ,0.0627934450065125
2023-11-03 20:00:00,15080,ΑΕΡΙΟ,0.1522186780797028
2023-11-03 20:00:00,60408,ΑΠΕ,0.6097629910768361
2023-11-03 20:00:00,14782,ΚΑΘΑΡΕΣ ΕΙΣΑΓΩΓΕΣ (ΕΙΣΑΓΩΓΕΣ-ΕΞΑΓΩΓΕΣ),0.1492106431945734
2023-11-03 20:00:00,4761,ΛΙΓΝΙΤΗΣ,0.0480578996245003
2023-11-03 20:00:00,99068,ΣΥΝΟΛΟ,1.0
2023-11-03 20:00:00,4037,ΥΔΡΟΗΛΕΚΤΡΙΚΑ,0.0407497880243872
2023-11-04 20:00:00,13650,ΑΕΡΙΟ,0.1706527310687987
2023-11-04 20:00:00,44677,ΑΠΕ,0.5585532649055471
2023-11-04 20:00:00,12822,ΚΑΘΑΡΕΣ ΕΙΣΑΓΩΓΕΣ (ΕΙΣΑΓΩΓΕΣ-ΕΞΑΓΩΓΕΣ),0.1603010489204495
2023-11-04 20:00:00,6158,ΛΙΓΝΙΤΗΣ,0.0769875104704514
2023-11-04 20:00:00,79987,ΣΥΝΟΛΟ,1.0
2023-11-04 20:00:00,2680,ΥΔΡΟΗΛΕΚΤΡΙΚΑ,0.0335054446347531
2023-11-05 19:00:00,22179,ΑΕΡΙΟ,0.2436208657827963
2023-11-05 19:00:00,30654,ΑΠΕ,0.3367128373554191
2023-11-05 19:00:00,13679,ΚΑΘΑΡΕΣ ΕΙΣΑΓΩΓΕΣ (ΕΙΣΑΓΩΓΕΣ-ΕΞΑΓΩΓΕΣ),0.1502542866244137
2023-11-05 19:00:00,14949,ΛΙΓΝΙΤΗΣ,0.1642043519810191
2023-11-05 19:00:00,91039,ΣΥΝΟΛΟ,1.0
2023-11-05 19:00:00,9578,ΥΔΡΟΗΛΕΚΤΡΙΚΑ,0.1052076582563516
2023-11-06 19:00:00,42489,ΑΕΡΙΟ,0.4419814215721968
2023-11-06 19:00:00,8867,ΑΠΕ,0.092236796937576
2023-11-06 19:00:00,15365,ΚΑΘΑΡΕΣ ΕΙΣΑΓΩΓΕΣ (ΕΙΣΑΓΩΓΕΣ-ΕΞΑΓΩΓΕΣ),0.1598306512851986
2023-11-06 19:00:00,17874,ΛΙΓΝΙΤΗΣ,0.1859299096044022
2023-11-06 19:00:00,96133,ΣΥΝΟΛΟ,1.0
2023-11-06 19:00:00,11538,ΥΔΡΟΗΛΕΚΤΡΙΚΑ,0.1200212206006262
2023-11-08 19:00:00,33966,ΑΕΡΙΟ,0.3495019756338492
2023-11-08 19:00:00,21182,ΑΠΕ,0.2179576885083964
2023-11-08 19:00:00,16250,ΚΑΘΑΡΕΣ ΕΙΣΑΓΩΓΕΣ (ΕΙΣΑΓΩΓΕΣ-ΕΞΑΓΩΓΕΣ),0.167208594007244
2023-11-08 19:00:00,15838,ΛΙΓΝΙΤΗΣ,0.1629692130391834
2023-11-08 19:00:00,97184,ΣΥΝΟΛΟ,1.0
2023-11-08 19:00:00,9948,ΥΔΡΟΗΛΕΚΤΡΙΚΑ,0.1023625288113269
2023-11-09 19:00:00,31422,ΑΕΡΙΟ,0.289305049165838
2023-11-09 19:00:00,24163,ΑΠΕ,0.2224708135380989
2023-11-09 19:00:00,27103,ΚΑΘΑΡΕΣ ΕΙΣΑΓΩΓΕΣ (ΕΙΣΑΓΩΓΕΣ-ΕΞΑΓΩΓΕΣ),0.2495396457113394
2023-11-09 19:00:00,15028,ΛΙΓΝΙΤΗΣ,0.1383640849998158
2023-11-09 19:00:00,108612,ΣΥΝΟΛΟ,1.0
2023-11-09 19:00:00,10896,ΥΔΡΟΗΛΕΚΤΡΙΚΑ,0.1003204065849077
2023-11-10 19:00:00,18700,ΑΕΡΙΟ,0.1883258137286497
2023-11-10 19:00:00,63429,ΑΠΕ,0.6387870609087979
2023-11-10 19:00:00,5164,ΚΑΘΑΡΕΣ ΕΙΣΑΓΩΓΕΣ (ΕΙΣΑΓΩΓΕΣ-ΕΞΑΓΩΓΕΣ),0.0520061231066709
2023-11-10 19:00:00,4719,ΛΙΓΝΙΤΗΣ,0.0475245729938768
2023-11-10 19:00:00,99296,ΣΥΝΟΛΟ,1.0
2023-11-10 19:00:00,7284,ΥΔΡΟΗΛΕΚΤΡΙΚΑ,0.0733564292620045
2023-11-11 19:00:00,15809,ΑΕΡΙΟ,0.1740427593191976
2023-11-11 19:00:00,35575,ΑΠΕ,0.3916485016623731
2023-11-11 19:00:00,28809,ΚΑΘΑΡΕΣ ΕΙΣΑΓΩΓΕΣ (ΕΙΣΑΓΩΓΕΣ-ΕΞΑΓΩΓΕΣ),0.3171609749653213
2023-11-11 19:00:00,5041,ΛΙΓΝΙΤΗΣ,0.0554968403901622
2023-11-11 19:00:00,90834,ΣΥΝΟΛΟ,1.0
2023-11-11 19:00:00,5600,ΥΔΡΟΗΛΕΚΤΡΙΚΑ,0.0616509236629455
2023-11-12 19:00:00,36944,ΑΕΡΙΟ,0.3890971900408644
2023-11-12 19:00:00,30903,ΑΠΕ,0.3254728904242322
2023-11-12 19:00:00,12299,ΚΑΘΑΡΕΣ ΕΙΣΑΓΩΓΕΣ (ΕΙΣΑΓΩΓΕΣ-ΕΞΑΓΩΓΕΣ),0.1295340607490415
2023-11-12 19:00:00,5158,ΛΙΓΝΙΤΗΣ,0.054324472342756
2023-11-12 19:00:00,94948,ΣΥΝΟΛΟ,1.0
2023-11-12 19:00:00,9644,ΥΔΡΟΗΛΕΚΤΡΙΚΑ,0.1015713864431057
2023-11-13 19:00:00,34518,ΑΕΡΙΟ,0.3589978263356595
2023-11-13 19:00:00,21254,ΑΠΕ,0.2210481430250335
2023-11-13 19:00:00,25024,ΚΑΘΑΡΕΣ ΕΙΣΑΓΩΓΕΣ (ΕΙΣΑΓΩΓΕΣ-ΕΞΑΓΩΓΕΣ),0.260257303616187
2023-11-13 19:00:00,5731,ΛΙΓΝΙΤΗΣ,0.0596041642832627
2023-11-13 19:00:00,96151,ΣΥΝΟΛΟ,1.0
2023-11-13 19:00:00,9624,ΥΔΡΟΗΛΕΚΤΡΙΚΑ,0.1000925627398571
2023-11-14 19:00:00,31348,ΑΕΡΙΟ,0.3221258580295121
2023-11-14 19:00:00,31550,ΑΠΕ,0.3242015701426281
2023-11-14 19:00:00,18365,ΚΑΘΑΡΕΣ ΕΙΣΑΓΩΓΕΣ (ΕΙΣΑΓΩΓΕΣ-ΕΞΑΓΩΓΕΣ),0.1887151136503761
2023-11-14 19:00:00,6085,ΛΙΓΝΙΤΗΣ,0.0625282584569855
2023-11-14 19:00:00,97316,ΣΥΝΟΛΟ,1.0
2023-11-14 19:00:00,9968,ΥΔΡΟΗΛΕΚΤΡΙΚΑ,0.1024291997204981
2023-11-15 19:00:00,39460,ΑΕΡΙΟ,0.4093445922114567
2023-11-15 19:00:00,29248,ΑΠΕ,0.3034087844146144
2023-11-15 19:00:00,11112,ΚΑΘΑΡΕΣ ΕΙΣΑΓΩΓΕΣ (ΕΙΣΑΓΩΓΕΣ-ΕΞΑΓΩΓΕΣ),0.1152721010809352
2023-11-15 19:00:00,7610,ΛΙΓΝΙΤΗΣ,0.0789435465466088
2023-11-15 19:00:00,96398,ΣΥΝΟΛΟ,1.0
2023-11-15 19:00:00,8968,ΥΔΡΟΗΛΕΚΤΡΙΚΑ,0.0930309757463847
2023-11-16 19:00:00,37728,ΑΕΡΙΟ,0.3856840555708897
2023-11-16 19:00:00,41713,ΑΠΕ,0.4264217294854888
2023-11-16 19:00:00,-934,ΚΑΘΑΡΕΣ ΕΙΣΑΓΩΓΕΣ (ΕΙΣΑΓΩΓΕΣ-ΕΞΑΓΩΓΕΣ),-0.0095480520542623
2023-11-16 19:00:00,10106,ΛΙΓΝΙΤΗΣ,0.1033111499575755
2023-11-16 19:00:00,97821,ΣΥΝΟΛΟ,1.0
2023-11-16 19:00:00,9208,ΥΔΡΟΗΛΕΚΤΡΙΚΑ,0.0941311170403083
2023-11-17 19:00:00,22161,ΑΕΡΙΟ,0.2413789347565624
2023-11-17 19:00:00,64559,ΑΠΕ,0.7031804814290382
2023-11-17 19:00:00,-11075,ΚΑΘΑΡΕΣ ΕΙΣΑΓΩΓΕΣ (ΕΙΣΑΓΩΓΕΣ-ΕΞΑΓΩΓΕΣ),-0.1206295610499945
2023-11-17 19:00:00,8875,ΛΙΓΝΙΤΗΣ,0.0966670297353229
2023-11-17 19:00:00,91810,ΣΥΝΟΛΟ,1.0
2023-11-17 19:00:00,7290,ΥΔΡΟΗΛΕΚΤΡΙΚΑ,0.0794031151290709
2023-11-18 19:00:00,20260,ΑΕΡΙΟ,0.2292581360611958
2023-11-18 19:00:00,39583,ΑΠΕ,0.447913366224596
2023-11-18 19:00:00,11192,ΚΑΘΑΡΕΣ ΕΙΣΑΓΩΓΕΣ (ΕΙΣΑΓΩΓΕΣ-ΕΞΑΓΩΓΕΣ),0.1266464491015253
2023-11-18 19:00:00,8779,ΛΙΓΝΙΤΗΣ,0.0993414203593898
2023-11-18 19:00:00,88372,ΣΥΝΟΛΟ,1.0
2023-11-18 19:00:00,8558,ΥΔΡΟΗΛΕΚΤΡΙΚΑ,0.0968406282532929
2023-11-19 19:00:00,50650,ΑΕΡΙΟ,0.4969925328466437
2023-11-19 19:00:00,17713,ΑΠΕ,0.1738051082786298
2023-11-19 19:00:00,12562,ΚΑΘΑΡΕΣ ΕΙΣΑΓΩΓΕΣ (ΕΙΣΑΓΩΓΕΣ-ΕΞΑΓΩΓΕΣ),0.123261997978668
2023-11-19 19:00:00,10168,ΛΙΓΝΙΤΗΣ,0.0997713736225996
2023-11-19 19:00:00,101913,ΣΥΝΟΛΟ,1.0
2023-11-19 19:00:00,10820,ΥΔΡΟΗΛΕΚΤΡΙΚΑ,0.1061689872734587
2023-11-20 19:00:00,68215,ΑΕΡΙΟ,0.6069922229538538
2023-11-20 19:00:00,20519,ΑΠΕ,0.1825826199925254
2023-11-20 19:00:00,-1247,ΚΑΘΑΡΕΣ ΕΙΣΑΓΩΓΕΣ (ΕΙΣΑΓΩΓΕΣ-ΕΞΑΓΩΓΕΣ),-0.011096083002616
2023-11-20 19:00:00,11754,ΛΙΓΝΙΤΗΣ,0.1045897029773451
2023-11-20 19:00:00,112382,ΣΥΝΟΛΟ,1.0
2023-11-20 19:00:00,13141,ΥΔΡΟΗΛΕΚΤΡΙΚΑ,0.1169315370788916
2023-11-21 19:00:00,51296,ΑΕΡΙΟ,0.4293881787666474
2023-11-21 19:00:00,38922,ΑΠΕ,0.3258079907586449
2023-11-21 19:00:00,-109,ΚΑΘΑΡΕΣ ΕΙΣΑΓΩΓΕΣ (ΕΙΣΑΓΩΓΕΣ-ΕΞΑΓΩΓΕΣ),-0.0009124163967086
2023-11-21 19:00:00,19941,ΛΙΓΝΙΤΗΣ,0.1669219758418924
2023-11-21 19:00:00,119463,ΣΥΝΟΛΟ,1.0
2023-11-21 19:00:00,9413,ΥΔΡΟΗΛΕΚΤΡΙΚΑ,0.0787942710295237
2023-11-22 19:00:00,52803,ΑΕΡΙΟ,0.4546965417470378
2023-11-22 19:00:00,14341,ΑΠΕ,0.1234930421603747
2023-11-22 19:00:00,17577,ΚΑΘΑΡΕΣ ΕΙΣΑΓΩΓΕΣ (ΕΙΣΑΓΩΓΕΣ-ΕΞΑΓΩΓΕΣ),0.1513588454119592
2023-11-22 19:00:00,19495,ΛΙΓΝΙΤΗΣ,0.1678751033342518
2023-11-22 19:00:00,116128,ΣΥΝΟΛΟ,1.0
2023-11-22 19:00:00,11912,ΥΔΡΟΗΛΕΚΤΡΙΚΑ,0.1025764673463764
2023-11-23 19:00:00,36720,ΑΕΡΙΟ,0.329445541001256
2023-11-23 19:00:00,31668,ΑΠΕ,0.2841198636282074
2023-11-23 19:00:00,15451,ΚΑΘΑΡΕΣ ΕΙΣΑΓΩΓΕΣ (ΕΙΣΑΓΩΓΕΣ-ΕΞΑΓΩΓΕΣ),0.1386237215144446
2023-11-23 19:00:00,19129,ΛΙΓΝΙΤΗΣ,0.1716221065853221
2023-11-23 19:00:00,111460,ΣΥΝΟΛΟ,1.0
2023-11-23 19:00:00,8492,ΥΔΡΟΗΛΕΚΤΡΙΚΑ,0.0761887672707697
2023-11-24 19:00:00,14977,ΑΕΡΙΟ,0.1404365845882639
2023-11-24 19:00:00,68745,ΑΠΕ,0.6446092680456839
2023-11-24 19:00:00,7022,ΚΑΘΑΡΕΣ ΕΙΣΑΓΩΓΕΣ (ΕΙΣΑΓΩΓΕΣ-ΕΞΑΓΩΓΕΣ),0.0658440072764098
2023-11-24 19:00:00,9250,ΛΙΓΝΙΤΗΣ,0.0867355550137839
2023-11-24 19:00:00,106646,ΣΥΝΟΛΟ,1.0
2023-11-24 19:00:00,6652,ΥΔΡΟΗΛΕΚΤΡΙΚΑ,0.0623745850758584
2023-11-25 19:00:00,25068,ΑΕΡΙΟ,0.2558272441523452
2023-11-25 19:00:00,50589,ΑΠΕ,0.5162775033677593
2023-11-25 19:00:00,871,ΚΑΘΑΡΕΣ ΕΙΣΑΓΩΓΕΣ (ΕΙΣΑΓΩΓΕΣ-ΕΞΑΓΩΓΕΣ),0.008888843531861
2023-11-25 19:00:00,12866,ΛΙΓΝΙΤΗΣ,0.1313017920561701
2023-11-25 19:00:00,97988,ΣΥΝΟΛΟ,1.0
2023-11-25 19:00:00,8594,ΥΔΡΟΗΛΕΚΤΡΙΚΑ,0.0877046168918643
2023-11-26 19:00:00,59521,ΑΕΡΙΟ,0.5170838075215665
2023-11-26 19:00:00,24147,ΑΠΕ,0.2097750827476565
2023-11-26 19:00:00,640,ΚΑΘΑΡΕΣ ΕΙΣΑΓΩΓΕΣ (ΕΙΣΑΓΩΓΕΣ-ΕΞΑΓΩΓΕΣ),0.0055599475279952
2023-11-26 19:00:00,18978,ΛΙΓΝΙΤΗΣ,0.1648698190410828
2023-11-26 19:00:00,115109,ΣΥΝΟΛΟ,1.0
2023-11-26 19:00:00,11823,ΥΔΡΟΗΛΕΚΤΡΙΚΑ,0.1027113431616989
2023-11-27 19:00:00,43071,ΑΕΡΙΟ,0.3238469751424833
2023-11-27 19:00:00,61575,ΑΠΕ,0.4629768868704793
2023-11-27 19:00:00,-7894,ΚΑΘΑΡΕΣ ΕΙΣΑΓΩΓΕΣ (ΕΙΣΑΓΩΓΕΣ-ΕΞΑΓΩΓΕΣ),-0.0593542760041504
2023-11-27 19:00:00,21237,ΛΙΓΝΙΤΗΣ,0.1596790929186905
2023-11-27 19:00:00,132998,ΣΥΝΟΛΟ,1.0
2023-11-27 19:00:00,15009,ΥΔΡΟΗΛΕΚΤΡΙΚΑ,0.1128513210724973
2023-11-28 19:00:00,45628,ΑΕΡΙΟ,0.3924010354406212
2023-11-28 19:00:00,53415,ΑΠΕ,0.4593692756215654
2023-11-28 19:00:00,-19289,ΚΑΘΑΡΕΣ ΕΙΣΑΓΩΓΕΣ (ΕΙΣΑΓΩΓΕΣ-ΕΞΑΓΩΓΕΣ),-0.1658854995312997
2023-11-28 19:00:00,19985,ΛΙΓΝΙΤΗΣ,0.1718711031226618
2023-11-28 19:00:00,116279,ΣΥΝΟΛΟ,1.0
2023-11-28 19:00:00,16540,ΥΔΡΟΗΛΕΚΤΡΙΚΑ,0.1422440853464512
2023-11-29 19:00:00,57067,ΑΕΡΙΟ,0.5214074263577224
2023-11-29 19:00:00,28558,ΑΠΕ,0.2609275637745779
2023-11-29 19:00:00,-15341,ΚΑΘΑΡΕΣ ΕΙΣΑΓΩΓΕΣ (ΕΙΣΑΓΩΓΕΣ-ΕΞΑΓΩΓΕΣ),-0.1401670199546816
2023-11-29 19:00:00,19518,ΛΙΓΝΙΤΗΣ,0.1783312623346246
2023-11-29 19:00:00,109448,ΣΥΝΟΛΟ,1.0
2023-11-29 19:00:00,19646,ΥΔΡΟΗΛΕΚΤΡΙΚΑ,0.1795007674877567
2023-11-30 19:00:00,30926,ΑΕΡΙΟ,0.2826331325796694
2023-11-30 19:00:00,56775,ΑΠΕ,0.5188674934427578
2023-11-30 19:00:00,-11288,ΚΑΘΑΡΕΣ ΕΙΣΑΓΩΓΕΣ (ΕΙΣΑΓΩΓΕΣ-ΕΞΑΓΩΓΕΣ),-0.1031611847817146
2023-11-30 19:00:00,19191,ΛΙΓΝΙΤΗΣ,0.1753868087478637
2023-11-30 19:00:00,109421,ΣΥΝΟΛΟ,1.0
2023-11-30 19:00:00,13817,ΥΔΡΟΗΛΕΚΤΡΙΚΑ,0.1262737500114237
2023-12-01 19:00:00,22455,ΑΕΡΙΟ,0.2116559212758737
2023-12-01 19:00:00,70444,ΑΠΕ,0.6639897447498397
2023-12-01 19:00:00,-9992,ΚΑΘΑΡΕΣ ΕΙΣΑΓΩΓΕΣ (ΕΙΣΑΓΩΓΕΣ-ΕΞΑΓΩΓΕΣ),-0.0941824077216001
2023-12-01 19:00:00,9027,ΛΙΓΝΙΤΗΣ,0.085086528673227
2023-12-01 19:00:00,106092,ΣΥΝΟΛΟ,1.0
2023-12-01 19:00:00,14158,ΥΔΡΟΗΛΕΚΤΡΙΚΑ,0.1334502130226595
2023-12-02 19:00:00,21142,ΑΕΡΙΟ,0.2111792556485606
2023-12-02 19:00:00,52935,ΑΠΕ,0.5287472281598977
2023-12-02 19:00:00,2653,ΚΑΘΑΡΕΣ ΕΙΣΑΓΩΓΕΣ (ΕΙΣΑΓΩΓΕΣ-ΕΞΑΓΩΓΕΣ),0.0264997902391273
2023-12-02 19:00:00,10541,ΛΙΓΝΙΤΗΣ,0.1052899694348442
2023-12-02 19:00:00,100114,ΣΥΝΟΛΟ,1.0
2023-12-02 19:00:00,12843,ΥΔΡΟΗΛΕΚΤΡΙΚΑ,0.1282837565175699
2023-12-03 19:00:00,59036,ΑΕΡΙΟ,0.5031963314638346
2023-12-03 19:00:00,26996,ΑΠΕ,0.2301017711938084
2023-12-03 19:00:00,-12306,ΚΑΘΑΡΕΣ ΕΙΣΑΓΩΓΕΣ (ΕΙΣΑΓΩΓΕΣ-ΕΞΑΓΩΓΕΣ),-0.1048908133171954
2023-12-03 19:00:00,19665,ΛΙΓΝΙΤΗΣ,0.1676156219634851
2023-12-03 19:00:00,117322,ΣΥΝΟΛΟ,1.0
2023-12-03 19:00:00,23931,ΥΔΡΟΗΛΕΚΤΡΙΚΑ,0.2039770886960672
2023-12-04 19:00:00,73434,ΑΕΡΙΟ,0.581945842281693
2023-12-04 19:00:00,13464,ΑΠΕ,0.1066987883062439
2023-12-04 19:00:00,633,ΚΑΘΑΡΕΣ ΕΙΣΑΓΩΓΕΣ (ΕΙΣΑΓΩΓΕΣ-ΕΞΑΓΩΓΕΣ),0.0050163646017418
2023-12-04 19:00:00,14789,ΛΙΓΝΙΤΗΣ,0.117199077559495
2023-12-04 19:00:00,126187,ΣΥΝΟΛΟ,1.0
2023-12-04 19:00:00,23867,ΥΔΡΟΗΛΕΚΤΡΙΚΑ,0.1891399272508261
2023-12-05 19:00:00,69788,ΑΕΡΙΟ,0.5732827312008149
2023-12-05 19:00:00,24114,ΑΠΕ,0.1980876336931342
2023-12-05 19:00:00,-11873,ΚΑΘΑΡΕΣ ΕΙΣΑΓΩΓΕΣ (ΕΙΣΑΓΩΓΕΣ-ΕΞΑΓΩΓΕΣ),-0.0975323245765357
2023-12-05 19:00:00,20744,ΛΙΓΝΙΤΗΣ,0.1704043241822334
2023-12-05 19:00:00,121734,ΣΥΝΟΛΟ,1.0
2023-12-05 19:00:00,18961,ΥΔΡΟΗΛΕΚΤΡΙΚΑ,0.1557576355003532
2023-12-06 19:00:00,70446,ΑΕΡΙΟ,0.5645299590502216
2023-12-06 19:00:00,15485,ΑΠΕ,0.124091451833925
2023-12-06 19:00:00,2179,ΚΑΘΑΡΕΣ ΕΙΣΑΓΩΓΕΣ (ΕΙΣΑΓΩΓΕΣ-ΕΞΑΓΩΓΕΣ),0.0174617548302307
2023-12-06 19:00:00,19286,ΛΙΓΝΙΤΗΣ,0.1545513555097886
2023-12-06 19:00:00,124787,ΣΥΝΟΛΟ,1.0
2023-12-06 19:00:00,17391,ΥΔΡΟΗΛΕΚΤΡΙΚΑ,0.139365478775834
2023-12-07 19:00:00,50840,ΑΕΡΙΟ,0.4184672115629964
2023-12-07 19:00:00,45982,ΑΠΕ,0.3784807105053049
2023-12-07 19:00:00,-14137,ΚΑΘΑΡΕΣ ΕΙΣΑΓΩΓΕΣ (ΕΙΣΑΓΩΓΕΣ-ΕΞΑΓΩΓΕΣ),-0.1163625289116066
2023-12-07 19:00:00,20018,ΛΙΓΝΙΤΗΣ,0.164769406787334
2023-12-07 19:00:00,121491,ΣΥΝΟΛΟ,1.0
2023-12-07 19:00:00,18788,ΥΔΡΟΗΛΕΚΤΡΙΚΑ,0.1546452000559712
2023-12-08 19:00:00,33784,ΑΕΡΙΟ,0.2828888423696881
2023-12-08 19:00:00,35960,ΑΠΕ,0.3011094829390831
2023-12-08 19:00:00,16588,ΚΑΘΑΡΕΣ ΕΙΣΑΓΩΓΕΣ (ΕΙΣΑΓΩΓΕΣ-ΕΞΑΓΩΓΕΣ),0.1388988905170609
2023-12-08 19:00:00,14360,ΛΙΓΝΙΤΗΣ,0.1202428302281766
2023-12-08 19:00:00,119425,ΣΥΝΟΛΟ,1.0
2023-12-08 19:00:00,18733,ΥΔΡΟΗΛΕΚΤΡΙΚΑ,0.1568599539459912
2023-12-09 19:00:00,39981,ΑΕΡΙΟ,0.3371278237332726
2023-12-09 19:00:00,10598,ΑΠΕ,0.0893644650190146
2023-12-09 19:00:00,33405,ΚΑΘΑΡΕΣ ΕΙΣΑΓΩΓΕΣ (ΕΙΣΑΓΩΓΕΣ-ΕΞΑΓΩΓΕΣ),0.2816776706888265
2023-12-09 19:00:00,13035,ΛΙΓΝΙΤΗΣ,0.109913738584908
2023-12-09 19:00:00,118593,ΣΥΝΟΛΟ,1.0
2023-12-09 19:00:00,21574,ΥΔΡΟΗΛΕΚΤΡΙΚΑ,0.1819163019739782
2023-12-10 00:00:00,39981,ΑΕΡΙΟ,0.3371278237332726
2023-12-10 00:00:00,10598,ΑΠΕ,0.0893644650190146
2023-12-10 00:00:00,33405,ΚΑΘΑΡΕΣ ΕΙΣΑΓΩΓΕΣ (ΕΙΣΑΓΩΓΕΣ-ΕΞΑΓΩΓΕΣ),0.2816776706888265
2023-12-10 00:00:00,13035,ΛΙΓΝΙΤΗΣ,0.109913738584908
2023-12-10 00:00:00,118593,ΣΥΝΟΛΟ,1.0
2023-12-10 00:00:00,21574,ΥΔΡΟΗΛΕΚΤΡΙΚΑ,0.1819163019739782
2023-12-10 19:00:00,55609,ΑΕΡΙΟ,0.4478529089620514
2023-12-10 19:00:00,23186,ΑΠΕ,0.1867308807422202
2023-12-10 19:00:00,8402,ΚΑΘΑΡΕΣ ΕΙΣΑΓΩΓΕΣ (ΕΙΣΑΓΩΓΕΣ-ΕΞΑΓΩΓΕΣ),0.0676663874750338
2023-12-10 19:00:00,19354,ΛΙΓΝΙΤΗΣ,0.1558694671735068
2023-12-10 19:00:00,124168,ΣΥΝΟΛΟ,1.0
2023-12-10 19:00:00,17617,ΥΔΡΟΗΛΕΚΤΡΙΚΑ,0.1418803556471876
2023-12-11 00:00:00,55609,ΑΕΡΙΟ,0.4478529089620514
2023-12-11 00:00:00,23186,ΑΠΕ,0.1867308807422202
2023-12-11 00:00:00,8402,ΚΑΘΑΡΕΣ ΕΙΣΑΓΩΓΕΣ (ΕΙΣΑΓΩΓΕΣ-ΕΞΑΓΩΓΕΣ),0.0676663874750338
2023-12-11 00:00:00,19354,ΛΙΓΝΙΤΗΣ,0.1558694671735068
2023-12-11 00:00:00,124168,ΣΥΝΟΛΟ,1.0
2023-12-11 00:00:00,17617,ΥΔΡΟΗΛΕΚΤΡΙΚΑ,0.1418803556471876
2023-12-11 19:00:00,63165,ΑΕΡΙΟ,0.5119466372728599
2023-12-11 19:00:00,20836,ΑΠΕ,0.1688739038109286
2023-12-11 19:00:00,5725,ΚΑΘΑΡΕΣ ΕΙΣΑΓΩΓΕΣ (ΕΙΣΑΓΩΓΕΣ-ΕΞΑΓΩΓΕΣ),0.0464006094892285
2023-12-11 19:00:00,15164,ΛΙΓΝΙΤΗΣ,0.1229028545492859
2023-12-11 19:00:00,123382,ΣΥΝΟΛΟ,1.0
2023-12-11 19:00:00,18492,ΥΔΡΟΗΛΕΚΤΡΙΚΑ,0.1498759948776969
2023-12-12 00:00:00,63165,ΑΕΡΙΟ,0.5119466372728599
2023-12-12 00:00:00,20836,ΑΠΕ,0.1688739038109286
2023-12-12 00:00:00,5725,ΚΑΘΑΡΕΣ ΕΙΣΑΓΩΓΕΣ (ΕΙΣΑΓΩΓΕΣ-ΕΞΑΓΩΓΕΣ),0.0464006094892285
2023-12-12 00:00:00,15164,ΛΙΓΝΙΤΗΣ,0.1229028545492859
2023-12-12 00:00:00,123382,ΣΥΝΟΛΟ,1.0
2023-12-12 00:00:00,18492,ΥΔΡΟΗΛΕΚΤΡΙΚΑ,0.1498759948776969
2023-12-13 19:00:00,35634,ΑΕΡΙΟ,0.2982323993170633
2023-12-13 19:00:00,69716,ΑΠΕ,0.5834756117973955
2023-12-13 19:00:00,-21627,ΚΑΘΑΡΕΣ ΕΙΣΑΓΩΓΕΣ (ΕΙΣΑΓΩΓΕΣ-ΕΞΑΓΩΓΕΣ),-0.1810033142512805
2023-12-13 19:00:00,20262,ΛΙΓΝΙΤΗΣ,0.1695791905192327
2023-12-13 19:00:00,119484,ΣΥΝΟΛΟ,1.0
2023-12-13 19:00:00,15499,ΥΔΡΟΗΛΕΚΤΡΙΚΑ,0.1297161126175889
2023-12-14 00:00:00,35634,ΑΕΡΙΟ,0.2982323993170633
2023-12-14 00:00:00,69716,ΑΠΕ,0.5834756117973955
2023-12-14 00:00:00,-21627,ΚΑΘΑΡΕΣ ΕΙΣΑΓΩΓΕΣ (ΕΙΣΑΓΩΓΕΣ-ΕΞΑΓΩΓΕΣ),-0.1810033142512805
2023-12-14 00:00:00,20262,ΛΙΓΝΙΤΗΣ,0.1695791905192327
2023-12-14 00:00:00,119484,ΣΥΝΟΛΟ,1.0
2023-12-14 00:00:00,15499,ΥΔΡΟΗΛΕΚΤΡΙΚΑ,0.1297161126175889
2023-12-14 19:00:00,40378,ΑΕΡΙΟ,0.3199879542896993
2023-12-14 19:00:00,42736,ΑΠΕ,0.3386746548745503
2023-12-14 19:00:00,8161,ΚΑΘΑΡΕΣ ΕΙΣΑΓΩΓΕΣ (ΕΙΣΑΓΩΓΕΣ-ΕΞΑΓΩΓΕΣ),0.0646743695814115
2023-12-14 19:00:00,18224,ΛΙΓΝΙΤΗΣ,0.1444217266574738
2023-12-14 19:00:00,126186,ΣΥΝΟΛΟ,1.0
2023-12-14 19:00:00,16687,ΥΔΡΟΗΛΕΚΤΡΙΚΑ,0.1322412945968649
2023-12-15 00:00:00,40378,ΑΕΡΙΟ,0.3199879542896993
2023-12-15 00:00:00,42736,ΑΠΕ,0.3386746548745503
2023-12-15 00:00:00,8161,ΚΑΘΑΡΕΣ ΕΙΣΑΓΩΓΕΣ (ΕΙΣΑΓΩΓΕΣ-ΕΞΑΓΩΓΕΣ),0.0646743695814115
2023-12-15 00:00:00,18224,ΛΙΓΝΙΤΗΣ,0.1444217266574738
2023-12-15 00:00:00,126186,ΣΥΝΟΛΟ,1.0
2023-12-15 00:00:00,16687,ΥΔΡΟΗΛΕΚΤΡΙΚΑ,0.1322412945968649
2023-12-15 19:00:00,23583,ΑΕΡΙΟ,0.1846171911695631
2023-12-15 19:00:00,53789,ΑΠΕ,0.4210818850790668
2023-12-15 19:00:00,16460,ΚΑΘΑΡΕΣ ΕΙΣΑΓΩΓΕΣ (ΕΙΣΑΓΩΓΕΣ-ΕΞΑΓΩΓΕΣ),0.1288554877094097
2023-12-15 19:00:00,17024,ΛΙΓΝΙΤΗΣ,0.1332707061218099
2023-12-15 19:00:00,127740,ΣΥΝΟΛΟ,1.0
2023-12-15 19:00:00,16884,ΥΔΡΟΗΛΕΚΤΡΙΚΑ,0.1321747299201503
2023-12-16 00:00:00,23583,ΑΕΡΙΟ,0.1846171911695631
2023-12-16 00:00:00,53789,ΑΠΕ,0.4210818850790668
2023-12-16 00:00:00,16460,ΚΑΘΑΡΕΣ ΕΙΣΑΓΩΓΕΣ (ΕΙΣΑΓΩΓΕΣ-ΕΞΑΓΩΓΕΣ),0.1288554877094097
2023-12-16 00:00:00,17024,ΛΙΓΝΙΤΗΣ,0.1332707061218099
2023-12-16 00:00:00,127740,ΣΥΝΟΛΟ,1.0
2023-12-16 00:00:00,16884,ΥΔΡΟΗΛΕΚΤΡΙΚΑ,0.1321747299201503
2023-12-16 19:00:00,20473,ΑΕΡΙΟ,0.173829982339356
2023-12-16 19:00:00,67574,ΑΠΕ,0.5737501698138839
2023-12-16 19:00:00,-394,ΚΑΘΑΡΕΣ ΕΙΣΑΓΩΓΕΣ (ΕΙΣΑΓΩΓΕΣ-ΕΞΑΓΩΓΕΣ),-0.0033453335144681
2023-12-16 19:00:00,15997,ΛΙΓΝΙΤΗΣ,0.1358256351039261
2023-12-16 19:00:00,117776,ΣΥΝΟΛΟ,1.0
2023-12-16 19:00:00,14126,ΥΔΡΟΗΛΕΚΤΡΙΚΑ,0.119939546257302
2023-12-17 00:00:00,20473,ΑΕΡΙΟ,0.173829982339356
2023-12-17 00:00:00,67574,ΑΠΕ,0.5737501698138839
2023-12-17 00:00:00,-394,ΚΑΘΑΡΕΣ ΕΙΣΑΓΩΓΕΣ (ΕΙΣΑΓΩΓΕΣ-ΕΞΑΓΩΓΕΣ),-0.0033453335144681
2023-12-17 00:00:00,15997,ΛΙΓΝΙΤΗΣ,0.1358256351039261
2023-12-17 00:00:00,117776,ΣΥΝΟΛΟ,1.0
2023-12-17 00:00:00,14126,ΥΔΡΟΗΛΕΚΤΡΙΚΑ,0.119939546257302
2023-12-18 00:00:00,31055,ΑΕΡΙΟ,0.2556703577162145
2023-12-18 00:00:00,50735,ΑΠΕ,0.4176923393570164
2023-12-18 00:00:00,3870,ΚΑΘΑΡΕΣ ΕΙΣΑΓΩΓΕΣ (ΕΙΣΑΓΩΓΕΣ-ΕΞΑΓΩΓΕΣ),0.0318610299263162
2023-12-18 00:00:00,19961,ΛΙΓΝΙΤΗΣ,0.1643354052607747
2023-12-18 00:00:00,121465,ΣΥΝΟΛΟ,1.0
2023-12-18 00:00:00,15844,ΥΔΡΟΗΛΕΚΤΡΙΚΑ,0.130440867739678
2023-12-19 00:00:00,49543,ΑΕΡΙΟ,0.4051967383392356
2023-12-19 00:00:00,28843,ΑΠΕ,0.2358978972593216
2023-12-19 00:00:00,5581,ΚΑΘΑΡΕΣ ΕΙΣΑΓΩΓΕΣ (ΕΙΣΑΓΩΓΕΣ-ΕΞΑΓΩΓΕΣ),0.0456452575877777
2023-12-19 00:00:00,19184,ΛΙΓΝΙΤΗΣ,0.1568999501100033
2023-12-19 00:00:00,122269,ΣΥΝΟΛΟ,1.0
2023-12-19 00:00:00,19118,ΥΔΡΟΗΛΕΚΤΡΙΚΑ,0.1563601567036616
2023-12-20 00:00:00,64795,ΑΕΡΙΟ,0.5041000186718118
2023-12-20 00:00:00,15570,ΑΠΕ,0.1211333789755399
2023-12-20 00:00:00,9481,ΚΑΘΑΡΕΣ ΕΙΣΑΓΩΓΕΣ (ΕΙΣΑΓΩΓΕΣ-ΕΞΑΓΩΓΕΣ),0.0737614364847202
2023-12-20 00:00:00,17766,ΛΙΓΝΙΤΗΣ,0.1382180867616854
2023-12-20 00:00:00,128536,ΣΥΝΟΛΟ,1.0
2023-12-20 00:00:00,20924,ΥΔΡΟΗΛΕΚΤΡΙΚΑ,0.1627870791062426
2023-12-21 00:00:00,53501,ΑΕΡΙΟ,0.4327964600338141
2023-12-21 00:00:00,21785,ΑΠΕ,0.1762298065800011
2023-12-21 00:00:00,10975,ΚΑΘΑΡΕΣ ΕΙΣΑΓΩΓΕΣ (ΕΙΣΑΓΩΓΕΣ-ΕΞΑΓΩΓΕΣ),0.088782287225867
2023-12-21 00:00:00,21842,ΛΙΓΝΙΤΗΣ,0.1766909082084179
2023-12-21 00:00:00,123617,ΣΥΝΟΛΟ,1.0
2023-12-21 00:00:00,15514,ΥΔΡΟΗΛΕΚΤΡΙΚΑ,0.1255005379518998
2023-12-22 00:00:00,18070,ΑΕΡΙΟ,0.1406718306021564
2023-12-22 00:00:00,50683,ΑΠΕ,0.3945584056673543
2023-12-22 00:00:00,21896,ΚΑΘΑΡΕΣ ΕΙΣΑΓΩΓΕΣ (ΕΙΣΑΓΩΓΕΣ-ΕΞΑΓΩΓΕΣ),0.1704565801253357
2023-12-22 00:00:00,22717,ΛΙΓΝΙΤΗΣ,0.1768479233972986
2023-12-22 00:00:00,128455,ΣΥΝΟΛΟ,1.0
2023-12-22 00:00:00,15089,ΥΔΡΟΗΛΕΚΤΡΙΚΑ,0.1174652602078548
2023-12-23 00:00:00,18277,ΑΕΡΙΟ,0.1732252867026822
2023-12-23 00:00:00,39565,ΑΙΟΛΙΚΑ,0.3749881527817268
2023-12-23 00:00:00,29161,ΚΑΘΑΡΕΣ ΕΙΣΑΓΩΓΕΣ (ΕΙΣΑΓΩΓΕΣ-ΕΞΑΓΩΓΕΣ),0.2763813856506492
2023-12-23 00:00:00,8186,ΛΙΓΝΙΤΗΣ,0.0775850630272012
2023-12-23 00:00:00,105510,ΣΥΝΟΛΟ,1.0
2023-12-23 00:00:00,10321,ΥΔΡΟΗΛΕΚΤΡΙΚΑ,0.0978201118377405
2023-12-24 00:00:00,22683,ΑΕΡΙΟ,0.2269298491336188
2023-12-24 00:00:00,29970,ΑΙΟΛΙΚΑ,0.2998319260474609
2023-12-24 00:00:00,26854,ΚΑΘΑΡΕΣ ΕΙΣΑΓΩΓΕΣ (ΕΙΣΑΓΩΓΕΣ-ΕΞΑΓΩΓΕΣ),0.2686582096122293
2023-12-24 00:00:00,7974,ΛΙΓΝΙΤΗΣ,0.0797751010444595
2023-12-24 00:00:00,99956,ΣΥΝΟΛΟ,1.0
2023-12-24 00:00:00,12475,ΥΔΡΟΗΛΕΚΤΡΙΚΑ,0.1248049141622313
2023-12-25 00:00:00,21120,ΑΕΡΙΟ,0.2274465037638519
2023-12-25 00:00:00,25004,ΑΠΕ,0.2692742604219391
2023-12-25 00:00:00,26696,ΚΑΘΑΡΕΣ ΕΙΣΑΓΩΓΕΣ (ΕΙΣΑΓΩΓΕΣ-ΕΞΑΓΩΓΕΣ),0.2874958269166568
2023-12-25 00:00:00,8080,ΛΙΓΝΙΤΗΣ,0.087015518485413
2023-12-25 00:00:00,92857,ΣΥΝΟΛΟ,1.0
2023-12-25 00:00:00,11957,ΥΔΡΟΗΛΕΚΤΡΙΚΑ,0.1287678904121391
2023-12-26 00:00:00,23742,ΑΕΡΙΟ,0.2550791280337784
2023-12-26 00:00:00,25667,ΑΠΕ,0.275760929123199
2023-12-26 00:00:00,23745,ΚΑΘΑΡΕΣ ΕΙΣΑΓΩΓΕΣ (ΕΙΣΑΓΩΓΕΣ-ΕΞΑΓΩΓΕΣ),0.2551113594120996
2023-12-26 00:00:00,8006,ΛΙΓΝΙΤΗΣ,0.0860148049464421
2023-12-26 00:00:00,93077,ΣΥΝΟΛΟ,1.0
2023-12-26 00:00:00,11917,ΥΔΡΟΗΛΕΚΤΡΙΚΑ,0.1280337784844805
2023-12-27 00:00:00,32921,ΑΕΡΙΟ,0.3187579275554565
2023-12-27 00:00:00,17444,ΑΠΕ,0.1689017128361041
2023-12-27 00:00:00,27957,ΚΑΘΑΡΕΣ ΕΙΣΑΓΩΓΕΣ (ΕΙΣΑΓΩΓΕΣ-ΕΞΑΓΩΓΕΣ),0.270693945526196
2023-12-27 00:00:00,12285,ΛΙΓΝΙΤΗΣ,0.1189496412629866
2023-12-27 00:00:00,103279,ΣΥΝΟΛΟ,1.0
2023-12-27 00:00:00,12672,ΥΔΡΟΗΛΕΚΤΡΙΚΑ,0.1226967728192565
2023-12-28 00:00:00,32979,ΑΕΡΙΟ,0.3109319756752934
2023-12-28 00:00:00,10070,ΑΠΕ,0.0949417809833592
2023-12-28 00:00:00,31606,ΚΑΘΑΡΕΣ ΕΙΣΑΓΩΓΕΣ (ΕΙΣΑΓΩΓΕΣ-ΕΞΑΓΩΓΕΣ),0.2979870833922595
2023-12-28 00:00:00,15443,ΛΙΓΝΙΤΗΣ,0.1455993965964267
2023-12-28 00:00:00,106065,ΣΥΝΟΛΟ,1.0
2023-12-28 00:00:00,15967,ΥΔΡΟΗΛΕΚΤΡΙΚΑ,0.1505397633526611
2023-12-29 00:00:00,31317,ΑΕΡΙΟ,0.2888276091046593
2023-12-29 00:00:00,17640,ΑΠΕ,0.1626886044195226
2023-12-29 00:00:00,25885,ΚΑΘΑΡΕΣ ΕΙΣΑΓΩΓΕΣ (ΕΙΣΑΓΩΓΕΣ-ΕΞΑΓΩΓΕΣ),0.2387298483786475
2023-12-29 00:00:00,19223,ΛΙΓΝΙΤΗΣ,0.1772881543512745
2023-12-29 00:00:00,108428,ΣΥΝΟΛΟ,1.0
2023-12-29 00:00:00,14363,ΥΔΡΟΗΛΕΚΤΡΙΚΑ,0.1324657837458959
2023-12-30 00:00:00,42997,ΑΕΡΙΟ,0.3794098441663872
2023-12-30 00:00:00,11620,ΑΠΕ,0.1025360464500644
2023-12-30 00:00:00,31574,ΚΑΘΑΡΕΣ ΕΙΣΑΓΩΓΕΣ (ΕΙΣΑΓΩΓΕΣ-ΕΞΑΓΩΓΕΣ),0.2786121454917671
2023-12-30 00:00:00,13818,ΛΙΓΝΙΤΗΣ,0.1219314190918235
2023-12-30 00:00:00,113326,ΣΥΝΟΛΟ,1.0
2023-12-30 00:00:00,13317,ΥΔΡΟΗΛΕΚΤΡΙΚΑ,0.1175105447999576
