Κωδικός,Προϊόν,W%-Μήνας-Ετήσιο,ΔΤΚ,
1111,PYZI,W%0,2,66
1111,PYZI,Ιανουάριος,102,22
1111,PYZI,Φεβρουάριος,102,93
1111,PYZI,Μάρτιος,103,21
1111,PYZI,Απρίλιος,103,6
1111,PYZI,Μάιος,104,23
1111,PYZI,Ιούνιος,104,26
1111,PYZI,Ιούλιος,104,23
1111,PYZI,Αύγουστος,105,12
1111,PYZI,Σεπτέμβριος,104,89
1111,PYZI,Οκτώβριος,105,49
1111,PYZI,Νοέμβριος,106,13
1111,PYZI,Δεκέμβριος,105,61
1111,PYZI,ΕΤΗΣΙΟΣ,104,28
1112,ΑΛΕΥΡΙ ΚΑΙ ΑΛΛΑ ΔΗΜΗΤΡΙΑΚΑ,W%0,1,52
1112,ΑΛΕΥΡΙ ΚΑΙ ΑΛΛΑ ΔΗΜΗΤΡΙΑΚΑ,Ιανουάριος,105,32
1112,ΑΛΕΥΡΙ ΚΑΙ ΑΛΛΑ ΔΗΜΗΤΡΙΑΚΑ,Φεβρουάριος,107,28
1112,ΑΛΕΥΡΙ ΚΑΙ ΑΛΛΑ ΔΗΜΗΤΡΙΑΚΑ,Μάρτιος,106,19
1112,ΑΛΕΥΡΙ ΚΑΙ ΑΛΛΑ ΔΗΜΗΤΡΙΑΚΑ,Απρίλιος,107,11
1112,ΑΛΕΥΡΙ ΚΑΙ ΑΛΛΑ ΔΗΜΗΤΡΙΑΚΑ,Μάιος,109,44
1112,ΑΛΕΥΡΙ ΚΑΙ ΑΛΛΑ ΔΗΜΗΤΡΙΑΚΑ,Ιούνιος,109,70
1112,ΑΛΕΥΡΙ ΚΑΙ ΑΛΛΑ ΔΗΜΗΤΡΙΑΚΑ,Ιούλιος,109,24
1112,ΑΛΕΥΡΙ ΚΑΙ ΑΛΛΑ ΔΗΜΗΤΡΙΑΚΑ,Αύγουστος,111,26
1112,ΑΛΕΥΡΙ ΚΑΙ ΑΛΛΑ ΔΗΜΗΤΡΙΑΚΑ,Σεπτέμβριος,111,21
1112,ΑΛΕΥΡΙ ΚΑΙ ΑΛΛΑ ΔΗΜΗΤΡΙΑΚΑ,Οκτώβριος,111,21
1112,ΑΛΕΥΡΙ ΚΑΙ ΑΛΛΑ ΔΗΜΗΤΡΙΑΚΑ,Νοέμβριος,109,79
1112,ΑΛΕΥΡΙ ΚΑΙ ΑΛΛΑ ΔΗΜΗΤΡΙΑΚΑ,Δεκέμβριος,105,5
1112,ΑΛΕΥΡΙ ΚΑΙ ΑΛΛΑ ΔΗΜΗΤΡΙΑΚΑ,ΕΤΗΣΙΟΣ,108,57
1113,ΨΩΜΙ,W%0,18,50
1113,ΨΩΜΙ,Ιανουάριος,96,93
1113,ΨΩΜΙ,Φεβρουάριος,97,2
1113,ΨΩΜΙ,Μάρτιος,96,92
1113,ΨΩΜΙ,Απρίλιος,96,78
1113,ΨΩΜΙ,Μάιος,96,71
1113,ΨΩΜΙ,Ιούνιος,96,89
1113,ΨΩΜΙ,Ιούλιος,96,56
1113,ΨΩΜΙ,Αύγουστος,96,60
1113,ΨΩΜΙ,Σεπτέμβριος,96,75
1113,ΨΩΜΙ,Οκτώβριος,96,48
1113,ΨΩΜΙ,Νοέμβριος,96,60
1113,ΨΩΜΙ,Δεκέμβριος,96,68
1113,ΨΩΜΙ,ΕΤΗΣΙΟΣ,96,74
1114,ΑΛΛΑ ΠΡΟΪΟΝΤΑ ΑΡΤΟΠΟΙΪΑΣ & ΖΑΧΑΡΟΠΛΑΣΤΙΚΗΣ,W%0,6,35
1114,ΑΛΛΑ ΠΡΟΪΟΝΤΑ ΑΡΤΟΠΟΙΪΑΣ & ΖΑΧΑΡΟΠΛΑΣΤΙΚΗΣ,Ιανουάριος,96,34
1114,ΑΛΛΑ ΠΡΟΪΟΝΤΑ ΑΡΤΟΠΟΙΪΑΣ & ΖΑΧΑΡΟΠΛΑΣΤΙΚΗΣ,Φεβρουάριος,96,1
1114,ΑΛΛΑ ΠΡΟΪΟΝΤΑ ΑΡΤΟΠΟΙΪΑΣ & ΖΑΧΑΡΟΠΛΑΣΤΙΚΗΣ,Μάρτιος,95,49
1114,ΑΛΛΑ ΠΡΟΪΟΝΤΑ ΑΡΤΟΠΟΙΪΑΣ & ΖΑΧΑΡΟΠΛΑΣΤΙΚΗΣ,Απρίλιος,96,37
1114,ΑΛΛΑ ΠΡΟΪΟΝΤΑ ΑΡΤΟΠΟΙΪΑΣ & ΖΑΧΑΡΟΠΛΑΣΤΙΚΗΣ,Μάιος,95,91
1114,ΑΛΛΑ ΠΡΟΪΟΝΤΑ ΑΡΤΟΠΟΙΪΑΣ & ΖΑΧΑΡΟΠΛΑΣΤΙΚΗΣ,Ιούνιος,94,38
1114,ΑΛΛΑ ΠΡΟΪΟΝΤΑ ΑΡΤΟΠΟΙΪΑΣ & ΖΑΧΑΡΟΠΛΑΣΤΙΚΗΣ,Ιούλιος,95,81
1114,ΑΛΛΑ ΠΡΟΪΟΝΤΑ ΑΡΤΟΠΟΙΪΑΣ & ΖΑΧΑΡΟΠΛΑΣΤΙΚΗΣ,Αύγουστος,94,49
1114,ΑΛΛΑ ΠΡΟΪΟΝΤΑ ΑΡΤΟΠΟΙΪΑΣ & ΖΑΧΑΡΟΠΛΑΣΤΙΚΗΣ,Σεπτέμβριος,96,15
1114,ΑΛΛΑ ΠΡΟΪΟΝΤΑ ΑΡΤΟΠΟΙΪΑΣ & ΖΑΧΑΡΟΠΛΑΣΤΙΚΗΣ,Οκτώβριος,96,11
1114,ΑΛΛΑ ΠΡΟΪΟΝΤΑ ΑΡΤΟΠΟΙΪΑΣ & ΖΑΧΑΡΟΠΛΑΣΤΙΚΗΣ,Νοέμβριος,96,31
1114,ΑΛΛΑ ΠΡΟΪΟΝΤΑ ΑΡΤΟΠΟΙΪΑΣ & ΖΑΧΑΡΟΠΛΑΣΤΙΚΗΣ,Δεκέμβριος,96,53
1114,ΑΛΛΑ ΠΡΟΪΟΝΤΑ ΑΡΤΟΠΟΙΪΑΣ & ΖΑΧΑΡΟΠΛΑΣΤΙΚΗΣ,ΕΤΗΣΙΟΣ,95,83
1115,ΠΙΤΣΕΣ ΚΑΙ ΠΙΤΕΣ,W%0,2,0
1115,ΠΙΤΣΕΣ ΚΑΙ ΠΙΤΕΣ,Ιανουάριος,97,41
1115,ΠΙΤΣΕΣ ΚΑΙ ΠΙΤΕΣ,Φεβρουάριος,96,31
1115,ΠΙΤΣΕΣ ΚΑΙ ΠΙΤΕΣ,Μάρτιος,96,30
1115,ΠΙΤΣΕΣ ΚΑΙ ΠΙΤΕΣ,Απρίλιος,97,6
1115,ΠΙΤΣΕΣ ΚΑΙ ΠΙΤΕΣ,Μάιος,96,71
1115,ΠΙΤΣΕΣ ΚΑΙ ΠΙΤΕΣ,Ιούνιος,97,10
1115,ΠΙΤΣΕΣ ΚΑΙ ΠΙΤΕΣ,Ιούλιος,95,99
1115,ΠΙΤΣΕΣ ΚΑΙ ΠΙΤΕΣ,Αύγουστος,96,59
1115,ΠΙΤΣΕΣ ΚΑΙ ΠΙΤΕΣ,Σεπτέμβριος,96,73
1115,ΠΙΤΣΕΣ ΚΑΙ ΠΙΤΕΣ,Οκτώβριος,96,79
1115,ΠΙΤΣΕΣ ΚΑΙ ΠΙΤΕΣ,Νοέμβριος,96,16
1115,ΠΙΤΣΕΣ ΚΑΙ ΠΙΤΕΣ,Δεκέμβριος,96,12
1115,ΠΙΤΣΕΣ ΚΑΙ ΠΙΤΕΣ,ΕΤΗΣΙΟΣ,96,61
1116,ΖΥΜΑΡΙΚΑ,W%0,4,30
1116,ΖΥΜΑΡΙΚΑ,Ιανουάριος,99,60
1116,ΖΥΜΑΡΙΚΑ,Φεβρουάριος,101,20
1116,ΖΥΜΑΡΙΚΑ,Μάρτιος,100,40
1116,ΖΥΜΑΡΙΚΑ,Απρίλιος,101,22
1116,ΖΥΜΑΡΙΚΑ,Μάιος,100,34
1116,ΖΥΜΑΡΙΚΑ,Ιούνιος,98,89
1116,ΖΥΜΑΡΙΚΑ,Ιούλιος,97,1
1116,ΖΥΜΑΡΙΚΑ,Αύγουστος,98,18
1116,ΖΥΜΑΡΙΚΑ,Σεπτέμβριος,99,21
1116,ΖΥΜΑΡΙΚΑ,Οκτώβριος,101,69
1116,ΖΥΜΑΡΙΚΑ,Νοέμβριος,100,6
1116,ΖΥΜΑΡΙΚΑ,Δεκέμβριος,103,0
1116,ΖΥΜΑΡΙΚΑ,ΕΤΗΣΙΟΣ,100,7
1117,ΔΗΜΗΤΡΙΑΚΑ ΓΙΑ ΠΡΩΙΝΟ,W%0,2,51
1117,ΔΗΜΗΤΡΙΑΚΑ ΓΙΑ ΠΡΩΙΝΟ,Ιανουάριος,106,56
1117,ΔΗΜΗΤΡΙΑΚΑ ΓΙΑ ΠΡΩΙΝΟ,Φεβρουάριος,107,27
1117,ΔΗΜΗΤΡΙΑΚΑ ΓΙΑ ΠΡΩΙΝΟ,Μάρτιος,104,73
1117,ΔΗΜΗΤΡΙΑΚΑ ΓΙΑ ΠΡΩΙΝΟ,Απρίλιος,107,87
1117,ΔΗΜΗΤΡΙΑΚΑ ΓΙΑ ΠΡΩΙΝΟ,Μάιος,105,79
1117,ΔΗΜΗΤΡΙΑΚΑ ΓΙΑ ΠΡΩΙΝΟ,Ιούνιος,104,52
1117,ΔΗΜΗΤΡΙΑΚΑ ΓΙΑ ΠΡΩΙΝΟ,Ιούλιος,109,0
1117,ΔΗΜΗΤΡΙΑΚΑ ΓΙΑ ΠΡΩΙΝΟ,Αύγουστος,102,64
1117,ΔΗΜΗΤΡΙΑΚΑ ΓΙΑ ΠΡΩΙΝΟ,Σεπτέμβριος,104,64
1117,ΔΗΜΗΤΡΙΑΚΑ ΓΙΑ ΠΡΩΙΝΟ,Οκτώβριος,108,3
1117,ΔΗΜΗΤΡΙΑΚΑ ΓΙΑ ΠΡΩΙΝΟ,Νοέμβριος,107,31
1117,ΔΗΜΗΤΡΙΑΚΑ ΓΙΑ ΠΡΩΙΝΟ,Δεκέμβριος,110,49
1117,ΔΗΜΗΤΡΙΑΚΑ ΓΙΑ ΠΡΩΙΝΟ,ΕΤΗΣΙΟΣ,106,57
1118,ΑΛΛΑ ΠΡΟΙΟΝΤΑ ΜΕ ΒΑΣΗ ΤΑ ΔΗΜΗΤΡΙΑΚΑ,W%0,0,47
1118,ΑΛΛΑ ΠΡΟΙΟΝΤΑ ΜΕ ΒΑΣΗ ΤΑ ΔΗΜΗΤΡΙΑΚΑ,Ιανουάριος,94,48
1118,ΑΛΛΑ ΠΡΟΙΟΝΤΑ ΜΕ ΒΑΣΗ ΤΑ ΔΗΜΗΤΡΙΑΚΑ,Φεβρουάριος,90,93
1118,ΑΛΛΑ ΠΡΟΙΟΝΤΑ ΜΕ ΒΑΣΗ ΤΑ ΔΗΜΗΤΡΙΑΚΑ,Μάρτιος,93,28
1118,ΑΛΛΑ ΠΡΟΙΟΝΤΑ ΜΕ ΒΑΣΗ ΤΑ ΔΗΜΗΤΡΙΑΚΑ,Απρίλιος,89,81
1118,ΑΛΛΑ ΠΡΟΙΟΝΤΑ ΜΕ ΒΑΣΗ ΤΑ ΔΗΜΗΤΡΙΑΚΑ,Μάιος,92,37
1118,ΑΛΛΑ ΠΡΟΙΟΝΤΑ ΜΕ ΒΑΣΗ ΤΑ ΔΗΜΗΤΡΙΑΚΑ,Ιούνιος,93,37
1118,ΑΛΛΑ ΠΡΟΙΟΝΤΑ ΜΕ ΒΑΣΗ ΤΑ ΔΗΜΗΤΡΙΑΚΑ,Ιούλιος,90,65
1118,ΑΛΛΑ ΠΡΟΙΟΝΤΑ ΜΕ ΒΑΣΗ ΤΑ ΔΗΜΗΤΡΙΑΚΑ,Αύγουστος,91,80
1118,ΑΛΛΑ ΠΡΟΙΟΝΤΑ ΜΕ ΒΑΣΗ ΤΑ ΔΗΜΗΤΡΙΑΚΑ,Σεπτέμβριος,93,8
1118,ΑΛΛΑ ΠΡΟΙΟΝΤΑ ΜΕ ΒΑΣΗ ΤΑ ΔΗΜΗΤΡΙΑΚΑ,Οκτώβριος,89,56
1118,ΑΛΛΑ ΠΡΟΙΟΝΤΑ ΜΕ ΒΑΣΗ ΤΑ ΔΗΜΗΤΡΙΑΚΑ,Νοέμβριος,90,1
1118,ΑΛΛΑ ΠΡΟΙΟΝΤΑ ΜΕ ΒΑΣΗ ΤΑ ΔΗΜΗΤΡΙΑΚΑ,Δεκέμβριος,86,34
1118,ΑΛΛΑ ΠΡΟΙΟΝΤΑ ΜΕ ΒΑΣΗ ΤΑ ΔΗΜΗΤΡΙΑΚΑ,ΕΤΗΣΙΟΣ,91,31
111,ΨΩΜΙ ΚΑΙ ΔΗΜΗΤΡΙΑΚΑ,W%0,38,32
111,ΨΩΜΙ ΚΑΙ ΔΗΜΗΤΡΙΑΚΑ,Ιανουάριος,98,54
111,ΨΩΜΙ ΚΑΙ ΔΗΜΗΤΡΙΑΚΑ,Φεβρουάριος,98,76
111,ΨΩΜΙ ΚΑΙ ΔΗΜΗΤΡΙΑΚΑ,Μάρτιος,98,39
111,ΨΩΜΙ ΚΑΙ ΔΗΜΗΤΡΙΑΚΑ,Απρίλιος,98,78
111,ΨΩΜΙ ΚΑΙ ΔΗΜΗΤΡΙΑΚΑ,Μάιος,98,62
111,ΨΩΜΙ ΚΑΙ ΔΗΜΗΤΡΙΑΚΑ,Ιούνιος,98,26
111,ΨΩΜΙ ΚΑΙ ΔΗΜΗΤΡΙΑΚΑ,Ιούλιος,98,29
111,ΨΩΜΙ ΚΑΙ ΔΗΜΗΤΡΙΑΚΑ,Αύγουστος,98,1
111,ΨΩΜΙ ΚΑΙ ΔΗΜΗΤΡΙΑΚΑ,Σεπτέμβριος,98,61
111,ΨΩΜΙ ΚΑΙ ΔΗΜΗΤΡΙΑΚΑ,Οκτώβριος,98,95
111,ΨΩΜΙ ΚΑΙ ΔΗΜΗΤΡΙΑΚΑ,Νοέμβριος,98,78
111,ΨΩΜΙ ΚΑΙ ΔΗΜΗΤΡΙΑΚΑ,Δεκέμβριος,99,11
111,ΨΩΜΙ ΚΑΙ ΔΗΜΗΤΡΙΑΚΑ,ΕΤΗΣΙΟΣ,98,59
1121,ΜΟΣΧΑΡΙ,W%0,16,31
1121,ΜΟΣΧΑΡΙ,Ιανουάριος,102,80
1121,ΜΟΣΧΑΡΙ,Φεβρουάριος,102,88
1121,ΜΟΣΧΑΡΙ,Μάρτιος,102,72
1121,ΜΟΣΧΑΡΙ,Απρίλιος,102,73
1121,ΜΟΣΧΑΡΙ,Μάιος,102,45
1121,ΜΟΣΧΑΡΙ,Ιούνιος,103,51
1121,ΜΟΣΧΑΡΙ,Ιούλιος,103,18
1121,ΜΟΣΧΑΡΙ,Αύγουστος,103,17
1121,ΜΟΣΧΑΡΙ,Σεπτέμβριος,102,67
1121,ΜΟΣΧΑΡΙ,Οκτώβριος,102,76
1121,ΜΟΣΧΑΡΙ,Νοέμβριος,102,63
1121,ΜΟΣΧΑΡΙ,Δεκέμβριος,102,24
1121,ΜΟΣΧΑΡΙ,ΕΤΗΣΙΟΣ,102,81
1122,XOIPINO,W%0,7,75
1122,XOIPINO,Ιανουάριος,106,31
1122,XOIPINO,Φεβρουάριος,104,93
1122,XOIPINO,Μάρτιος,106,19
1122,XOIPINO,Απρίλιος,106,82
1122,XOIPINO,Μάιος,105,32
1122,XOIPINO,Ιούνιος,105,75
1122,XOIPINO,Ιούλιος,105,62
1122,XOIPINO,Αύγουστος,105,53
1122,XOIPINO,Σεπτέμβριος,105,51
1122,XOIPINO,Οκτώβριος,104,71
1122,XOIPINO,Νοέμβριος,103,87
1122,XOIPINO,Δεκέμβριος,102,59
1122,XOIPINO,ΕΤΗΣΙΟΣ,105,26
1123,APNI & KATΣΙΚΙ,W%0,4,77
1123,APNI & KATΣΙΚΙ,Ιανουάριος,106,29
1123,APNI & KATΣΙΚΙ,Φεβρουάριος,100,81
1123,APNI & KATΣΙΚΙ,Μάρτιος,100,50
1123,APNI & KATΣΙΚΙ,Απρίλιος,96,95
1123,APNI & KATΣΙΚΙ,Μάιος,98,22
1123,APNI & KATΣΙΚΙ,Ιούνιος,97,58
1123,APNI & KATΣΙΚΙ,Ιούλιος,99,75
1123,APNI & KATΣΙΚΙ,Αύγουστος,101,39
1123,APNI & KATΣΙΚΙ,Σεπτέμβριος,103,93
1123,APNI & KATΣΙΚΙ,Οκτώβριος,106,34
1123,APNI & KATΣΙΚΙ,Νοέμβριος,104,97
1123,APNI & KATΣΙΚΙ,Δεκέμβριος,107,90
1123,APNI & KATΣΙΚΙ,ΕΤΗΣΙΟΣ,102,5
1124,ΠΟΥΛΕΡΙΚΑ,W%0,7,31
1124,ΠΟΥΛΕΡΙΚΑ,Ιανουάριος,93,38
1124,ΠΟΥΛΕΡΙΚΑ,Φεβρουάριος,96,29
1124,ΠΟΥΛΕΡΙΚΑ,Μάρτιος,95,77
1124,ΠΟΥΛΕΡΙΚΑ,Απρίλιος,94,49
1124,ΠΟΥΛΕΡΙΚΑ,Μάιος,93,38
1124,ΠΟΥΛΕΡΙΚΑ,Ιούνιος,93,23
1124,ΠΟΥΛΕΡΙΚΑ,Ιούλιος,94,25
1124,ΠΟΥΛΕΡΙΚΑ,Αύγουστος,92,2
1124,ΠΟΥΛΕΡΙΚΑ,Σεπτέμβριος,93,62
1124,ΠΟΥΛΕΡΙΚΑ,Οκτώβριος,89,80
1124,ΠΟΥΛΕΡΙΚΑ,Νοέμβριος,93,39
1124,ΠΟΥΛΕΡΙΚΑ,Δεκέμβριος,92,88
1124,ΠΟΥΛΕΡΙΚΑ,ΕΤΗΣΙΟΣ,93,54
1125,ΛΟΙΠΑ ΕΙΔΗ ΚΡΕΑΤΟΣ,W%0,0,14
1125,ΛΟΙΠΑ ΕΙΔΗ ΚΡΕΑΤΟΣ,Ιανουάριος,104,43
1125,ΛΟΙΠΑ ΕΙΔΗ ΚΡΕΑΤΟΣ,Φεβρουάριος,103,95
1125,ΛΟΙΠΑ ΕΙΔΗ ΚΡΕΑΤΟΣ,Μάρτιος,104,60
1125,ΛΟΙΠΑ ΕΙΔΗ ΚΡΕΑΤΟΣ,Απρίλιος,103,79
1125,ΛΟΙΠΑ ΕΙΔΗ ΚΡΕΑΤΟΣ,Μάιος,103,65
1125,ΛΟΙΠΑ ΕΙΔΗ ΚΡΕΑΤΟΣ,Ιούνιος,103,60
1125,ΛΟΙΠΑ ΕΙΔΗ ΚΡΕΑΤΟΣ,Ιούλιος,102,46
1125,ΛΟΙΠΑ ΕΙΔΗ ΚΡΕΑΤΟΣ,Αύγουστος,101,85
1125,ΛΟΙΠΑ ΕΙΔΗ ΚΡΕΑΤΟΣ,Σεπτέμβριος,104,50
1125,ΛΟΙΠΑ ΕΙΔΗ ΚΡΕΑΤΟΣ,Οκτώβριος,105,66
1125,ΛΟΙΠΑ ΕΙΔΗ ΚΡΕΑΤΟΣ,Νοέμβριος,106,35
1125,ΛΟΙΠΑ ΕΙΔΗ ΚΡΕΑΤΟΣ,Δεκέμβριος,106,50
1125,ΛΟΙΠΑ ΕΙΔΗ ΚΡΕΑΤΟΣ,ΕΤΗΣΙΟΣ,104,28
1126,ΕΝΤΟΣΘΙΑ,W%0,0,15
1126,ΕΝΤΟΣΘΙΑ,Ιανουάριος,100,23
1126,ΕΝΤΟΣΘΙΑ,Φεβρουάριος,100,26
1126,ΕΝΤΟΣΘΙΑ,Μάρτιος,99,33
1126,ΕΝΤΟΣΘΙΑ,Απρίλιος,100,94
1126,ΕΝΤΟΣΘΙΑ,Μάιος,98,60
1126,ΕΝΤΟΣΘΙΑ,Ιούνιος,98,24
1126,ΕΝΤΟΣΘΙΑ,Ιούλιος,99,78
1126,ΕΝΤΟΣΘΙΑ,Αύγουστος,98,20
1126,ΕΝΤΟΣΘΙΑ,Σεπτέμβριος,97,18
1126,ΕΝΤΟΣΘΙΑ,Οκτώβριος,96,91
1126,ΕΝΤΟΣΘΙΑ,Νοέμβριος,97,99
1126,ΕΝΤΟΣΘΙΑ,Δεκέμβριος,98,72
1126,ΕΝΤΟΣΘΙΑ,ΕΤΗΣΙΟΣ,98,86
1127,ΑΛΛΑΝΤΙΚΑ,W%0,3,70
1127,ΑΛΛΑΝΤΙΚΑ,Ιανουάριος,97,46
1127,ΑΛΛΑΝΤΙΚΑ,Φεβρουάριος,97,46
1127,ΑΛΛΑΝΤΙΚΑ,Μάρτιος,97,42
1127,ΑΛΛΑΝΤΙΚΑ,Απρίλιος,97,45
1127,ΑΛΛΑΝΤΙΚΑ,Μάιος,98,16
1127,ΑΛΛΑΝΤΙΚΑ,Ιούνιος,98,89
1127,ΑΛΛΑΝΤΙΚΑ,Ιούλιος,96,97
1127,ΑΛΛΑΝΤΙΚΑ,Αύγουστος,98,8
1127,ΑΛΛΑΝΤΙΚΑ,Σεπτέμβριος,98,22
1127,ΑΛΛΑΝΤΙΚΑ,Οκτώβριος,97,18
1127,ΑΛΛΑΝΤΙΚΑ,Νοέμβριος,97,11
1127,ΑΛΛΑΝΤΙΚΑ,Δεκέμβριος,97,69
1127,ΑΛΛΑΝΤΙΚΑ,ΕΤΗΣΙΟΣ,97,67
1128,ΠΑΡΑΣΚΕΥΑΣΜΑΤΑ ΜΕ ΒΑΣΗ ΤΟ ΚΡΕΑΣ,W%0,1,2
1128,ΠΑΡΑΣΚΕΥΑΣΜΑΤΑ ΜΕ ΒΑΣΗ ΤΟ ΚΡΕΑΣ,Ιανουάριος,102,27
1128,ΠΑΡΑΣΚΕΥΑΣΜΑΤΑ ΜΕ ΒΑΣΗ ΤΟ ΚΡΕΑΣ,Φεβρουάριος,101,75
1128,ΠΑΡΑΣΚΕΥΑΣΜΑΤΑ ΜΕ ΒΑΣΗ ΤΟ ΚΡΕΑΣ,Μάρτιος,101,67
1128,ΠΑΡΑΣΚΕΥΑΣΜΑΤΑ ΜΕ ΒΑΣΗ ΤΟ ΚΡΕΑΣ,Απρίλιος,102,93
1128,ΠΑΡΑΣΚΕΥΑΣΜΑΤΑ ΜΕ ΒΑΣΗ ΤΟ ΚΡΕΑΣ,Μάιος,102,75
1128,ΠΑΡΑΣΚΕΥΑΣΜΑΤΑ ΜΕ ΒΑΣΗ ΤΟ ΚΡΕΑΣ,Ιούνιος,104,27
1128,ΠΑΡΑΣΚΕΥΑΣΜΑΤΑ ΜΕ ΒΑΣΗ ΤΟ ΚΡΕΑΣ,Ιούλιος,103,26
1128,ΠΑΡΑΣΚΕΥΑΣΜΑΤΑ ΜΕ ΒΑΣΗ ΤΟ ΚΡΕΑΣ,Αύγουστος,102,96
1128,ΠΑΡΑΣΚΕΥΑΣΜΑΤΑ ΜΕ ΒΑΣΗ ΤΟ ΚΡΕΑΣ,Σεπτέμβριος,103,38
1128,ΠΑΡΑΣΚΕΥΑΣΜΑΤΑ ΜΕ ΒΑΣΗ ΤΟ ΚΡΕΑΣ,Οκτώβριος,103,61
1128,ΠΑΡΑΣΚΕΥΑΣΜΑΤΑ ΜΕ ΒΑΣΗ ΤΟ ΚΡΕΑΣ,Νοέμβριος,103,46
1128,ΠΑΡΑΣΚΕΥΑΣΜΑΤΑ ΜΕ ΒΑΣΗ ΤΟ ΚΡΕΑΣ,Δεκέμβριος,102,83
1128,ΠΑΡΑΣΚΕΥΑΣΜΑΤΑ ΜΕ ΒΑΣΗ ΤΟ ΚΡΕΑΣ,ΕΤΗΣΙΟΣ,102,93
112,KPEATA ΓΕΝΙΚΑ,W%0,41,16
112,KPEATA ΓΕΝΙΚΑ,Ιανουάριος,101,37
112,KPEATA ΓΕΝΙΚΑ,Φεβρουάριος,101,8
112,KPEATA ΓΕΝΙΚΑ,Μάρτιος,101,11
112,KPEATA ΓΕΝΙΚΑ,Απρίλιος,100,63
112,KPEATA ΓΕΝΙΚΑ,Μάιος,100,23
112,KPEATA ΓΕΝΙΚΑ,Ιούνιος,100,73
112,KPEATA ΓΕΝΙΚΑ,Ιούλιος,100,80
112,KPEATA ΓΕΝΙΚΑ,Αύγουστος,100,63
112,KPEATA ΓΕΝΙΚΑ,Σεπτέμβριος,101,4
112,KPEATA ΓΕΝΙΚΑ,Οκτώβριος,100,39
112,KPEATA ΓΕΝΙΚΑ,Νοέμβριος,100,71
112,KPEATA ΓΕΝΙΚΑ,Δεκέμβριος,100,59
112,KPEATA ΓΕΝΙΚΑ,ΕΤΗΣΙΟΣ,100,78
1131,ΨAPIA NΩΠA,W%0,7,58
1131,ΨAPIA NΩΠA,Ιανουάριος,98,64
1131,ΨAPIA NΩΠA,Φεβρουάριος,99,80
1131,ΨAPIA NΩΠA,Μάρτιος,98,25
1131,ΨAPIA NΩΠA,Απρίλιος,96,66
1131,ΨAPIA NΩΠA,Μάιος,93,75
1131,ΨAPIA NΩΠA,Ιούνιος,97,63
1131,ΨAPIA NΩΠA,Ιούλιος,97,54
1131,ΨAPIA NΩΠA,Αύγουστος,97,47
1131,ΨAPIA NΩΠA,Σεπτέμβριος,99,65
1131,ΨAPIA NΩΠA,Οκτώβριος,97,96
1131,ΨAPIA NΩΠA,Νοέμβριος,97,26
1131,ΨAPIA NΩΠA,Δεκέμβριος,101,88
1131,ΨAPIA NΩΠA,ΕΤΗΣΙΟΣ,98,4
1132,ΨAPIA KATEΨΥΓΜΕΝΑ,W%0,0,92
1132,ΨAPIA KATEΨΥΓΜΕΝΑ,Ιανουάριος,102,24
1132,ΨAPIA KATEΨΥΓΜΕΝΑ,Φεβρουάριος,102,78
1132,ΨAPIA KATEΨΥΓΜΕΝΑ,Μάρτιος,102,28
1132,ΨAPIA KATEΨΥΓΜΕΝΑ,Απρίλιος,103,12
1132,ΨAPIA KATEΨΥΓΜΕΝΑ,Μάιος,102,13
1132,ΨAPIA KATEΨΥΓΜΕΝΑ,Ιούνιος,101,34
1132,ΨAPIA KATEΨΥΓΜΕΝΑ,Ιούλιος,101,83
1132,ΨAPIA KATEΨΥΓΜΕΝΑ,Αύγουστος,102,36
1132,ΨAPIA KATEΨΥΓΜΕΝΑ,Σεπτέμβριος,102,9
1132,ΨAPIA KATEΨΥΓΜΕΝΑ,Οκτώβριος,100,78
1132,ΨAPIA KATEΨΥΓΜΕΝΑ,Νοέμβριος,102,21
1132,ΨAPIA KATEΨΥΓΜΕΝΑ,Δεκέμβριος,102,43
1132,ΨAPIA KATEΨΥΓΜΕΝΑ,ΕΤΗΣΙΟΣ,102,13
1133,ΦΡΕΣΚΑ ΘΑΛΑΣΣΙΝΑ,W%0,0,55
1133,ΦΡΕΣΚΑ ΘΑΛΑΣΣΙΝΑ,Ιανουάριος,112,60
1133,ΦΡΕΣΚΑ ΘΑΛΑΣΣΙΝΑ,Φεβρουάριος,112,33
1133,ΦΡΕΣΚΑ ΘΑΛΑΣΣΙΝΑ,Μάρτιος,113,14
1133,ΦΡΕΣΚΑ ΘΑΛΑΣΣΙΝΑ,Απρίλιος,113,13
1133,ΦΡΕΣΚΑ ΘΑΛΑΣΣΙΝΑ,Μάιος,110,78
1133,ΦΡΕΣΚΑ ΘΑΛΑΣΣΙΝΑ,Ιούνιος,112,16
1133,ΦΡΕΣΚΑ ΘΑΛΑΣΣΙΝΑ,Ιούλιος,111,4
1133,ΦΡΕΣΚΑ ΘΑΛΑΣΣΙΝΑ,Αύγουστος,110,25
1133,ΦΡΕΣΚΑ ΘΑΛΑΣΣΙΝΑ,Σεπτέμβριος,112,67
1133,ΦΡΕΣΚΑ ΘΑΛΑΣΣΙΝΑ,Οκτώβριος,109,14
1133,ΦΡΕΣΚΑ ΘΑΛΑΣΣΙΝΑ,Νοέμβριος,108,45
1133,ΦΡΕΣΚΑ ΘΑΛΑΣΣΙΝΑ,Δεκέμβριος,110,46
1133,ΦΡΕΣΚΑ ΘΑΛΑΣΣΙΝΑ,ΕΤΗΣΙΟΣ,111,35
1134,ΘΑΛΑΣΣΙΝΑ ΚΑΤΕΨΥΓΜΕΝΑ,W%0,0,81
1134,ΘΑΛΑΣΣΙΝΑ ΚΑΤΕΨΥΓΜΕΝΑ,Ιανουάριος,105,0
1134,ΘΑΛΑΣΣΙΝΑ ΚΑΤΕΨΥΓΜΕΝΑ,Φεβρουάριος,104,23
1134,ΘΑΛΑΣΣΙΝΑ ΚΑΤΕΨΥΓΜΕΝΑ,Μάρτιος,104,72
1134,ΘΑΛΑΣΣΙΝΑ ΚΑΤΕΨΥΓΜΕΝΑ,Απρίλιος,102,41
1134,ΘΑΛΑΣΣΙΝΑ ΚΑΤΕΨΥΓΜΕΝΑ,Μάιος,101,70
1134,ΘΑΛΑΣΣΙΝΑ ΚΑΤΕΨΥΓΜΕΝΑ,Ιούνιος,102,19
1134,ΘΑΛΑΣΣΙΝΑ ΚΑΤΕΨΥΓΜΕΝΑ,Ιούλιος,101,67
1134,ΘΑΛΑΣΣΙΝΑ ΚΑΤΕΨΥΓΜΕΝΑ,Αύγουστος,101,26
1134,ΘΑΛΑΣΣΙΝΑ ΚΑΤΕΨΥΓΜΕΝΑ,Σεπτέμβριος,101,16
1134,ΘΑΛΑΣΣΙΝΑ ΚΑΤΕΨΥΓΜΕΝΑ,Οκτώβριος,102,21
1134,ΘΑΛΑΣΣΙΝΑ ΚΑΤΕΨΥΓΜΕΝΑ,Νοέμβριος,103,51
1134,ΘΑΛΑΣΣΙΝΑ ΚΑΤΕΨΥΓΜΕΝΑ,Δεκέμβριος,102,52
1134,ΘΑΛΑΣΣΙΝΑ ΚΑΤΕΨΥΓΜΕΝΑ,ΕΤΗΣΙΟΣ,102,71
1135,ΨAPIA ΑΛΙΠΑΣΤΑ,W%0,0,45
1135,ΨAPIA ΑΛΙΠΑΣΤΑ,Ιανουάριος,100,48
1135,ΨAPIA ΑΛΙΠΑΣΤΑ,Φεβρουάριος,101,34
1135,ΨAPIA ΑΛΙΠΑΣΤΑ,Μάρτιος,100,32
1135,ΨAPIA ΑΛΙΠΑΣΤΑ,Απρίλιος,99,53
1135,ΨAPIA ΑΛΙΠΑΣΤΑ,Μάιος,98,64
1135,ΨAPIA ΑΛΙΠΑΣΤΑ,Ιούνιος,100,77
1135,ΨAPIA ΑΛΙΠΑΣΤΑ,Ιούλιος,100,22
1135,ΨAPIA ΑΛΙΠΑΣΤΑ,Αύγουστος,99,7
1135,ΨAPIA ΑΛΙΠΑΣΤΑ,Σεπτέμβριος,99,51
1135,ΨAPIA ΑΛΙΠΑΣΤΑ,Οκτώβριος,99,60
1135,ΨAPIA ΑΛΙΠΑΣΤΑ,Νοέμβριος,99,42
1135,ΨAPIA ΑΛΙΠΑΣΤΑ,Δεκέμβριος,99,61
1135,ΨAPIA ΑΛΙΠΑΣΤΑ,ΕΤΗΣΙΟΣ,99,88
1136,ΠΑΡΑΣΚΕΥΑΣΜΑΤΑ ΜΕ ΒΑΣΗ ΤΑ ΨΑΡΙΑ ΚΑΙ ΘΑΛΑΣΣΙΝΑ,W%0,0,75
1136,ΠΑΡΑΣΚΕΥΑΣΜΑΤΑ ΜΕ ΒΑΣΗ ΤΑ ΨΑΡΙΑ ΚΑΙ ΘΑΛΑΣΣΙΝΑ,Ιανουάριος,99,24
1136,ΠΑΡΑΣΚΕΥΑΣΜΑΤΑ ΜΕ ΒΑΣΗ ΤΑ ΨΑΡΙΑ ΚΑΙ ΘΑΛΑΣΣΙΝΑ,Φεβρουάριος,102,71
1136,ΠΑΡΑΣΚΕΥΑΣΜΑΤΑ ΜΕ ΒΑΣΗ ΤΑ ΨΑΡΙΑ ΚΑΙ ΘΑΛΑΣΣΙΝΑ,Μάρτιος,101,1
1136,ΠΑΡΑΣΚΕΥΑΣΜΑΤΑ ΜΕ ΒΑΣΗ ΤΑ ΨΑΡΙΑ ΚΑΙ ΘΑΛΑΣΣΙΝΑ,Απρίλιος,102,67
1136,ΠΑΡΑΣΚΕΥΑΣΜΑΤΑ ΜΕ ΒΑΣΗ ΤΑ ΨΑΡΙΑ ΚΑΙ ΘΑΛΑΣΣΙΝΑ,Μάιος,104,12
1136,ΠΑΡΑΣΚΕΥΑΣΜΑΤΑ ΜΕ ΒΑΣΗ ΤΑ ΨΑΡΙΑ ΚΑΙ ΘΑΛΑΣΣΙΝΑ,Ιούνιος,104,36
1136,ΠΑΡΑΣΚΕΥΑΣΜΑΤΑ ΜΕ ΒΑΣΗ ΤΑ ΨΑΡΙΑ ΚΑΙ ΘΑΛΑΣΣΙΝΑ,Ιούλιος,105,2
1136,ΠΑΡΑΣΚΕΥΑΣΜΑΤΑ ΜΕ ΒΑΣΗ ΤΑ ΨΑΡΙΑ ΚΑΙ ΘΑΛΑΣΣΙΝΑ,Αύγουστος,103,19
1136,ΠΑΡΑΣΚΕΥΑΣΜΑΤΑ ΜΕ ΒΑΣΗ ΤΑ ΨΑΡΙΑ ΚΑΙ ΘΑΛΑΣΣΙΝΑ,Σεπτέμβριος,102,19
1136,ΠΑΡΑΣΚΕΥΑΣΜΑΤΑ ΜΕ ΒΑΣΗ ΤΑ ΨΑΡΙΑ ΚΑΙ ΘΑΛΑΣΣΙΝΑ,Οκτώβριος,102,92
1136,ΠΑΡΑΣΚΕΥΑΣΜΑΤΑ ΜΕ ΒΑΣΗ ΤΑ ΨΑΡΙΑ ΚΑΙ ΘΑΛΑΣΣΙΝΑ,Νοέμβριος,105,15
1136,ΠΑΡΑΣΚΕΥΑΣΜΑΤΑ ΜΕ ΒΑΣΗ ΤΑ ΨΑΡΙΑ ΚΑΙ ΘΑΛΑΣΣΙΝΑ,Δεκέμβριος,106,20
1136,ΠΑΡΑΣΚΕΥΑΣΜΑΤΑ ΜΕ ΒΑΣΗ ΤΑ ΨΑΡΙΑ ΚΑΙ ΘΑΛΑΣΣΙΝΑ,ΕΤΗΣΙΟΣ,103,23
113,ΨAPIA ΓΕΝΙΚΑ,W%0,11,6
113,ΨAPIA ΓΕΝΙΚΑ,Ιανουάριος,100,65
113,ΨAPIA ΓΕΝΙΚΑ,Φεβρουάριος,101,71
113,ΨAPIA ΓΕΝΙΚΑ,Μάρτιος,100,49
113,ΨAPIA ΓΕΝΙΚΑ,Απρίλιος,99,36
113,ΨAPIA ΓΕΝΙΚΑ,Μάιος,97,15
113,ΨAPIA ΓΕΝΙΚΑ,Ιούνιος,100,1
113,ΨAPIA ΓΕΝΙΚΑ,Ιούλιος,99,92
113,ΨAPIA ΓΕΝΙΚΑ,Αύγουστος,99,68
113,ΨAPIA ΓΕΝΙΚΑ,Σεπτέμβριος,101,24
113,ΨAPIA ΓΕΝΙΚΑ,Οκτώβριος,99,92
113,ΨAPIA ΓΕΝΙΚΑ,Νοέμβριος,99,74
113,ΨAPIA ΓΕΝΙΚΑ,Δεκέμβριος,103,11
113,ΨAPIA ΓΕΝΙΚΑ,ΕΤΗΣΙΟΣ,100,25
1141,ΓΑΛΑ ΝΩΠΟ ΠΛΗΡΕΣ,W%0,7,18
1141,ΓΑΛΑ ΝΩΠΟ ΠΛΗΡΕΣ,Ιανουάριος,103,15
1141,ΓΑΛΑ ΝΩΠΟ ΠΛΗΡΕΣ,Φεβρουάριος,103,15
1141,ΓΑΛΑ ΝΩΠΟ ΠΛΗΡΕΣ,Μάρτιος,104,20
1141,ΓΑΛΑ ΝΩΠΟ ΠΛΗΡΕΣ,Απρίλιος,102,10
1141,ΓΑΛΑ ΝΩΠΟ ΠΛΗΡΕΣ,Μάιος,103,8
1141,ΓΑΛΑ ΝΩΠΟ ΠΛΗΡΕΣ,Ιούνιος,105,3
1141,ΓΑΛΑ ΝΩΠΟ ΠΛΗΡΕΣ,Ιούλιος,103,47
1141,ΓΑΛΑ ΝΩΠΟ ΠΛΗΡΕΣ,Αύγουστος,105,85
1141,ΓΑΛΑ ΝΩΠΟ ΠΛΗΡΕΣ,Σεπτέμβριος,103,91
1141,ΓΑΛΑ ΝΩΠΟ ΠΛΗΡΕΣ,Οκτώβριος,103,93
1141,ΓΑΛΑ ΝΩΠΟ ΠΛΗΡΕΣ,Νοέμβριος,104,13
1141,ΓΑΛΑ ΝΩΠΟ ΠΛΗΡΕΣ,Δεκέμβριος,105,41
1141,ΓΑΛΑ ΝΩΠΟ ΠΛΗΡΕΣ,ΕΤΗΣΙΟΣ,103,95
1142,ΓΑΛΑ ΝΩΠΟ ΜΕ ΜΕΙΩΜΕΝΑ ΛΙΠΑΡΑ,W%0,1,84
1142,ΓΑΛΑ ΝΩΠΟ ΜΕ ΜΕΙΩΜΕΝΑ ΛΙΠΑΡΑ,Ιανουάριος,101,49
1142,ΓΑΛΑ ΝΩΠΟ ΜΕ ΜΕΙΩΜΕΝΑ ΛΙΠΑΡΑ,Φεβρουάριος,101,70
1142,ΓΑΛΑ ΝΩΠΟ ΜΕ ΜΕΙΩΜΕΝΑ ΛΙΠΑΡΑ,Μάρτιος,102,10
1142,ΓΑΛΑ ΝΩΠΟ ΜΕ ΜΕΙΩΜΕΝΑ ΛΙΠΑΡΑ,Απρίλιος,100,70
1142,ΓΑΛΑ ΝΩΠΟ ΜΕ ΜΕΙΩΜΕΝΑ ΛΙΠΑΡΑ,Μάιος,101,78
1142,ΓΑΛΑ ΝΩΠΟ ΜΕ ΜΕΙΩΜΕΝΑ ΛΙΠΑΡΑ,Ιούνιος,102,70
1142,ΓΑΛΑ ΝΩΠΟ ΜΕ ΜΕΙΩΜΕΝΑ ΛΙΠΑΡΑ,Ιούλιος,101,66
1142,ΓΑΛΑ ΝΩΠΟ ΜΕ ΜΕΙΩΜΕΝΑ ΛΙΠΑΡΑ,Αύγουστος,103,45
1142,ΓΑΛΑ ΝΩΠΟ ΜΕ ΜΕΙΩΜΕΝΑ ΛΙΠΑΡΑ,Σεπτέμβριος,101,34
1142,ΓΑΛΑ ΝΩΠΟ ΜΕ ΜΕΙΩΜΕΝΑ ΛΙΠΑΡΑ,Οκτώβριος,100,79
1142,ΓΑΛΑ ΝΩΠΟ ΜΕ ΜΕΙΩΜΕΝΑ ΛΙΠΑΡΑ,Νοέμβριος,100,88
1142,ΓΑΛΑ ΝΩΠΟ ΜΕ ΜΕΙΩΜΕΝΑ ΛΙΠΑΡΑ,Δεκέμβριος,101,76
1142,ΓΑΛΑ ΝΩΠΟ ΜΕ ΜΕΙΩΜΕΝΑ ΛΙΠΑΡΑ,ΕΤΗΣΙΟΣ,101,69
1143,ΓΑΛΑ ΔΙΑΤΗΡΗΜΕΝΟ,W%0,1,0
1143,ΓΑΛΑ ΔΙΑΤΗΡΗΜΕΝΟ,Ιανουάριος,105,8
1143,ΓΑΛΑ ΔΙΑΤΗΡΗΜΕΝΟ,Φεβρουάριος,108,64
1143,ΓΑΛΑ ΔΙΑΤΗΡΗΜΕΝΟ,Μάρτιος,112,42
1143,ΓΑΛΑ ΔΙΑΤΗΡΗΜΕΝΟ,Απρίλιος,112,53
1143,ΓΑΛΑ ΔΙΑΤΗΡΗΜΕΝΟ,Μάιος,112,32
1143,ΓΑΛΑ ΔΙΑΤΗΡΗΜΕΝΟ,Ιούνιος,110,84
1143,ΓΑΛΑ ΔΙΑΤΗΡΗΜΕΝΟ,Ιούλιος,108,45
1143,ΓΑΛΑ ΔΙΑΤΗΡΗΜΕΝΟ,Αύγουστος,112,14
1143,ΓΑΛΑ ΔΙΑΤΗΡΗΜΕΝΟ,Σεπτέμβριος,106,88
1143,ΓΑΛΑ ΔΙΑΤΗΡΗΜΕΝΟ,Οκτώβριος,107,22
1143,ΓΑΛΑ ΔΙΑΤΗΡΗΜΕΝΟ,Νοέμβριος,108,89
1143,ΓΑΛΑ ΔΙΑΤΗΡΗΜΕΝΟ,Δεκέμβριος,109,89
1143,ΓΑΛΑ ΔΙΑΤΗΡΗΜΕΝΟ,ΕΤΗΣΙΟΣ,109,61
1144,ΓIAOYPTI,W%0,4,93
1144,ΓIAOYPTI,Ιανουάριος,98,13
1144,ΓIAOYPTI,Φεβρουάριος,95,91
1144,ΓIAOYPTI,Μάρτιος,95,47
1144,ΓIAOYPTI,Απρίλιος,97,94
1144,ΓIAOYPTI,Μάιος,98,34
1144,ΓIAOYPTI,Ιούνιος,99,6
1144,ΓIAOYPTI,Ιούλιος,97,86
1144,ΓIAOYPTI,Αύγουστος,95,74
1144,ΓIAOYPTI,Σεπτέμβριος,95,29
1144,ΓIAOYPTI,Οκτώβριος,95,34
1144,ΓIAOYPTI,Νοέμβριος,95,49
1144,ΓIAOYPTI,Δεκέμβριος,94,54
1144,ΓIAOYPTI,ΕΤΗΣΙΟΣ,96,59
1145,TYPIA,W%0,14,79
1145,TYPIA,Ιανουάριος,96,87
1145,TYPIA,Φεβρουάριος,96,39
1145,TYPIA,Μάρτιος,95,63
1145,TYPIA,Απρίλιος,95,87
1145,TYPIA,Μάιος,96,61
1145,TYPIA,Ιούνιος,96,10
1145,TYPIA,Ιούλιος,96,91
1145,TYPIA,Αύγουστος,97,38
1145,TYPIA,Σεπτέμβριος,98,16
1145,TYPIA,Οκτώβριος,98,62
1145,TYPIA,Νοέμβριος,98,75
1145,TYPIA,Δεκέμβριος,98,42
1145,TYPIA,ΕΤΗΣΙΟΣ,97,14
1146,ΛΟΙΠΑ ΓΑΛΑΚΤΟΚΟΜΙΚΑ ΠΡΟΪΟΝΤΑ,W%0,0,92
1146,ΛΟΙΠΑ ΓΑΛΑΚΤΟΚΟΜΙΚΑ ΠΡΟΪΟΝΤΑ,Ιανουάριος,97,48
1146,ΛΟΙΠΑ ΓΑΛΑΚΤΟΚΟΜΙΚΑ ΠΡΟΪΟΝΤΑ,Φεβρουάριος,97,64
1146,ΛΟΙΠΑ ΓΑΛΑΚΤΟΚΟΜΙΚΑ ΠΡΟΪΟΝΤΑ,Μάρτιος,96,74
1146,ΛΟΙΠΑ ΓΑΛΑΚΤΟΚΟΜΙΚΑ ΠΡΟΪΟΝΤΑ,Απρίλιος,96,13
1146,ΛΟΙΠΑ ΓΑΛΑΚΤΟΚΟΜΙΚΑ ΠΡΟΪΟΝΤΑ,Μάιος,96,23
1146,ΛΟΙΠΑ ΓΑΛΑΚΤΟΚΟΜΙΚΑ ΠΡΟΪΟΝΤΑ,Ιούνιος,94,99
1146,ΛΟΙΠΑ ΓΑΛΑΚΤΟΚΟΜΙΚΑ ΠΡΟΪΟΝΤΑ,Ιούλιος,95,15
1146,ΛΟΙΠΑ ΓΑΛΑΚΤΟΚΟΜΙΚΑ ΠΡΟΪΟΝΤΑ,Αύγουστος,95,2
1146,ΛΟΙΠΑ ΓΑΛΑΚΤΟΚΟΜΙΚΑ ΠΡΟΪΟΝΤΑ,Σεπτέμβριος,94,73
1146,ΛΟΙΠΑ ΓΑΛΑΚΤΟΚΟΜΙΚΑ ΠΡΟΪΟΝΤΑ,Οκτώβριος,94,74
1146,ΛΟΙΠΑ ΓΑΛΑΚΤΟΚΟΜΙΚΑ ΠΡΟΪΟΝΤΑ,Νοέμβριος,94,88
1146,ΛΟΙΠΑ ΓΑΛΑΚΤΟΚΟΜΙΚΑ ΠΡΟΪΟΝΤΑ,Δεκέμβριος,91,96
1146,ΛΟΙΠΑ ΓΑΛΑΚΤΟΚΟΜΙΚΑ ΠΡΟΪΟΝΤΑ,ΕΤΗΣΙΟΣ,95,47
1147,AYΓA,W%0,2,44
1147,AYΓA,Ιανουάριος,97,95
1147,AYΓA,Φεβρουάριος,99,11
1147,AYΓA,Μάρτιος,98,60
1147,AYΓA,Απρίλιος,98,28
1147,AYΓA,Μάιος,98,26
1147,AYΓA,Ιούνιος,99,5
1147,AYΓA,Ιούλιος,98,70
1147,AYΓA,Αύγουστος,97,27
1147,AYΓA,Σεπτέμβριος,96,51
1147,AYΓA,Οκτώβριος,98,38
1147,AYΓA,Νοέμβριος,97,20
1147,AYΓA,Δεκέμβριος,96,78
1147,AYΓA,ΕΤΗΣΙΟΣ,98,1
114,ΓΑΛΑΚΤΟΚΟΜΙKA & AYΓA,W%0,33,10
114,ΓΑΛΑΚΤΟΚΟΜΙKA & AYΓA,Ιανουάριος,98,84
114,ΓΑΛΑΚΤΟΚΟΜΙKA & AYΓA,Φεβρουάριος,98,49
114,ΓΑΛΑΚΤΟΚΟΜΙKA & AYΓA,Μάρτιος,98,36
114,ΓΑΛΑΚΤΟΚΟΜΙKA & AYΓA,Απρίλιος,98,29
114,ΓΑΛΑΚΤΟΚΟΜΙKA & AYΓA,Μάιος,98,94
114,ΓΑΛΑΚΤΟΚΟΜΙKA & AYΓA,Ιούνιος,99,26
114,ΓΑΛΑΚΤΟΚΟΜΙKA & AYΓA,Ιούλιος,98,98
114,ΓΑΛΑΚΤΟΚΟΜΙKA & AYΓA,Αύγουστος,99,46
114,ΓΑΛΑΚΤΟΚΟΜΙKA & AYΓA,Σεπτέμβριος,99,1
114,ΓΑΛΑΚΤΟΚΟΜΙKA & AYΓA,Οκτώβριος,99,36
114,ΓΑΛΑΚΤΟΚΟΜΙKA & AYΓA,Νοέμβριος,99,44
114,ΓΑΛΑΚΤΟΚΟΜΙKA & AYΓA,Δεκέμβριος,99,38
114,ΓΑΛΑΚΤΟΚΟΜΙKA & AYΓA,ΕΤΗΣΙΟΣ,98,98
1151,BOYTYPO,W%0,0,46
1151,BOYTYPO,Ιανουάριος,112,92
1151,BOYTYPO,Φεβρουάριος,113,1
1151,BOYTYPO,Μάρτιος,111,93
1151,BOYTYPO,Απρίλιος,110,3
1151,BOYTYPO,Μάιος,111,29
1151,BOYTYPO,Ιούνιος,112,20
1151,BOYTYPO,Ιούλιος,110,98
1151,BOYTYPO,Αύγουστος,111,60
1151,BOYTYPO,Σεπτέμβριος,111,68
1151,BOYTYPO,Οκτώβριος,112,0
1151,BOYTYPO,Νοέμβριος,113,17
1151,BOYTYPO,Δεκέμβριος,108,96
1151,BOYTYPO,ΕΤΗΣΙΟΣ,111,65
1152,ΜΑΡΓΑΡΙΝΗ ΚΑΙ ΑΛΛΑ ΦΥΤΙΚΑ ΛΙΠΗ,W%0,1,3
1152,ΜΑΡΓΑΡΙΝΗ ΚΑΙ ΑΛΛΑ ΦΥΤΙΚΑ ΛΙΠΗ,Ιανουάριος,108,21
1152,ΜΑΡΓΑΡΙΝΗ ΚΑΙ ΑΛΛΑ ΦΥΤΙΚΑ ΛΙΠΗ,Φεβρουάριος,108,94
1152,ΜΑΡΓΑΡΙΝΗ ΚΑΙ ΑΛΛΑ ΦΥΤΙΚΑ ΛΙΠΗ,Μάρτιος,107,66
1152,ΜΑΡΓΑΡΙΝΗ ΚΑΙ ΑΛΛΑ ΦΥΤΙΚΑ ΛΙΠΗ,Απρίλιος,107,12
1152,ΜΑΡΓΑΡΙΝΗ ΚΑΙ ΑΛΛΑ ΦΥΤΙΚΑ ΛΙΠΗ,Μάιος,108,12
1152,ΜΑΡΓΑΡΙΝΗ ΚΑΙ ΑΛΛΑ ΦΥΤΙΚΑ ΛΙΠΗ,Ιούνιος,108,14
1152,ΜΑΡΓΑΡΙΝΗ ΚΑΙ ΑΛΛΑ ΦΥΤΙΚΑ ΛΙΠΗ,Ιούλιος,107,82
1152,ΜΑΡΓΑΡΙΝΗ ΚΑΙ ΑΛΛΑ ΦΥΤΙΚΑ ΛΙΠΗ,Αύγουστος,108,72
1152,ΜΑΡΓΑΡΙΝΗ ΚΑΙ ΑΛΛΑ ΦΥΤΙΚΑ ΛΙΠΗ,Σεπτέμβριος,110,82
1152,ΜΑΡΓΑΡΙΝΗ ΚΑΙ ΑΛΛΑ ΦΥΤΙΚΑ ΛΙΠΗ,Οκτώβριος,110,2
1152,ΜΑΡΓΑΡΙΝΗ ΚΑΙ ΑΛΛΑ ΦΥΤΙΚΑ ΛΙΠΗ,Νοέμβριος,109,50
1152,ΜΑΡΓΑΡΙΝΗ ΚΑΙ ΑΛΛΑ ΦΥΤΙΚΑ ΛΙΠΗ,Δεκέμβριος,110,9
1152,ΜΑΡΓΑΡΙΝΗ ΚΑΙ ΑΛΛΑ ΦΥΤΙΚΑ ΛΙΠΗ,ΕΤΗΣΙΟΣ,108,76
1153,ΕΛΑΙΟΛΑΔΟ,W%0,7,27
1153,ΕΛΑΙΟΛΑΔΟ,Ιανουάριος,97,95
1153,ΕΛΑΙΟΛΑΔΟ,Φεβρουάριος,96,21
1153,ΕΛΑΙΟΛΑΔΟ,Μάρτιος,97,23
1153,ΕΛΑΙΟΛΑΔΟ,Απρίλιος,97,1
1153,ΕΛΑΙΟΛΑΔΟ,Μάιος,95,28
1153,ΕΛΑΙΟΛΑΔΟ,Ιούνιος,94,57
1153,ΕΛΑΙΟΛΑΔΟ,Ιούλιος,93,59
1153,ΕΛΑΙΟΛΑΔΟ,Αύγουστος,92,25
1153,ΕΛΑΙΟΛΑΔΟ,Σεπτέμβριος,93,25
1153,ΕΛΑΙΟΛΑΔΟ,Οκτώβριος,92,18
1153,ΕΛΑΙΟΛΑΔΟ,Νοέμβριος,93,72
1153,ΕΛΑΙΟΛΑΔΟ,Δεκέμβριος,94,91
1153,ΕΛΑΙΟΛΑΔΟ,ΕΤΗΣΙΟΣ,94,85
1154,ΑΛΛΑ ΒΡΩΣΙΜΑ ΕΛΑΙΑ,W%0,0,98
1154,ΑΛΛΑ ΒΡΩΣΙΜΑ ΕΛΑΙΑ,Ιανουάριος,98,67
1154,ΑΛΛΑ ΒΡΩΣΙΜΑ ΕΛΑΙΑ,Φεβρουάριος,100,54
1154,ΑΛΛΑ ΒΡΩΣΙΜΑ ΕΛΑΙΑ,Μάρτιος,99,20
1154,ΑΛΛΑ ΒΡΩΣΙΜΑ ΕΛΑΙΑ,Απρίλιος,101,3
1154,ΑΛΛΑ ΒΡΩΣΙΜΑ ΕΛΑΙΑ,Μάιος,102,4
1154,ΑΛΛΑ ΒΡΩΣΙΜΑ ΕΛΑΙΑ,Ιούνιος,102,15
1154,ΑΛΛΑ ΒΡΩΣΙΜΑ ΕΛΑΙΑ,Ιούλιος,103,72
1154,ΑΛΛΑ ΒΡΩΣΙΜΑ ΕΛΑΙΑ,Αύγουστος,102,51
1154,ΑΛΛΑ ΒΡΩΣΙΜΑ ΕΛΑΙΑ,Σεπτέμβριος,106,21
1154,ΑΛΛΑ ΒΡΩΣΙΜΑ ΕΛΑΙΑ,Οκτώβριος,105,51
1154,ΑΛΛΑ ΒΡΩΣΙΜΑ ΕΛΑΙΑ,Νοέμβριος,107,53
1154,ΑΛΛΑ ΒΡΩΣΙΜΑ ΕΛΑΙΑ,Δεκέμβριος,107,73
1154,ΑΛΛΑ ΒΡΩΣΙΜΑ ΕΛΑΙΑ,ΕΤΗΣΙΟΣ,103,7
115,ΕΛΑΙΑ & ΛΙΠΗ,W%0,9,73
115,ΕΛΑΙΑ & ΛΙΠΗ,Ιανουάριος,99,49
115,ΕΛΑΙΑ & ΛΙΠΗ,Φεβρουάριος,98,45
115,ΕΛΑΙΑ & ΛΙΠΗ,Μάρτιος,98,91
115,ΕΛΑΙΑ & ΛΙΠΗ,Απρίλιος,98,80
115,ΕΛΑΙΑ & ΛΙΠΗ,Μάιος,97,76
115,ΕΛΑΙΑ & ΛΙΠΗ,Ιούνιος,97,27
115,ΕΛΑΙΑ & ΛΙΠΗ,Ιούλιος,96,62
115,ΕΛΑΙΑ & ΛΙΠΗ,Αύγουστος,95,60
115,ΕΛΑΙΑ & ΛΙΠΗ,Σεπτέμβριος,96,94
115,ΕΛΑΙΑ & ΛΙΠΗ,Οκτώβριος,96,0
115,ΕΛΑΙΑ & ΛΙΠΗ,Νοέμβριος,97,37
115,ΕΛΑΙΑ & ΛΙΠΗ,Δεκέμβριος,98,17
115,ΕΛΑΙΑ & ΛΙΠΗ,ΕΤΗΣΙΟΣ,97,62
1161,ΦΡΟΥΤΑ ΝΩΠΑ,W%0,16,40
1161,ΦΡΟΥΤΑ ΝΩΠΑ,Ιανουάριος,103,89
1161,ΦΡΟΥΤΑ ΝΩΠΑ,Φεβρουάριος,105,53
1161,ΦΡΟΥΤΑ ΝΩΠΑ,Μάρτιος,105,76
1161,ΦΡΟΥΤΑ ΝΩΠΑ,Απρίλιος,113,48
1161,ΦΡΟΥΤΑ ΝΩΠΑ,Μάιος,122,11
1161,ΦΡΟΥΤΑ ΝΩΠΑ,Ιούνιος,132,60
1161,ΦΡΟΥΤΑ ΝΩΠΑ,Ιούλιος,111,88
1161,ΦΡΟΥΤΑ ΝΩΠΑ,Αύγουστος,111,97
1161,ΦΡΟΥΤΑ ΝΩΠΑ,Σεπτέμβριος,117,86
1161,ΦΡΟΥΤΑ ΝΩΠΑ,Οκτώβριος,116,36
1161,ΦΡΟΥΤΑ ΝΩΠΑ,Νοέμβριος,115,20
1161,ΦΡΟΥΤΑ ΝΩΠΑ,Δεκέμβριος,104,5
1161,ΦΡΟΥΤΑ ΝΩΠΑ,ΕΤΗΣΙΟΣ,113,39
1163,ΑΠΟΞΗΡΑΜΕΝΑ ΦΡΟΥΤΑ ΚΑΙ ΞΗΡΟΙ ΚΑΡΠΟΙ,W%0,2,2
1163,ΑΠΟΞΗΡΑΜΕΝΑ ΦΡΟΥΤΑ ΚΑΙ ΞΗΡΟΙ ΚΑΡΠΟΙ,Ιανουάριος,93,96
1163,ΑΠΟΞΗΡΑΜΕΝΑ ΦΡΟΥΤΑ ΚΑΙ ΞΗΡΟΙ ΚΑΡΠΟΙ,Φεβρουάριος,94,31
1163,ΑΠΟΞΗΡΑΜΕΝΑ ΦΡΟΥΤΑ ΚΑΙ ΞΗΡΟΙ ΚΑΡΠΟΙ,Μάρτιος,95,4
1163,ΑΠΟΞΗΡΑΜΕΝΑ ΦΡΟΥΤΑ ΚΑΙ ΞΗΡΟΙ ΚΑΡΠΟΙ,Απρίλιος,93,33
1163,ΑΠΟΞΗΡΑΜΕΝΑ ΦΡΟΥΤΑ ΚΑΙ ΞΗΡΟΙ ΚΑΡΠΟΙ,Μάιος,94,73
1163,ΑΠΟΞΗΡΑΜΕΝΑ ΦΡΟΥΤΑ ΚΑΙ ΞΗΡΟΙ ΚΑΡΠΟΙ,Ιούνιος,94,30
1163,ΑΠΟΞΗΡΑΜΕΝΑ ΦΡΟΥΤΑ ΚΑΙ ΞΗΡΟΙ ΚΑΡΠΟΙ,Ιούλιος,94,68
1163,ΑΠΟΞΗΡΑΜΕΝΑ ΦΡΟΥΤΑ ΚΑΙ ΞΗΡΟΙ ΚΑΡΠΟΙ,Αύγουστος,94,15
1163,ΑΠΟΞΗΡΑΜΕΝΑ ΦΡΟΥΤΑ ΚΑΙ ΞΗΡΟΙ ΚΑΡΠΟΙ,Σεπτέμβριος,94,15
1163,ΑΠΟΞΗΡΑΜΕΝΑ ΦΡΟΥΤΑ ΚΑΙ ΞΗΡΟΙ ΚΑΡΠΟΙ,Οκτώβριος,94,95
1163,ΑΠΟΞΗΡΑΜΕΝΑ ΦΡΟΥΤΑ ΚΑΙ ΞΗΡΟΙ ΚΑΡΠΟΙ,Νοέμβριος,94,89
1163,ΑΠΟΞΗΡΑΜΕΝΑ ΦΡΟΥΤΑ ΚΑΙ ΞΗΡΟΙ ΚΑΡΠΟΙ,Δεκέμβριος,93,60
1163,ΑΠΟΞΗΡΑΜΕΝΑ ΦΡΟΥΤΑ ΚΑΙ ΞΗΡΟΙ ΚΑΡΠΟΙ,ΕΤΗΣΙΟΣ,94,34
1164,ΔΙΑΤΗΡΗΜΕΝΑ ΦΡΟΥΤΑ ΚΑΙ ΠΡΟΙΟΝΤΑ ΜΕ ΒΑΣΗ ΤΑ ΦΡΟΥΤΑ,W%0,0,6
1164,ΔΙΑΤΗΡΗΜΕΝΑ ΦΡΟΥΤΑ ΚΑΙ ΠΡΟΙΟΝΤΑ ΜΕ ΒΑΣΗ ΤΑ ΦΡΟΥΤΑ,Ιανουάριος,103,84
1164,ΔΙΑΤΗΡΗΜΕΝΑ ΦΡΟΥΤΑ ΚΑΙ ΠΡΟΙΟΝΤΑ ΜΕ ΒΑΣΗ ΤΑ ΦΡΟΥΤΑ,Φεβρουάριος,105,80
1164,ΔΙΑΤΗΡΗΜΕΝΑ ΦΡΟΥΤΑ ΚΑΙ ΠΡΟΙΟΝΤΑ ΜΕ ΒΑΣΗ ΤΑ ΦΡΟΥΤΑ,Μάρτιος,105,58
1164,ΔΙΑΤΗΡΗΜΕΝΑ ΦΡΟΥΤΑ ΚΑΙ ΠΡΟΙΟΝΤΑ ΜΕ ΒΑΣΗ ΤΑ ΦΡΟΥΤΑ,Απρίλιος,103,23
1164,ΔΙΑΤΗΡΗΜΕΝΑ ΦΡΟΥΤΑ ΚΑΙ ΠΡΟΙΟΝΤΑ ΜΕ ΒΑΣΗ ΤΑ ΦΡΟΥΤΑ,Μάιος,98,59
1164,ΔΙΑΤΗΡΗΜΕΝΑ ΦΡΟΥΤΑ ΚΑΙ ΠΡΟΙΟΝΤΑ ΜΕ ΒΑΣΗ ΤΑ ΦΡΟΥΤΑ,Ιούνιος,101,57
1164,ΔΙΑΤΗΡΗΜΕΝΑ ΦΡΟΥΤΑ ΚΑΙ ΠΡΟΙΟΝΤΑ ΜΕ ΒΑΣΗ ΤΑ ΦΡΟΥΤΑ,Ιούλιος,101,93
1164,ΔΙΑΤΗΡΗΜΕΝΑ ΦΡΟΥΤΑ ΚΑΙ ΠΡΟΙΟΝΤΑ ΜΕ ΒΑΣΗ ΤΑ ΦΡΟΥΤΑ,Αύγουστος,100,83
1164,ΔΙΑΤΗΡΗΜΕΝΑ ΦΡΟΥΤΑ ΚΑΙ ΠΡΟΙΟΝΤΑ ΜΕ ΒΑΣΗ ΤΑ ΦΡΟΥΤΑ,Σεπτέμβριος,100,73
1164,ΔΙΑΤΗΡΗΜΕΝΑ ΦΡΟΥΤΑ ΚΑΙ ΠΡΟΙΟΝΤΑ ΜΕ ΒΑΣΗ ΤΑ ΦΡΟΥΤΑ,Οκτώβριος,100,11
1164,ΔΙΑΤΗΡΗΜΕΝΑ ΦΡΟΥΤΑ ΚΑΙ ΠΡΟΙΟΝΤΑ ΜΕ ΒΑΣΗ ΤΑ ΦΡΟΥΤΑ,Νοέμβριος,98,54
1164,ΔΙΑΤΗΡΗΜΕΝΑ ΦΡΟΥΤΑ ΚΑΙ ΠΡΟΙΟΝΤΑ ΜΕ ΒΑΣΗ ΤΑ ΦΡΟΥΤΑ,Δεκέμβριος,99,17
1164,ΔΙΑΤΗΡΗΜΕΝΑ ΦΡΟΥΤΑ ΚΑΙ ΠΡΟΙΟΝΤΑ ΜΕ ΒΑΣΗ ΤΑ ΦΡΟΥΤΑ,ΕΤΗΣΙΟΣ,101,66
116,ΦΡΟΥΤΑ ΓΕΝΙΚΑ,W%0,18,49
116,ΦΡΟΥΤΑ ΓΕΝΙΚΑ,Ιανουάριος,103,63
116,ΦΡΟΥΤΑ ΓΕΝΙΚΑ,Φεβρουάριος,105,13
116,ΦΡΟΥΤΑ ΓΕΝΙΚΑ,Μάρτιος,105,42
116,ΦΡΟΥΤΑ ΓΕΝΙΚΑ,Απρίλιος,112,4
116,ΦΡΟΥΤΑ ΓΕΝΙΚΑ,Μάιος,119,84
116,ΦΡΟΥΤΑ ΓΕΝΙΚΑ,Ιούνιος,129,9
116,ΦΡΟΥΤΑ ΓΕΝΙΚΑ,Ιούλιος,110,79
116,ΦΡΟΥΤΑ ΓΕΝΙΚΑ,Αύγουστος,110,80
116,ΦΡΟΥΤΑ ΓΕΝΙΚΑ,Σεπτέμβριος,116,2
116,ΦΡΟΥΤΑ ΓΕΝΙΚΑ,Οκτώβριος,114,78
116,ΦΡΟΥΤΑ ΓΕΝΙΚΑ,Νοέμβριος,113,74
116,ΦΡΟΥΤΑ ΓΕΝΙΚΑ,Δεκέμβριος,103,71
116,ΦΡΟΥΤΑ ΓΕΝΙΚΑ,ΕΤΗΣΙΟΣ,112,8
1171,ΛAXANIKA ΝΩΠΑ,W%0,11,39
1171,ΛAXANIKA ΝΩΠΑ,Ιανουάριος,121,35
1171,ΛAXANIKA ΝΩΠΑ,Φεβρουάριος,124,49
1171,ΛAXANIKA ΝΩΠΑ,Μάρτιος,115,95
1171,ΛAXANIKA ΝΩΠΑ,Απρίλιος,118,39
1171,ΛAXANIKA ΝΩΠΑ,Μάιος,109,64
1171,ΛAXANIKA ΝΩΠΑ,Ιούνιος,104,16
1171,ΛAXANIKA ΝΩΠΑ,Ιούλιος,97,43
1171,ΛAXANIKA ΝΩΠΑ,Αύγουστος,95,80
1171,ΛAXANIKA ΝΩΠΑ,Σεπτέμβριος,102,72
1171,ΛAXANIKA ΝΩΠΑ,Οκτώβριος,111,69
1171,ΛAXANIKA ΝΩΠΑ,Νοέμβριος,115,4
1171,ΛAXANIKA ΝΩΠΑ,Δεκέμβριος,109,49
1171,ΛAXANIKA ΝΩΠΑ,ΕΤΗΣΙΟΣ,110,51
1172,ΛAXANIKA KATEΨΥΓΜΕΝΑ,W%0,1,80
1172,ΛAXANIKA KATEΨΥΓΜΕΝΑ,Ιανουάριος,101,69
1172,ΛAXANIKA KATEΨΥΓΜΕΝΑ,Φεβρουάριος,103,7
1172,ΛAXANIKA KATEΨΥΓΜΕΝΑ,Μάρτιος,103,27
1172,ΛAXANIKA KATEΨΥΓΜΕΝΑ,Απρίλιος,102,95
1172,ΛAXANIKA KATEΨΥΓΜΕΝΑ,Μάιος,103,79
1172,ΛAXANIKA KATEΨΥΓΜΕΝΑ,Ιούνιος,104,98
1172,ΛAXANIKA KATEΨΥΓΜΕΝΑ,Ιούλιος,104,56
1172,ΛAXANIKA KATEΨΥΓΜΕΝΑ,Αύγουστος,104,2
1172,ΛAXANIKA KATEΨΥΓΜΕΝΑ,Σεπτέμβριος,102,62
1172,ΛAXANIKA KATEΨΥΓΜΕΝΑ,Οκτώβριος,102,34
1172,ΛAXANIKA KATEΨΥΓΜΕΝΑ,Νοέμβριος,103,1
1172,ΛAXANIKA KATEΨΥΓΜΕΝΑ,Δεκέμβριος,102,56
1172,ΛAXANIKA KATEΨΥΓΜΕΝΑ,ΕΤΗΣΙΟΣ,103,24
1173,ΛΑΧΑΝΙΚΑ ΔΙΑΤΗΡΗΜΕΝΑ Η ΕΠΕΞΕΡΓΑΣΜΕΝΑ,W%0,4,89
1173,ΛΑΧΑΝΙΚΑ ΔΙΑΤΗΡΗΜΕΝΑ Η ΕΠΕΞΕΡΓΑΣΜΕΝΑ,Ιανουάριος,97,17
1173,ΛΑΧΑΝΙΚΑ ΔΙΑΤΗΡΗΜΕΝΑ Η ΕΠΕΞΕΡΓΑΣΜΕΝΑ,Φεβρουάριος,97,15
1173,ΛΑΧΑΝΙΚΑ ΔΙΑΤΗΡΗΜΕΝΑ Η ΕΠΕΞΕΡΓΑΣΜΕΝΑ,Μάρτιος,97,28
1173,ΛΑΧΑΝΙΚΑ ΔΙΑΤΗΡΗΜΕΝΑ Η ΕΠΕΞΕΡΓΑΣΜΕΝΑ,Απρίλιος,98,2
1173,ΛΑΧΑΝΙΚΑ ΔΙΑΤΗΡΗΜΕΝΑ Η ΕΠΕΞΕΡΓΑΣΜΕΝΑ,Μάιος,98,78
1173,ΛΑΧΑΝΙΚΑ ΔΙΑΤΗΡΗΜΕΝΑ Η ΕΠΕΞΕΡΓΑΣΜΕΝΑ,Ιούνιος,98,88
1173,ΛΑΧΑΝΙΚΑ ΔΙΑΤΗΡΗΜΕΝΑ Η ΕΠΕΞΕΡΓΑΣΜΕΝΑ,Ιούλιος,99,15
1173,ΛΑΧΑΝΙΚΑ ΔΙΑΤΗΡΗΜΕΝΑ Η ΕΠΕΞΕΡΓΑΣΜΕΝΑ,Αύγουστος,99,31
1173,ΛΑΧΑΝΙΚΑ ΔΙΑΤΗΡΗΜΕΝΑ Η ΕΠΕΞΕΡΓΑΣΜΕΝΑ,Σεπτέμβριος,98,88
1173,ΛΑΧΑΝΙΚΑ ΔΙΑΤΗΡΗΜΕΝΑ Η ΕΠΕΞΕΡΓΑΣΜΕΝΑ,Οκτώβριος,99,8
1173,ΛΑΧΑΝΙΚΑ ΔΙΑΤΗΡΗΜΕΝΑ Η ΕΠΕΞΕΡΓΑΣΜΕΝΑ,Νοέμβριος,98,30
1173,ΛΑΧΑΝΙΚΑ ΔΙΑΤΗΡΗΜΕΝΑ Η ΕΠΕΞΕΡΓΑΣΜΕΝΑ,Δεκέμβριος,99,25
1173,ΛΑΧΑΝΙΚΑ ΔΙΑΤΗΡΗΜΕΝΑ Η ΕΠΕΞΕΡΓΑΣΜΕΝΑ,ΕΤΗΣΙΟΣ,98,44
1174,ΠΑΤΑΤΕΣ,W%0,3,33
1174,ΠΑΤΑΤΕΣ,Ιανουάριος,116,22
1174,ΠΑΤΑΤΕΣ,Φεβρουάριος,117,3
1174,ΠΑΤΑΤΕΣ,Μάρτιος,115,55
1174,ΠΑΤΑΤΕΣ,Απρίλιος,120,98
1174,ΠΑΤΑΤΕΣ,Μάιος,115,92
1174,ΠΑΤΑΤΕΣ,Ιούνιος,107,85
1174,ΠΑΤΑΤΕΣ,Ιούλιος,107,45
1174,ΠΑΤΑΤΕΣ,Αύγουστος,105,18
1174,ΠΑΤΑΤΕΣ,Σεπτέμβριος,106,66
1174,ΠΑΤΑΤΕΣ,Οκτώβριος,105,32
1174,ΠΑΤΑΤΕΣ,Νοέμβριος,106,0
1174,ΠΑΤΑΤΕΣ,Δεκέμβριος,106,23
1174,ΠΑΤΑΤΕΣ,ΕΤΗΣΙΟΣ,110,87
1175,ΤΣΙΠΣ,W%0,0,45
1175,ΤΣΙΠΣ,Ιανουάριος,101,32
1175,ΤΣΙΠΣ,Φεβρουάριος,102,4
1175,ΤΣΙΠΣ,Μάρτιος,102,33
1175,ΤΣΙΠΣ,Απρίλιος,101,86
1175,ΤΣΙΠΣ,Μάιος,101,41
1175,ΤΣΙΠΣ,Ιούνιος,100,62
1175,ΤΣΙΠΣ,Ιούλιος,103,25
1175,ΤΣΙΠΣ,Αύγουστος,103,65
1175,ΤΣΙΠΣ,Σεπτέμβριος,102,64
1175,ΤΣΙΠΣ,Οκτώβριος,103,45
1175,ΤΣΙΠΣ,Νοέμβριος,104,26
1175,ΤΣΙΠΣ,Δεκέμβριος,104,12
1175,ΤΣΙΠΣ,ΕΤΗΣΙΟΣ,102,58
117,ΛΑΧΑΝΙΚΑ ΓΕΝΙΚΑ,W%0,21,87
117,ΛΑΧΑΝΙΚΑ ΓΕΝΙΚΑ,Ιανουάριος,112,10
117,ΛΑΧΑΝΙΚΑ ΓΕΝΙΚΑ,Φεβρουάριος,113,96
117,ΛΑΧΑΝΙΚΑ ΓΕΝΙΚΑ,Μάρτιος,109,39
117,ΛΑΧΑΝΙΚΑ ΓΕΝΙΚΑ,Απρίλιος,111,53
117,ΛΑΧΑΝΙΚΑ ΓΕΝΙΚΑ,Μάιος,106,56
117,ΛΑΧΑΝΙΚΑ ΓΕΝΙΚΑ,Ιούνιος,102,73
117,ΛΑΧΑΝΙΚΑ ΓΕΝΙΚΑ,Ιούλιος,99,28
117,ΛΑΧΑΝΙΚΑ ΓΕΝΙΚΑ,Αύγουστος,98,13
117,ΛΑΧΑΝΙΚΑ ΓΕΝΙΚΑ,Σεπτέμβριος,101,68
117,ΛΑΧΑΝΙΚΑ ΓΕΝΙΚΑ,Οκτώβριος,106,17
117,ΛΑΧΑΝΙΚΑ ΓΕΝΙΚΑ,Νοέμβριος,107,88
117,ΛΑΧΑΝΙΚΑ ΓΕΝΙΚΑ,Δεκέμβριος,105,23
117,ΛΑΧΑΝΙΚΑ ΓΕΝΙΚΑ,ΕΤΗΣΙΟΣ,106,22
1181,ZAXAPH,W%0,0,47
1181,ZAXAPH,Ιανουάριος,85,36
1181,ZAXAPH,Φεβρουάριος,85,24
1181,ZAXAPH,Μάρτιος,85,9
1181,ZAXAPH,Απρίλιος,84,84
1181,ZAXAPH,Μάιος,85,16
1181,ZAXAPH,Ιούνιος,85,34
1181,ZAXAPH,Ιούλιος,85,28
1181,ZAXAPH,Αύγουστος,85,5
1181,ZAXAPH,Σεπτέμβριος,84,71
1181,ZAXAPH,Οκτώβριος,84,60
1181,ZAXAPH,Νοέμβριος,84,2
1181,ZAXAPH,Δεκέμβριος,84,10
1181,ZAXAPH,ΕΤΗΣΙΟΣ,84,9
1182,ΓΛΥΚΑ ΚΟΥΤΑΛΙΟΥ-ΜΑΡΜΕΛΑΔΕΣ-ΜΕΛΙ,W%0,2,24
1182,ΓΛΥΚΑ ΚΟΥΤΑΛΙΟΥ-ΜΑΡΜΕΛΑΔΕΣ-ΜΕΛΙ,Ιανουάριος,96,64
1182,ΓΛΥΚΑ ΚΟΥΤΑΛΙΟΥ-ΜΑΡΜΕΛΑΔΕΣ-ΜΕΛΙ,Φεβρουάριος,97,80
1182,ΓΛΥΚΑ ΚΟΥΤΑΛΙΟΥ-ΜΑΡΜΕΛΑΔΕΣ-ΜΕΛΙ,Μάρτιος,96,71
1182,ΓΛΥΚΑ ΚΟΥΤΑΛΙΟΥ-ΜΑΡΜΕΛΑΔΕΣ-ΜΕΛΙ,Απρίλιος,94,70
1182,ΓΛΥΚΑ ΚΟΥΤΑΛΙΟΥ-ΜΑΡΜΕΛΑΔΕΣ-ΜΕΛΙ,Μάιος,97,7
1182,ΓΛΥΚΑ ΚΟΥΤΑΛΙΟΥ-ΜΑΡΜΕΛΑΔΕΣ-ΜΕΛΙ,Ιούνιος,95,90
1182,ΓΛΥΚΑ ΚΟΥΤΑΛΙΟΥ-ΜΑΡΜΕΛΑΔΕΣ-ΜΕΛΙ,Ιούλιος,97,87
1182,ΓΛΥΚΑ ΚΟΥΤΑΛΙΟΥ-ΜΑΡΜΕΛΑΔΕΣ-ΜΕΛΙ,Αύγουστος,98,21
1182,ΓΛΥΚΑ ΚΟΥΤΑΛΙΟΥ-ΜΑΡΜΕΛΑΔΕΣ-ΜΕΛΙ,Σεπτέμβριος,99,9
1182,ΓΛΥΚΑ ΚΟΥΤΑΛΙΟΥ-ΜΑΡΜΕΛΑΔΕΣ-ΜΕΛΙ,Οκτώβριος,99,56
1182,ΓΛΥΚΑ ΚΟΥΤΑΛΙΟΥ-ΜΑΡΜΕΛΑΔΕΣ-ΜΕΛΙ,Νοέμβριος,98,78
1182,ΓΛΥΚΑ ΚΟΥΤΑΛΙΟΥ-ΜΑΡΜΕΛΑΔΕΣ-ΜΕΛΙ,Δεκέμβριος,99,1
1182,ΓΛΥΚΑ ΚΟΥΤΑΛΙΟΥ-ΜΑΡΜΕΛΑΔΕΣ-ΜΕΛΙ,ΕΤΗΣΙΟΣ,97,61
1183,ΣΟΚΟΛΑΤΕΣ - ΠΡΟΪΟΝΤΑ ΣΟΚΟΛΑΤΑΣ,W%0,1,50
1183,ΣΟΚΟΛΑΤΕΣ - ΠΡΟΪΟΝΤΑ ΣΟΚΟΛΑΤΑΣ,Ιανουάριος,101,23
1183,ΣΟΚΟΛΑΤΕΣ - ΠΡΟΪΟΝΤΑ ΣΟΚΟΛΑΤΑΣ,Φεβρουάριος,101,50
1183,ΣΟΚΟΛΑΤΕΣ - ΠΡΟΪΟΝΤΑ ΣΟΚΟΛΑΤΑΣ,Μάρτιος,102,50
1183,ΣΟΚΟΛΑΤΕΣ - ΠΡΟΪΟΝΤΑ ΣΟΚΟΛΑΤΑΣ,Απρίλιος,102,98
1183,ΣΟΚΟΛΑΤΕΣ - ΠΡΟΪΟΝΤΑ ΣΟΚΟΛΑΤΑΣ,Μάιος,102,88
1183,ΣΟΚΟΛΑΤΕΣ - ΠΡΟΪΟΝΤΑ ΣΟΚΟΛΑΤΑΣ,Ιούνιος,102,81
1183,ΣΟΚΟΛΑΤΕΣ - ΠΡΟΪΟΝΤΑ ΣΟΚΟΛΑΤΑΣ,Ιούλιος,102,83
1183,ΣΟΚΟΛΑΤΕΣ - ΠΡΟΪΟΝΤΑ ΣΟΚΟΛΑΤΑΣ,Αύγουστος,102,96
1183,ΣΟΚΟΛΑΤΕΣ - ΠΡΟΪΟΝΤΑ ΣΟΚΟΛΑΤΑΣ,Σεπτέμβριος,102,28
1183,ΣΟΚΟΛΑΤΕΣ - ΠΡΟΪΟΝΤΑ ΣΟΚΟΛΑΤΑΣ,Οκτώβριος,102,80
1183,ΣΟΚΟΛΑΤΕΣ - ΠΡΟΪΟΝΤΑ ΣΟΚΟΛΑΤΑΣ,Νοέμβριος,102,37
1183,ΣΟΚΟΛΑΤΕΣ - ΠΡΟΪΟΝΤΑ ΣΟΚΟΛΑΤΑΣ,Δεκέμβριος,102,50
1183,ΣΟΚΟΛΑΤΕΣ - ΠΡΟΪΟΝΤΑ ΣΟΚΟΛΑΤΑΣ,ΕΤΗΣΙΟΣ,102,47
1184,ΠΡΟΙΟΝΤΑ ΖΑΧΑΡΟΠΛΑΣΤΙΚΗΣ,W%0,2,42
1184,ΠΡΟΙΟΝΤΑ ΖΑΧΑΡΟΠΛΑΣΤΙΚΗΣ,Ιανουάριος,101,9
1184,ΠΡΟΙΟΝΤΑ ΖΑΧΑΡΟΠΛΑΣΤΙΚΗΣ,Φεβρουάριος,100,89
1184,ΠΡΟΙΟΝΤΑ ΖΑΧΑΡΟΠΛΑΣΤΙΚΗΣ,Μάρτιος,100,96
1184,ΠΡΟΙΟΝΤΑ ΖΑΧΑΡΟΠΛΑΣΤΙΚΗΣ,Απρίλιος,101,24
1184,ΠΡΟΙΟΝΤΑ ΖΑΧΑΡΟΠΛΑΣΤΙΚΗΣ,Μάιος,101,1
1184,ΠΡΟΙΟΝΤΑ ΖΑΧΑΡΟΠΛΑΣΤΙΚΗΣ,Ιούνιος,100,90
1184,ΠΡΟΙΟΝΤΑ ΖΑΧΑΡΟΠΛΑΣΤΙΚΗΣ,Ιούλιος,101,62
1184,ΠΡΟΙΟΝΤΑ ΖΑΧΑΡΟΠΛΑΣΤΙΚΗΣ,Αύγουστος,101,24
1184,ΠΡΟΙΟΝΤΑ ΖΑΧΑΡΟΠΛΑΣΤΙΚΗΣ,Σεπτέμβριος,101,7
1184,ΠΡΟΙΟΝΤΑ ΖΑΧΑΡΟΠΛΑΣΤΙΚΗΣ,Οκτώβριος,101,9
1184,ΠΡΟΙΟΝΤΑ ΖΑΧΑΡΟΠΛΑΣΤΙΚΗΣ,Νοέμβριος,101,8
1184,ΠΡΟΙΟΝΤΑ ΖΑΧΑΡΟΠΛΑΣΤΙΚΗΣ,Δεκέμβριος,100,92
1184,ΠΡΟΙΟΝΤΑ ΖΑΧΑΡΟΠΛΑΣΤΙΚΗΣ,ΕΤΗΣΙΟΣ,101,9
1185,ΠΑΓΩΤΑ,W%0,0,97
1185,ΠΑΓΩΤΑ,Ιανουάριος,91,38
1185,ΠΑΓΩΤΑ,Φεβρουάριος,91,38
1185,ΠΑΓΩΤΑ,Μάρτιος,92,40
1185,ΠΑΓΩΤΑ,Απρίλιος,93,70
1185,ΠΑΓΩΤΑ,Μάιος,95,12
1185,ΠΑΓΩΤΑ,Ιούνιος,92,47
1185,ΠΑΓΩΤΑ,Ιούλιος,90,93
1185,ΠΑΓΩΤΑ,Αύγουστος,92,64
1185,ΠΑΓΩΤΑ,Σεπτέμβριος,93,14
1185,ΠΑΓΩΤΑ,Οκτώβριος,91,97
1185,ΠΑΓΩΤΑ,Νοέμβριος,90,4
1185,ΠΑΓΩΤΑ,Δεκέμβριος,90,4
1185,ΠΑΓΩΤΑ,ΕΤΗΣΙΟΣ,92,1
1186,ΤΕΧΝΗΤΕΣ ΓΛΥΚΑΝΤΙΚΕΣ ΟΥΣΙΕΣ,W%0,0,4
1186,ΤΕΧΝΗΤΕΣ ΓΛΥΚΑΝΤΙΚΕΣ ΟΥΣΙΕΣ,Ιανουάριος,102,15
1186,ΤΕΧΝΗΤΕΣ ΓΛΥΚΑΝΤΙΚΕΣ ΟΥΣΙΕΣ,Φεβρουάριος,101,73
1186,ΤΕΧΝΗΤΕΣ ΓΛΥΚΑΝΤΙΚΕΣ ΟΥΣΙΕΣ,Μάρτιος,99,93
1186,ΤΕΧΝΗΤΕΣ ΓΛΥΚΑΝΤΙΚΕΣ ΟΥΣΙΕΣ,Απρίλιος,100,39
1186,ΤΕΧΝΗΤΕΣ ΓΛΥΚΑΝΤΙΚΕΣ ΟΥΣΙΕΣ,Μάιος,98,52
1186,ΤΕΧΝΗΤΕΣ ΓΛΥΚΑΝΤΙΚΕΣ ΟΥΣΙΕΣ,Ιούνιος,98,96
1186,ΤΕΧΝΗΤΕΣ ΓΛΥΚΑΝΤΙΚΕΣ ΟΥΣΙΕΣ,Ιούλιος,99,96
1186,ΤΕΧΝΗΤΕΣ ΓΛΥΚΑΝΤΙΚΕΣ ΟΥΣΙΕΣ,Αύγουστος,99,42
1186,ΤΕΧΝΗΤΕΣ ΓΛΥΚΑΝΤΙΚΕΣ ΟΥΣΙΕΣ,Σεπτέμβριος,99,49
1186,ΤΕΧΝΗΤΕΣ ΓΛΥΚΑΝΤΙΚΕΣ ΟΥΣΙΕΣ,Οκτώβριος,98,46
1186,ΤΕΧΝΗΤΕΣ ΓΛΥΚΑΝΤΙΚΕΣ ΟΥΣΙΕΣ,Νοέμβριος,98,80
1186,ΤΕΧΝΗΤΕΣ ΓΛΥΚΑΝΤΙΚΕΣ ΟΥΣΙΕΣ,Δεκέμβριος,96,54
1186,ΤΕΧΝΗΤΕΣ ΓΛΥΚΑΝΤΙΚΕΣ ΟΥΣΙΕΣ,ΕΤΗΣΙΟΣ,99,53
118,ΖΑΧΑΡΗ - ΣΟΚΟΛΑΤΕΣ - ΓΛΥΚΑ - ΠΑΓΩΤΑ,W%0,7,65
118,ΖΑΧΑΡΗ - ΣΟΚΟΛΑΤΕΣ - ΓΛΥΚΑ - ΠΑΓΩΤΑ,Ιανουάριος,97,66
118,ΖΑΧΑΡΗ - ΣΟΚΟΛΑΤΕΣ - ΓΛΥΚΑ - ΠΑΓΩΤΑ,Φεβρουάριος,97,99
118,ΖΑΧΑΡΗ - ΣΟΚΟΛΑΤΕΣ - ΓΛΥΚΑ - ΠΑΓΩΤΑ,Μάρτιος,97,99
118,ΖΑΧΑΡΗ - ΣΟΚΟΛΑΤΕΣ - ΓΛΥΚΑ - ΠΑΓΩΤΑ,Απρίλιος,97,73
118,ΖΑΧΑΡΗ - ΣΟΚΟΛΑΤΕΣ - ΓΛΥΚΑ - ΠΑΓΩΤΑ,Μάιος,98,55
118,ΖΑΧΑΡΗ - ΣΟΚΟΛΑΤΕΣ - ΓΛΥΚΑ - ΠΑΓΩΤΑ,Ιούνιος,97,81
118,ΖΑΧΑΡΗ - ΣΟΚΟΛΑΤΕΣ - ΓΛΥΚΑ - ΠΑΓΩΤΑ,Ιούλιος,98,41
118,ΖΑΧΑΡΗ - ΣΟΚΟΛΑΤΕΣ - ΓΛΥΚΑ - ΠΑΓΩΤΑ,Αύγουστος,98,64
118,ΖΑΧΑΡΗ - ΣΟΚΟΛΑΤΕΣ - ΓΛΥΚΑ - ΠΑΓΩΤΑ,Σεπτέμβριος,98,76
118,ΖΑΧΑΡΗ - ΣΟΚΟΛΑΤΕΣ - ΓΛΥΚΑ - ΠΑΓΩΤΑ,Οκτώβριος,98,83
118,ΖΑΧΑΡΗ - ΣΟΚΟΛΑΤΕΣ - ΓΛΥΚΑ - ΠΑΓΩΤΑ,Νοέμβριος,98,21
118,ΖΑΧΑΡΗ - ΣΟΚΟΛΑΤΕΣ - ΓΛΥΚΑ - ΠΑΓΩΤΑ,Δεκέμβριος,98,25
118,ΖΑΧΑΡΗ - ΣΟΚΟΛΑΤΕΣ - ΓΛΥΚΑ - ΠΑΓΩΤΑ,ΕΤΗΣΙΟΣ,98,24
1191,ΣΑΛΤΣΕΣ-ΚΑΡΥΚΕΥΜΑΤΑ,W%0,1,1
1191,ΣΑΛΤΣΕΣ-ΚΑΡΥΚΕΥΜΑΤΑ,Ιανουάριος,101,72
1191,ΣΑΛΤΣΕΣ-ΚΑΡΥΚΕΥΜΑΤΑ,Φεβρουάριος,102,92
1191,ΣΑΛΤΣΕΣ-ΚΑΡΥΚΕΥΜΑΤΑ,Μάρτιος,104,38
1191,ΣΑΛΤΣΕΣ-ΚΑΡΥΚΕΥΜΑΤΑ,Απρίλιος,102,65
1191,ΣΑΛΤΣΕΣ-ΚΑΡΥΚΕΥΜΑΤΑ,Μάιος,102,13
1191,ΣΑΛΤΣΕΣ-ΚΑΡΥΚΕΥΜΑΤΑ,Ιούνιος,103,81
1191,ΣΑΛΤΣΕΣ-ΚΑΡΥΚΕΥΜΑΤΑ,Ιούλιος,104,38
1191,ΣΑΛΤΣΕΣ-ΚΑΡΥΚΕΥΜΑΤΑ,Αύγουστος,105,34
1191,ΣΑΛΤΣΕΣ-ΚΑΡΥΚΕΥΜΑΤΑ,Σεπτέμβριος,104,94
1191,ΣΑΛΤΣΕΣ-ΚΑΡΥΚΕΥΜΑΤΑ,Οκτώβριος,105,88
1191,ΣΑΛΤΣΕΣ-ΚΑΡΥΚΕΥΜΑΤΑ,Νοέμβριος,105,61
1191,ΣΑΛΤΣΕΣ-ΚΑΡΥΚΕΥΜΑΤΑ,Δεκέμβριος,101,58
1191,ΣΑΛΤΣΕΣ-ΚΑΡΥΚΕΥΜΑΤΑ,ΕΤΗΣΙΟΣ,103,78
1192,ΑΛΑΤΙ - ΜΠΑΧΑΡΙΚΑ - ΑΡΩΜΑΤΙΚΑ ΦΥΤΑ,W%0,0,58
1192,ΑΛΑΤΙ - ΜΠΑΧΑΡΙΚΑ - ΑΡΩΜΑΤΙΚΑ ΦΥΤΑ,Ιανουάριος,96,87
1192,ΑΛΑΤΙ - ΜΠΑΧΑΡΙΚΑ - ΑΡΩΜΑΤΙΚΑ ΦΥΤΑ,Φεβρουάριος,97,62
1192,ΑΛΑΤΙ - ΜΠΑΧΑΡΙΚΑ - ΑΡΩΜΑΤΙΚΑ ΦΥΤΑ,Μάρτιος,98,0
1192,ΑΛΑΤΙ - ΜΠΑΧΑΡΙΚΑ - ΑΡΩΜΑΤΙΚΑ ΦΥΤΑ,Απρίλιος,97,92
1192,ΑΛΑΤΙ - ΜΠΑΧΑΡΙΚΑ - ΑΡΩΜΑΤΙΚΑ ΦΥΤΑ,Μάιος,98,70
1192,ΑΛΑΤΙ - ΜΠΑΧΑΡΙΚΑ - ΑΡΩΜΑΤΙΚΑ ΦΥΤΑ,Ιούνιος,99,31
1192,ΑΛΑΤΙ - ΜΠΑΧΑΡΙΚΑ - ΑΡΩΜΑΤΙΚΑ ΦΥΤΑ,Ιούλιος,99,51
1192,ΑΛΑΤΙ - ΜΠΑΧΑΡΙΚΑ - ΑΡΩΜΑΤΙΚΑ ΦΥΤΑ,Αύγουστος,99,9
1192,ΑΛΑΤΙ - ΜΠΑΧΑΡΙΚΑ - ΑΡΩΜΑΤΙΚΑ ΦΥΤΑ,Σεπτέμβριος,98,55
1192,ΑΛΑΤΙ - ΜΠΑΧΑΡΙΚΑ - ΑΡΩΜΑΤΙΚΑ ΦΥΤΑ,Οκτώβριος,98,94
1192,ΑΛΑΤΙ - ΜΠΑΧΑΡΙΚΑ - ΑΡΩΜΑΤΙΚΑ ΦΥΤΑ,Νοέμβριος,98,61
1192,ΑΛΑΤΙ - ΜΠΑΧΑΡΙΚΑ - ΑΡΩΜΑΤΙΚΑ ΦΥΤΑ,Δεκέμβριος,96,1
1192,ΑΛΑΤΙ - ΜΠΑΧΑΡΙΚΑ - ΑΡΩΜΑΤΙΚΑ ΦΥΤΑ,ΕΤΗΣΙΟΣ,98,26
1193,ΠΑΙΔΙΚΕΣ ΤΡΟΦΕΣ,W%0,0,50
1193,ΠΑΙΔΙΚΕΣ ΤΡΟΦΕΣ,Ιανουάριος,105,18
1193,ΠΑΙΔΙΚΕΣ ΤΡΟΦΕΣ,Φεβρουάριος,104,83
1193,ΠΑΙΔΙΚΕΣ ΤΡΟΦΕΣ,Μάρτιος,104,99
1193,ΠΑΙΔΙΚΕΣ ΤΡΟΦΕΣ,Απρίλιος,106,49
1193,ΠΑΙΔΙΚΕΣ ΤΡΟΦΕΣ,Μάιος,107,26
1193,ΠΑΙΔΙΚΕΣ ΤΡΟΦΕΣ,Ιούνιος,106,90
1193,ΠΑΙΔΙΚΕΣ ΤΡΟΦΕΣ,Ιούλιος,108,18
1193,ΠΑΙΔΙΚΕΣ ΤΡΟΦΕΣ,Αύγουστος,108,66
1193,ΠΑΙΔΙΚΕΣ ΤΡΟΦΕΣ,Σεπτέμβριος,105,60
1193,ΠΑΙΔΙΚΕΣ ΤΡΟΦΕΣ,Οκτώβριος,107,23
1193,ΠΑΙΔΙΚΕΣ ΤΡΟΦΕΣ,Νοέμβριος,107,58
1193,ΠΑΙΔΙΚΕΣ ΤΡΟΦΕΣ,Δεκέμβριος,107,32
1193,ΠΑΙΔΙΚΕΣ ΤΡΟΦΕΣ,ΕΤΗΣΙΟΣ,106,69
1194,ΠΡΟΠΑΡΑΣΚΕΥΑΣΜΕΝΑ ΦΑΓΗΤΑ,W%0,0,18
1194,ΠΡΟΠΑΡΑΣΚΕΥΑΣΜΕΝΑ ΦΑΓΗΤΑ,Ιανουάριος,104,41
1194,ΠΡΟΠΑΡΑΣΚΕΥΑΣΜΕΝΑ ΦΑΓΗΤΑ,Φεβρουάριος,103,29
1194,ΠΡΟΠΑΡΑΣΚΕΥΑΣΜΕΝΑ ΦΑΓΗΤΑ,Μάρτιος,104,22
1194,ΠΡΟΠΑΡΑΣΚΕΥΑΣΜΕΝΑ ΦΑΓΗΤΑ,Απρίλιος,101,76
1194,ΠΡΟΠΑΡΑΣΚΕΥΑΣΜΕΝΑ ΦΑΓΗΤΑ,Μάιος,103,94
1194,ΠΡΟΠΑΡΑΣΚΕΥΑΣΜΕΝΑ ΦΑΓΗΤΑ,Ιούνιος,105,48
1194,ΠΡΟΠΑΡΑΣΚΕΥΑΣΜΕΝΑ ΦΑΓΗΤΑ,Ιούλιος,105,38
1194,ΠΡΟΠΑΡΑΣΚΕΥΑΣΜΕΝΑ ΦΑΓΗΤΑ,Αύγουστος,103,70
1194,ΠΡΟΠΑΡΑΣΚΕΥΑΣΜΕΝΑ ΦΑΓΗΤΑ,Σεπτέμβριος,105,29
1194,ΠΡΟΠΑΡΑΣΚΕΥΑΣΜΕΝΑ ΦΑΓΗΤΑ,Οκτώβριος,104,30
1194,ΠΡΟΠΑΡΑΣΚΕΥΑΣΜΕΝΑ ΦΑΓΗΤΑ,Νοέμβριος,105,2
1194,ΠΡΟΠΑΡΑΣΚΕΥΑΣΜΕΝΑ ΦΑΓΗΤΑ,Δεκέμβριος,98,37
1194,ΠΡΟΠΑΡΑΣΚΕΥΑΣΜΕΝΑ ΦΑΓΗΤΑ,ΕΤΗΣΙΟΣ,103,76
1199,ΑΛΛΑ ΠΡΟΙΟΝΤΑ ΔΙΑΤΡΟΦΗΣ,W%0,0,18
1199,ΑΛΛΑ ΠΡΟΙΟΝΤΑ ΔΙΑΤΡΟΦΗΣ,Ιανουάριος,97,67
1199,ΑΛΛΑ ΠΡΟΙΟΝΤΑ ΔΙΑΤΡΟΦΗΣ,Φεβρουάριος,97,30
1199,ΑΛΛΑ ΠΡΟΙΟΝΤΑ ΔΙΑΤΡΟΦΗΣ,Μάρτιος,100,8
1199,ΑΛΛΑ ΠΡΟΙΟΝΤΑ ΔΙΑΤΡΟΦΗΣ,Απρίλιος,101,11
1199,ΑΛΛΑ ΠΡΟΙΟΝΤΑ ΔΙΑΤΡΟΦΗΣ,Μάιος,101,64
1199,ΑΛΛΑ ΠΡΟΙΟΝΤΑ ΔΙΑΤΡΟΦΗΣ,Ιούνιος,101,58
1199,ΑΛΛΑ ΠΡΟΙΟΝΤΑ ΔΙΑΤΡΟΦΗΣ,Ιούλιος,101,61
1199,ΑΛΛΑ ΠΡΟΙΟΝΤΑ ΔΙΑΤΡΟΦΗΣ,Αύγουστος,101,96
1199,ΑΛΛΑ ΠΡΟΙΟΝΤΑ ΔΙΑΤΡΟΦΗΣ,Σεπτέμβριος,101,96
1199,ΑΛΛΑ ΠΡΟΙΟΝΤΑ ΔΙΑΤΡΟΦΗΣ,Οκτώβριος,101,93
1199,ΑΛΛΑ ΠΡΟΙΟΝΤΑ ΔΙΑΤΡΟΦΗΣ,Νοέμβριος,101,87
1199,ΑΛΛΑ ΠΡΟΙΟΝΤΑ ΔΙΑΤΡΟΦΗΣ,Δεκέμβριος,101,73
1199,ΑΛΛΑ ΠΡΟΙΟΝΤΑ ΔΙΑΤΡΟΦΗΣ,ΕΤΗΣΙΟΣ,100,87
119,ΛΟΙΠΑ ΤΡΟΦΙΜΑ,W%0,2,46
119,ΛΟΙΠΑ ΤΡΟΦΙΜΑ,Ιανουάριος,100,78
119,ΛΟΙΠΑ ΤΡΟΦΙΜΑ,Φεβρουάριος,101,27
119,ΛΟΙΠΑ ΤΡΟΦΙΜΑ,Μάρτιος,102,26
119,ΛΟΙΠΑ ΤΡΟΦΙΜΑ,Απρίλιος,101,75
119,ΛΟΙΠΑ ΤΡΟΦΙΜΑ,Μάιος,102,7
119,ΛΟΙΠΑ ΤΡΟΦΙΜΑ,Ιούνιος,102,94
119,ΛΟΙΠΑ ΤΡΟΦΙΜΑ,Ιούλιος,103,47
119,ΛΟΙΠΑ ΤΡΟΦΙΜΑ,Αύγουστος,103,76
119,ΛΟΙΠΑ ΤΡΟΦΙΜΑ,Σεπτέμβριος,102,96
119,ΛΟΙΠΑ ΤΡΟΦΙΜΑ,Οκτώβριος,103,69
119,ΛΟΙΠΑ ΤΡΟΦΙΜΑ,Νοέμβριος,103,62
119,ΛΟΙΠΑ ΤΡΟΦΙΜΑ,Δεκέμβριος,100,81
119,ΛΟΙΠΑ ΤΡΟΦΙΜΑ,ΕΤΗΣΙΟΣ,102,45
11,ΔΙΑΤΡΟΦΗ,W%0,183,84
11,ΔΙΑΤΡΟΦΗ,Ιανουάριος,101,91
11,ΔΙΑΤΡΟΦΗ,Φεβρουάριος,102,22
11,ΔΙΑΤΡΟΦΗ,Μάρτιος,101,58
11,ΔΙΑΤΡΟΦΗ,Απρίλιος,102,36
11,ΔΙΑΤΡΟΦΗ,Μάιος,102,39
11,ΔΙΑΤΡΟΦΗ,Ιούνιος,103,7
11,ΔΙΑΤΡΟΦΗ,Ιούλιος,100,83
11,ΔΙΑΤΡΟΦΗ,Αύγουστος,100,63
11,ΔΙΑΤΡΟΦΗ,Σεπτέμβριος,101,86
11,ΔΙΑΤΡΟΦΗ,Οκτώβριος,102,14
11,ΔΙΑΤΡΟΦΗ,Νοέμβριος,102,32
11,ΔΙΑΤΡΟΦΗ,Δεκέμβριος,101,26
11,ΔΙΑΤΡΟΦΗ,ΕΤΗΣΙΟΣ,101,88
1211,ΚΑΦΕΣ,W%0,2,72
1211,ΚΑΦΕΣ,Ιανουάριος,115,63
1211,ΚΑΦΕΣ,Φεβρουάριος,114,7
1211,ΚΑΦΕΣ,Μάρτιος,114,1
1211,ΚΑΦΕΣ,Απρίλιος,115,91
1211,ΚΑΦΕΣ,Μάιος,115,81
1211,ΚΑΦΕΣ,Ιούνιος,116,56
1211,ΚΑΦΕΣ,Ιούλιος,114,64
1211,ΚΑΦΕΣ,Αύγουστος,114,69
1211,ΚΑΦΕΣ,Σεπτέμβριος,115,71
1211,ΚΑΦΕΣ,Οκτώβριος,116,51
1211,ΚΑΦΕΣ,Νοέμβριος,115,73
1211,ΚΑΦΕΣ,Δεκέμβριος,115,38
1211,ΚΑΦΕΣ,ΕΤΗΣΙΟΣ,115,39
1212,ΤΣΑΪ-ΧΑΜΟΜΗΛΙ,W%0,0,28
1212,ΤΣΑΪ-ΧΑΜΟΜΗΛΙ,Ιανουάριος,106,58
1212,ΤΣΑΪ-ΧΑΜΟΜΗΛΙ,Φεβρουάριος,106,85
1212,ΤΣΑΪ-ΧΑΜΟΜΗΛΙ,Μάρτιος,106,72
1212,ΤΣΑΪ-ΧΑΜΟΜΗΛΙ,Απρίλιος,106,70
1212,ΤΣΑΪ-ΧΑΜΟΜΗΛΙ,Μάιος,106,60
1212,ΤΣΑΪ-ΧΑΜΟΜΗΛΙ,Ιούνιος,106,92
1212,ΤΣΑΪ-ΧΑΜΟΜΗΛΙ,Ιούλιος,107,22
1212,ΤΣΑΪ-ΧΑΜΟΜΗΛΙ,Αύγουστος,108,20
1212,ΤΣΑΪ-ΧΑΜΟΜΗΛΙ,Σεπτέμβριος,108,52
1212,ΤΣΑΪ-ΧΑΜΟΜΗΛΙ,Οκτώβριος,108,42
1212,ΤΣΑΪ-ΧΑΜΟΜΗΛΙ,Νοέμβριος,108,38
1212,ΤΣΑΪ-ΧΑΜΟΜΗΛΙ,Δεκέμβριος,108,3
1212,ΤΣΑΪ-ΧΑΜΟΜΗΛΙ,ΕΤΗΣΙΟΣ,107,43
1213,KAKAO ΚΑΙ ΣΟΚΟΛΑΤΑ ΣΕ ΣΚΟΝΗ,W%0,0,15
1213,KAKAO ΚΑΙ ΣΟΚΟΛΑΤΑ ΣΕ ΣΚΟΝΗ,Ιανουάριος,90,98
1213,KAKAO ΚΑΙ ΣΟΚΟΛΑΤΑ ΣΕ ΣΚΟΝΗ,Φεβρουάριος,88,52
1213,KAKAO ΚΑΙ ΣΟΚΟΛΑΤΑ ΣΕ ΣΚΟΝΗ,Μάρτιος,90,4
1213,KAKAO ΚΑΙ ΣΟΚΟΛΑΤΑ ΣΕ ΣΚΟΝΗ,Απρίλιος,92,5
1213,KAKAO ΚΑΙ ΣΟΚΟΛΑΤΑ ΣΕ ΣΚΟΝΗ,Μάιος,92,4
1213,KAKAO ΚΑΙ ΣΟΚΟΛΑΤΑ ΣΕ ΣΚΟΝΗ,Ιούνιος,91,76
1213,KAKAO ΚΑΙ ΣΟΚΟΛΑΤΑ ΣΕ ΣΚΟΝΗ,Ιούλιος,90,98
1213,KAKAO ΚΑΙ ΣΟΚΟΛΑΤΑ ΣΕ ΣΚΟΝΗ,Αύγουστος,91,42
1213,KAKAO ΚΑΙ ΣΟΚΟΛΑΤΑ ΣΕ ΣΚΟΝΗ,Σεπτέμβριος,89,4
1213,KAKAO ΚΑΙ ΣΟΚΟΛΑΤΑ ΣΕ ΣΚΟΝΗ,Οκτώβριος,90,15
1213,KAKAO ΚΑΙ ΣΟΚΟΛΑΤΑ ΣΕ ΣΚΟΝΗ,Νοέμβριος,89,67
1213,KAKAO ΚΑΙ ΣΟΚΟΛΑΤΑ ΣΕ ΣΚΟΝΗ,Δεκέμβριος,89,95
1213,KAKAO ΚΑΙ ΣΟΚΟΛΑΤΑ ΣΕ ΣΚΟΝΗ,ΕΤΗΣΙΟΣ,90,55
121,ΚΑΦΕΣ - ΚΑΚΑΟ - ΤΣΑΪ,W%0,3,15
121,ΚΑΦΕΣ - ΚΑΚΑΟ - ΤΣΑΪ,Ιανουάριος,113,56
121,ΚΑΦΕΣ - ΚΑΚΑΟ - ΤΣΑΪ,Φεβρουάριος,112,11
121,ΚΑΦΕΣ - ΚΑΚΑΟ - ΤΣΑΪ,Μάρτιος,112,14
121,ΚΑΦΕΣ - ΚΑΚΑΟ - ΤΣΑΪ,Απρίλιος,113,87
121,ΚΑΦΕΣ - ΚΑΚΑΟ - ΤΣΑΪ,Μάιος,113,78
121,ΚΑΦΕΣ - ΚΑΚΑΟ - ΤΣΑΪ,Ιούνιος,114,42
121,ΚΑΦΕΣ - ΚΑΚΑΟ - ΤΣΑΪ,Ιούλιος,112,78
121,ΚΑΦΕΣ - ΚΑΚΑΟ - ΤΣΑΪ,Αύγουστος,112,94
121,ΚΑΦΕΣ - ΚΑΚΑΟ - ΤΣΑΪ,Σεπτέμβριος,113,68
121,ΚΑΦΕΣ - ΚΑΚΑΟ - ΤΣΑΪ,Οκτώβριος,114,43
121,ΚΑΦΕΣ - ΚΑΚΑΟ - ΤΣΑΪ,Νοέμβριος,113,73
121,ΚΑΦΕΣ - ΚΑΚΑΟ - ΤΣΑΪ,Δεκέμβριος,113,41
121,ΚΑΦΕΣ - ΚΑΚΑΟ - ΤΣΑΪ,ΕΤΗΣΙΟΣ,113,4
1221,ΜΕΤΑΛΛΙΚΟ - ΑΝΘΡΑΚΟΥΧΟ ΝΕΡΟ,W%0,1,53
1221,ΜΕΤΑΛΛΙΚΟ - ΑΝΘΡΑΚΟΥΧΟ ΝΕΡΟ,Ιανουάριος,96,41
1221,ΜΕΤΑΛΛΙΚΟ - ΑΝΘΡΑΚΟΥΧΟ ΝΕΡΟ,Φεβρουάριος,95,68
1221,ΜΕΤΑΛΛΙΚΟ - ΑΝΘΡΑΚΟΥΧΟ ΝΕΡΟ,Μάρτιος,95,29
1221,ΜΕΤΑΛΛΙΚΟ - ΑΝΘΡΑΚΟΥΧΟ ΝΕΡΟ,Απρίλιος,95,55
1221,ΜΕΤΑΛΛΙΚΟ - ΑΝΘΡΑΚΟΥΧΟ ΝΕΡΟ,Μάιος,94,91
1221,ΜΕΤΑΛΛΙΚΟ - ΑΝΘΡΑΚΟΥΧΟ ΝΕΡΟ,Ιούνιος,94,71
1221,ΜΕΤΑΛΛΙΚΟ - ΑΝΘΡΑΚΟΥΧΟ ΝΕΡΟ,Ιούλιος,95,96
1221,ΜΕΤΑΛΛΙΚΟ - ΑΝΘΡΑΚΟΥΧΟ ΝΕΡΟ,Αύγουστος,95,8
1221,ΜΕΤΑΛΛΙΚΟ - ΑΝΘΡΑΚΟΥΧΟ ΝΕΡΟ,Σεπτέμβριος,94,40
1221,ΜΕΤΑΛΛΙΚΟ - ΑΝΘΡΑΚΟΥΧΟ ΝΕΡΟ,Οκτώβριος,94,30
1221,ΜΕΤΑΛΛΙΚΟ - ΑΝΘΡΑΚΟΥΧΟ ΝΕΡΟ,Νοέμβριος,95,1
1221,ΜΕΤΑΛΛΙΚΟ - ΑΝΘΡΑΚΟΥΧΟ ΝΕΡΟ,Δεκέμβριος,94,96
1221,ΜΕΤΑΛΛΙΚΟ - ΑΝΘΡΑΚΟΥΧΟ ΝΕΡΟ,ΕΤΗΣΙΟΣ,95,19
1222,ΑΝΑΨΥΚΤΙΚΑ,W%0,2,93
1222,ΑΝΑΨΥΚΤΙΚΑ,Ιανουάριος,103,69
1222,ΑΝΑΨΥΚΤΙΚΑ,Φεβρουάριος,102,75
1222,ΑΝΑΨΥΚΤΙΚΑ,Μάρτιος,102,75
1222,ΑΝΑΨΥΚΤΙΚΑ,Απρίλιος,102,67
1222,ΑΝΑΨΥΚΤΙΚΑ,Μάιος,102,51
1222,ΑΝΑΨΥΚΤΙΚΑ,Ιούνιος,96,85
1222,ΑΝΑΨΥΚΤΙΚΑ,Ιούλιος,94,67
1222,ΑΝΑΨΥΚΤΙΚΑ,Αύγουστος,93,58
1222,ΑΝΑΨΥΚΤΙΚΑ,Σεπτέμβριος,94,99
1222,ΑΝΑΨΥΚΤΙΚΑ,Οκτώβριος,92,98
1222,ΑΝΑΨΥΚΤΙΚΑ,Νοέμβριος,94,17
1222,ΑΝΑΨΥΚΤΙΚΑ,Δεκέμβριος,95,34
1222,ΑΝΑΨΥΚΤΙΚΑ,ΕΤΗΣΙΟΣ,98,8
1223,ΧΥΜΟΙ ΦΡΟΥΤΩΝ,W%0,2,60
1223,ΧΥΜΟΙ ΦΡΟΥΤΩΝ,Ιανουάριος,95,33
1223,ΧΥΜΟΙ ΦΡΟΥΤΩΝ,Φεβρουάριος,94,64
1223,ΧΥΜΟΙ ΦΡΟΥΤΩΝ,Μάρτιος,94,86
1223,ΧΥΜΟΙ ΦΡΟΥΤΩΝ,Απρίλιος,96,8
1223,ΧΥΜΟΙ ΦΡΟΥΤΩΝ,Μάιος,95,14
1223,ΧΥΜΟΙ ΦΡΟΥΤΩΝ,Ιούνιος,96,40
1223,ΧΥΜΟΙ ΦΡΟΥΤΩΝ,Ιούλιος,95,34
1223,ΧΥΜΟΙ ΦΡΟΥΤΩΝ,Αύγουστος,93,34
1223,ΧΥΜΟΙ ΦΡΟΥΤΩΝ,Σεπτέμβριος,94,48
1223,ΧΥΜΟΙ ΦΡΟΥΤΩΝ,Οκτώβριος,92,15
1223,ΧΥΜΟΙ ΦΡΟΥΤΩΝ,Νοέμβριος,94,38
1223,ΧΥΜΟΙ ΦΡΟΥΤΩΝ,Δεκέμβριος,93,33
1223,ΧΥΜΟΙ ΦΡΟΥΤΩΝ,ΕΤΗΣΙΟΣ,94,62
122,ΜΕΤΑΛΛΙΚΟ ΝΕΡΟ - ΑΝΑΨΥΚΤΙΚΑ - ΧΥΜΟΙ ΦΡΟΥΤΩΝ,W%0,7,6
122,ΜΕΤΑΛΛΙΚΟ ΝΕΡΟ - ΑΝΑΨΥΚΤΙΚΑ - ΧΥΜΟΙ ΦΡΟΥΤΩΝ,Ιανουάριος,98,65
122,ΜΕΤΑΛΛΙΚΟ ΝΕΡΟ - ΑΝΑΨΥΚΤΙΚΑ - ΧΥΜΟΙ ΦΡΟΥΤΩΝ,Φεβρουάριος,97,85
122,ΜΕΤΑΛΛΙΚΟ ΝΕΡΟ - ΑΝΑΨΥΚΤΙΚΑ - ΧΥΜΟΙ ΦΡΟΥΤΩΝ,Μάρτιος,97,85
122,ΜΕΤΑΛΛΙΚΟ ΝΕΡΟ - ΑΝΑΨΥΚΤΙΚΑ - ΧΥΜΟΙ ΦΡΟΥΤΩΝ,Απρίλιος,98,33
122,ΜΕΤΑΛΛΙΚΟ ΝΕΡΟ - ΑΝΑΨΥΚΤΙΚΑ - ΧΥΜΟΙ ΦΡΟΥΤΩΝ,Μάιος,97,77
122,ΜΕΤΑΛΛΙΚΟ ΝΕΡΟ - ΑΝΑΨΥΚΤΙΚΑ - ΧΥΜΟΙ ΦΡΟΥΤΩΝ,Ιούνιος,95,95
122,ΜΕΤΑΛΛΙΚΟ ΝΕΡΟ - ΑΝΑΨΥΚΤΙΚΑ - ΧΥΜΟΙ ΦΡΟΥΤΩΝ,Ιούλιος,94,95
122,ΜΕΤΑΛΛΙΚΟ ΝΕΡΟ - ΑΝΑΨΥΚΤΙΚΑ - ΧΥΜΟΙ ΦΡΟΥΤΩΝ,Αύγουστος,93,57
122,ΜΕΤΑΛΛΙΚΟ ΝΕΡΟ - ΑΝΑΨΥΚΤΙΚΑ - ΧΥΜΟΙ ΦΡΟΥΤΩΝ,Σεπτέμβριος,94,42
122,ΜΕΤΑΛΛΙΚΟ ΝΕΡΟ - ΑΝΑΨΥΚΤΙΚΑ - ΧΥΜΟΙ ΦΡΟΥΤΩΝ,Οκτώβριος,92,71
122,ΜΕΤΑΛΛΙΚΟ ΝΕΡΟ - ΑΝΑΨΥΚΤΙΚΑ - ΧΥΜΟΙ ΦΡΟΥΤΩΝ,Νοέμβριος,94,18
122,ΜΕΤΑΛΛΙΚΟ ΝΕΡΟ - ΑΝΑΨΥΚΤΙΚΑ - ΧΥΜΟΙ ΦΡΟΥΤΩΝ,Δεκέμβριος,94,24
122,ΜΕΤΑΛΛΙΚΟ ΝΕΡΟ - ΑΝΑΨΥΚΤΙΚΑ - ΧΥΜΟΙ ΦΡΟΥΤΩΝ,ΕΤΗΣΙΟΣ,95,87
12,ΜΗ ΑΛΚΟΟΛΟΥΧΑ ΠΟΤΑ (ΜΗ ΣΕΡΒΙΡΙΖΟΜΕΝΑ),W%0,10,21
12,ΜΗ ΑΛΚΟΟΛΟΥΧΑ ΠΟΤΑ (ΜΗ ΣΕΡΒΙΡΙΖΟΜΕΝΑ),Ιανουάριος,102,98
12,ΜΗ ΑΛΚΟΟΛΟΥΧΑ ΠΟΤΑ (ΜΗ ΣΕΡΒΙΡΙΖΟΜΕΝΑ),Φεβρουάριος,102,0
12,ΜΗ ΑΛΚΟΟΛΟΥΧΑ ΠΟΤΑ (ΜΗ ΣΕΡΒΙΡΙΖΟΜΕΝΑ),Μάρτιος,102,0
12,ΜΗ ΑΛΚΟΟΛΟΥΧΑ ΠΟΤΑ (ΜΗ ΣΕΡΒΙΡΙΖΟΜΕΝΑ),Απρίλιος,102,83
12,ΜΗ ΑΛΚΟΟΛΟΥΧΑ ΠΟΤΑ (ΜΗ ΣΕΡΒΙΡΙΖΟΜΕΝΑ),Μάιος,102,40
12,ΜΗ ΑΛΚΟΟΛΟΥΧΑ ΠΟΤΑ (ΜΗ ΣΕΡΒΙΡΙΖΟΜΕΝΑ),Ιούνιος,101,26
12,ΜΗ ΑΛΚΟΟΛΟΥΧΑ ΠΟΤΑ (ΜΗ ΣΕΡΒΙΡΙΖΟΜΕΝΑ),Ιούλιος,100,9
12,ΜΗ ΑΛΚΟΟΛΟΥΧΑ ΠΟΤΑ (ΜΗ ΣΕΡΒΙΡΙΖΟΜΕΝΑ),Αύγουστος,99,13
12,ΜΗ ΑΛΚΟΟΛΟΥΧΑ ΠΟΤΑ (ΜΗ ΣΕΡΒΙΡΙΖΟΜΕΝΑ),Σεπτέμβριος,99,95
12,ΜΗ ΑΛΚΟΟΛΟΥΧΑ ΠΟΤΑ (ΜΗ ΣΕΡΒΙΡΙΖΟΜΕΝΑ),Οκτώβριος,98,92
12,ΜΗ ΑΛΚΟΟΛΟΥΧΑ ΠΟΤΑ (ΜΗ ΣΕΡΒΙΡΙΖΟΜΕΝΑ),Νοέμβριος,99,79
12,ΜΗ ΑΛΚΟΟΛΟΥΧΑ ΠΟΤΑ (ΜΗ ΣΕΡΒΙΡΙΖΟΜΕΝΑ),Δεκέμβριος,99,75
12,ΜΗ ΑΛΚΟΟΛΟΥΧΑ ΠΟΤΑ (ΜΗ ΣΕΡΒΙΡΙΖΟΜΕΝΑ),ΕΤΗΣΙΟΣ,100,93
1,ΔΙΑΤΡΟΦΗ & ΜΗ ΑΛΚΟΟΛΟΥΧΑ ΠΟΤΑ,W%0,194,4
1,ΔΙΑΤΡΟΦΗ & ΜΗ ΑΛΚΟΟΛΟΥΧΑ ΠΟΤΑ,Ιανουάριος,101,99
1,ΔΙΑΤΡΟΦΗ & ΜΗ ΑΛΚΟΟΛΟΥΧΑ ΠΟΤΑ,Φεβρουάριος,102,24
1,ΔΙΑΤΡΟΦΗ & ΜΗ ΑΛΚΟΟΛΟΥΧΑ ΠΟΤΑ,Μάρτιος,101,63
1,ΔΙΑΤΡΟΦΗ & ΜΗ ΑΛΚΟΟΛΟΥΧΑ ΠΟΤΑ,Απρίλιος,102,41
1,ΔΙΑΤΡΟΦΗ & ΜΗ ΑΛΚΟΟΛΟΥΧΑ ΠΟΤΑ,Μάιος,102,42
1,ΔΙΑΤΡΟΦΗ & ΜΗ ΑΛΚΟΟΛΟΥΧΑ ΠΟΤΑ,Ιούνιος,103,1
1,ΔΙΑΤΡΟΦΗ & ΜΗ ΑΛΚΟΟΛΟΥΧΑ ΠΟΤΑ,Ιούλιος,100,81
1,ΔΙΑΤΡΟΦΗ & ΜΗ ΑΛΚΟΟΛΟΥΧΑ ΠΟΤΑ,Αύγουστος,100,57
1,ΔΙΑΤΡΟΦΗ & ΜΗ ΑΛΚΟΟΛΟΥΧΑ ΠΟΤΑ,Σεπτέμβριος,101,78
1,ΔΙΑΤΡΟΦΗ & ΜΗ ΑΛΚΟΟΛΟΥΧΑ ΠΟΤΑ,Οκτώβριος,101,99
1,ΔΙΑΤΡΟΦΗ & ΜΗ ΑΛΚΟΟΛΟΥΧΑ ΠΟΤΑ,Νοέμβριος,102,21
1,ΔΙΑΤΡΟΦΗ & ΜΗ ΑΛΚΟΟΛΟΥΧΑ ΠΟΤΑ,Δεκέμβριος,101,21
1,ΔΙΑΤΡΟΦΗ & ΜΗ ΑΛΚΟΟΛΟΥΧΑ ΠΟΤΑ,ΕΤΗΣΙΟΣ,101,86
2111,ΟΙΝΟΠΝΕΥΜΑΤΩΔΗ ΚΑΙ ΛΙΚΕΡ,W%0,4,25
2111,ΟΙΝΟΠΝΕΥΜΑΤΩΔΗ ΚΑΙ ΛΙΚΕΡ,Ιανουάριος,102,26
2111,ΟΙΝΟΠΝΕΥΜΑΤΩΔΗ ΚΑΙ ΛΙΚΕΡ,Φεβρουάριος,101,46
2111,ΟΙΝΟΠΝΕΥΜΑΤΩΔΗ ΚΑΙ ΛΙΚΕΡ,Μάρτιος,101,91
2111,ΟΙΝΟΠΝΕΥΜΑΤΩΔΗ ΚΑΙ ΛΙΚΕΡ,Απρίλιος,99,6
2111,ΟΙΝΟΠΝΕΥΜΑΤΩΔΗ ΚΑΙ ΛΙΚΕΡ,Μάιος,101,95
2111,ΟΙΝΟΠΝΕΥΜΑΤΩΔΗ ΚΑΙ ΛΙΚΕΡ,Ιούνιος,102,44
2111,ΟΙΝΟΠΝΕΥΜΑΤΩΔΗ ΚΑΙ ΛΙΚΕΡ,Ιούλιος,102,51
2111,ΟΙΝΟΠΝΕΥΜΑΤΩΔΗ ΚΑΙ ΛΙΚΕΡ,Αύγουστος,101,93
2111,ΟΙΝΟΠΝΕΥΜΑΤΩΔΗ ΚΑΙ ΛΙΚΕΡ,Σεπτέμβριος,101,63
2111,ΟΙΝΟΠΝΕΥΜΑΤΩΔΗ ΚΑΙ ΛΙΚΕΡ,Οκτώβριος,102,33
2111,ΟΙΝΟΠΝΕΥΜΑΤΩΔΗ ΚΑΙ ΛΙΚΕΡ,Νοέμβριος,101,40
2111,ΟΙΝΟΠΝΕΥΜΑΤΩΔΗ ΚΑΙ ΛΙΚΕΡ,Δεκέμβριος,98,88
2111,ΟΙΝΟΠΝΕΥΜΑΤΩΔΗ ΚΑΙ ΛΙΚΕΡ,ΕΤΗΣΙΟΣ,101,48
211,ΟΙΝΟΠΝΕΥΜΑΤΩΔΗ ΠΟΤΑ,W%0,4,25
211,ΟΙΝΟΠΝΕΥΜΑΤΩΔΗ ΠΟΤΑ,Ιανουάριος,102,26
211,ΟΙΝΟΠΝΕΥΜΑΤΩΔΗ ΠΟΤΑ,Φεβρουάριος,101,46
211,ΟΙΝΟΠΝΕΥΜΑΤΩΔΗ ΠΟΤΑ,Μάρτιος,101,91
211,ΟΙΝΟΠΝΕΥΜΑΤΩΔΗ ΠΟΤΑ,Απρίλιος,99,6
211,ΟΙΝΟΠΝΕΥΜΑΤΩΔΗ ΠΟΤΑ,Μάιος,101,95
211,ΟΙΝΟΠΝΕΥΜΑΤΩΔΗ ΠΟΤΑ,Ιούνιος,102,44
211,ΟΙΝΟΠΝΕΥΜΑΤΩΔΗ ΠΟΤΑ,Ιούλιος,102,51
211,ΟΙΝΟΠΝΕΥΜΑΤΩΔΗ ΠΟΤΑ,Αύγουστος,101,93
211,ΟΙΝΟΠΝΕΥΜΑΤΩΔΗ ΠΟΤΑ,Σεπτέμβριος,101,63
211,ΟΙΝΟΠΝΕΥΜΑΤΩΔΗ ΠΟΤΑ,Οκτώβριος,102,33
211,ΟΙΝΟΠΝΕΥΜΑΤΩΔΗ ΠΟΤΑ,Νοέμβριος,101,40
211,ΟΙΝΟΠΝΕΥΜΑΤΩΔΗ ΠΟΤΑ,Δεκέμβριος,98,88
211,ΟΙΝΟΠΝΕΥΜΑΤΩΔΗ ΠΟΤΑ,ΕΤΗΣΙΟΣ,101,48
2121,ΚΡΑΣΙΑ ΑΠΟ ΣΤΑΦΥΛΙΑ,W%0,3,48
2121,ΚΡΑΣΙΑ ΑΠΟ ΣΤΑΦΥΛΙΑ,Ιανουάριος,101,73
2121,ΚΡΑΣΙΑ ΑΠΟ ΣΤΑΦΥΛΙΑ,Φεβρουάριος,98,55
2121,ΚΡΑΣΙΑ ΑΠΟ ΣΤΑΦΥΛΙΑ,Μάρτιος,100,98
2121,ΚΡΑΣΙΑ ΑΠΟ ΣΤΑΦΥΛΙΑ,Απρίλιος,99,30
2121,ΚΡΑΣΙΑ ΑΠΟ ΣΤΑΦΥΛΙΑ,Μάιος,101,57
2121,ΚΡΑΣΙΑ ΑΠΟ ΣΤΑΦΥΛΙΑ,Ιούνιος,102,61
2121,ΚΡΑΣΙΑ ΑΠΟ ΣΤΑΦΥΛΙΑ,Ιούλιος,100,95
2121,ΚΡΑΣΙΑ ΑΠΟ ΣΤΑΦΥΛΙΑ,Αύγουστος,103,14
2121,ΚΡΑΣΙΑ ΑΠΟ ΣΤΑΦΥΛΙΑ,Σεπτέμβριος,102,4
2121,ΚΡΑΣΙΑ ΑΠΟ ΣΤΑΦΥΛΙΑ,Οκτώβριος,99,21
2121,ΚΡΑΣΙΑ ΑΠΟ ΣΤΑΦΥΛΙΑ,Νοέμβριος,98,65
2121,ΚΡΑΣΙΑ ΑΠΟ ΣΤΑΦΥΛΙΑ,Δεκέμβριος,94,47
2121,ΚΡΑΣΙΑ ΑΠΟ ΣΤΑΦΥΛΙΑ,ΕΤΗΣΙΟΣ,100,27
212,ΚΡΑΣΙΑ,W%0,3,48
212,ΚΡΑΣΙΑ,Ιανουάριος,101,73
212,ΚΡΑΣΙΑ,Φεβρουάριος,98,55
212,ΚΡΑΣΙΑ,Μάρτιος,100,98
212,ΚΡΑΣΙΑ,Απρίλιος,99,30
212,ΚΡΑΣΙΑ,Μάιος,101,57
212,ΚΡΑΣΙΑ,Ιούνιος,102,61
212,ΚΡΑΣΙΑ,Ιούλιος,100,95
212,ΚΡΑΣΙΑ,Αύγουστος,103,14
212,ΚΡΑΣΙΑ,Σεπτέμβριος,102,4
212,ΚΡΑΣΙΑ,Οκτώβριος,99,21
212,ΚΡΑΣΙΑ,Νοέμβριος,98,65
212,ΚΡΑΣΙΑ,Δεκέμβριος,94,47
212,ΚΡΑΣΙΑ,ΕΤΗΣΙΟΣ,100,27
2131,ΜΠΥΡΕΣ,W%0,2,82
2131,ΜΠΥΡΕΣ,Ιανουάριος,116,86
2131,ΜΠΥΡΕΣ,Φεβρουάριος,116,83
2131,ΜΠΥΡΕΣ,Μάρτιος,117,2
2131,ΜΠΥΡΕΣ,Απρίλιος,116,76
2131,ΜΠΥΡΕΣ,Μάιος,116,4
2131,ΜΠΥΡΕΣ,Ιούνιος,115,78
2131,ΜΠΥΡΕΣ,Ιούλιος,115,39
2131,ΜΠΥΡΕΣ,Αύγουστος,114,1
2131,ΜΠΥΡΕΣ,Σεπτέμβριος,114,91
2131,ΜΠΥΡΕΣ,Οκτώβριος,115,38
2131,ΜΠΥΡΕΣ,Νοέμβριος,115,45
2131,ΜΠΥΡΕΣ,Δεκέμβριος,116,72
2131,ΜΠΥΡΕΣ,ΕΤΗΣΙΟΣ,115,93
213,ΜΠΥΡΕΣ,W%0,2,82
213,ΜΠΥΡΕΣ,Ιανουάριος,116,86
213,ΜΠΥΡΕΣ,Φεβρουάριος,116,83
213,ΜΠΥΡΕΣ,Μάρτιος,117,2
213,ΜΠΥΡΕΣ,Απρίλιος,116,76
213,ΜΠΥΡΕΣ,Μάιος,116,4
213,ΜΠΥΡΕΣ,Ιούνιος,115,78
213,ΜΠΥΡΕΣ,Ιούλιος,115,39
213,ΜΠΥΡΕΣ,Αύγουστος,114,1
213,ΜΠΥΡΕΣ,Σεπτέμβριος,114,91
213,ΜΠΥΡΕΣ,Οκτώβριος,115,38
213,ΜΠΥΡΕΣ,Νοέμβριος,115,45
213,ΜΠΥΡΕΣ,Δεκέμβριος,116,72
213,ΜΠΥΡΕΣ,ΕΤΗΣΙΟΣ,115,93
21,ΑΛΚΟΟΛΟΥΧΑ ΠΟΤΑ (ΜΗ ΣΕΡΒΙΡΙΖΟΜΕΝΑ),W%0,10,55
21,ΑΛΚΟΟΛΟΥΧΑ ΠΟΤΑ (ΜΗ ΣΕΡΒΙΡΙΖΟΜΕΝΑ),Ιανουάριος,105,57
21,ΑΛΚΟΟΛΟΥΧΑ ΠΟΤΑ (ΜΗ ΣΕΡΒΙΡΙΖΟΜΕΝΑ),Φεβρουάριος,104,13
21,ΑΛΚΟΟΛΟΥΧΑ ΠΟΤΑ (ΜΗ ΣΕΡΒΙΡΙΖΟΜΕΝΑ),Μάρτιος,105,20
21,ΑΛΚΟΟΛΟΥΧΑ ΠΟΤΑ (ΜΗ ΣΕΡΒΙΡΙΖΟΜΕΝΑ),Απρίλιος,103,37
21,ΑΛΚΟΟΛΟΥΧΑ ΠΟΤΑ (ΜΗ ΣΕΡΒΙΡΙΖΟΜΕΝΑ),Μάιος,105,19
21,ΑΛΚΟΟΛΟΥΧΑ ΠΟΤΑ (ΜΗ ΣΕΡΒΙΡΙΖΟΜΕΝΑ),Ιούνιος,105,70
21,ΑΛΚΟΟΛΟΥΧΑ ΠΟΤΑ (ΜΗ ΣΕΡΒΙΡΙΖΟΜΕΝΑ),Ιούλιος,105,6
21,ΑΛΚΟΟΛΟΥΧΑ ΠΟΤΑ (ΜΗ ΣΕΡΒΙΡΙΖΟΜΕΝΑ),Αύγουστος,105,26
21,ΑΛΚΟΟΛΟΥΧΑ ΠΟΤΑ (ΜΗ ΣΕΡΒΙΡΙΖΟΜΕΝΑ),Σεπτέμβριος,104,96
21,ΑΛΚΟΟΛΟΥΧΑ ΠΟΤΑ (ΜΗ ΣΕΡΒΙΡΙΖΟΜΕΝΑ),Οκτώβριος,104,38
21,ΑΛΚΟΟΛΟΥΧΑ ΠΟΤΑ (ΜΗ ΣΕΡΒΙΡΙΖΟΜΕΝΑ),Νοέμβριος,103,81
21,ΑΛΚΟΟΛΟΥΧΑ ΠΟΤΑ (ΜΗ ΣΕΡΒΙΡΙΖΟΜΕΝΑ),Δεκέμβριος,101,61
21,ΑΛΚΟΟΛΟΥΧΑ ΠΟΤΑ (ΜΗ ΣΕΡΒΙΡΙΖΟΜΕΝΑ),ΕΤΗΣΙΟΣ,104,52
2201,ΤΣΙΓΑΡΑ,W%0,29,65
2201,ΤΣΙΓΑΡΑ,Ιανουάριος,114,56
2201,ΤΣΙΓΑΡΑ,Φεβρουάριος,114,50
2201,ΤΣΙΓΑΡΑ,Μάρτιος,114,50
2201,ΤΣΙΓΑΡΑ,Απρίλιος,114,50
2201,ΤΣΙΓΑΡΑ,Μάιος,114,50
2201,ΤΣΙΓΑΡΑ,Ιούνιος,114,50
2201,ΤΣΙΓΑΡΑ,Ιούλιος,114,50
2201,ΤΣΙΓΑΡΑ,Αύγουστος,114,50
2201,ΤΣΙΓΑΡΑ,Σεπτέμβριος,114,50
2201,ΤΣΙΓΑΡΑ,Οκτώβριος,114,50
2201,ΤΣΙΓΑΡΑ,Νοέμβριος,114,50
2201,ΤΣΙΓΑΡΑ,Δεκέμβριος,114,57
2201,ΤΣΙΓΑΡΑ,ΕΤΗΣΙΟΣ,114,51
2202,ΠΟΥΡΑ & ΠΟΥΡΑΚΙΑ,W%0,0,29
2202,ΠΟΥΡΑ & ΠΟΥΡΑΚΙΑ,Ιανουάριος,110,89
2202,ΠΟΥΡΑ & ΠΟΥΡΑΚΙΑ,Φεβρουάριος,110,89
2202,ΠΟΥΡΑ & ΠΟΥΡΑΚΙΑ,Μάρτιος,110,89
2202,ΠΟΥΡΑ & ΠΟΥΡΑΚΙΑ,Απρίλιος,110,89
2202,ΠΟΥΡΑ & ΠΟΥΡΑΚΙΑ,Μάιος,110,89
2202,ΠΟΥΡΑ & ΠΟΥΡΑΚΙΑ,Ιούνιος,110,89
2202,ΠΟΥΡΑ & ΠΟΥΡΑΚΙΑ,Ιούλιος,110,89
2202,ΠΟΥΡΑ & ΠΟΥΡΑΚΙΑ,Αύγουστος,110,89
2202,ΠΟΥΡΑ & ΠΟΥΡΑΚΙΑ,Σεπτέμβριος,110,89
2202,ΠΟΥΡΑ & ΠΟΥΡΑΚΙΑ,Οκτώβριος,110,89
2202,ΠΟΥΡΑ & ΠΟΥΡΑΚΙΑ,Νοέμβριος,110,89
2202,ΠΟΥΡΑ & ΠΟΥΡΑΚΙΑ,Δεκέμβριος,110,89
2202,ΠΟΥΡΑ & ΠΟΥΡΑΚΙΑ,ΕΤΗΣΙΟΣ,110,89
2203,ΑΛΛΑ ΠΡΟΙΟΝΤΑ ΚΑΠΝΟΥ,W%0,7,50
2203,ΑΛΛΑ ΠΡΟΙΟΝΤΑ ΚΑΠΝΟΥ,Ιανουάριος,110,89
2203,ΑΛΛΑ ΠΡΟΙΟΝΤΑ ΚΑΠΝΟΥ,Φεβρουάριος,110,89
2203,ΑΛΛΑ ΠΡΟΙΟΝΤΑ ΚΑΠΝΟΥ,Μάρτιος,110,89
2203,ΑΛΛΑ ΠΡΟΙΟΝΤΑ ΚΑΠΝΟΥ,Απρίλιος,110,89
2203,ΑΛΛΑ ΠΡΟΙΟΝΤΑ ΚΑΠΝΟΥ,Μάιος,110,89
2203,ΑΛΛΑ ΠΡΟΙΟΝΤΑ ΚΑΠΝΟΥ,Ιούνιος,110,89
2203,ΑΛΛΑ ΠΡΟΙΟΝΤΑ ΚΑΠΝΟΥ,Ιούλιος,110,89
2203,ΑΛΛΑ ΠΡΟΙΟΝΤΑ ΚΑΠΝΟΥ,Αύγουστος,110,89
2203,ΑΛΛΑ ΠΡΟΙΟΝΤΑ ΚΑΠΝΟΥ,Σεπτέμβριος,110,89
2203,ΑΛΛΑ ΠΡΟΙΟΝΤΑ ΚΑΠΝΟΥ,Οκτώβριος,110,89
2203,ΑΛΛΑ ΠΡΟΙΟΝΤΑ ΚΑΠΝΟΥ,Νοέμβριος,110,89
2203,ΑΛΛΑ ΠΡΟΙΟΝΤΑ ΚΑΠΝΟΥ,Δεκέμβριος,110,89
2203,ΑΛΛΑ ΠΡΟΙΟΝΤΑ ΚΑΠΝΟΥ,ΕΤΗΣΙΟΣ,110,89
22,ΚΑΠΝΟΣ,W%0,37,44
22,ΚΑΠΝΟΣ,Ιανουάριος,113,91
22,ΚΑΠΝΟΣ,Φεβρουάριος,113,87
22,ΚΑΠΝΟΣ,Μάρτιος,113,87
22,ΚΑΠΝΟΣ,Απρίλιος,113,87
22,ΚΑΠΝΟΣ,Μάιος,113,87
22,ΚΑΠΝΟΣ,Ιούνιος,113,87
22,ΚΑΠΝΟΣ,Ιούλιος,113,87
22,ΚΑΠΝΟΣ,Αύγουστος,113,87
22,ΚΑΠΝΟΣ,Σεπτέμβριος,113,87
22,ΚΑΠΝΟΣ,Οκτώβριος,113,87
22,ΚΑΠΝΟΣ,Νοέμβριος,113,87
22,ΚΑΠΝΟΣ,Δεκέμβριος,113,92
22,ΚΑΠΝΟΣ,ΕΤΗΣΙΟΣ,113,87
2,ΑΛΚΟΟΛΟΥΧΑ ΠΟΤΑ & ΚΑΠΝΟΣ,W%0,47,99
2,ΑΛΚΟΟΛΟΥΧΑ ΠΟΤΑ & ΚΑΠΝΟΣ,Ιανουάριος,112,28
2,ΑΛΚΟΟΛΟΥΧΑ ΠΟΤΑ & ΚΑΠΝΟΣ,Φεβρουάριος,111,90
2,ΑΛΚΟΟΛΟΥΧΑ ΠΟΤΑ & ΚΑΠΝΟΣ,Μάρτιος,112,16
2,ΑΛΚΟΟΛΟΥΧΑ ΠΟΤΑ & ΚΑΠΝΟΣ,Απρίλιος,111,72
2,ΑΛΚΟΟΛΟΥΧΑ ΠΟΤΑ & ΚΑΠΝΟΣ,Μάιος,112,15
2,ΑΛΚΟΟΛΟΥΧΑ ΠΟΤΑ & ΚΑΠΝΟΣ,Ιούνιος,112,27
2,ΑΛΚΟΟΛΟΥΧΑ ΠΟΤΑ & ΚΑΠΝΟΣ,Ιούλιος,112,12
2,ΑΛΚΟΟΛΟΥΧΑ ΠΟΤΑ & ΚΑΠΝΟΣ,Αύγουστος,112,17
2,ΑΛΚΟΟΛΟΥΧΑ ΠΟΤΑ & ΚΑΠΝΟΣ,Σεπτέμβριος,112,10
2,ΑΛΚΟΟΛΟΥΧΑ ΠΟΤΑ & ΚΑΠΝΟΣ,Οκτώβριος,111,96
2,ΑΛΚΟΟΛΟΥΧΑ ΠΟΤΑ & ΚΑΠΝΟΣ,Νοέμβριος,111,82
2,ΑΛΚΟΟΛΟΥΧΑ ΠΟΤΑ & ΚΑΠΝΟΣ,Δεκέμβριος,111,34
2,ΑΛΚΟΟΛΟΥΧΑ ΠΟΤΑ & ΚΑΠΝΟΣ,ΕΤΗΣΙΟΣ,112,
311,ΥΦΑΣΜΑΤΑ,W%0,0,6
311,ΥΦΑΣΜΑΤΑ,Ιανουάριος,95,34
311,ΥΦΑΣΜΑΤΑ,Φεβρουάριος,95,5
311,ΥΦΑΣΜΑΤΑ,Μάρτιος,102,77
311,ΥΦΑΣΜΑΤΑ,Απρίλιος,102,77
311,ΥΦΑΣΜΑΤΑ,Μάιος,100,56
311,ΥΦΑΣΜΑΤΑ,Ιούνιος,102,49
311,ΥΦΑΣΜΑΤΑ,Ιούλιος,95,34
311,ΥΦΑΣΜΑΤΑ,Αύγουστος,94,77
311,ΥΦΑΣΜΑΤΑ,Σεπτέμβριος,102,71
311,ΥΦΑΣΜΑΤΑ,Οκτώβριος,102,2
311,ΥΦΑΣΜΑΤΑ,Νοέμβριος,98,23
311,ΥΦΑΣΜΑΤΑ,Δεκέμβριος,100,87
311,ΥΦΑΣΜΑΤΑ,ΕΤΗΣΙΟΣ,99,41
3121,ΑΝΔΡΙΚΑ ΕΙΔΗ ΕΝΔΥΣΗΣ,W%0,10,56
3121,ΑΝΔΡΙΚΑ ΕΙΔΗ ΕΝΔΥΣΗΣ,Ιανουάριος,77,37
3121,ΑΝΔΡΙΚΑ ΕΙΔΗ ΕΝΔΥΣΗΣ,Φεβρουάριος,72,1
3121,ΑΝΔΡΙΚΑ ΕΙΔΗ ΕΝΔΥΣΗΣ,Μάρτιος,108,23
3121,ΑΝΔΡΙΚΑ ΕΙΔΗ ΕΝΔΥΣΗΣ,Απρίλιος,108,78
3121,ΑΝΔΡΙΚΑ ΕΙΔΗ ΕΝΔΥΣΗΣ,Μάιος,99,85
3121,ΑΝΔΡΙΚΑ ΕΙΔΗ ΕΝΔΥΣΗΣ,Ιούνιος,103,62
3121,ΑΝΔΡΙΚΑ ΕΙΔΗ ΕΝΔΥΣΗΣ,Ιούλιος,80,10
3121,ΑΝΔΡΙΚΑ ΕΙΔΗ ΕΝΔΥΣΗΣ,Αύγουστος,75,25
3121,ΑΝΔΡΙΚΑ ΕΙΔΗ ΕΝΔΥΣΗΣ,Σεπτέμβριος,108,18
3121,ΑΝΔΡΙΚΑ ΕΙΔΗ ΕΝΔΥΣΗΣ,Οκτώβριος,108,65
3121,ΑΝΔΡΙΚΑ ΕΙΔΗ ΕΝΔΥΣΗΣ,Νοέμβριος,93,66
3121,ΑΝΔΡΙΚΑ ΕΙΔΗ ΕΝΔΥΣΗΣ,Δεκέμβριος,105,51
3121,ΑΝΔΡΙΚΑ ΕΙΔΗ ΕΝΔΥΣΗΣ,ΕΤΗΣΙΟΣ,95,1
3122,ΓΥΝΑΙΚΕΙΑ ΕΙΔΗ ΕΝΔΥΣΗΣ,W%0,16,2
3122,ΓΥΝΑΙΚΕΙΑ ΕΙΔΗ ΕΝΔΥΣΗΣ,Ιανουάριος,78,88
3122,ΓΥΝΑΙΚΕΙΑ ΕΙΔΗ ΕΝΔΥΣΗΣ,Φεβρουάριος,72,86
3122,ΓΥΝΑΙΚΕΙΑ ΕΙΔΗ ΕΝΔΥΣΗΣ,Μάρτιος,109,12
3122,ΓΥΝΑΙΚΕΙΑ ΕΙΔΗ ΕΝΔΥΣΗΣ,Απρίλιος,109,69
3122,ΓΥΝΑΙΚΕΙΑ ΕΙΔΗ ΕΝΔΥΣΗΣ,Μάιος,100,79
3122,ΓΥΝΑΙΚΕΙΑ ΕΙΔΗ ΕΝΔΥΣΗΣ,Ιούνιος,106,67
3122,ΓΥΝΑΙΚΕΙΑ ΕΙΔΗ ΕΝΔΥΣΗΣ,Ιούλιος,85,42
3122,ΓΥΝΑΙΚΕΙΑ ΕΙΔΗ ΕΝΔΥΣΗΣ,Αύγουστος,79,8
3122,ΓΥΝΑΙΚΕΙΑ ΕΙΔΗ ΕΝΔΥΣΗΣ,Σεπτέμβριος,108,34
3122,ΓΥΝΑΙΚΕΙΑ ΕΙΔΗ ΕΝΔΥΣΗΣ,Οκτώβριος,109,41
3122,ΓΥΝΑΙΚΕΙΑ ΕΙΔΗ ΕΝΔΥΣΗΣ,Νοέμβριος,95,10
3122,ΓΥΝΑΙΚΕΙΑ ΕΙΔΗ ΕΝΔΥΣΗΣ,Δεκέμβριος,106,26
3122,ΓΥΝΑΙΚΕΙΑ ΕΙΔΗ ΕΝΔΥΣΗΣ,ΕΤΗΣΙΟΣ,96,8
3123,ΠΑΙΔΙΚΑ ΕΙΔΗ ΕΝΔΥΣΗΣ,W%0,5,18
3123,ΠΑΙΔΙΚΑ ΕΙΔΗ ΕΝΔΥΣΗΣ,Ιανουάριος,78,88
3123,ΠΑΙΔΙΚΑ ΕΙΔΗ ΕΝΔΥΣΗΣ,Φεβρουάριος,72,93
3123,ΠΑΙΔΙΚΑ ΕΙΔΗ ΕΝΔΥΣΗΣ,Μάρτιος,110,30
3123,ΠΑΙΔΙΚΑ ΕΙΔΗ ΕΝΔΥΣΗΣ,Απρίλιος,110,69
3123,ΠΑΙΔΙΚΑ ΕΙΔΗ ΕΝΔΥΣΗΣ,Μάιος,106,28
3123,ΠΑΙΔΙΚΑ ΕΙΔΗ ΕΝΔΥΣΗΣ,Ιούνιος,107,0
3123,ΠΑΙΔΙΚΑ ΕΙΔΗ ΕΝΔΥΣΗΣ,Ιούλιος,78,83
3123,ΠΑΙΔΙΚΑ ΕΙΔΗ ΕΝΔΥΣΗΣ,Αύγουστος,74,18
3123,ΠΑΙΔΙΚΑ ΕΙΔΗ ΕΝΔΥΣΗΣ,Σεπτέμβριος,110,73
3123,ΠΑΙΔΙΚΑ ΕΙΔΗ ΕΝΔΥΣΗΣ,Οκτώβριος,109,83
3123,ΠΑΙΔΙΚΑ ΕΙΔΗ ΕΝΔΥΣΗΣ,Νοέμβριος,99,96
3123,ΠΑΙΔΙΚΑ ΕΙΔΗ ΕΝΔΥΣΗΣ,Δεκέμβριος,109,18
3123,ΠΑΙΔΙΚΑ ΕΙΔΗ ΕΝΔΥΣΗΣ,ΕΤΗΣΙΟΣ,97,4
312,ΕΝΔΥΜΑΤΑ,W%0,31,76
312,ΕΝΔΥΜΑΤΑ,Ιανουάριος,78,40
312,ΕΝΔΥΜΑΤΑ,Φεβρουάριος,72,61
312,ΕΝΔΥΜΑΤΑ,Μάρτιος,109,5
312,ΕΝΔΥΜΑΤΑ,Απρίλιος,109,58
312,ΕΝΔΥΜΑΤΑ,Μάιος,101,40
312,ΕΝΔΥΜΑΤΑ,Ιούνιος,105,74
312,ΕΝΔΥΜΑΤΑ,Ιούλιος,82,61
312,ΕΝΔΥΜΑΤΑ,Αύγουστος,77,3
312,ΕΝΔΥΜΑΤΑ,Σεπτέμβριος,108,71
312,ΕΝΔΥΜΑΤΑ,Οκτώβριος,109,27
312,ΕΝΔΥΜΑΤΑ,Νοέμβριος,95,44
312,ΕΝΔΥΜΑΤΑ,Δεκέμβριος,106,52
312,ΕΝΔΥΜΑΤΑ,ΕΤΗΣΙΟΣ,96,36
3131,ΛΟΙΠΑ ΕΙΔΗ ΕΝΔΥΣΗΣ,W%0,0,33
3131,ΛΟΙΠΑ ΕΙΔΗ ΕΝΔΥΣΗΣ,Ιανουάριος,79,25
3131,ΛΟΙΠΑ ΕΙΔΗ ΕΝΔΥΣΗΣ,Φεβρουάριος,73,86
3131,ΛΟΙΠΑ ΕΙΔΗ ΕΝΔΥΣΗΣ,Μάρτιος,101,1
3131,ΛΟΙΠΑ ΕΙΔΗ ΕΝΔΥΣΗΣ,Απρίλιος,102,15
3131,ΛΟΙΠΑ ΕΙΔΗ ΕΝΔΥΣΗΣ,Μάιος,99,2
3131,ΛΟΙΠΑ ΕΙΔΗ ΕΝΔΥΣΗΣ,Ιούνιος,100,0
3131,ΛΟΙΠΑ ΕΙΔΗ ΕΝΔΥΣΗΣ,Ιούλιος,81,94
3131,ΛΟΙΠΑ ΕΙΔΗ ΕΝΔΥΣΗΣ,Αύγουστος,78,14
3131,ΛΟΙΠΑ ΕΙΔΗ ΕΝΔΥΣΗΣ,Σεπτέμβριος,98,94
3131,ΛΟΙΠΑ ΕΙΔΗ ΕΝΔΥΣΗΣ,Οκτώβριος,101,24
3131,ΛΟΙΠΑ ΕΙΔΗ ΕΝΔΥΣΗΣ,Νοέμβριος,94,55
3131,ΛΟΙΠΑ ΕΙΔΗ ΕΝΔΥΣΗΣ,Δεκέμβριος,100,55
3131,ΛΟΙΠΑ ΕΙΔΗ ΕΝΔΥΣΗΣ,ΕΤΗΣΙΟΣ,92,55
3132,ΥΛΙΚΑ ΕΝΔΥΣΗΣ,W%0,0,24
3132,ΥΛΙΚΑ ΕΝΔΥΣΗΣ,Ιανουάριος,106,30
3132,ΥΛΙΚΑ ΕΝΔΥΣΗΣ,Φεβρουάριος,106,32
3132,ΥΛΙΚΑ ΕΝΔΥΣΗΣ,Μάρτιος,106,32
3132,ΥΛΙΚΑ ΕΝΔΥΣΗΣ,Απρίλιος,106,32
3132,ΥΛΙΚΑ ΕΝΔΥΣΗΣ,Μάιος,106,32
3132,ΥΛΙΚΑ ΕΝΔΥΣΗΣ,Ιούνιος,106,43
3132,ΥΛΙΚΑ ΕΝΔΥΣΗΣ,Ιούλιος,106,40
3132,ΥΛΙΚΑ ΕΝΔΥΣΗΣ,Αύγουστος,106,48
3132,ΥΛΙΚΑ ΕΝΔΥΣΗΣ,Σεπτέμβριος,106,48
3132,ΥΛΙΚΑ ΕΝΔΥΣΗΣ,Οκτώβριος,106,48
3132,ΥΛΙΚΑ ΕΝΔΥΣΗΣ,Νοέμβριος,106,39
3132,ΥΛΙΚΑ ΕΝΔΥΣΗΣ,Δεκέμβριος,106,44
3132,ΥΛΙΚΑ ΕΝΔΥΣΗΣ,ΕΤΗΣΙΟΣ,106,39
313,ΛΟΙΠΑ ΕΙΔΗ ΕΝΔΥΣΗΣ ΚΑΙ ΕΞΑΡΤΗΜΑΤΑ,W%0,0,57
313,ΛΟΙΠΑ ΕΙΔΗ ΕΝΔΥΣΗΣ ΚΑΙ ΕΞΑΡΤΗΜΑΤΑ,Ιανουάριος,90,79
313,ΛΟΙΠΑ ΕΙΔΗ ΕΝΔΥΣΗΣ ΚΑΙ ΕΞΑΡΤΗΜΑΤΑ,Φεβρουάριος,87,62
313,ΛΟΙΠΑ ΕΙΔΗ ΕΝΔΥΣΗΣ ΚΑΙ ΕΞΑΡΤΗΜΑΤΑ,Μάρτιος,103,67
313,ΛΟΙΠΑ ΕΙΔΗ ΕΝΔΥΣΗΣ ΚΑΙ ΕΞΑΡΤΗΜΑΤΑ,Απρίλιος,104,34
313,ΛΟΙΠΑ ΕΙΔΗ ΕΝΔΥΣΗΣ ΚΑΙ ΕΞΑΡΤΗΜΑΤΑ,Μάιος,102,49
313,ΛΟΙΠΑ ΕΙΔΗ ΕΝΔΥΣΗΣ ΚΑΙ ΕΞΑΡΤΗΜΑΤΑ,Ιούνιος,103,12
313,ΛΟΙΠΑ ΕΙΔΗ ΕΝΔΥΣΗΣ ΚΑΙ ΕΞΑΡΤΗΜΑΤΑ,Ιούλιος,92,43
313,ΛΟΙΠΑ ΕΙΔΗ ΕΝΔΥΣΗΣ ΚΑΙ ΕΞΑΡΤΗΜΑΤΑ,Αύγουστος,90,21
313,ΛΟΙΠΑ ΕΙΔΗ ΕΝΔΥΣΗΣ ΚΑΙ ΕΞΑΡΤΗΜΑΤΑ,Σεπτέμβριος,102,51
313,ΛΟΙΠΑ ΕΙΔΗ ΕΝΔΥΣΗΣ ΚΑΙ ΕΞΑΡΤΗΜΑΤΑ,Οκτώβριος,103,87
313,ΛΟΙΠΑ ΕΙΔΗ ΕΝΔΥΣΗΣ ΚΑΙ ΕΞΑΡΤΗΜΑΤΑ,Νοέμβριος,99,88
313,ΛΟΙΠΑ ΕΙΔΗ ΕΝΔΥΣΗΣ ΚΑΙ ΕΞΑΡΤΗΜΑΤΑ,Δεκέμβριος,103,45
313,ΛΟΙΠΑ ΕΙΔΗ ΕΝΔΥΣΗΣ ΚΑΙ ΕΞΑΡΤΗΜΑΤΑ,ΕΤΗΣΙΟΣ,98,7
3141,ΚΑΘΑΡΙΣΜΟΣ ΕΝΔΥΜΑΤΩΝ,W%0,1,14
3141,ΚΑΘΑΡΙΣΜΟΣ ΕΝΔΥΜΑΤΩΝ,Ιανουάριος,99,8
3141,ΚΑΘΑΡΙΣΜΟΣ ΕΝΔΥΜΑΤΩΝ,Φεβρουάριος,99,32
3141,ΚΑΘΑΡΙΣΜΟΣ ΕΝΔΥΜΑΤΩΝ,Μάρτιος,99,32
3141,ΚΑΘΑΡΙΣΜΟΣ ΕΝΔΥΜΑΤΩΝ,Απρίλιος,99,32
3141,ΚΑΘΑΡΙΣΜΟΣ ΕΝΔΥΜΑΤΩΝ,Μάιος,99,32
3141,ΚΑΘΑΡΙΣΜΟΣ ΕΝΔΥΜΑΤΩΝ,Ιούνιος,99,32
3141,ΚΑΘΑΡΙΣΜΟΣ ΕΝΔΥΜΑΤΩΝ,Ιούλιος,99,38
3141,ΚΑΘΑΡΙΣΜΟΣ ΕΝΔΥΜΑΤΩΝ,Αύγουστος,99,38
3141,ΚΑΘΑΡΙΣΜΟΣ ΕΝΔΥΜΑΤΩΝ,Σεπτέμβριος,99,43
3141,ΚΑΘΑΡΙΣΜΟΣ ΕΝΔΥΜΑΤΩΝ,Οκτώβριος,99,38
3141,ΚΑΘΑΡΙΣΜΟΣ ΕΝΔΥΜΑΤΩΝ,Νοέμβριος,99,39
3141,ΚΑΘΑΡΙΣΜΟΣ ΕΝΔΥΜΑΤΩΝ,Δεκέμβριος,99,39
3141,ΚΑΘΑΡΙΣΜΟΣ ΕΝΔΥΜΑΤΩΝ,ΕΤΗΣΙΟΣ,99,34
3142,ΜΕΤΑΠΟΙΗΣΗ ΚΑΙ ΕΝΟΙΚΙΑΣΗ ΕΝΔΥΜΑΤΩΝ,W%0,0,60
3142,ΜΕΤΑΠΟΙΗΣΗ ΚΑΙ ΕΝΟΙΚΙΑΣΗ ΕΝΔΥΜΑΤΩΝ,Ιανουάριος,99,77
3142,ΜΕΤΑΠΟΙΗΣΗ ΚΑΙ ΕΝΟΙΚΙΑΣΗ ΕΝΔΥΜΑΤΩΝ,Φεβρουάριος,99,8
3142,ΜΕΤΑΠΟΙΗΣΗ ΚΑΙ ΕΝΟΙΚΙΑΣΗ ΕΝΔΥΜΑΤΩΝ,Μάρτιος,99,8
3142,ΜΕΤΑΠΟΙΗΣΗ ΚΑΙ ΕΝΟΙΚΙΑΣΗ ΕΝΔΥΜΑΤΩΝ,Απρίλιος,99,8
3142,ΜΕΤΑΠΟΙΗΣΗ ΚΑΙ ΕΝΟΙΚΙΑΣΗ ΕΝΔΥΜΑΤΩΝ,Μάιος,99,8
3142,ΜΕΤΑΠΟΙΗΣΗ ΚΑΙ ΕΝΟΙΚΙΑΣΗ ΕΝΔΥΜΑΤΩΝ,Ιούνιος,99,29
3142,ΜΕΤΑΠΟΙΗΣΗ ΚΑΙ ΕΝΟΙΚΙΑΣΗ ΕΝΔΥΜΑΤΩΝ,Ιούλιος,99,29
3142,ΜΕΤΑΠΟΙΗΣΗ ΚΑΙ ΕΝΟΙΚΙΑΣΗ ΕΝΔΥΜΑΤΩΝ,Αύγουστος,99,29
3142,ΜΕΤΑΠΟΙΗΣΗ ΚΑΙ ΕΝΟΙΚΙΑΣΗ ΕΝΔΥΜΑΤΩΝ,Σεπτέμβριος,98,88
3142,ΜΕΤΑΠΟΙΗΣΗ ΚΑΙ ΕΝΟΙΚΙΑΣΗ ΕΝΔΥΜΑΤΩΝ,Οκτώβριος,98,88
3142,ΜΕΤΑΠΟΙΗΣΗ ΚΑΙ ΕΝΟΙΚΙΑΣΗ ΕΝΔΥΜΑΤΩΝ,Νοέμβριος,98,88
3142,ΜΕΤΑΠΟΙΗΣΗ ΚΑΙ ΕΝΟΙΚΙΑΣΗ ΕΝΔΥΜΑΤΩΝ,Δεκέμβριος,98,88
3142,ΜΕΤΑΠΟΙΗΣΗ ΚΑΙ ΕΝΟΙΚΙΑΣΗ ΕΝΔΥΜΑΤΩΝ,ΕΤΗΣΙΟΣ,99,12
314,ΚΑΘΑΡΙΣΜΟΣ ΚΑΙ ΜΕΤΑΠΟΙΗΣΗ ΕΝΔΥΜΑΤΩΝ,W%0,1,74
314,ΚΑΘΑΡΙΣΜΟΣ ΚΑΙ ΜΕΤΑΠΟΙΗΣΗ ΕΝΔΥΜΑΤΩΝ,Ιανουάριος,99,42
314,ΚΑΘΑΡΙΣΜΟΣ ΚΑΙ ΜΕΤΑΠΟΙΗΣΗ ΕΝΔΥΜΑΤΩΝ,Φεβρουάριος,99,34
314,ΚΑΘΑΡΙΣΜΟΣ ΚΑΙ ΜΕΤΑΠΟΙΗΣΗ ΕΝΔΥΜΑΤΩΝ,Μάρτιος,99,34
314,ΚΑΘΑΡΙΣΜΟΣ ΚΑΙ ΜΕΤΑΠΟΙΗΣΗ ΕΝΔΥΜΑΤΩΝ,Απρίλιος,99,34
314,ΚΑΘΑΡΙΣΜΟΣ ΚΑΙ ΜΕΤΑΠΟΙΗΣΗ ΕΝΔΥΜΑΤΩΝ,Μάιος,99,34
314,ΚΑΘΑΡΙΣΜΟΣ ΚΑΙ ΜΕΤΑΠΟΙΗΣΗ ΕΝΔΥΜΑΤΩΝ,Ιούνιος,99,41
314,ΚΑΘΑΡΙΣΜΟΣ ΚΑΙ ΜΕΤΑΠΟΙΗΣΗ ΕΝΔΥΜΑΤΩΝ,Ιούλιος,99,45
314,ΚΑΘΑΡΙΣΜΟΣ ΚΑΙ ΜΕΤΑΠΟΙΗΣΗ ΕΝΔΥΜΑΤΩΝ,Αύγουστος,99,45
314,ΚΑΘΑΡΙΣΜΟΣ ΚΑΙ ΜΕΤΑΠΟΙΗΣΗ ΕΝΔΥΜΑΤΩΝ,Σεπτέμβριος,99,34
314,ΚΑΘΑΡΙΣΜΟΣ ΚΑΙ ΜΕΤΑΠΟΙΗΣΗ ΕΝΔΥΜΑΤΩΝ,Οκτώβριος,99,31
314,ΚΑΘΑΡΙΣΜΟΣ ΚΑΙ ΜΕΤΑΠΟΙΗΣΗ ΕΝΔΥΜΑΤΩΝ,Νοέμβριος,99,32
314,ΚΑΘΑΡΙΣΜΟΣ ΚΑΙ ΜΕΤΑΠΟΙΗΣΗ ΕΝΔΥΜΑΤΩΝ,Δεκέμβριος,99,32
314,ΚΑΘΑΡΙΣΜΟΣ ΚΑΙ ΜΕΤΑΠΟΙΗΣΗ ΕΝΔΥΜΑΤΩΝ,ΕΤΗΣΙΟΣ,99,36
31,ΕΙΔΗ ΕΝΔΥΣΗΣ,W%0,34,13
31,ΕΙΔΗ ΕΝΔΥΣΗΣ,Ιανουάριος,79,52
31,ΕΙΔΗ ΕΝΔΥΣΗΣ,Φεβρουάριος,74,13
31,ΕΙΔΗ ΕΝΔΥΣΗΣ,Μάρτιος,107,99
31,ΕΙΔΗ ΕΝΔΥΣΗΣ,Απρίλιος,108,49
31,ΕΙΔΗ ΕΝΔΥΣΗΣ,Μάιος,100,91
31,ΕΙΔΗ ΕΝΔΥΣΗΣ,Ιούνιος,104,94
31,ΕΙΔΗ ΕΝΔΥΣΗΣ,Ιούλιος,83,43
31,ΕΙΔΗ ΕΝΔΥΣΗΣ,Αύγουστος,78,26
31,ΕΙΔΗ ΕΝΔΥΣΗΣ,Σεπτέμβριος,107,66
31,ΕΙΔΗ ΕΝΔΥΣΗΣ,Οκτώβριος,108,19
31,ΕΙΔΗ ΕΝΔΥΣΗΣ,Νοέμβριος,95,37
31,ΕΙΔΗ ΕΝΔΥΣΗΣ,Δεκέμβριος,105,65
31,ΕΙΔΗ ΕΝΔΥΣΗΣ,ΕΤΗΣΙΟΣ,96,21
3211,ΑΝΔΡΙΚΑ ΥΠΟΔΗΜΑΤΑ,W%0,5,18
3211,ΑΝΔΡΙΚΑ ΥΠΟΔΗΜΑΤΑ,Ιανουάριος,83,23
3211,ΑΝΔΡΙΚΑ ΥΠΟΔΗΜΑΤΑ,Φεβρουάριος,78,96
3211,ΑΝΔΡΙΚΑ ΥΠΟΔΗΜΑΤΑ,Μάρτιος,102,63
3211,ΑΝΔΡΙΚΑ ΥΠΟΔΗΜΑΤΑ,Απρίλιος,102,99
3211,ΑΝΔΡΙΚΑ ΥΠΟΔΗΜΑΤΑ,Μάιος,97,52
3211,ΑΝΔΡΙΚΑ ΥΠΟΔΗΜΑΤΑ,Ιούνιος,102,12
3211,ΑΝΔΡΙΚΑ ΥΠΟΔΗΜΑΤΑ,Ιούλιος,82,25
3211,ΑΝΔΡΙΚΑ ΥΠΟΔΗΜΑΤΑ,Αύγουστος,79,82
3211,ΑΝΔΡΙΚΑ ΥΠΟΔΗΜΑΤΑ,Σεπτέμβριος,101,52
3211,ΑΝΔΡΙΚΑ ΥΠΟΔΗΜΑΤΑ,Οκτώβριος,103,74
3211,ΑΝΔΡΙΚΑ ΥΠΟΔΗΜΑΤΑ,Νοέμβριος,90,48
3211,ΑΝΔΡΙΚΑ ΥΠΟΔΗΜΑΤΑ,Δεκέμβριος,100,57
3211,ΑΝΔΡΙΚΑ ΥΠΟΔΗΜΑΤΑ,ΕΤΗΣΙΟΣ,93,82
3212,ΓΥΝΑΙΚΕΙΑ ΥΠΟΔΗΜΑΤΑ,W%0,6,85
3212,ΓΥΝΑΙΚΕΙΑ ΥΠΟΔΗΜΑΤΑ,Ιανουάριος,81,96
3212,ΓΥΝΑΙΚΕΙΑ ΥΠΟΔΗΜΑΤΑ,Φεβρουάριος,73,70
3212,ΓΥΝΑΙΚΕΙΑ ΥΠΟΔΗΜΑΤΑ,Μάρτιος,103,85
3212,ΓΥΝΑΙΚΕΙΑ ΥΠΟΔΗΜΑΤΑ,Απρίλιος,103,99
3212,ΓΥΝΑΙΚΕΙΑ ΥΠΟΔΗΜΑΤΑ,Μάιος,98,41
3212,ΓΥΝΑΙΚΕΙΑ ΥΠΟΔΗΜΑΤΑ,Ιούνιος,103,57
3212,ΓΥΝΑΙΚΕΙΑ ΥΠΟΔΗΜΑΤΑ,Ιούλιος,80,51
3212,ΓΥΝΑΙΚΕΙΑ ΥΠΟΔΗΜΑΤΑ,Αύγουστος,74,52
3212,ΓΥΝΑΙΚΕΙΑ ΥΠΟΔΗΜΑΤΑ,Σεπτέμβριος,103,55
3212,ΓΥΝΑΙΚΕΙΑ ΥΠΟΔΗΜΑΤΑ,Οκτώβριος,103,70
3212,ΓΥΝΑΙΚΕΙΑ ΥΠΟΔΗΜΑΤΑ,Νοέμβριος,88,33
3212,ΓΥΝΑΙΚΕΙΑ ΥΠΟΔΗΜΑΤΑ,Δεκέμβριος,100,49
3212,ΓΥΝΑΙΚΕΙΑ ΥΠΟΔΗΜΑΤΑ,ΕΤΗΣΙΟΣ,93,5
3213,ΠΑΙΔΙΚΑ ΥΠΟΔΗΜΑΤΑ,W%0,2,65
3213,ΠΑΙΔΙΚΑ ΥΠΟΔΗΜΑΤΑ,Ιανουάριος,78,87
3213,ΠΑΙΔΙΚΑ ΥΠΟΔΗΜΑΤΑ,Φεβρουάριος,77,24
3213,ΠΑΙΔΙΚΑ ΥΠΟΔΗΜΑΤΑ,Μάρτιος,104,8
3213,ΠΑΙΔΙΚΑ ΥΠΟΔΗΜΑΤΑ,Απρίλιος,104,91
3213,ΠΑΙΔΙΚΑ ΥΠΟΔΗΜΑΤΑ,Μάιος,100,23
3213,ΠΑΙΔΙΚΑ ΥΠΟΔΗΜΑΤΑ,Ιούνιος,102,48
3213,ΠΑΙΔΙΚΑ ΥΠΟΔΗΜΑΤΑ,Ιούλιος,79,58
3213,ΠΑΙΔΙΚΑ ΥΠΟΔΗΜΑΤΑ,Αύγουστος,78,4
3213,ΠΑΙΔΙΚΑ ΥΠΟΔΗΜΑΤΑ,Σεπτέμβριος,102,46
3213,ΠΑΙΔΙΚΑ ΥΠΟΔΗΜΑΤΑ,Οκτώβριος,104,37
3213,ΠΑΙΔΙΚΑ ΥΠΟΔΗΜΑΤΑ,Νοέμβριος,89,92
3213,ΠΑΙΔΙΚΑ ΥΠΟΔΗΜΑΤΑ,Δεκέμβριος,100,75
3213,ΠΑΙΔΙΚΑ ΥΠΟΔΗΜΑΤΑ,ΕΤΗΣΙΟΣ,93,58
321,ΠΑΠΟΥΤΣΙΑ ΚΑΙ ΑΛΛΑ ΥΠΟΔΗΜΑΤΑ,W%0,14,68
321,ΠΑΠΟΥΤΣΙΑ ΚΑΙ ΑΛΛΑ ΥΠΟΔΗΜΑΤΑ,Ιανουάριος,81,81
321,ΠΑΠΟΥΤΣΙΑ ΚΑΙ ΑΛΛΑ ΥΠΟΔΗΜΑΤΑ,Φεβρουάριος,76,16
321,ΠΑΠΟΥΤΣΙΑ ΚΑΙ ΑΛΛΑ ΥΠΟΔΗΜΑΤΑ,Μάρτιος,103,39
321,ΠΑΠΟΥΤΣΙΑ ΚΑΙ ΑΛΛΑ ΥΠΟΔΗΜΑΤΑ,Απρίλιος,103,73
321,ΠΑΠΟΥΤΣΙΑ ΚΑΙ ΑΛΛΑ ΥΠΟΔΗΜΑΤΑ,Μάιος,98,35
321,ΠΑΠΟΥΤΣΙΑ ΚΑΙ ΑΛΛΑ ΥΠΟΔΗΜΑΤΑ,Ιούνιος,102,79
321,ΠΑΠΟΥΤΣΙΑ ΚΑΙ ΑΛΛΑ ΥΠΟΔΗΜΑΤΑ,Ιούλιος,80,91
321,ΠΑΠΟΥΤΣΙΑ ΚΑΙ ΑΛΛΑ ΥΠΟΔΗΜΑΤΑ,Αύγουστος,76,99
321,ΠΑΠΟΥΤΣΙΑ ΚΑΙ ΑΛΛΑ ΥΠΟΔΗΜΑΤΑ,Σεπτέμβριος,102,56
321,ΠΑΠΟΥΤΣΙΑ ΚΑΙ ΑΛΛΑ ΥΠΟΔΗΜΑΤΑ,Οκτώβριος,103,77
321,ΠΑΠΟΥΤΣΙΑ ΚΑΙ ΑΛΛΑ ΥΠΟΔΗΜΑΤΑ,Νοέμβριος,89,32
321,ΠΑΠΟΥΤΣΙΑ ΚΑΙ ΑΛΛΑ ΥΠΟΔΗΜΑΤΑ,Δεκέμβριος,100,50
321,ΠΑΠΟΥΤΣΙΑ ΚΑΙ ΑΛΛΑ ΥΠΟΔΗΜΑΤΑ,ΕΤΗΣΙΟΣ,93,36
322,ΕΠΙΔΙΟΡΘΩΣΕΙΣ ΚΑΙ ΕΝΟΙΚΙΑΣΕΙΣ ΥΠΟΔΗΜΑΤΩΝ,W%0,0,35
322,ΕΠΙΔΙΟΡΘΩΣΕΙΣ ΚΑΙ ΕΝΟΙΚΙΑΣΕΙΣ ΥΠΟΔΗΜΑΤΩΝ,Ιανουάριος,100,76
322,ΕΠΙΔΙΟΡΘΩΣΕΙΣ ΚΑΙ ΕΝΟΙΚΙΑΣΕΙΣ ΥΠΟΔΗΜΑΤΩΝ,Φεβρουάριος,100,43
322,ΕΠΙΔΙΟΡΘΩΣΕΙΣ ΚΑΙ ΕΝΟΙΚΙΑΣΕΙΣ ΥΠΟΔΗΜΑΤΩΝ,Μάρτιος,100,43
322,ΕΠΙΔΙΟΡΘΩΣΕΙΣ ΚΑΙ ΕΝΟΙΚΙΑΣΕΙΣ ΥΠΟΔΗΜΑΤΩΝ,Απρίλιος,100,43
322,ΕΠΙΔΙΟΡΘΩΣΕΙΣ ΚΑΙ ΕΝΟΙΚΙΑΣΕΙΣ ΥΠΟΔΗΜΑΤΩΝ,Μάιος,100,43
322,ΕΠΙΔΙΟΡΘΩΣΕΙΣ ΚΑΙ ΕΝΟΙΚΙΑΣΕΙΣ ΥΠΟΔΗΜΑΤΩΝ,Ιούνιος,100,43
322,ΕΠΙΔΙΟΡΘΩΣΕΙΣ ΚΑΙ ΕΝΟΙΚΙΑΣΕΙΣ ΥΠΟΔΗΜΑΤΩΝ,Ιούλιος,100,43
322,ΕΠΙΔΙΟΡΘΩΣΕΙΣ ΚΑΙ ΕΝΟΙΚΙΑΣΕΙΣ ΥΠΟΔΗΜΑΤΩΝ,Αύγουστος,100,43
322,ΕΠΙΔΙΟΡΘΩΣΕΙΣ ΚΑΙ ΕΝΟΙΚΙΑΣΕΙΣ ΥΠΟΔΗΜΑΤΩΝ,Σεπτέμβριος,100,59
322,ΕΠΙΔΙΟΡΘΩΣΕΙΣ ΚΑΙ ΕΝΟΙΚΙΑΣΕΙΣ ΥΠΟΔΗΜΑΤΩΝ,Οκτώβριος,100,59
322,ΕΠΙΔΙΟΡΘΩΣΕΙΣ ΚΑΙ ΕΝΟΙΚΙΑΣΕΙΣ ΥΠΟΔΗΜΑΤΩΝ,Νοέμβριος,100,59
322,ΕΠΙΔΙΟΡΘΩΣΕΙΣ ΚΑΙ ΕΝΟΙΚΙΑΣΕΙΣ ΥΠΟΔΗΜΑΤΩΝ,Δεκέμβριος,100,59
322,ΕΠΙΔΙΟΡΘΩΣΕΙΣ ΚΑΙ ΕΝΟΙΚΙΑΣΕΙΣ ΥΠΟΔΗΜΑΤΩΝ,ΕΤΗΣΙΟΣ,100,51
32,ΕΙΔΗ ΥΠΟΔΗΣΗΣ,W%0,15,3
32,ΕΙΔΗ ΥΠΟΔΗΣΗΣ,Ιανουάριος,82,21
32,ΕΙΔΗ ΥΠΟΔΗΣΗΣ,Φεβρουάριος,76,69
32,ΕΙΔΗ ΥΠΟΔΗΣΗΣ,Μάρτιος,103,25
32,ΕΙΔΗ ΥΠΟΔΗΣΗΣ,Απρίλιος,103,58
32,ΕΙΔΗ ΥΠΟΔΗΣΗΣ,Μάιος,98,34
32,ΕΙΔΗ ΥΠΟΔΗΣΗΣ,Ιούνιος,102,66
32,ΕΙΔΗ ΥΠΟΔΗΣΗΣ,Ιούλιος,81,33
32,ΕΙΔΗ ΥΠΟΔΗΣΗΣ,Αύγουστος,77,50
32,ΕΙΔΗ ΥΠΟΔΗΣΗΣ,Σεπτέμβριος,102,45
32,ΕΙΔΗ ΥΠΟΔΗΣΗΣ,Οκτώβριος,103,62
32,ΕΙΔΗ ΥΠΟΔΗΣΗΣ,Νοέμβριος,89,53
32,ΕΙΔΗ ΥΠΟΔΗΣΗΣ,Δεκέμβριος,100,43
32,ΕΙΔΗ ΥΠΟΔΗΣΗΣ,ΕΤΗΣΙΟΣ,93,46
3,ΕΝΔΥΣΗ & ΥΠΟΔΗΣΗ,W%0,49,16
3,ΕΝΔΥΣΗ & ΥΠΟΔΗΣΗ,Ιανουάριος,80,44
3,ΕΝΔΥΣΗ & ΥΠΟΔΗΣΗ,Φεβρουάριος,75,0
3,ΕΝΔΥΣΗ & ΥΠΟΔΗΣΗ,Μάρτιος,106,58
3,ΕΝΔΥΣΗ & ΥΠΟΔΗΣΗ,Απρίλιος,107,3
3,ΕΝΔΥΣΗ & ΥΠΟΔΗΣΗ,Μάιος,100,18
3,ΕΝΔΥΣΗ & ΥΠΟΔΗΣΗ,Ιούνιος,104,31
3,ΕΝΔΥΣΗ & ΥΠΟΔΗΣΗ,Ιούλιος,82,84
3,ΕΝΔΥΣΗ & ΥΠΟΔΗΣΗ,Αύγουστος,78,8
3,ΕΝΔΥΣΗ & ΥΠΟΔΗΣΗ,Σεπτέμβριος,106,10
3,ΕΝΔΥΣΗ & ΥΠΟΔΗΣΗ,Οκτώβριος,106,84
3,ΕΝΔΥΣΗ & ΥΠΟΔΗΣΗ,Νοέμβριος,93,61
3,ΕΝΔΥΣΗ & ΥΠΟΔΗΣΗ,Δεκέμβριος,104,9
3,ΕΝΔΥΣΗ & ΥΠΟΔΗΣΗ,ΕΤΗΣΙΟΣ,95,43
411,ΕΝΟΙΚΙΟ ΚΥΡΙΩΝ ΚΑΤΟΙΚΙΩΝ,W%0,36,13
411,ΕΝΟΙΚΙΟ ΚΥΡΙΩΝ ΚΑΤΟΙΚΙΩΝ,Ιανουάριος,92,16
411,ΕΝΟΙΚΙΟ ΚΥΡΙΩΝ ΚΑΤΟΙΚΙΩΝ,Φεβρουάριος,92,16
411,ΕΝΟΙΚΙΟ ΚΥΡΙΩΝ ΚΑΤΟΙΚΙΩΝ,Μάρτιος,92,16
411,ΕΝΟΙΚΙΟ ΚΥΡΙΩΝ ΚΑΤΟΙΚΙΩΝ,Απρίλιος,92,16
411,ΕΝΟΙΚΙΟ ΚΥΡΙΩΝ ΚΑΤΟΙΚΙΩΝ,Μάιος,92,16
411,ΕΝΟΙΚΙΟ ΚΥΡΙΩΝ ΚΑΤΟΙΚΙΩΝ,Ιούνιος,92,16
411,ΕΝΟΙΚΙΟ ΚΥΡΙΩΝ ΚΑΤΟΙΚΙΩΝ,Ιούλιος,92,16
411,ΕΝΟΙΚΙΟ ΚΥΡΙΩΝ ΚΑΤΟΙΚΙΩΝ,Αύγουστος,92,16
411,ΕΝΟΙΚΙΟ ΚΥΡΙΩΝ ΚΑΤΟΙΚΙΩΝ,Σεπτέμβριος,92,16
411,ΕΝΟΙΚΙΟ ΚΥΡΙΩΝ ΚΑΤΟΙΚΙΩΝ,Οκτώβριος,92,16
411,ΕΝΟΙΚΙΟ ΚΥΡΙΩΝ ΚΑΤΟΙΚΙΩΝ,Νοέμβριος,92,16
411,ΕΝΟΙΚΙΟ ΚΥΡΙΩΝ ΚΑΤΟΙΚΙΩΝ,Δεκέμβριος,92,16
411,ΕΝΟΙΚΙΟ ΚΥΡΙΩΝ ΚΑΤΟΙΚΙΩΝ,ΕΤΗΣΙΟΣ,92,16
41,ENOIKIA,W%0,36,13
41,ENOIKIA,Ιανουάριος,92,16
41,ENOIKIA,Φεβρουάριος,92,16
41,ENOIKIA,Μάρτιος,92,16
41,ENOIKIA,Απρίλιος,92,16
41,ENOIKIA,Μάιος,92,16
41,ENOIKIA,Ιούνιος,92,16
41,ENOIKIA,Ιούλιος,92,16
41,ENOIKIA,Αύγουστος,92,16
41,ENOIKIA,Σεπτέμβριος,92,16
41,ENOIKIA,Οκτώβριος,92,16
41,ENOIKIA,Νοέμβριος,92,16
41,ENOIKIA,Δεκέμβριος,92,16
41,ENOIKIA,ΕΤΗΣΙΟΣ,92,16
431,ΕΙΔΗ ΕΠΙΣΚΕΥΗΣ & ΣΥΝΤΗΡΗΣΗΣ ΚΑΤΟΙΚΙΑΣ,W%0,1,30
431,ΕΙΔΗ ΕΠΙΣΚΕΥΗΣ & ΣΥΝΤΗΡΗΣΗΣ ΚΑΤΟΙΚΙΑΣ,Ιανουάριος,102,57
431,ΕΙΔΗ ΕΠΙΣΚΕΥΗΣ & ΣΥΝΤΗΡΗΣΗΣ ΚΑΤΟΙΚΙΑΣ,Φεβρουάριος,103,70
431,ΕΙΔΗ ΕΠΙΣΚΕΥΗΣ & ΣΥΝΤΗΡΗΣΗΣ ΚΑΤΟΙΚΙΑΣ,Μάρτιος,103,77
431,ΕΙΔΗ ΕΠΙΣΚΕΥΗΣ & ΣΥΝΤΗΡΗΣΗΣ ΚΑΤΟΙΚΙΑΣ,Απρίλιος,103,0
431,ΕΙΔΗ ΕΠΙΣΚΕΥΗΣ & ΣΥΝΤΗΡΗΣΗΣ ΚΑΤΟΙΚΙΑΣ,Μάιος,103,12
431,ΕΙΔΗ ΕΠΙΣΚΕΥΗΣ & ΣΥΝΤΗΡΗΣΗΣ ΚΑΤΟΙΚΙΑΣ,Ιούνιος,103,15
431,ΕΙΔΗ ΕΠΙΣΚΕΥΗΣ & ΣΥΝΤΗΡΗΣΗΣ ΚΑΤΟΙΚΙΑΣ,Ιούλιος,103,70
431,ΕΙΔΗ ΕΠΙΣΚΕΥΗΣ & ΣΥΝΤΗΡΗΣΗΣ ΚΑΤΟΙΚΙΑΣ,Αύγουστος,104,14
431,ΕΙΔΗ ΕΠΙΣΚΕΥΗΣ & ΣΥΝΤΗΡΗΣΗΣ ΚΑΤΟΙΚΙΑΣ,Σεπτέμβριος,103,98
431,ΕΙΔΗ ΕΠΙΣΚΕΥΗΣ & ΣΥΝΤΗΡΗΣΗΣ ΚΑΤΟΙΚΙΑΣ,Οκτώβριος,104,5
431,ΕΙΔΗ ΕΠΙΣΚΕΥΗΣ & ΣΥΝΤΗΡΗΣΗΣ ΚΑΤΟΙΚΙΑΣ,Νοέμβριος,104,25
431,ΕΙΔΗ ΕΠΙΣΚΕΥΗΣ & ΣΥΝΤΗΡΗΣΗΣ ΚΑΤΟΙΚΙΑΣ,Δεκέμβριος,104,25
431,ΕΙΔΗ ΕΠΙΣΚΕΥΗΣ & ΣΥΝΤΗΡΗΣΗΣ ΚΑΤΟΙΚΙΑΣ,ΕΤΗΣΙΟΣ,103,64
4321,ΕΡΓΑΣΙΕΣ ΥΔΡΑΥΛΙΚΟΥ,W%0,0,37
4321,ΕΡΓΑΣΙΕΣ ΥΔΡΑΥΛΙΚΟΥ,Ιανουάριος,100,49
4321,ΕΡΓΑΣΙΕΣ ΥΔΡΑΥΛΙΚΟΥ,Φεβρουάριος,100,49
4321,ΕΡΓΑΣΙΕΣ ΥΔΡΑΥΛΙΚΟΥ,Μάρτιος,100,49
4321,ΕΡΓΑΣΙΕΣ ΥΔΡΑΥΛΙΚΟΥ,Απρίλιος,100,49
4321,ΕΡΓΑΣΙΕΣ ΥΔΡΑΥΛΙΚΟΥ,Μάιος,100,49
4321,ΕΡΓΑΣΙΕΣ ΥΔΡΑΥΛΙΚΟΥ,Ιούνιος,100,49
4321,ΕΡΓΑΣΙΕΣ ΥΔΡΑΥΛΙΚΟΥ,Ιούλιος,100,49
4321,ΕΡΓΑΣΙΕΣ ΥΔΡΑΥΛΙΚΟΥ,Αύγουστος,100,49
4321,ΕΡΓΑΣΙΕΣ ΥΔΡΑΥΛΙΚΟΥ,Σεπτέμβριος,100,49
4321,ΕΡΓΑΣΙΕΣ ΥΔΡΑΥΛΙΚΟΥ,Οκτώβριος,100,49
4321,ΕΡΓΑΣΙΕΣ ΥΔΡΑΥΛΙΚΟΥ,Νοέμβριος,100,49
4321,ΕΡΓΑΣΙΕΣ ΥΔΡΑΥΛΙΚΟΥ,Δεκέμβριος,100,49
4321,ΕΡΓΑΣΙΕΣ ΥΔΡΑΥΛΙΚΟΥ,ΕΤΗΣΙΟΣ,100,49
4322,ΕΡΓΑΣΙΕΣ ΗΛΕΚΤΡΟΛΟΓΟΥ,W%0,0,12
4322,ΕΡΓΑΣΙΕΣ ΗΛΕΚΤΡΟΛΟΓΟΥ,Ιανουάριος,98,22
4322,ΕΡΓΑΣΙΕΣ ΗΛΕΚΤΡΟΛΟΓΟΥ,Φεβρουάριος,98,22
4322,ΕΡΓΑΣΙΕΣ ΗΛΕΚΤΡΟΛΟΓΟΥ,Μάρτιος,98,22
4322,ΕΡΓΑΣΙΕΣ ΗΛΕΚΤΡΟΛΟΓΟΥ,Απρίλιος,98,22
4322,ΕΡΓΑΣΙΕΣ ΗΛΕΚΤΡΟΛΟΓΟΥ,Μάιος,98,22
4322,ΕΡΓΑΣΙΕΣ ΗΛΕΚΤΡΟΛΟΓΟΥ,Ιούνιος,98,22
4322,ΕΡΓΑΣΙΕΣ ΗΛΕΚΤΡΟΛΟΓΟΥ,Ιούλιος,98,22
4322,ΕΡΓΑΣΙΕΣ ΗΛΕΚΤΡΟΛΟΓΟΥ,Αύγουστος,98,22
4322,ΕΡΓΑΣΙΕΣ ΗΛΕΚΤΡΟΛΟΓΟΥ,Σεπτέμβριος,98,22
4322,ΕΡΓΑΣΙΕΣ ΗΛΕΚΤΡΟΛΟΓΟΥ,Οκτώβριος,98,44
4322,ΕΡΓΑΣΙΕΣ ΗΛΕΚΤΡΟΛΟΓΟΥ,Νοέμβριος,98,44
4322,ΕΡΓΑΣΙΕΣ ΗΛΕΚΤΡΟΛΟΓΟΥ,Δεκέμβριος,98,44
4322,ΕΡΓΑΣΙΕΣ ΗΛΕΚΤΡΟΛΟΓΟΥ,ΕΤΗΣΙΟΣ,98,28
4324,ΕΡΓΑΣΙΕΣ ΕΛΑΙΟΧΡΩΜΑΤΙΣΤΗ,W%0,0,78
4324,ΕΡΓΑΣΙΕΣ ΕΛΑΙΟΧΡΩΜΑΤΙΣΤΗ,Ιανουάριος,98,12
4324,ΕΡΓΑΣΙΕΣ ΕΛΑΙΟΧΡΩΜΑΤΙΣΤΗ,Φεβρουάριος,98,40
4324,ΕΡΓΑΣΙΕΣ ΕΛΑΙΟΧΡΩΜΑΤΙΣΤΗ,Μάρτιος,98,40
4324,ΕΡΓΑΣΙΕΣ ΕΛΑΙΟΧΡΩΜΑΤΙΣΤΗ,Απρίλιος,98,40
4324,ΕΡΓΑΣΙΕΣ ΕΛΑΙΟΧΡΩΜΑΤΙΣΤΗ,Μάιος,98,40
4324,ΕΡΓΑΣΙΕΣ ΕΛΑΙΟΧΡΩΜΑΤΙΣΤΗ,Ιούνιος,98,40
4324,ΕΡΓΑΣΙΕΣ ΕΛΑΙΟΧΡΩΜΑΤΙΣΤΗ,Ιούλιος,98,6
4324,ΕΡΓΑΣΙΕΣ ΕΛΑΙΟΧΡΩΜΑΤΙΣΤΗ,Αύγουστος,98,6
4324,ΕΡΓΑΣΙΕΣ ΕΛΑΙΟΧΡΩΜΑΤΙΣΤΗ,Σεπτέμβριος,98,42
4324,ΕΡΓΑΣΙΕΣ ΕΛΑΙΟΧΡΩΜΑΤΙΣΤΗ,Οκτώβριος,98,42
4324,ΕΡΓΑΣΙΕΣ ΕΛΑΙΟΧΡΩΜΑΤΙΣΤΗ,Νοέμβριος,98,42
4324,ΕΡΓΑΣΙΕΣ ΕΛΑΙΟΧΡΩΜΑΤΙΣΤΗ,Δεκέμβριος,98,53
4324,ΕΡΓΑΣΙΕΣ ΕΛΑΙΟΧΡΩΜΑΤΙΣΤΗ,ΕΤΗΣΙΟΣ,98,34
432,ΥΠΗΡΕΣΙΕΣ ΕΠΙΣΚΕΥΗΣ & ΣΥΝΤΗΡΗΣΗΣ ΚΑΤΟΙΚΙΑΣ,W%0,1,26
432,ΥΠΗΡΕΣΙΕΣ ΕΠΙΣΚΕΥΗΣ & ΣΥΝΤΗΡΗΣΗΣ ΚΑΤΟΙΚΙΑΣ,Ιανουάριος,99,19
432,ΥΠΗΡΕΣΙΕΣ ΕΠΙΣΚΕΥΗΣ & ΣΥΝΤΗΡΗΣΗΣ ΚΑΤΟΙΚΙΑΣ,Φεβρουάριος,99,36
432,ΥΠΗΡΕΣΙΕΣ ΕΠΙΣΚΕΥΗΣ & ΣΥΝΤΗΡΗΣΗΣ ΚΑΤΟΙΚΙΑΣ,Μάρτιος,99,36
432,ΥΠΗΡΕΣΙΕΣ ΕΠΙΣΚΕΥΗΣ & ΣΥΝΤΗΡΗΣΗΣ ΚΑΤΟΙΚΙΑΣ,Απρίλιος,99,36
432,ΥΠΗΡΕΣΙΕΣ ΕΠΙΣΚΕΥΗΣ & ΣΥΝΤΗΡΗΣΗΣ ΚΑΤΟΙΚΙΑΣ,Μάιος,99,36
432,ΥΠΗΡΕΣΙΕΣ ΕΠΙΣΚΕΥΗΣ & ΣΥΝΤΗΡΗΣΗΣ ΚΑΤΟΙΚΙΑΣ,Ιούνιος,99,36
432,ΥΠΗΡΕΣΙΕΣ ΕΠΙΣΚΕΥΗΣ & ΣΥΝΤΗΡΗΣΗΣ ΚΑΤΟΙΚΙΑΣ,Ιούλιος,99,15
432,ΥΠΗΡΕΣΙΕΣ ΕΠΙΣΚΕΥΗΣ & ΣΥΝΤΗΡΗΣΗΣ ΚΑΤΟΙΚΙΑΣ,Αύγουστος,99,15
432,ΥΠΗΡΕΣΙΕΣ ΕΠΙΣΚΕΥΗΣ & ΣΥΝΤΗΡΗΣΗΣ ΚΑΤΟΙΚΙΑΣ,Σεπτέμβριος,99,37
432,ΥΠΗΡΕΣΙΕΣ ΕΠΙΣΚΕΥΗΣ & ΣΥΝΤΗΡΗΣΗΣ ΚΑΤΟΙΚΙΑΣ,Οκτώβριος,99,39
432,ΥΠΗΡΕΣΙΕΣ ΕΠΙΣΚΕΥΗΣ & ΣΥΝΤΗΡΗΣΗΣ ΚΑΤΟΙΚΙΑΣ,Νοέμβριος,99,39
432,ΥΠΗΡΕΣΙΕΣ ΕΠΙΣΚΕΥΗΣ & ΣΥΝΤΗΡΗΣΗΣ ΚΑΤΟΙΚΙΑΣ,Δεκέμβριος,99,46
432,ΥΠΗΡΕΣΙΕΣ ΕΠΙΣΚΕΥΗΣ & ΣΥΝΤΗΡΗΣΗΣ ΚΑΤΟΙΚΙΑΣ,ΕΤΗΣΙΟΣ,99,33
43,ΕΠΙΣΚΕΥΗ & ΣΥΝΤΗΡΗΣΗ ΚΑΤΟΙΚΙΑΣ,W%0,2,56
43,ΕΠΙΣΚΕΥΗ & ΣΥΝΤΗΡΗΣΗ ΚΑΤΟΙΚΙΑΣ,Ιανουάριος,100,93
43,ΕΠΙΣΚΕΥΗ & ΣΥΝΤΗΡΗΣΗ ΚΑΤΟΙΚΙΑΣ,Φεβρουάριος,101,59
43,ΕΠΙΣΚΕΥΗ & ΣΥΝΤΗΡΗΣΗ ΚΑΤΟΙΚΙΑΣ,Μάρτιος,101,62
43,ΕΠΙΣΚΕΥΗ & ΣΥΝΤΗΡΗΣΗ ΚΑΤΟΙΚΙΑΣ,Απρίλιος,101,24
43,ΕΠΙΣΚΕΥΗ & ΣΥΝΤΗΡΗΣΗ ΚΑΤΟΙΚΙΑΣ,Μάιος,101,30
43,ΕΠΙΣΚΕΥΗ & ΣΥΝΤΗΡΗΣΗ ΚΑΤΟΙΚΙΑΣ,Ιούνιος,101,31
43,ΕΠΙΣΚΕΥΗ & ΣΥΝΤΗΡΗΣΗ ΚΑΤΟΙΚΙΑΣ,Ιούλιος,101,48
43,ΕΠΙΣΚΕΥΗ & ΣΥΝΤΗΡΗΣΗ ΚΑΤΟΙΚΙΑΣ,Αύγουστος,101,70
43,ΕΠΙΣΚΕΥΗ & ΣΥΝΤΗΡΗΣΗ ΚΑΤΟΙΚΙΑΣ,Σεπτέμβριος,101,73
43,ΕΠΙΣΚΕΥΗ & ΣΥΝΤΗΡΗΣΗ ΚΑΤΟΙΚΙΑΣ,Οκτώβριος,101,78
43,ΕΠΙΣΚΕΥΗ & ΣΥΝΤΗΡΗΣΗ ΚΑΤΟΙΚΙΑΣ,Νοέμβριος,101,88
43,ΕΠΙΣΚΕΥΗ & ΣΥΝΤΗΡΗΣΗ ΚΑΤΟΙΚΙΑΣ,Δεκέμβριος,101,91
43,ΕΠΙΣΚΕΥΗ & ΣΥΝΤΗΡΗΣΗ ΚΑΤΟΙΚΙΑΣ,ΕΤΗΣΙΟΣ,101,54
441,ΥΔΡΕΥΣΗ,W%0,5,53
441,ΥΔΡΕΥΣΗ,Ιανουάριος,101,47
441,ΥΔΡΕΥΣΗ,Φεβρουάριος,101,41
441,ΥΔΡΕΥΣΗ,Μάρτιος,101,41
441,ΥΔΡΕΥΣΗ,Απρίλιος,101,41
441,ΥΔΡΕΥΣΗ,Μάιος,101,41
441,ΥΔΡΕΥΣΗ,Ιούνιος,101,41
441,ΥΔΡΕΥΣΗ,Ιούλιος,101,41
441,ΥΔΡΕΥΣΗ,Αύγουστος,101,41
441,ΥΔΡΕΥΣΗ,Σεπτέμβριος,101,41
441,ΥΔΡΕΥΣΗ,Οκτώβριος,101,41
441,ΥΔΡΕΥΣΗ,Νοέμβριος,101,41
441,ΥΔΡΕΥΣΗ,Δεκέμβριος,101,41
441,ΥΔΡΕΥΣΗ,ΕΤΗΣΙΟΣ,101,42
442,ΔΗΜΟΤΙΚΑ ΤΕΛΗ,W%0,5,34
442,ΔΗΜΟΤΙΚΑ ΤΕΛΗ,Ιανουάριος,97,95
442,ΔΗΜΟΤΙΚΑ ΤΕΛΗ,Φεβρουάριος,98,42
442,ΔΗΜΟΤΙΚΑ ΤΕΛΗ,Μάρτιος,99,62
442,ΔΗΜΟΤΙΚΑ ΤΕΛΗ,Απρίλιος,99,61
442,ΔΗΜΟΤΙΚΑ ΤΕΛΗ,Μάιος,99,15
442,ΔΗΜΟΤΙΚΑ ΤΕΛΗ,Ιούνιος,99,15
442,ΔΗΜΟΤΙΚΑ ΤΕΛΗ,Ιούλιος,99,15
442,ΔΗΜΟΤΙΚΑ ΤΕΛΗ,Αύγουστος,99,15
442,ΔΗΜΟΤΙΚΑ ΤΕΛΗ,Σεπτέμβριος,99,15
442,ΔΗΜΟΤΙΚΑ ΤΕΛΗ,Οκτώβριος,99,15
442,ΔΗΜΟΤΙΚΑ ΤΕΛΗ,Νοέμβριος,99,15
442,ΔΗΜΟΤΙΚΑ ΤΕΛΗ,Δεκέμβριος,99,15
442,ΔΗΜΟΤΙΚΑ ΤΕΛΗ,ΕΤΗΣΙΟΣ,99,6
443,ΑΠΟΧΕΤΕΥΣΗ,W%0,1,76
443,ΑΠΟΧΕΤΕΥΣΗ,Ιανουάριος,101,47
443,ΑΠΟΧΕΤΕΥΣΗ,Φεβρουάριος,101,41
443,ΑΠΟΧΕΤΕΥΣΗ,Μάρτιος,101,41
443,ΑΠΟΧΕΤΕΥΣΗ,Απρίλιος,101,41
443,ΑΠΟΧΕΤΕΥΣΗ,Μάιος,101,41
443,ΑΠΟΧΕΤΕΥΣΗ,Ιούνιος,101,41
443,ΑΠΟΧΕΤΕΥΣΗ,Ιούλιος,101,41
443,ΑΠΟΧΕΤΕΥΣΗ,Αύγουστος,101,41
443,ΑΠΟΧΕΤΕΥΣΗ,Σεπτέμβριος,101,41
443,ΑΠΟΧΕΤΕΥΣΗ,Οκτώβριος,101,41
443,ΑΠΟΧΕΤΕΥΣΗ,Νοέμβριος,101,41
443,ΑΠΟΧΕΤΕΥΣΗ,Δεκέμβριος,101,41
443,ΑΠΟΧΕΤΕΥΣΗ,ΕΤΗΣΙΟΣ,101,42
4441,ΥΠΗΡΕΣΙΕΣ ΓΙΑ ΤΗΝ ΣΥΝΤΗΡΗΣΗ ΠΟΛΥΚΑΤΟΙΚΙΩΝ,W%0,5,19
4441,ΥΠΗΡΕΣΙΕΣ ΓΙΑ ΤΗΝ ΣΥΝΤΗΡΗΣΗ ΠΟΛΥΚΑΤΟΙΚΙΩΝ,Ιανουάριος,98,76
4441,ΥΠΗΡΕΣΙΕΣ ΓΙΑ ΤΗΝ ΣΥΝΤΗΡΗΣΗ ΠΟΛΥΚΑΤΟΙΚΙΩΝ,Φεβρουάριος,98,85
4441,ΥΠΗΡΕΣΙΕΣ ΓΙΑ ΤΗΝ ΣΥΝΤΗΡΗΣΗ ΠΟΛΥΚΑΤΟΙΚΙΩΝ,Μάρτιος,98,85
4441,ΥΠΗΡΕΣΙΕΣ ΓΙΑ ΤΗΝ ΣΥΝΤΗΡΗΣΗ ΠΟΛΥΚΑΤΟΙΚΙΩΝ,Απρίλιος,98,85
4441,ΥΠΗΡΕΣΙΕΣ ΓΙΑ ΤΗΝ ΣΥΝΤΗΡΗΣΗ ΠΟΛΥΚΑΤΟΙΚΙΩΝ,Μάιος,98,85
4441,ΥΠΗΡΕΣΙΕΣ ΓΙΑ ΤΗΝ ΣΥΝΤΗΡΗΣΗ ΠΟΛΥΚΑΤΟΙΚΙΩΝ,Ιούνιος,98,85
4441,ΥΠΗΡΕΣΙΕΣ ΓΙΑ ΤΗΝ ΣΥΝΤΗΡΗΣΗ ΠΟΛΥΚΑΤΟΙΚΙΩΝ,Ιούλιος,98,85
4441,ΥΠΗΡΕΣΙΕΣ ΓΙΑ ΤΗΝ ΣΥΝΤΗΡΗΣΗ ΠΟΛΥΚΑΤΟΙΚΙΩΝ,Αύγουστος,98,85
4441,ΥΠΗΡΕΣΙΕΣ ΓΙΑ ΤΗΝ ΣΥΝΤΗΡΗΣΗ ΠΟΛΥΚΑΤΟΙΚΙΩΝ,Σεπτέμβριος,98,95
4441,ΥΠΗΡΕΣΙΕΣ ΓΙΑ ΤΗΝ ΣΥΝΤΗΡΗΣΗ ΠΟΛΥΚΑΤΟΙΚΙΩΝ,Οκτώβριος,98,95
4441,ΥΠΗΡΕΣΙΕΣ ΓΙΑ ΤΗΝ ΣΥΝΤΗΡΗΣΗ ΠΟΛΥΚΑΤΟΙΚΙΩΝ,Νοέμβριος,99,43
4441,ΥΠΗΡΕΣΙΕΣ ΓΙΑ ΤΗΝ ΣΥΝΤΗΡΗΣΗ ΠΟΛΥΚΑΤΟΙΚΙΩΝ,Δεκέμβριος,99,43
4441,ΥΠΗΡΕΣΙΕΣ ΓΙΑ ΤΗΝ ΣΥΝΤΗΡΗΣΗ ΠΟΛΥΚΑΤΟΙΚΙΩΝ,ΕΤΗΣΙΟΣ,98,96
444,ΥΠΗΡΕΣΙΕΣ ΚΟΙΝΟΧΡΗΣΤΩΝ,W%0,5,19
444,ΥΠΗΡΕΣΙΕΣ ΚΟΙΝΟΧΡΗΣΤΩΝ,Ιανουάριος,98,76
444,ΥΠΗΡΕΣΙΕΣ ΚΟΙΝΟΧΡΗΣΤΩΝ,Φεβρουάριος,98,85
444,ΥΠΗΡΕΣΙΕΣ ΚΟΙΝΟΧΡΗΣΤΩΝ,Μάρτιος,98,85
444,ΥΠΗΡΕΣΙΕΣ ΚΟΙΝΟΧΡΗΣΤΩΝ,Απρίλιος,98,85
444,ΥΠΗΡΕΣΙΕΣ ΚΟΙΝΟΧΡΗΣΤΩΝ,Μάιος,98,85
444,ΥΠΗΡΕΣΙΕΣ ΚΟΙΝΟΧΡΗΣΤΩΝ,Ιούνιος,98,85
444,ΥΠΗΡΕΣΙΕΣ ΚΟΙΝΟΧΡΗΣΤΩΝ,Ιούλιος,98,85
444,ΥΠΗΡΕΣΙΕΣ ΚΟΙΝΟΧΡΗΣΤΩΝ,Αύγουστος,98,85
444,ΥΠΗΡΕΣΙΕΣ ΚΟΙΝΟΧΡΗΣΤΩΝ,Σεπτέμβριος,98,95
444,ΥΠΗΡΕΣΙΕΣ ΚΟΙΝΟΧΡΗΣΤΩΝ,Οκτώβριος,98,95
444,ΥΠΗΡΕΣΙΕΣ ΚΟΙΝΟΧΡΗΣΤΩΝ,Νοέμβριος,99,43
444,ΥΠΗΡΕΣΙΕΣ ΚΟΙΝΟΧΡΗΣΤΩΝ,Δεκέμβριος,99,43
444,ΥΠΗΡΕΣΙΕΣ ΚΟΙΝΟΧΡΗΣΤΩΝ,ΕΤΗΣΙΟΣ,98,96
44,ΔΙΑΦΟΡΕΣ ΥΠΗΡΕΣΙΕΣ ΠΟΥ ΣΧΕΤΙΖΟΝΤΑΙ ΜΕ ΤΟ ΣΠΙΤΙ,W%0,17,83
44,ΔΙΑΦΟΡΕΣ ΥΠΗΡΕΣΙΕΣ ΠΟΥ ΣΧΕΤΙΖΟΝΤΑΙ ΜΕ ΤΟ ΣΠΙΤΙ,Ιανουάριος,99,57
44,ΔΙΑΦΟΡΕΣ ΥΠΗΡΕΣΙΕΣ ΠΟΥ ΣΧΕΤΙΖΟΝΤΑΙ ΜΕ ΤΟ ΣΠΙΤΙ,Φεβρουάριος,99,72
44,ΔΙΑΦΟΡΕΣ ΥΠΗΡΕΣΙΕΣ ΠΟΥ ΣΧΕΤΙΖΟΝΤΑΙ ΜΕ ΤΟ ΣΠΙΤΙ,Μάρτιος,100,8
44,ΔΙΑΦΟΡΕΣ ΥΠΗΡΕΣΙΕΣ ΠΟΥ ΣΧΕΤΙΖΟΝΤΑΙ ΜΕ ΤΟ ΣΠΙΤΙ,Απρίλιος,100,8
44,ΔΙΑΦΟΡΕΣ ΥΠΗΡΕΣΙΕΣ ΠΟΥ ΣΧΕΤΙΖΟΝΤΑΙ ΜΕ ΤΟ ΣΠΙΤΙ,Μάιος,99,94
44,ΔΙΑΦΟΡΕΣ ΥΠΗΡΕΣΙΕΣ ΠΟΥ ΣΧΕΤΙΖΟΝΤΑΙ ΜΕ ΤΟ ΣΠΙΤΙ,Ιούνιος,99,94
44,ΔΙΑΦΟΡΕΣ ΥΠΗΡΕΣΙΕΣ ΠΟΥ ΣΧΕΤΙΖΟΝΤΑΙ ΜΕ ΤΟ ΣΠΙΤΙ,Ιούλιος,99,94
44,ΔΙΑΦΟΡΕΣ ΥΠΗΡΕΣΙΕΣ ΠΟΥ ΣΧΕΤΙΖΟΝΤΑΙ ΜΕ ΤΟ ΣΠΙΤΙ,Αύγουστος,99,94
44,ΔΙΑΦΟΡΕΣ ΥΠΗΡΕΣΙΕΣ ΠΟΥ ΣΧΕΤΙΖΟΝΤΑΙ ΜΕ ΤΟ ΣΠΙΤΙ,Σεπτέμβριος,99,97
44,ΔΙΑΦΟΡΕΣ ΥΠΗΡΕΣΙΕΣ ΠΟΥ ΣΧΕΤΙΖΟΝΤΑΙ ΜΕ ΤΟ ΣΠΙΤΙ,Οκτώβριος,99,97
44,ΔΙΑΦΟΡΕΣ ΥΠΗΡΕΣΙΕΣ ΠΟΥ ΣΧΕΤΙΖΟΝΤΑΙ ΜΕ ΤΟ ΣΠΙΤΙ,Νοέμβριος,100,11
44,ΔΙΑΦΟΡΕΣ ΥΠΗΡΕΣΙΕΣ ΠΟΥ ΣΧΕΤΙΖΟΝΤΑΙ ΜΕ ΤΟ ΣΠΙΤΙ,Δεκέμβριος,100,11
44,ΔΙΑΦΟΡΕΣ ΥΠΗΡΕΣΙΕΣ ΠΟΥ ΣΧΕΤΙΖΟΝΤΑΙ ΜΕ ΤΟ ΣΠΙΤΙ,ΕΤΗΣΙΟΣ,99,95
451,ΗΛΕΚΤΡΙΣΜΟΣ,W%0,18,4
451,ΗΛΕΚΤΡΙΣΜΟΣ,Ιανουάριος,95,54
451,ΗΛΕΚΤΡΙΣΜΟΣ,Φεβρουάριος,95,54
451,ΗΛΕΚΤΡΙΣΜΟΣ,Μάρτιος,95,54
451,ΗΛΕΚΤΡΙΣΜΟΣ,Απρίλιος,95,54
451,ΗΛΕΚΤΡΙΣΜΟΣ,Μάιος,95,54
451,ΗΛΕΚΤΡΙΣΜΟΣ,Ιούνιος,94,3
451,ΗΛΕΚΤΡΙΣΜΟΣ,Ιούλιος,94,3
451,ΗΛΕΚΤΡΙΣΜΟΣ,Αύγουστος,94,3
451,ΗΛΕΚΤΡΙΣΜΟΣ,Σεπτέμβριος,94,3
451,ΗΛΕΚΤΡΙΣΜΟΣ,Οκτώβριος,94,3
451,ΗΛΕΚΤΡΙΣΜΟΣ,Νοέμβριος,94,3
451,ΗΛΕΚΤΡΙΣΜΟΣ,Δεκέμβριος,94,3
451,ΗΛΕΚΤΡΙΣΜΟΣ,ΕΤΗΣΙΟΣ,94,66
4521,ΦΥΣΙΚΟ ΑΕΡΙΟ,W%0,1,70
4521,ΦΥΣΙΚΟ ΑΕΡΙΟ,Ιανουάριος,87,59
4521,ΦΥΣΙΚΟ ΑΕΡΙΟ,Φεβρουάριος,80,36
4521,ΦΥΣΙΚΟ ΑΕΡΙΟ,Μάρτιος,77,54
4521,ΦΥΣΙΚΟ ΑΕΡΙΟ,Απρίλιος,72,50
4521,ΦΥΣΙΚΟ ΑΕΡΙΟ,Μάιος,66,18
4521,ΦΥΣΙΚΟ ΑΕΡΙΟ,Ιούνιος,62,93
4521,ΦΥΣΙΚΟ ΑΕΡΙΟ,Ιούλιος,62,74
4521,ΦΥΣΙΚΟ ΑΕΡΙΟ,Αύγουστος,62,35
4521,ΦΥΣΙΚΟ ΑΕΡΙΟ,Σεπτέμβριος,64,45
4521,ΦΥΣΙΚΟ ΑΕΡΙΟ,Οκτώβριος,70,1
4521,ΦΥΣΙΚΟ ΑΕΡΙΟ,Νοέμβριος,76,28
4521,ΦΥΣΙΚΟ ΑΕΡΙΟ,Δεκέμβριος,76,21
4521,ΦΥΣΙΚΟ ΑΕΡΙΟ,ΕΤΗΣΙΟΣ,71,6
4522,ΥΓPAEPIO,W%0,0,60
4522,ΥΓPAEPIO,Ιανουάριος,98,96
4522,ΥΓPAEPIO,Φεβρουάριος,99,87
4522,ΥΓPAEPIO,Μάρτιος,99,44
4522,ΥΓPAEPIO,Απρίλιος,100,36
4522,ΥΓPAEPIO,Μάιος,99,83
4522,ΥΓPAEPIO,Ιούνιος,99,41
4522,ΥΓPAEPIO,Ιούλιος,100,54
4522,ΥΓPAEPIO,Αύγουστος,99,29
4522,ΥΓPAEPIO,Σεπτέμβριος,99,60
4522,ΥΓPAEPIO,Οκτώβριος,100,36
4522,ΥΓPAEPIO,Νοέμβριος,99,6
4522,ΥΓPAEPIO,Δεκέμβριος,99,12
4522,ΥΓPAEPIO,ΕΤΗΣΙΟΣ,99,65
452,ΥΓΡΑΕΡΙΟ - ΦΥΣΙΚΟ ΑΕΡΙΟ,W%0,2,30
452,ΥΓΡΑΕΡΙΟ - ΦΥΣΙΚΟ ΑΕΡΙΟ,Ιανουάριος,90,69
452,ΥΓΡΑΕΡΙΟ - ΦΥΣΙΚΟ ΑΕΡΙΟ,Φεβρουάριος,85,58
452,ΥΓΡΑΕΡΙΟ - ΦΥΣΙΚΟ ΑΕΡΙΟ,Μάρτιος,83,39
452,ΥΓΡΑΕΡΙΟ - ΦΥΣΙΚΟ ΑΕΡΙΟ,Απρίλιος,79,90
452,ΥΓΡΑΕΡΙΟ - ΦΥΣΙΚΟ ΑΕΡΙΟ,Μάιος,75,9
452,ΥΓΡΑΕΡΙΟ - ΦΥΣΙΚΟ ΑΕΡΙΟ,Ιούνιος,72,57
452,ΥΓΡΑΕΡΙΟ - ΦΥΣΙΚΟ ΑΕΡΙΟ,Ιούλιος,72,72
452,ΥΓΡΑΕΡΙΟ - ΦΥΣΙΚΟ ΑΕΡΙΟ,Αύγουστος,72,12
452,ΥΓΡΑΕΡΙΟ - ΦΥΣΙΚΟ ΑΕΡΙΟ,Σεπτέμβριος,73,75
452,ΥΓΡΑΕΡΙΟ - ΦΥΣΙΚΟ ΑΕΡΙΟ,Οκτώβριος,78,6
452,ΥΓΡΑΕΡΙΟ - ΦΥΣΙΚΟ ΑΕΡΙΟ,Νοέμβριος,82,36
452,ΥΓΡΑΕΡΙΟ - ΦΥΣΙΚΟ ΑΕΡΙΟ,Δεκέμβριος,82,32
452,ΥΓΡΑΕΡΙΟ - ΦΥΣΙΚΟ ΑΕΡΙΟ,ΕΤΗΣΙΟΣ,79,4
453,ΠΕΤΡΕΛΑΙΟ ΘΕΡΜΑΝΣΗΣ,W%0,16,70
453,ΠΕΤΡΕΛΑΙΟ ΘΕΡΜΑΝΣΗΣ,Ιανουάριος,116,17
453,ΠΕΤΡΕΛΑΙΟ ΘΕΡΜΑΝΣΗΣ,Φεβρουάριος,110,6
453,ΠΕΤΡΕΛΑΙΟ ΘΕΡΜΑΝΣΗΣ,Μάρτιος,99,71
453,ΠΕΤΡΕΛΑΙΟ ΘΕΡΜΑΝΣΗΣ,Απρίλιος,87,51
453,ΠΕΤΡΕΛΑΙΟ ΘΕΡΜΑΝΣΗΣ,Μάιος,81,8
453,ΠΕΤΡΕΛΑΙΟ ΘΕΡΜΑΝΣΗΣ,Ιούνιος,81,8
453,ΠΕΤΡΕΛΑΙΟ ΘΕΡΜΑΝΣΗΣ,Ιούλιος,81,8
453,ΠΕΤΡΕΛΑΙΟ ΘΕΡΜΑΝΣΗΣ,Αύγουστος,81,8
453,ΠΕΤΡΕΛΑΙΟ ΘΕΡΜΑΝΣΗΣ,Σεπτέμβριος,81,8
453,ΠΕΤΡΕΛΑΙΟ ΘΕΡΜΑΝΣΗΣ,Οκτώβριος,86,85
453,ΠΕΤΡΕΛΑΙΟ ΘΕΡΜΑΝΣΗΣ,Νοέμβριος,87,7
453,ΠΕΤΡΕΛΑΙΟ ΘΕΡΜΑΝΣΗΣ,Δεκέμβριος,91,43
453,ΠΕΤΡΕΛΑΙΟ ΘΕΡΜΑΝΣΗΣ,ΕΤΗΣΙΟΣ,90,35
4549,ΑΛΛΑ ΣΤΕΡΕΑ ΚΑΥΣΙΜΑ,W%0,1,16
4549,ΑΛΛΑ ΣΤΕΡΕΑ ΚΑΥΣΙΜΑ,Ιανουάριος,105,15
4549,ΑΛΛΑ ΣΤΕΡΕΑ ΚΑΥΣΙΜΑ,Φεβρουάριος,104,63
4549,ΑΛΛΑ ΣΤΕΡΕΑ ΚΑΥΣΙΜΑ,Μάρτιος,104,93
4549,ΑΛΛΑ ΣΤΕΡΕΑ ΚΑΥΣΙΜΑ,Απρίλιος,101,98
4549,ΑΛΛΑ ΣΤΕΡΕΑ ΚΑΥΣΙΜΑ,Μάιος,102,39
4549,ΑΛΛΑ ΣΤΕΡΕΑ ΚΑΥΣΙΜΑ,Ιούνιος,102,14
4549,ΑΛΛΑ ΣΤΕΡΕΑ ΚΑΥΣΙΜΑ,Ιούλιος,102,25
4549,ΑΛΛΑ ΣΤΕΡΕΑ ΚΑΥΣΙΜΑ,Αύγουστος,102,41
4549,ΑΛΛΑ ΣΤΕΡΕΑ ΚΑΥΣΙΜΑ,Σεπτέμβριος,102,41
4549,ΑΛΛΑ ΣΤΕΡΕΑ ΚΑΥΣΙΜΑ,Οκτώβριος,102,67
4549,ΑΛΛΑ ΣΤΕΡΕΑ ΚΑΥΣΙΜΑ,Νοέμβριος,102,59
4549,ΑΛΛΑ ΣΤΕΡΕΑ ΚΑΥΣΙΜΑ,Δεκέμβριος,102,45
4549,ΑΛΛΑ ΣΤΕΡΕΑ ΚΑΥΣΙΜΑ,ΕΤΗΣΙΟΣ,103,
454,ΣΤΕΡΕΑ ΚΑΥΣΙΜΑ,W%0,1,16
454,ΣΤΕΡΕΑ ΚΑΥΣΙΜΑ,Ιανουάριος,105,15
454,ΣΤΕΡΕΑ ΚΑΥΣΙΜΑ,Φεβρουάριος,104,63
454,ΣΤΕΡΕΑ ΚΑΥΣΙΜΑ,Μάρτιος,104,93
454,ΣΤΕΡΕΑ ΚΑΥΣΙΜΑ,Απρίλιος,101,98
454,ΣΤΕΡΕΑ ΚΑΥΣΙΜΑ,Μάιος,102,39
454,ΣΤΕΡΕΑ ΚΑΥΣΙΜΑ,Ιούνιος,102,14
454,ΣΤΕΡΕΑ ΚΑΥΣΙΜΑ,Ιούλιος,102,25
454,ΣΤΕΡΕΑ ΚΑΥΣΙΜΑ,Αύγουστος,102,41
454,ΣΤΕΡΕΑ ΚΑΥΣΙΜΑ,Σεπτέμβριος,102,41
454,ΣΤΕΡΕΑ ΚΑΥΣΙΜΑ,Οκτώβριος,102,67
454,ΣΤΕΡΕΑ ΚΑΥΣΙΜΑ,Νοέμβριος,102,59
454,ΣΤΕΡΕΑ ΚΑΥΣΙΜΑ,Δεκέμβριος,102,45
454,ΣΤΕΡΕΑ ΚΑΥΣΙΜΑ,ΕΤΗΣΙΟΣ,103,
45,ΦΥΣΙΚΟ ΑΕΡΙΟ ΚΑΙ ΑΛΛΑ ΚΑΥΣΙΜΑ,W%0,38,20
45,ΦΥΣΙΚΟ ΑΕΡΙΟ ΚΑΙ ΑΛΛΑ ΚΑΥΣΙΜΑ,Ιανουάριος,105,31
45,ΦΥΣΙΚΟ ΑΕΡΙΟ ΚΑΙ ΑΛΛΑ ΚΑΥΣΙΜΑ,Φεβρουάριος,102,53
45,ΦΥΣΙΚΟ ΑΕΡΙΟ ΚΑΙ ΑΛΛΑ ΚΑΥΣΙΜΑ,Μάρτιος,98,26
45,ΦΥΣΙΚΟ ΑΕΡΙΟ ΚΑΙ ΑΛΛΑ ΚΑΥΣΙΜΑ,Απρίλιος,93,6
45,ΦΥΣΙΚΟ ΑΕΡΙΟ ΚΑΙ ΑΛΛΑ ΚΑΥΣΙΜΑ,Μάιος,90,19
45,ΦΥΣΙΚΟ ΑΕΡΙΟ ΚΑΙ ΑΛΛΑ ΚΑΥΣΙΜΑ,Ιούνιος,89,24
45,ΦΥΣΙΚΟ ΑΕΡΙΟ ΚΑΙ ΑΛΛΑ ΚΑΥΣΙΜΑ,Ιούλιος,89,25
45,ΦΥΣΙΚΟ ΑΕΡΙΟ ΚΑΙ ΑΛΛΑ ΚΑΥΣΙΜΑ,Αύγουστος,89,22
45,ΦΥΣΙΚΟ ΑΕΡΙΟ ΚΑΙ ΑΛΛΑ ΚΑΥΣΙΜΑ,Σεπτέμβριος,89,32
45,ΦΥΣΙΚΟ ΑΕΡΙΟ ΚΑΙ ΑΛΛΑ ΚΑΥΣΙΜΑ,Οκτώβριος,91,92
45,ΦΥΣΙΚΟ ΑΕΡΙΟ ΚΑΙ ΑΛΛΑ ΚΑΥΣΙΜΑ,Νοέμβριος,92,27
45,ΦΥΣΙΚΟ ΑΕΡΙΟ ΚΑΙ ΑΛΛΑ ΚΑΥΣΙΜΑ,Δεκέμβριος,94,1
45,ΦΥΣΙΚΟ ΑΕΡΙΟ ΚΑΙ ΑΛΛΑ ΚΑΥΣΙΜΑ,ΕΤΗΣΙΟΣ,93,72
4,ΣΤΕΓΑΣΗ,W%0,94,71
4,ΣΤΕΓΑΣΗ,Ιανουάριος,98,63
4,ΣΤΕΓΑΣΗ,Φεβρουάριος,97,62
4,ΣΤΕΓΑΣΗ,Μάρτιος,96,8
4,ΣΤΕΓΑΣΗ,Απρίλιος,94,11
4,ΣΤΕΓΑΣΗ,Μάιος,93,0
4,ΣΤΕΓΑΣΗ,Ιούνιος,92,64
4,ΣΤΕΓΑΣΗ,Ιούλιος,92,65
4,ΣΤΕΓΑΣΗ,Αύγουστος,92,64
4,ΣΤΕΓΑΣΗ,Σεπτέμβριος,92,69
4,ΣΤΕΓΑΣΗ,Οκτώβριος,93,67
4,ΣΤΕΓΑΣΗ,Νοέμβριος,93,83
4,ΣΤΕΓΑΣΗ,Δεκέμβριος,94,49
4,ΣΤΕΓΑΣΗ,ΕΤΗΣΙΟΣ,94,34
5111,ΕΠΙΠΛΑ,W%0,1,84
5111,ΕΠΙΠΛΑ,Ιανουάριος,88,66
5111,ΕΠΙΠΛΑ,Φεβρουάριος,87,38
5111,ΕΠΙΠΛΑ,Μάρτιος,90,47
5111,ΕΠΙΠΛΑ,Απρίλιος,90,16
5111,ΕΠΙΠΛΑ,Μάιος,90,21
5111,ΕΠΙΠΛΑ,Ιούνιος,90,32
5111,ΕΠΙΠΛΑ,Ιούλιος,89,76
5111,ΕΠΙΠΛΑ,Αύγουστος,89,73
5111,ΕΠΙΠΛΑ,Σεπτέμβριος,90,70
5111,ΕΠΙΠΛΑ,Οκτώβριος,90,43
5111,ΕΠΙΠΛΑ,Νοέμβριος,90,5
5111,ΕΠΙΠΛΑ,Δεκέμβριος,89,97
5111,ΕΠΙΠΛΑ,ΕΤΗΣΙΟΣ,89,82
5112,ΕΠΙΠΛΑ ΚΗΠΟΥ,W%0,0,8
5112,ΕΠΙΠΛΑ ΚΗΠΟΥ,Ιανουάριος,87,49
5112,ΕΠΙΠΛΑ ΚΗΠΟΥ,Φεβρουάριος,86,40
5112,ΕΠΙΠΛΑ ΚΗΠΟΥ,Μάρτιος,87,9
5112,ΕΠΙΠΛΑ ΚΗΠΟΥ,Απρίλιος,84,10
5112,ΕΠΙΠΛΑ ΚΗΠΟΥ,Μάιος,86,20
5112,ΕΠΙΠΛΑ ΚΗΠΟΥ,Ιούνιος,87,39
5112,ΕΠΙΠΛΑ ΚΗΠΟΥ,Ιούλιος,85,28
5112,ΕΠΙΠΛΑ ΚΗΠΟΥ,Αύγουστος,85,58
5112,ΕΠΙΠΛΑ ΚΗΠΟΥ,Σεπτέμβριος,85,36
5112,ΕΠΙΠΛΑ ΚΗΠΟΥ,Οκτώβριος,85,90
5112,ΕΠΙΠΛΑ ΚΗΠΟΥ,Νοέμβριος,84,76
5112,ΕΠΙΠΛΑ ΚΗΠΟΥ,Δεκέμβριος,85,43
5112,ΕΠΙΠΛΑ ΚΗΠΟΥ,ΕΤΗΣΙΟΣ,85,92
5113,ΦΩΤΙΣΤΙΚΑ,W%0,0,13
5113,ΦΩΤΙΣΤΙΚΑ,Ιανουάριος,95,66
5113,ΦΩΤΙΣΤΙΚΑ,Φεβρουάριος,95,34
5113,ΦΩΤΙΣΤΙΚΑ,Μάρτιος,96,54
5113,ΦΩΤΙΣΤΙΚΑ,Απρίλιος,94,68
5113,ΦΩΤΙΣΤΙΚΑ,Μάιος,94,65
5113,ΦΩΤΙΣΤΙΚΑ,Ιούνιος,95,36
5113,ΦΩΤΙΣΤΙΚΑ,Ιούλιος,94,83
5113,ΦΩΤΙΣΤΙΚΑ,Αύγουστος,94,96
5113,ΦΩΤΙΣΤΙΚΑ,Σεπτέμβριος,95,57
5113,ΦΩΤΙΣΤΙΚΑ,Οκτώβριος,95,43
5113,ΦΩΤΙΣΤΙΚΑ,Νοέμβριος,94,95
5113,ΦΩΤΙΣΤΙΚΑ,Δεκέμβριος,95,35
5113,ΦΩΤΙΣΤΙΚΑ,ΕΤΗΣΙΟΣ,95,28
5119,ΑΛΛΑ ΕΠΙΠΛΑ ΚΑΙ ΔΙΑΚΟΣΜΗΤΙΚΑ,W%0,0,28
5119,ΑΛΛΑ ΕΠΙΠΛΑ ΚΑΙ ΔΙΑΚΟΣΜΗΤΙΚΑ,Ιανουάριος,88,47
5119,ΑΛΛΑ ΕΠΙΠΛΑ ΚΑΙ ΔΙΑΚΟΣΜΗΤΙΚΑ,Φεβρουάριος,88,47
5119,ΑΛΛΑ ΕΠΙΠΛΑ ΚΑΙ ΔΙΑΚΟΣΜΗΤΙΚΑ,Μάρτιος,90,15
5119,ΑΛΛΑ ΕΠΙΠΛΑ ΚΑΙ ΔΙΑΚΟΣΜΗΤΙΚΑ,Απρίλιος,89,71
5119,ΑΛΛΑ ΕΠΙΠΛΑ ΚΑΙ ΔΙΑΚΟΣΜΗΤΙΚΑ,Μάιος,89,8
5119,ΑΛΛΑ ΕΠΙΠΛΑ ΚΑΙ ΔΙΑΚΟΣΜΗΤΙΚΑ,Ιούνιος,89,25
5119,ΑΛΛΑ ΕΠΙΠΛΑ ΚΑΙ ΔΙΑΚΟΣΜΗΤΙΚΑ,Ιούλιος,87,66
5119,ΑΛΛΑ ΕΠΙΠΛΑ ΚΑΙ ΔΙΑΚΟΣΜΗΤΙΚΑ,Αύγουστος,87,18
5119,ΑΛΛΑ ΕΠΙΠΛΑ ΚΑΙ ΔΙΑΚΟΣΜΗΤΙΚΑ,Σεπτέμβριος,89,1
5119,ΑΛΛΑ ΕΠΙΠΛΑ ΚΑΙ ΔΙΑΚΟΣΜΗΤΙΚΑ,Οκτώβριος,88,44
5119,ΑΛΛΑ ΕΠΙΠΛΑ ΚΑΙ ΔΙΑΚΟΣΜΗΤΙΚΑ,Νοέμβριος,89,2
5119,ΑΛΛΑ ΕΠΙΠΛΑ ΚΑΙ ΔΙΑΚΟΣΜΗΤΙΚΑ,Δεκέμβριος,90,31
5119,ΑΛΛΑ ΕΠΙΠΛΑ ΚΑΙ ΔΙΑΚΟΣΜΗΤΙΚΑ,ΕΤΗΣΙΟΣ,88,9
511,ΕΠΙΠΛΑ ΚΑΙ ΔΙΑΚΟΣΜΗΤΙΚΑ ΕΙΔΗ,W%0,2,33
511,ΕΠΙΠΛΑ ΚΑΙ ΔΙΑΚΟΣΜΗΤΙΚΑ ΕΙΔΗ,Ιανουάριος,88,63
511,ΕΠΙΠΛΑ ΚΑΙ ΔΙΑΚΟΣΜΗΤΙΚΑ ΕΙΔΗ,Φεβρουάριος,87,56
511,ΕΠΙΠΛΑ ΚΑΙ ΔΙΑΚΟΣΜΗΤΙΚΑ ΕΙΔΗ,Μάρτιος,90,29
511,ΕΠΙΠΛΑ ΚΑΙ ΔΙΑΚΟΣΜΗΤΙΚΑ ΕΙΔΗ,Απρίλιος,89,78
511,ΕΠΙΠΛΑ ΚΑΙ ΔΙΑΚΟΣΜΗΤΙΚΑ ΕΙΔΗ,Μάιος,89,82
511,ΕΠΙΠΛΑ ΚΑΙ ΔΙΑΚΟΣΜΗΤΙΚΑ ΕΙΔΗ,Ιούνιος,90,1
511,ΕΠΙΠΛΑ ΚΑΙ ΔΙΑΚΟΣΜΗΤΙΚΑ ΕΙΔΗ,Ιούλιος,89,27
511,ΕΠΙΠΛΑ ΚΑΙ ΔΙΑΚΟΣΜΗΤΙΚΑ ΕΙΔΗ,Αύγουστος,89,21
511,ΕΠΙΠΛΑ ΚΑΙ ΔΙΑΚΟΣΜΗΤΙΚΑ ΕΙΔΗ,Σεπτέμβριος,90,21
511,ΕΠΙΠΛΑ ΚΑΙ ΔΙΑΚΟΣΜΗΤΙΚΑ ΕΙΔΗ,Οκτώβριος,89,95
511,ΕΠΙΠΛΑ ΚΑΙ ΔΙΑΚΟΣΜΗΤΙΚΑ ΕΙΔΗ,Νοέμβριος,89,65
511,ΕΠΙΠΛΑ ΚΑΙ ΔΙΑΚΟΣΜΗΤΙΚΑ ΕΙΔΗ,Δεκέμβριος,89,79
511,ΕΠΙΠΛΑ ΚΑΙ ΔΙΑΚΟΣΜΗΤΙΚΑ ΕΙΔΗ,ΕΤΗΣΙΟΣ,89,51
5121,ΧΑΛΙΑ ΚΑΙ ΜΟΚΕΤΕΣ,W%0,0,30
5121,ΧΑΛΙΑ ΚΑΙ ΜΟΚΕΤΕΣ,Ιανουάριος,97,69
5121,ΧΑΛΙΑ ΚΑΙ ΜΟΚΕΤΕΣ,Φεβρουάριος,93,89
5121,ΧΑΛΙΑ ΚΑΙ ΜΟΚΕΤΕΣ,Μάρτιος,95,6
5121,ΧΑΛΙΑ ΚΑΙ ΜΟΚΕΤΕΣ,Απρίλιος,98,22
5121,ΧΑΛΙΑ ΚΑΙ ΜΟΚΕΤΕΣ,Μάιος,97,96
5121,ΧΑΛΙΑ ΚΑΙ ΜΟΚΕΤΕΣ,Ιούνιος,97,96
5121,ΧΑΛΙΑ ΚΑΙ ΜΟΚΕΤΕΣ,Ιούλιος,95,83
5121,ΧΑΛΙΑ ΚΑΙ ΜΟΚΕΤΕΣ,Αύγουστος,95,70
5121,ΧΑΛΙΑ ΚΑΙ ΜΟΚΕΤΕΣ,Σεπτέμβριος,97,72
5121,ΧΑΛΙΑ ΚΑΙ ΜΟΚΕΤΕΣ,Οκτώβριος,97,82
5121,ΧΑΛΙΑ ΚΑΙ ΜΟΚΕΤΕΣ,Νοέμβριος,95,89
5121,ΧΑΛΙΑ ΚΑΙ ΜΟΚΕΤΕΣ,Δεκέμβριος,98,21
5121,ΧΑΛΙΑ ΚΑΙ ΜΟΚΕΤΕΣ,ΕΤΗΣΙΟΣ,96,83
512,ΤΑΠΗΤΕΣ ΚΑΙ ΑΛΛΑ ΚΑΛΥΜΜΑΤΑ ΔΑΠΕΔΟΥ,W%0,0,30
512,ΤΑΠΗΤΕΣ ΚΑΙ ΑΛΛΑ ΚΑΛΥΜΜΑΤΑ ΔΑΠΕΔΟΥ,Ιανουάριος,97,69
512,ΤΑΠΗΤΕΣ ΚΑΙ ΑΛΛΑ ΚΑΛΥΜΜΑΤΑ ΔΑΠΕΔΟΥ,Φεβρουάριος,93,89
512,ΤΑΠΗΤΕΣ ΚΑΙ ΑΛΛΑ ΚΑΛΥΜΜΑΤΑ ΔΑΠΕΔΟΥ,Μάρτιος,95,6
512,ΤΑΠΗΤΕΣ ΚΑΙ ΑΛΛΑ ΚΑΛΥΜΜΑΤΑ ΔΑΠΕΔΟΥ,Απρίλιος,98,22
512,ΤΑΠΗΤΕΣ ΚΑΙ ΑΛΛΑ ΚΑΛΥΜΜΑΤΑ ΔΑΠΕΔΟΥ,Μάιος,97,96
512,ΤΑΠΗΤΕΣ ΚΑΙ ΑΛΛΑ ΚΑΛΥΜΜΑΤΑ ΔΑΠΕΔΟΥ,Ιούνιος,97,96
512,ΤΑΠΗΤΕΣ ΚΑΙ ΑΛΛΑ ΚΑΛΥΜΜΑΤΑ ΔΑΠΕΔΟΥ,Ιούλιος,95,83
512,ΤΑΠΗΤΕΣ ΚΑΙ ΑΛΛΑ ΚΑΛΥΜΜΑΤΑ ΔΑΠΕΔΟΥ,Αύγουστος,95,70
512,ΤΑΠΗΤΕΣ ΚΑΙ ΑΛΛΑ ΚΑΛΥΜΜΑΤΑ ΔΑΠΕΔΟΥ,Σεπτέμβριος,97,72
512,ΤΑΠΗΤΕΣ ΚΑΙ ΑΛΛΑ ΚΑΛΥΜΜΑΤΑ ΔΑΠΕΔΟΥ,Οκτώβριος,97,82
512,ΤΑΠΗΤΕΣ ΚΑΙ ΑΛΛΑ ΚΑΛΥΜΜΑΤΑ ΔΑΠΕΔΟΥ,Νοέμβριος,95,89
512,ΤΑΠΗΤΕΣ ΚΑΙ ΑΛΛΑ ΚΑΛΥΜΜΑΤΑ ΔΑΠΕΔΟΥ,Δεκέμβριος,98,21
512,ΤΑΠΗΤΕΣ ΚΑΙ ΑΛΛΑ ΚΑΛΥΜΜΑΤΑ ΔΑΠΕΔΟΥ,ΕΤΗΣΙΟΣ,96,83
51,ΔΙΑΚΟΣΜΗΤΙΚΑ ΕΙΔΗ ΚΑΙ ΑΛΛΑ ΚΑΛΥΜΜΑΤΑ ΔΑΠΕΔΟΥ,W%0,2,63
51,ΔΙΑΚΟΣΜΗΤΙΚΑ ΕΙΔΗ ΚΑΙ ΑΛΛΑ ΚΑΛΥΜΜΑΤΑ ΔΑΠΕΔΟΥ,Ιανουάριος,89,55
51,ΔΙΑΚΟΣΜΗΤΙΚΑ ΕΙΔΗ ΚΑΙ ΑΛΛΑ ΚΑΛΥΜΜΑΤΑ ΔΑΠΕΔΟΥ,Φεβρουάριος,88,20
51,ΔΙΑΚΟΣΜΗΤΙΚΑ ΕΙΔΗ ΚΑΙ ΑΛΛΑ ΚΑΛΥΜΜΑΤΑ ΔΑΠΕΔΟΥ,Μάρτιος,90,76
51,ΔΙΑΚΟΣΜΗΤΙΚΑ ΕΙΔΗ ΚΑΙ ΑΛΛΑ ΚΑΛΥΜΜΑΤΑ ΔΑΠΕΔΟΥ,Απρίλιος,90,64
51,ΔΙΑΚΟΣΜΗΤΙΚΑ ΕΙΔΗ ΚΑΙ ΑΛΛΑ ΚΑΛΥΜΜΑΤΑ ΔΑΠΕΔΟΥ,Μάιος,90,64
51,ΔΙΑΚΟΣΜΗΤΙΚΑ ΕΙΔΗ ΚΑΙ ΑΛΛΑ ΚΑΛΥΜΜΑΤΑ ΔΑΠΕΔΟΥ,Ιούνιος,90,81
51,ΔΙΑΚΟΣΜΗΤΙΚΑ ΕΙΔΗ ΚΑΙ ΑΛΛΑ ΚΑΛΥΜΜΑΤΑ ΔΑΠΕΔΟΥ,Ιούλιος,89,93
51,ΔΙΑΚΟΣΜΗΤΙΚΑ ΕΙΔΗ ΚΑΙ ΑΛΛΑ ΚΑΛΥΜΜΑΤΑ ΔΑΠΕΔΟΥ,Αύγουστος,89,86
51,ΔΙΑΚΟΣΜΗΤΙΚΑ ΕΙΔΗ ΚΑΙ ΑΛΛΑ ΚΑΛΥΜΜΑΤΑ ΔΑΠΕΔΟΥ,Σεπτέμβριος,90,97
51,ΔΙΑΚΟΣΜΗΤΙΚΑ ΕΙΔΗ ΚΑΙ ΑΛΛΑ ΚΑΛΥΜΜΑΤΑ ΔΑΠΕΔΟΥ,Οκτώβριος,90,74
51,ΔΙΑΚΟΣΜΗΤΙΚΑ ΕΙΔΗ ΚΑΙ ΑΛΛΑ ΚΑΛΥΜΜΑΤΑ ΔΑΠΕΔΟΥ,Νοέμβριος,90,27
51,ΔΙΑΚΟΣΜΗΤΙΚΑ ΕΙΔΗ ΚΑΙ ΑΛΛΑ ΚΑΛΥΜΜΑΤΑ ΔΑΠΕΔΟΥ,Δεκέμβριος,90,64
51,ΔΙΑΚΟΣΜΗΤΙΚΑ ΕΙΔΗ ΚΑΙ ΑΛΛΑ ΚΑΛΥΜΜΑΤΑ ΔΑΠΕΔΟΥ,ΕΤΗΣΙΟΣ,90,25
5201,ΥΦΑΣΜΑΤΑ ΕΠΙΠΛΩΣΗΣ ΚΑΙ ΚΟΥΡΤΙΝΕΣ,W%0,1,30
5201,ΥΦΑΣΜΑΤΑ ΕΠΙΠΛΩΣΗΣ ΚΑΙ ΚΟΥΡΤΙΝΕΣ,Ιανουάριος,81,37
5201,ΥΦΑΣΜΑΤΑ ΕΠΙΠΛΩΣΗΣ ΚΑΙ ΚΟΥΡΤΙΝΕΣ,Φεβρουάριος,81,37
5201,ΥΦΑΣΜΑΤΑ ΕΠΙΠΛΩΣΗΣ ΚΑΙ ΚΟΥΡΤΙΝΕΣ,Μάρτιος,84,7
5201,ΥΦΑΣΜΑΤΑ ΕΠΙΠΛΩΣΗΣ ΚΑΙ ΚΟΥΡΤΙΝΕΣ,Απρίλιος,83,74
5201,ΥΦΑΣΜΑΤΑ ΕΠΙΠΛΩΣΗΣ ΚΑΙ ΚΟΥΡΤΙΝΕΣ,Μάιος,83,67
5201,ΥΦΑΣΜΑΤΑ ΕΠΙΠΛΩΣΗΣ ΚΑΙ ΚΟΥΡΤΙΝΕΣ,Ιούνιος,83,67
5201,ΥΦΑΣΜΑΤΑ ΕΠΙΠΛΩΣΗΣ ΚΑΙ ΚΟΥΡΤΙΝΕΣ,Ιούλιος,81,68
5201,ΥΦΑΣΜΑΤΑ ΕΠΙΠΛΩΣΗΣ ΚΑΙ ΚΟΥΡΤΙΝΕΣ,Αύγουστος,81,68
5201,ΥΦΑΣΜΑΤΑ ΕΠΙΠΛΩΣΗΣ ΚΑΙ ΚΟΥΡΤΙΝΕΣ,Σεπτέμβριος,81,82
5201,ΥΦΑΣΜΑΤΑ ΕΠΙΠΛΩΣΗΣ ΚΑΙ ΚΟΥΡΤΙΝΕΣ,Οκτώβριος,81,73
5201,ΥΦΑΣΜΑΤΑ ΕΠΙΠΛΩΣΗΣ ΚΑΙ ΚΟΥΡΤΙΝΕΣ,Νοέμβριος,80,91
5201,ΥΦΑΣΜΑΤΑ ΕΠΙΠΛΩΣΗΣ ΚΑΙ ΚΟΥΡΤΙΝΕΣ,Δεκέμβριος,81,29
5201,ΥΦΑΣΜΑΤΑ ΕΠΙΠΛΩΣΗΣ ΚΑΙ ΚΟΥΡΤΙΝΕΣ,ΕΤΗΣΙΟΣ,82,25
5202,ΚΛΙΝΟΣΚΕΠΑΣΜΑΤΑ,W%0,1,26
5202,ΚΛΙΝΟΣΚΕΠΑΣΜΑΤΑ,Ιανουάριος,74,54
5202,ΚΛΙΝΟΣΚΕΠΑΣΜΑΤΑ,Φεβρουάριος,73,55
5202,ΚΛΙΝΟΣΚΕΠΑΣΜΑΤΑ,Μάρτιος,78,53
5202,ΚΛΙΝΟΣΚΕΠΑΣΜΑΤΑ,Απρίλιος,77,92
5202,ΚΛΙΝΟΣΚΕΠΑΣΜΑΤΑ,Μάιος,77,56
5202,ΚΛΙΝΟΣΚΕΠΑΣΜΑΤΑ,Ιούνιος,77,68
5202,ΚΛΙΝΟΣΚΕΠΑΣΜΑΤΑ,Ιούλιος,72,75
5202,ΚΛΙΝΟΣΚΕΠΑΣΜΑΤΑ,Αύγουστος,71,27
5202,ΚΛΙΝΟΣΚΕΠΑΣΜΑΤΑ,Σεπτέμβριος,76,15
5202,ΚΛΙΝΟΣΚΕΠΑΣΜΑΤΑ,Οκτώβριος,76,78
5202,ΚΛΙΝΟΣΚΕΠΑΣΜΑΤΑ,Νοέμβριος,73,88
5202,ΚΛΙΝΟΣΚΕΠΑΣΜΑΤΑ,Δεκέμβριος,75,41
5202,ΚΛΙΝΟΣΚΕΠΑΣΜΑΤΑ,ΕΤΗΣΙΟΣ,75,5
5203,ΥΦΑΝΤΟΥΡΓΙΚΑ ΕΙΔΗ ΓΙΑ ΤΟ ΤΡΑΠΕΖΙ ΚΑΙ ΤΟ ΜΠΑΝΙΟ,W%0,1,29
5203,ΥΦΑΝΤΟΥΡΓΙΚΑ ΕΙΔΗ ΓΙΑ ΤΟ ΤΡΑΠΕΖΙ ΚΑΙ ΤΟ ΜΠΑΝΙΟ,Ιανουάριος,81,46
5203,ΥΦΑΝΤΟΥΡΓΙΚΑ ΕΙΔΗ ΓΙΑ ΤΟ ΤΡΑΠΕΖΙ ΚΑΙ ΤΟ ΜΠΑΝΙΟ,Φεβρουάριος,80,45
5203,ΥΦΑΝΤΟΥΡΓΙΚΑ ΕΙΔΗ ΓΙΑ ΤΟ ΤΡΑΠΕΖΙ ΚΑΙ ΤΟ ΜΠΑΝΙΟ,Μάρτιος,85,47
5203,ΥΦΑΝΤΟΥΡΓΙΚΑ ΕΙΔΗ ΓΙΑ ΤΟ ΤΡΑΠΕΖΙ ΚΑΙ ΤΟ ΜΠΑΝΙΟ,Απρίλιος,85,47
5203,ΥΦΑΝΤΟΥΡΓΙΚΑ ΕΙΔΗ ΓΙΑ ΤΟ ΤΡΑΠΕΖΙ ΚΑΙ ΤΟ ΜΠΑΝΙΟ,Μάιος,84,42
5203,ΥΦΑΝΤΟΥΡΓΙΚΑ ΕΙΔΗ ΓΙΑ ΤΟ ΤΡΑΠΕΖΙ ΚΑΙ ΤΟ ΜΠΑΝΙΟ,Ιούνιος,84,62
5203,ΥΦΑΝΤΟΥΡΓΙΚΑ ΕΙΔΗ ΓΙΑ ΤΟ ΤΡΑΠΕΖΙ ΚΑΙ ΤΟ ΜΠΑΝΙΟ,Ιούλιος,80,5
5203,ΥΦΑΝΤΟΥΡΓΙΚΑ ΕΙΔΗ ΓΙΑ ΤΟ ΤΡΑΠΕΖΙ ΚΑΙ ΤΟ ΜΠΑΝΙΟ,Αύγουστος,78,19
5203,ΥΦΑΝΤΟΥΡΓΙΚΑ ΕΙΔΗ ΓΙΑ ΤΟ ΤΡΑΠΕΖΙ ΚΑΙ ΤΟ ΜΠΑΝΙΟ,Σεπτέμβριος,84,0
5203,ΥΦΑΝΤΟΥΡΓΙΚΑ ΕΙΔΗ ΓΙΑ ΤΟ ΤΡΑΠΕΖΙ ΚΑΙ ΤΟ ΜΠΑΝΙΟ,Οκτώβριος,83,68
5203,ΥΦΑΝΤΟΥΡΓΙΚΑ ΕΙΔΗ ΓΙΑ ΤΟ ΤΡΑΠΕΖΙ ΚΑΙ ΤΟ ΜΠΑΝΙΟ,Νοέμβριος,79,35
5203,ΥΦΑΝΤΟΥΡΓΙΚΑ ΕΙΔΗ ΓΙΑ ΤΟ ΤΡΑΠΕΖΙ ΚΑΙ ΤΟ ΜΠΑΝΙΟ,Δεκέμβριος,80,65
5203,ΥΦΑΝΤΟΥΡΓΙΚΑ ΕΙΔΗ ΓΙΑ ΤΟ ΤΡΑΠΕΖΙ ΚΑΙ ΤΟ ΜΠΑΝΙΟ,ΕΤΗΣΙΟΣ,82,32
5209,ΑΛΛΑ ΥΦΑΝΤΟΥΡΓΙΚΑ ΕΙΔΗ ΟΙΚΙΑΚΗΣ ΧΡΗΣΗΣ,W%0,0,34
5209,ΑΛΛΑ ΥΦΑΝΤΟΥΡΓΙΚΑ ΕΙΔΗ ΟΙΚΙΑΚΗΣ ΧΡΗΣΗΣ,Ιανουάριος,71,75
5209,ΑΛΛΑ ΥΦΑΝΤΟΥΡΓΙΚΑ ΕΙΔΗ ΟΙΚΙΑΚΗΣ ΧΡΗΣΗΣ,Φεβρουάριος,71,29
5209,ΑΛΛΑ ΥΦΑΝΤΟΥΡΓΙΚΑ ΕΙΔΗ ΟΙΚΙΑΚΗΣ ΧΡΗΣΗΣ,Μάρτιος,75,75
5209,ΑΛΛΑ ΥΦΑΝΤΟΥΡΓΙΚΑ ΕΙΔΗ ΟΙΚΙΑΚΗΣ ΧΡΗΣΗΣ,Απρίλιος,75,19
5209,ΑΛΛΑ ΥΦΑΝΤΟΥΡΓΙΚΑ ΕΙΔΗ ΟΙΚΙΑΚΗΣ ΧΡΗΣΗΣ,Μάιος,74,74
5209,ΑΛΛΑ ΥΦΑΝΤΟΥΡΓΙΚΑ ΕΙΔΗ ΟΙΚΙΑΚΗΣ ΧΡΗΣΗΣ,Ιούνιος,74,16
5209,ΑΛΛΑ ΥΦΑΝΤΟΥΡΓΙΚΑ ΕΙΔΗ ΟΙΚΙΑΚΗΣ ΧΡΗΣΗΣ,Ιούλιος,70,44
5209,ΑΛΛΑ ΥΦΑΝΤΟΥΡΓΙΚΑ ΕΙΔΗ ΟΙΚΙΑΚΗΣ ΧΡΗΣΗΣ,Αύγουστος,69,77
5209,ΑΛΛΑ ΥΦΑΝΤΟΥΡΓΙΚΑ ΕΙΔΗ ΟΙΚΙΑΚΗΣ ΧΡΗΣΗΣ,Σεπτέμβριος,74,33
5209,ΑΛΛΑ ΥΦΑΝΤΟΥΡΓΙΚΑ ΕΙΔΗ ΟΙΚΙΑΚΗΣ ΧΡΗΣΗΣ,Οκτώβριος,74,70
5209,ΑΛΛΑ ΥΦΑΝΤΟΥΡΓΙΚΑ ΕΙΔΗ ΟΙΚΙΑΚΗΣ ΧΡΗΣΗΣ,Νοέμβριος,72,64
5209,ΑΛΛΑ ΥΦΑΝΤΟΥΡΓΙΚΑ ΕΙΔΗ ΟΙΚΙΑΚΗΣ ΧΡΗΣΗΣ,Δεκέμβριος,73,80
5209,ΑΛΛΑ ΥΦΑΝΤΟΥΡΓΙΚΑ ΕΙΔΗ ΟΙΚΙΑΚΗΣ ΧΡΗΣΗΣ,ΕΤΗΣΙΟΣ,73,21
52,ΥΦΑΝΤΟΥΡΓΙΚΑ ΠΡΟΙΟΝΤΑ ΟΙΚΙΑΚΗΣ ΧΡΗΣΗΣ,W%0,4,20
52,ΥΦΑΝΤΟΥΡΓΙΚΑ ΠΡΟΙΟΝΤΑ ΟΙΚΙΑΚΗΣ ΧΡΗΣΗΣ,Ιανουάριος,78,29
52,ΥΦΑΝΤΟΥΡΓΙΚΑ ΠΡΟΙΟΝΤΑ ΟΙΚΙΑΚΗΣ ΧΡΗΣΗΣ,Φεβρουάριος,77,65
52,ΥΦΑΝΤΟΥΡΓΙΚΑ ΠΡΟΙΟΝΤΑ ΟΙΚΙΑΚΗΣ ΧΡΗΣΗΣ,Μάρτιος,81,88
52,ΥΦΑΝΤΟΥΡΓΙΚΑ ΠΡΟΙΟΝΤΑ ΟΙΚΙΑΚΗΣ ΧΡΗΣΗΣ,Απρίλιος,81,55
52,ΥΦΑΝΤΟΥΡΓΙΚΑ ΠΡΟΙΟΝΤΑ ΟΙΚΙΑΚΗΣ ΧΡΗΣΗΣ,Μάιος,81,6
52,ΥΦΑΝΤΟΥΡΓΙΚΑ ΠΡΟΙΟΝΤΑ ΟΙΚΙΑΚΗΣ ΧΡΗΣΗΣ,Ιούνιος,81,11
52,ΥΦΑΝΤΟΥΡΓΙΚΑ ΠΡΟΙΟΝΤΑ ΟΙΚΙΑΚΗΣ ΧΡΗΣΗΣ,Ιούλιος,77,30
52,ΥΦΑΝΤΟΥΡΓΙΚΑ ΠΡΟΙΟΝΤΑ ΟΙΚΙΑΚΗΣ ΧΡΗΣΗΣ,Αύγουστος,76,24
52,ΥΦΑΝΤΟΥΡΓΙΚΑ ΠΡΟΙΟΝΤΑ ΟΙΚΙΑΚΗΣ ΧΡΗΣΗΣ,Σεπτέμβριος,79,90
52,ΥΦΑΝΤΟΥΡΓΙΚΑ ΠΡΟΙΟΝΤΑ ΟΙΚΙΑΚΗΣ ΧΡΗΣΗΣ,Οκτώβριος,80,1
52,ΥΦΑΝΤΟΥΡΓΙΚΑ ΠΡΟΙΟΝΤΑ ΟΙΚΙΑΚΗΣ ΧΡΗΣΗΣ,Νοέμβριος,77,41
52,ΥΦΑΝΤΟΥΡΓΙΚΑ ΠΡΟΙΟΝΤΑ ΟΙΚΙΑΚΗΣ ΧΡΗΣΗΣ,Δεκέμβριος,78,48
52,ΥΦΑΝΤΟΥΡΓΙΚΑ ΠΡΟΙΟΝΤΑ ΟΙΚΙΑΚΗΣ ΧΡΗΣΗΣ,ΕΤΗΣΙΟΣ,79,24
5311,ΚΑΤΑΨΥΚΤΕΣ ΚΑΙ ΨΥΓΕΙΟΚΑΤΑΨΥΚΤΕΣ,W%0,0,95
5311,ΚΑΤΑΨΥΚΤΕΣ ΚΑΙ ΨΥΓΕΙΟΚΑΤΑΨΥΚΤΕΣ,Ιανουάριος,86,91
5311,ΚΑΤΑΨΥΚΤΕΣ ΚΑΙ ΨΥΓΕΙΟΚΑΤΑΨΥΚΤΕΣ,Φεβρουάριος,84,40
5311,ΚΑΤΑΨΥΚΤΕΣ ΚΑΙ ΨΥΓΕΙΟΚΑΤΑΨΥΚΤΕΣ,Μάρτιος,84,74
5311,ΚΑΤΑΨΥΚΤΕΣ ΚΑΙ ΨΥΓΕΙΟΚΑΤΑΨΥΚΤΕΣ,Απρίλιος,83,3
5311,ΚΑΤΑΨΥΚΤΕΣ ΚΑΙ ΨΥΓΕΙΟΚΑΤΑΨΥΚΤΕΣ,Μάιος,84,60
5311,ΚΑΤΑΨΥΚΤΕΣ ΚΑΙ ΨΥΓΕΙΟΚΑΤΑΨΥΚΤΕΣ,Ιούνιος,84,31
5311,ΚΑΤΑΨΥΚΤΕΣ ΚΑΙ ΨΥΓΕΙΟΚΑΤΑΨΥΚΤΕΣ,Ιούλιος,84,96
5311,ΚΑΤΑΨΥΚΤΕΣ ΚΑΙ ΨΥΓΕΙΟΚΑΤΑΨΥΚΤΕΣ,Αύγουστος,75,34
5311,ΚΑΤΑΨΥΚΤΕΣ ΚΑΙ ΨΥΓΕΙΟΚΑΤΑΨΥΚΤΕΣ,Σεπτέμβριος,83,89
5311,ΚΑΤΑΨΥΚΤΕΣ ΚΑΙ ΨΥΓΕΙΟΚΑΤΑΨΥΚΤΕΣ,Οκτώβριος,86,1
5311,ΚΑΤΑΨΥΚΤΕΣ ΚΑΙ ΨΥΓΕΙΟΚΑΤΑΨΥΚΤΕΣ,Νοέμβριος,83,98
5311,ΚΑΤΑΨΥΚΤΕΣ ΚΑΙ ΨΥΓΕΙΟΚΑΤΑΨΥΚΤΕΣ,Δεκέμβριος,84,19
5311,ΚΑΤΑΨΥΚΤΕΣ ΚΑΙ ΨΥΓΕΙΟΚΑΤΑΨΥΚΤΕΣ,ΕΤΗΣΙΟΣ,83,86
5312,ΣΤΕΓΝΩΤΗΡΙΑ ΚΑΙ ΠΛΥΝΤΗΡΙΑ ΡΟΥΧΩΝ,W%0,0,56
5312,ΣΤΕΓΝΩΤΗΡΙΑ ΚΑΙ ΠΛΥΝΤΗΡΙΑ ΡΟΥΧΩΝ,Ιανουάριος,82,47
5312,ΣΤΕΓΝΩΤΗΡΙΑ ΚΑΙ ΠΛΥΝΤΗΡΙΑ ΡΟΥΧΩΝ,Φεβρουάριος,80,69
5312,ΣΤΕΓΝΩΤΗΡΙΑ ΚΑΙ ΠΛΥΝΤΗΡΙΑ ΡΟΥΧΩΝ,Μάρτιος,84,50
5312,ΣΤΕΓΝΩΤΗΡΙΑ ΚΑΙ ΠΛΥΝΤΗΡΙΑ ΡΟΥΧΩΝ,Απρίλιος,82,46
5312,ΣΤΕΓΝΩΤΗΡΙΑ ΚΑΙ ΠΛΥΝΤΗΡΙΑ ΡΟΥΧΩΝ,Μάιος,84,38
5312,ΣΤΕΓΝΩΤΗΡΙΑ ΚΑΙ ΠΛΥΝΤΗΡΙΑ ΡΟΥΧΩΝ,Ιούνιος,82,23
5312,ΣΤΕΓΝΩΤΗΡΙΑ ΚΑΙ ΠΛΥΝΤΗΡΙΑ ΡΟΥΧΩΝ,Ιούλιος,77,75
5312,ΣΤΕΓΝΩΤΗΡΙΑ ΚΑΙ ΠΛΥΝΤΗΡΙΑ ΡΟΥΧΩΝ,Αύγουστος,78,46
5312,ΣΤΕΓΝΩΤΗΡΙΑ ΚΑΙ ΠΛΥΝΤΗΡΙΑ ΡΟΥΧΩΝ,Σεπτέμβριος,79,85
5312,ΣΤΕΓΝΩΤΗΡΙΑ ΚΑΙ ΠΛΥΝΤΗΡΙΑ ΡΟΥΧΩΝ,Οκτώβριος,83,97
5312,ΣΤΕΓΝΩΤΗΡΙΑ ΚΑΙ ΠΛΥΝΤΗΡΙΑ ΡΟΥΧΩΝ,Νοέμβριος,79,29
5312,ΣΤΕΓΝΩΤΗΡΙΑ ΚΑΙ ΠΛΥΝΤΗΡΙΑ ΡΟΥΧΩΝ,Δεκέμβριος,78,85
5312,ΣΤΕΓΝΩΤΗΡΙΑ ΚΑΙ ΠΛΥΝΤΗΡΙΑ ΡΟΥΧΩΝ,ΕΤΗΣΙΟΣ,81,24
5313,ΗΛΕΚΤΡΙΚΕΣ ΚΟΥΖΙΝΕΣ,W%0,0,53
5313,ΗΛΕΚΤΡΙΚΕΣ ΚΟΥΖΙΝΕΣ,Ιανουάριος,92,12
5313,ΗΛΕΚΤΡΙΚΕΣ ΚΟΥΖΙΝΕΣ,Φεβρουάριος,88,68
5313,ΗΛΕΚΤΡΙΚΕΣ ΚΟΥΖΙΝΕΣ,Μάρτιος,89,80
5313,ΗΛΕΚΤΡΙΚΕΣ ΚΟΥΖΙΝΕΣ,Απρίλιος,87,52
5313,ΗΛΕΚΤΡΙΚΕΣ ΚΟΥΖΙΝΕΣ,Μάιος,89,76
5313,ΗΛΕΚΤΡΙΚΕΣ ΚΟΥΖΙΝΕΣ,Ιούνιος,90,4
5313,ΗΛΕΚΤΡΙΚΕΣ ΚΟΥΖΙΝΕΣ,Ιούλιος,89,64
5313,ΗΛΕΚΤΡΙΚΕΣ ΚΟΥΖΙΝΕΣ,Αύγουστος,91,88
5313,ΗΛΕΚΤΡΙΚΕΣ ΚΟΥΖΙΝΕΣ,Σεπτέμβριος,90,98
5313,ΗΛΕΚΤΡΙΚΕΣ ΚΟΥΖΙΝΕΣ,Οκτώβριος,91,78
5313,ΗΛΕΚΤΡΙΚΕΣ ΚΟΥΖΙΝΕΣ,Νοέμβριος,87,57
5313,ΗΛΕΚΤΡΙΚΕΣ ΚΟΥΖΙΝΕΣ,Δεκέμβριος,87,55
5313,ΗΛΕΚΤΡΙΚΕΣ ΚΟΥΖΙΝΕΣ,ΕΤΗΣΙΟΣ,89,78
5314,ΣΥΣΚΕΥΕΣ ΘΕΡΜΑΝΣΗΣ - ΚΛΙΜΑΤΙΣΜΟΥ,W%0,1,26
5314,ΣΥΣΚΕΥΕΣ ΘΕΡΜΑΝΣΗΣ - ΚΛΙΜΑΤΙΣΜΟΥ,Ιανουάριος,92,15
5314,ΣΥΣΚΕΥΕΣ ΘΕΡΜΑΝΣΗΣ - ΚΛΙΜΑΤΙΣΜΟΥ,Φεβρουάριος,91,92
5314,ΣΥΣΚΕΥΕΣ ΘΕΡΜΑΝΣΗΣ - ΚΛΙΜΑΤΙΣΜΟΥ,Μάρτιος,92,62
5314,ΣΥΣΚΕΥΕΣ ΘΕΡΜΑΝΣΗΣ - ΚΛΙΜΑΤΙΣΜΟΥ,Απρίλιος,93,54
5314,ΣΥΣΚΕΥΕΣ ΘΕΡΜΑΝΣΗΣ - ΚΛΙΜΑΤΙΣΜΟΥ,Μάιος,93,4
5314,ΣΥΣΚΕΥΕΣ ΘΕΡΜΑΝΣΗΣ - ΚΛΙΜΑΤΙΣΜΟΥ,Ιούνιος,92,58
5314,ΣΥΣΚΕΥΕΣ ΘΕΡΜΑΝΣΗΣ - ΚΛΙΜΑΤΙΣΜΟΥ,Ιούλιος,92,22
5314,ΣΥΣΚΕΥΕΣ ΘΕΡΜΑΝΣΗΣ - ΚΛΙΜΑΤΙΣΜΟΥ,Αύγουστος,91,57
5314,ΣΥΣΚΕΥΕΣ ΘΕΡΜΑΝΣΗΣ - ΚΛΙΜΑΤΙΣΜΟΥ,Σεπτέμβριος,90,94
5314,ΣΥΣΚΕΥΕΣ ΘΕΡΜΑΝΣΗΣ - ΚΛΙΜΑΤΙΣΜΟΥ,Οκτώβριος,89,50
5314,ΣΥΣΚΕΥΕΣ ΘΕΡΜΑΝΣΗΣ - ΚΛΙΜΑΤΙΣΜΟΥ,Νοέμβριος,88,48
5314,ΣΥΣΚΕΥΕΣ ΘΕΡΜΑΝΣΗΣ - ΚΛΙΜΑΤΙΣΜΟΥ,Δεκέμβριος,89,37
5314,ΣΥΣΚΕΥΕΣ ΘΕΡΜΑΝΣΗΣ - ΚΛΙΜΑΤΙΣΜΟΥ,ΕΤΗΣΙΟΣ,91,49
5315,ΣΥΣΚΕΥΕΣ ΚΑΘΑΡΙΣΜΟΥ,W%0,0,10
5315,ΣΥΣΚΕΥΕΣ ΚΑΘΑΡΙΣΜΟΥ,Ιανουάριος,67,34
5315,ΣΥΣΚΕΥΕΣ ΚΑΘΑΡΙΣΜΟΥ,Φεβρουάριος,67,34
5315,ΣΥΣΚΕΥΕΣ ΚΑΘΑΡΙΣΜΟΥ,Μάρτιος,67,74
5315,ΣΥΣΚΕΥΕΣ ΚΑΘΑΡΙΣΜΟΥ,Απρίλιος,67,95
5315,ΣΥΣΚΕΥΕΣ ΚΑΘΑΡΙΣΜΟΥ,Μάιος,65,94
5315,ΣΥΣΚΕΥΕΣ ΚΑΘΑΡΙΣΜΟΥ,Ιούνιος,66,74
5315,ΣΥΣΚΕΥΕΣ ΚΑΘΑΡΙΣΜΟΥ,Ιούλιος,67,25
5315,ΣΥΣΚΕΥΕΣ ΚΑΘΑΡΙΣΜΟΥ,Αύγουστος,67,10
5315,ΣΥΣΚΕΥΕΣ ΚΑΘΑΡΙΣΜΟΥ,Σεπτέμβριος,67,50
5315,ΣΥΣΚΕΥΕΣ ΚΑΘΑΡΙΣΜΟΥ,Οκτώβριος,67,36
5315,ΣΥΣΚΕΥΕΣ ΚΑΘΑΡΙΣΜΟΥ,Νοέμβριος,67,71
5315,ΣΥΣΚΕΥΕΣ ΚΑΘΑΡΙΣΜΟΥ,Δεκέμβριος,66,67
5315,ΣΥΣΚΕΥΕΣ ΚΑΘΑΡΙΣΜΟΥ,ΕΤΗΣΙΟΣ,67,22
531,ΜΕΓΑΛΕΣ ΟΙΚΙΑΚΕΣ ΣΥΣΚΕΥΕΣ ΗΛΕΚΤΡΙΚΕΣ Η ΜΗ,W%0,3,41
531,ΜΕΓΑΛΕΣ ΟΙΚΙΑΚΕΣ ΣΥΣΚΕΥΕΣ ΗΛΕΚΤΡΙΚΕΣ Η ΜΗ,Ιανουάριος,88,43
531,ΜΕΓΑΛΕΣ ΟΙΚΙΑΚΕΣ ΣΥΣΚΕΥΕΣ ΗΛΕΚΤΡΙΚΕΣ Η ΜΗ,Φεβρουάριος,86,80
531,ΜΕΓΑΛΕΣ ΟΙΚΙΑΚΕΣ ΣΥΣΚΕΥΕΣ ΗΛΕΚΤΡΙΚΕΣ Η ΜΗ,Μάρτιος,88,0
531,ΜΕΓΑΛΕΣ ΟΙΚΙΑΚΕΣ ΣΥΣΚΕΥΕΣ ΗΛΕΚΤΡΙΚΕΣ Η ΜΗ,Απρίλιος,87,15
531,ΜΕΓΑΛΕΣ ΟΙΚΙΑΚΕΣ ΣΥΣΚΕΥΕΣ ΗΛΕΚΤΡΙΚΕΣ Η ΜΗ,Μάιος,88,1
531,ΜΕΓΑΛΕΣ ΟΙΚΙΑΚΕΣ ΣΥΣΚΕΥΕΣ ΗΛΕΚΤΡΙΚΕΣ Η ΜΗ,Ιούνιος,87,46
531,ΜΕΓΑΛΕΣ ΟΙΚΙΑΚΕΣ ΣΥΣΚΕΥΕΣ ΗΛΕΚΤΡΙΚΕΣ Η ΜΗ,Ιούλιος,86,69
531,ΜΕΓΑΛΕΣ ΟΙΚΙΑΚΕΣ ΣΥΣΚΕΥΕΣ ΗΛΕΚΤΡΙΚΕΣ Η ΜΗ,Αύγουστος,84,19
531,ΜΕΓΑΛΕΣ ΟΙΚΙΑΚΕΣ ΣΥΣΚΕΥΕΣ ΗΛΕΚΤΡΙΚΕΣ Η ΜΗ,Σεπτέμβριος,86,52
531,ΜΕΓΑΛΕΣ ΟΙΚΙΑΚΕΣ ΣΥΣΚΕΥΕΣ ΗΛΕΚΤΡΙΚΕΣ Η ΜΗ,Οκτώβριος,87,46
531,ΜΕΓΑΛΕΣ ΟΙΚΙΑΚΕΣ ΣΥΣΚΕΥΕΣ ΗΛΕΚΤΡΙΚΕΣ Η ΜΗ,Νοέμβριος,85,7
531,ΜΕΓΑΛΕΣ ΟΙΚΙΑΚΕΣ ΣΥΣΚΕΥΕΣ ΗΛΕΚΤΡΙΚΕΣ Η ΜΗ,Δεκέμβριος,85,32
531,ΜΕΓΑΛΕΣ ΟΙΚΙΑΚΕΣ ΣΥΣΚΕΥΕΣ ΗΛΕΚΤΡΙΚΕΣ Η ΜΗ,ΕΤΗΣΙΟΣ,86,76
5321,ΣΥΣΚΕΥΕΣ ΕΠΕΞΕΡΓΑΣΙΑΣ ΤΡΟΦΙΜΩΝ,W%0,0,8
5321,ΣΥΣΚΕΥΕΣ ΕΠΕΞΕΡΓΑΣΙΑΣ ΤΡΟΦΙΜΩΝ,Ιανουάριος,89,65
5321,ΣΥΣΚΕΥΕΣ ΕΠΕΞΕΡΓΑΣΙΑΣ ΤΡΟΦΙΜΩΝ,Φεβρουάριος,89,14
5321,ΣΥΣΚΕΥΕΣ ΕΠΕΞΕΡΓΑΣΙΑΣ ΤΡΟΦΙΜΩΝ,Μάρτιος,90,61
5321,ΣΥΣΚΕΥΕΣ ΕΠΕΞΕΡΓΑΣΙΑΣ ΤΡΟΦΙΜΩΝ,Απρίλιος,90,64
5321,ΣΥΣΚΕΥΕΣ ΕΠΕΞΕΡΓΑΣΙΑΣ ΤΡΟΦΙΜΩΝ,Μάιος,92,22
5321,ΣΥΣΚΕΥΕΣ ΕΠΕΞΕΡΓΑΣΙΑΣ ΤΡΟΦΙΜΩΝ,Ιούνιος,92,56
5321,ΣΥΣΚΕΥΕΣ ΕΠΕΞΕΡΓΑΣΙΑΣ ΤΡΟΦΙΜΩΝ,Ιούλιος,89,31
5321,ΣΥΣΚΕΥΕΣ ΕΠΕΞΕΡΓΑΣΙΑΣ ΤΡΟΦΙΜΩΝ,Αύγουστος,87,69
5321,ΣΥΣΚΕΥΕΣ ΕΠΕΞΕΡΓΑΣΙΑΣ ΤΡΟΦΙΜΩΝ,Σεπτέμβριος,88,66
5321,ΣΥΣΚΕΥΕΣ ΕΠΕΞΕΡΓΑΣΙΑΣ ΤΡΟΦΙΜΩΝ,Οκτώβριος,90,36
5321,ΣΥΣΚΕΥΕΣ ΕΠΕΞΕΡΓΑΣΙΑΣ ΤΡΟΦΙΜΩΝ,Νοέμβριος,87,38
5321,ΣΥΣΚΕΥΕΣ ΕΠΕΞΕΡΓΑΣΙΑΣ ΤΡΟΦΙΜΩΝ,Δεκέμβριος,86,70
5321,ΣΥΣΚΕΥΕΣ ΕΠΕΞΕΡΓΑΣΙΑΣ ΤΡΟΦΙΜΩΝ,ΕΤΗΣΙΟΣ,89,58
5322,ΤΣΑΙ ΚΑΙ ΠΑΡΟΜΟΙΕΣ ΣΥΣΚΕΥΕΣ,W%0,0,8
5322,ΤΣΑΙ ΚΑΙ ΠΑΡΟΜΟΙΕΣ ΣΥΣΚΕΥΕΣ,Ιανουάριος,91,56
5322,ΤΣΑΙ ΚΑΙ ΠΑΡΟΜΟΙΕΣ ΣΥΣΚΕΥΕΣ,Φεβρουάριος,90,95
5322,ΤΣΑΙ ΚΑΙ ΠΑΡΟΜΟΙΕΣ ΣΥΣΚΕΥΕΣ,Μάρτιος,91,11
5322,ΤΣΑΙ ΚΑΙ ΠΑΡΟΜΟΙΕΣ ΣΥΣΚΕΥΕΣ,Απρίλιος,90,79
5322,ΤΣΑΙ ΚΑΙ ΠΑΡΟΜΟΙΕΣ ΣΥΣΚΕΥΕΣ,Μάιος,90,28
5322,ΤΣΑΙ ΚΑΙ ΠΑΡΟΜΟΙΕΣ ΣΥΣΚΕΥΕΣ,Ιούνιος,90,67
5322,ΤΣΑΙ ΚΑΙ ΠΑΡΟΜΟΙΕΣ ΣΥΣΚΕΥΕΣ,Ιούλιος,89,60
5322,ΤΣΑΙ ΚΑΙ ΠΑΡΟΜΟΙΕΣ ΣΥΣΚΕΥΕΣ,Αύγουστος,89,50
5322,ΤΣΑΙ ΚΑΙ ΠΑΡΟΜΟΙΕΣ ΣΥΣΚΕΥΕΣ,Σεπτέμβριος,90,23
5322,ΤΣΑΙ ΚΑΙ ΠΑΡΟΜΟΙΕΣ ΣΥΣΚΕΥΕΣ,Οκτώβριος,92,92
5322,ΤΣΑΙ ΚΑΙ ΠΑΡΟΜΟΙΕΣ ΣΥΣΚΕΥΕΣ,Νοέμβριος,91,27
5322,ΤΣΑΙ ΚΑΙ ΠΑΡΟΜΟΙΕΣ ΣΥΣΚΕΥΕΣ,Δεκέμβριος,90,10
5322,ΤΣΑΙ ΚΑΙ ΠΑΡΟΜΟΙΕΣ ΣΥΣΚΕΥΕΣ,ΕΤΗΣΙΟΣ,90,75
5323,ΣΙΔΕΡΑ,W%0,0,11
5323,ΣΙΔΕΡΑ,Ιανουάριος,92,88
5323,ΣΙΔΕΡΑ,Φεβρουάριος,93,73
5323,ΣΙΔΕΡΑ,Μάρτιος,93,66
5323,ΣΙΔΕΡΑ,Απρίλιος,91,77
5323,ΣΙΔΕΡΑ,Μάιος,95,34
5323,ΣΙΔΕΡΑ,Ιούνιος,94,26
5323,ΣΙΔΕΡΑ,Ιούλιος,90,99
5323,ΣΙΔΕΡΑ,Αύγουστος,90,79
5323,ΣΙΔΕΡΑ,Σεπτέμβριος,95,92
5323,ΣΙΔΕΡΑ,Οκτώβριος,97,70
5323,ΣΙΔΕΡΑ,Νοέμβριος,93,34
5323,ΣΙΔΕΡΑ,Δεκέμβριος,97,17
5323,ΣΙΔΕΡΑ,ΕΤΗΣΙΟΣ,93,96
5324,ΤΟΣΤΙΕΡΕΣ ΚΑΙ ΨΗΣΤΙΕΡΕΣ,W%0,0,5
5324,ΤΟΣΤΙΕΡΕΣ ΚΑΙ ΨΗΣΤΙΕΡΕΣ,Ιανουάριος,95,68
5324,ΤΟΣΤΙΕΡΕΣ ΚΑΙ ΨΗΣΤΙΕΡΕΣ,Φεβρουάριος,95,24
5324,ΤΟΣΤΙΕΡΕΣ ΚΑΙ ΨΗΣΤΙΕΡΕΣ,Μάρτιος,95,83
5324,ΤΟΣΤΙΕΡΕΣ ΚΑΙ ΨΗΣΤΙΕΡΕΣ,Απρίλιος,94,1
5324,ΤΟΣΤΙΕΡΕΣ ΚΑΙ ΨΗΣΤΙΕΡΕΣ,Μάιος,93,82
5324,ΤΟΣΤΙΕΡΕΣ ΚΑΙ ΨΗΣΤΙΕΡΕΣ,Ιούνιος,94,72
5324,ΤΟΣΤΙΕΡΕΣ ΚΑΙ ΨΗΣΤΙΕΡΕΣ,Ιούλιος,92,1
5324,ΤΟΣΤΙΕΡΕΣ ΚΑΙ ΨΗΣΤΙΕΡΕΣ,Αύγουστος,93,1
5324,ΤΟΣΤΙΕΡΕΣ ΚΑΙ ΨΗΣΤΙΕΡΕΣ,Σεπτέμβριος,94,37
5324,ΤΟΣΤΙΕΡΕΣ ΚΑΙ ΨΗΣΤΙΕΡΕΣ,Οκτώβριος,94,82
5324,ΤΟΣΤΙΕΡΕΣ ΚΑΙ ΨΗΣΤΙΕΡΕΣ,Νοέμβριος,90,78
5324,ΤΟΣΤΙΕΡΕΣ ΚΑΙ ΨΗΣΤΙΕΡΕΣ,Δεκέμβριος,92,69
5324,ΤΟΣΤΙΕΡΕΣ ΚΑΙ ΨΗΣΤΙΕΡΕΣ,ΕΤΗΣΙΟΣ,93,91
5329,AΛΛΕΣ ΜΙΚΡΕΣ ΗΛΕΚΤΡΙΚΕΣ ΟΙΚΙΑΚΕΣ ΣΥΣΚΕΥΕΣ,W%0,0,8
5329,AΛΛΕΣ ΜΙΚΡΕΣ ΗΛΕΚΤΡΙΚΕΣ ΟΙΚΙΑΚΕΣ ΣΥΣΚΕΥΕΣ,Ιανουάριος,89,82
5329,AΛΛΕΣ ΜΙΚΡΕΣ ΗΛΕΚΤΡΙΚΕΣ ΟΙΚΙΑΚΕΣ ΣΥΣΚΕΥΕΣ,Φεβρουάριος,89,55
5329,AΛΛΕΣ ΜΙΚΡΕΣ ΗΛΕΚΤΡΙΚΕΣ ΟΙΚΙΑΚΕΣ ΣΥΣΚΕΥΕΣ,Μάρτιος,89,11
5329,AΛΛΕΣ ΜΙΚΡΕΣ ΗΛΕΚΤΡΙΚΕΣ ΟΙΚΙΑΚΕΣ ΣΥΣΚΕΥΕΣ,Απρίλιος,88,81
5329,AΛΛΕΣ ΜΙΚΡΕΣ ΗΛΕΚΤΡΙΚΕΣ ΟΙΚΙΑΚΕΣ ΣΥΣΚΕΥΕΣ,Μάιος,87,75
5329,AΛΛΕΣ ΜΙΚΡΕΣ ΗΛΕΚΤΡΙΚΕΣ ΟΙΚΙΑΚΕΣ ΣΥΣΚΕΥΕΣ,Ιούνιος,87,60
5329,AΛΛΕΣ ΜΙΚΡΕΣ ΗΛΕΚΤΡΙΚΕΣ ΟΙΚΙΑΚΕΣ ΣΥΣΚΕΥΕΣ,Ιούλιος,86,97
5329,AΛΛΕΣ ΜΙΚΡΕΣ ΗΛΕΚΤΡΙΚΕΣ ΟΙΚΙΑΚΕΣ ΣΥΣΚΕΥΕΣ,Αύγουστος,85,71
5329,AΛΛΕΣ ΜΙΚΡΕΣ ΗΛΕΚΤΡΙΚΕΣ ΟΙΚΙΑΚΕΣ ΣΥΣΚΕΥΕΣ,Σεπτέμβριος,85,50
5329,AΛΛΕΣ ΜΙΚΡΕΣ ΗΛΕΚΤΡΙΚΕΣ ΟΙΚΙΑΚΕΣ ΣΥΣΚΕΥΕΣ,Οκτώβριος,87,49
5329,AΛΛΕΣ ΜΙΚΡΕΣ ΗΛΕΚΤΡΙΚΕΣ ΟΙΚΙΑΚΕΣ ΣΥΣΚΕΥΕΣ,Νοέμβριος,87,31
5329,AΛΛΕΣ ΜΙΚΡΕΣ ΗΛΕΚΤΡΙΚΕΣ ΟΙΚΙΑΚΕΣ ΣΥΣΚΕΥΕΣ,Δεκέμβριος,87,69
5329,AΛΛΕΣ ΜΙΚΡΕΣ ΗΛΕΚΤΡΙΚΕΣ ΟΙΚΙΑΚΕΣ ΣΥΣΚΕΥΕΣ,ΕΤΗΣΙΟΣ,87,78
532,ΜΙΚΡΕΣ ΗΛΕΚΤΡΙΚΕΣ ΟΙΚΙΑΚEΣ ΣΥΣΚΕΥΕΣ,W%0,0,39
532,ΜΙΚΡΕΣ ΗΛΕΚΤΡΙΚΕΣ ΟΙΚΙΑΚEΣ ΣΥΣΚΕΥΕΣ,Ιανουάριος,86,46
532,ΜΙΚΡΕΣ ΗΛΕΚΤΡΙΚΕΣ ΟΙΚΙΑΚEΣ ΣΥΣΚΕΥΕΣ,Φεβρουάριος,86,36
532,ΜΙΚΡΕΣ ΗΛΕΚΤΡΙΚΕΣ ΟΙΚΙΑΚEΣ ΣΥΣΚΕΥΕΣ,Μάρτιος,86,64
532,ΜΙΚΡΕΣ ΗΛΕΚΤΡΙΚΕΣ ΟΙΚΙΑΚEΣ ΣΥΣΚΕΥΕΣ,Απρίλιος,85,85
532,ΜΙΚΡΕΣ ΗΛΕΚΤΡΙΚΕΣ ΟΙΚΙΑΚEΣ ΣΥΣΚΕΥΕΣ,Μάιος,86,74
532,ΜΙΚΡΕΣ ΗΛΕΚΤΡΙΚΕΣ ΟΙΚΙΑΚEΣ ΣΥΣΚΕΥΕΣ,Ιούνιος,86,67
532,ΜΙΚΡΕΣ ΗΛΕΚΤΡΙΚΕΣ ΟΙΚΙΑΚEΣ ΣΥΣΚΕΥΕΣ,Ιούλιος,84,59
532,ΜΙΚΡΕΣ ΗΛΕΚΤΡΙΚΕΣ ΟΙΚΙΑΚEΣ ΣΥΣΚΕΥΕΣ,Αύγουστος,84,7
532,ΜΙΚΡΕΣ ΗΛΕΚΤΡΙΚΕΣ ΟΙΚΙΑΚEΣ ΣΥΣΚΕΥΕΣ,Σεπτέμβριος,85,81
532,ΜΙΚΡΕΣ ΗΛΕΚΤΡΙΚΕΣ ΟΙΚΙΑΚEΣ ΣΥΣΚΕΥΕΣ,Οκτώβριος,87,55
532,ΜΙΚΡΕΣ ΗΛΕΚΤΡΙΚΕΣ ΟΙΚΙΑΚEΣ ΣΥΣΚΕΥΕΣ,Νοέμβριος,85,6
532,ΜΙΚΡΕΣ ΗΛΕΚΤΡΙΚΕΣ ΟΙΚΙΑΚEΣ ΣΥΣΚΕΥΕΣ,Δεκέμβριος,85,95
532,ΜΙΚΡΕΣ ΗΛΕΚΤΡΙΚΕΣ ΟΙΚΙΑΚEΣ ΣΥΣΚΕΥΕΣ,ΕΤΗΣΙΟΣ,85,98
533,ΕΠΙΣΚΕΥΕΣ ΟΙΚΙΑΚΩΝ ΣΥΣΚΕΥΩΝ,W%0,0,47
533,ΕΠΙΣΚΕΥΕΣ ΟΙΚΙΑΚΩΝ ΣΥΣΚΕΥΩΝ,Ιανουάριος,96,33
533,ΕΠΙΣΚΕΥΕΣ ΟΙΚΙΑΚΩΝ ΣΥΣΚΕΥΩΝ,Φεβρουάριος,96,33
533,ΕΠΙΣΚΕΥΕΣ ΟΙΚΙΑΚΩΝ ΣΥΣΚΕΥΩΝ,Μάρτιος,96,33
533,ΕΠΙΣΚΕΥΕΣ ΟΙΚΙΑΚΩΝ ΣΥΣΚΕΥΩΝ,Απρίλιος,96,33
533,ΕΠΙΣΚΕΥΕΣ ΟΙΚΙΑΚΩΝ ΣΥΣΚΕΥΩΝ,Μάιος,96,33
533,ΕΠΙΣΚΕΥΕΣ ΟΙΚΙΑΚΩΝ ΣΥΣΚΕΥΩΝ,Ιούνιος,96,33
533,ΕΠΙΣΚΕΥΕΣ ΟΙΚΙΑΚΩΝ ΣΥΣΚΕΥΩΝ,Ιούλιος,97,27
533,ΕΠΙΣΚΕΥΕΣ ΟΙΚΙΑΚΩΝ ΣΥΣΚΕΥΩΝ,Αύγουστος,97,27
533,ΕΠΙΣΚΕΥΕΣ ΟΙΚΙΑΚΩΝ ΣΥΣΚΕΥΩΝ,Σεπτέμβριος,97,27
533,ΕΠΙΣΚΕΥΕΣ ΟΙΚΙΑΚΩΝ ΣΥΣΚΕΥΩΝ,Οκτώβριος,97,35
533,ΕΠΙΣΚΕΥΕΣ ΟΙΚΙΑΚΩΝ ΣΥΣΚΕΥΩΝ,Νοέμβριος,97,35
533,ΕΠΙΣΚΕΥΕΣ ΟΙΚΙΑΚΩΝ ΣΥΣΚΕΥΩΝ,Δεκέμβριος,97,35
533,ΕΠΙΣΚΕΥΕΣ ΟΙΚΙΑΚΩΝ ΣΥΣΚΕΥΩΝ,ΕΤΗΣΙΟΣ,96,82
53,OIKIAKEΣ ΣΥΣΚΕΥΕΣ ΚΑΙ ΕΠΙΣΚΕΥΕΣ,W%0,4,27
53,OIKIAKEΣ ΣΥΣΚΕΥΕΣ ΚΑΙ ΕΠΙΣΚΕΥΕΣ,Ιανουάριος,88,86
53,OIKIAKEΣ ΣΥΣΚΕΥΕΣ ΚΑΙ ΕΠΙΣΚΕΥΕΣ,Φεβρουάριος,87,55
53,OIKIAKEΣ ΣΥΣΚΕΥΕΣ ΚΑΙ ΕΠΙΣΚΕΥΕΣ,Μάρτιος,88,54
53,OIKIAKEΣ ΣΥΣΚΕΥΕΣ ΚΑΙ ΕΠΙΣΚΕΥΕΣ,Απρίλιος,87,78
53,OIKIAKEΣ ΣΥΣΚΕΥΕΣ ΚΑΙ ΕΠΙΣΚΕΥΕΣ,Μάιος,88,55
53,OIKIAKEΣ ΣΥΣΚΕΥΕΣ ΚΑΙ ΕΠΙΣΚΕΥΕΣ,Ιούνιος,88,11
53,OIKIAKEΣ ΣΥΣΚΕΥΕΣ ΚΑΙ ΕΠΙΣΚΕΥΕΣ,Ιούλιος,87,38
53,OIKIAKEΣ ΣΥΣΚΕΥΕΣ ΚΑΙ ΕΠΙΣΚΕΥΕΣ,Αύγουστος,85,34
53,OIKIAKEΣ ΣΥΣΚΕΥΕΣ ΚΑΙ ΕΠΙΣΚΕΥΕΣ,Σεπτέμβριος,87,36
53,OIKIAKEΣ ΣΥΣΚΕΥΕΣ ΚΑΙ ΕΠΙΣΚΕΥΕΣ,Οκτώβριος,88,29
53,OIKIAKEΣ ΣΥΣΚΕΥΕΣ ΚΑΙ ΕΠΙΣΚΕΥΕΣ,Νοέμβριος,86,14
53,OIKIAKEΣ ΣΥΣΚΕΥΕΣ ΚΑΙ ΕΠΙΣΚΕΥΕΣ,Δεκέμβριος,86,42
53,OIKIAKEΣ ΣΥΣΚΕΥΕΣ ΚΑΙ ΕΠΙΣΚΕΥΕΣ,ΕΤΗΣΙΟΣ,87,53
ΚΕΡΑΜΙΚΑ,ΚΑΙ ΕΙΔΗ ΠΟΡΣΕΛΑΝΗΣ,W%0,0,98
ΚΕΡΑΜΙΚΑ,ΚΑΙ ΕΙΔΗ ΠΟΡΣΕΛΑΝΗΣ,Ιανουάριος,92,17
ΚΕΡΑΜΙΚΑ,ΚΑΙ ΕΙΔΗ ΠΟΡΣΕΛΑΝΗΣ,Φεβρουάριος,91,4
ΚΕΡΑΜΙΚΑ,ΚΑΙ ΕΙΔΗ ΠΟΡΣΕΛΑΝΗΣ,Μάρτιος,95,73
ΚΕΡΑΜΙΚΑ,ΚΑΙ ΕΙΔΗ ΠΟΡΣΕΛΑΝΗΣ,Απρίλιος,96,20
ΚΕΡΑΜΙΚΑ,ΚΑΙ ΕΙΔΗ ΠΟΡΣΕΛΑΝΗΣ,Μάιος,94,27
ΚΕΡΑΜΙΚΑ,ΚΑΙ ΕΙΔΗ ΠΟΡΣΕΛΑΝΗΣ,Ιούνιος,94,33
ΚΕΡΑΜΙΚΑ,ΚΑΙ ΕΙΔΗ ΠΟΡΣΕΛΑΝΗΣ,Ιούλιος,91,89
ΚΕΡΑΜΙΚΑ,ΚΑΙ ΕΙΔΗ ΠΟΡΣΕΛΑΝΗΣ,Αύγουστος,91,12
ΚΕΡΑΜΙΚΑ,ΚΑΙ ΕΙΔΗ ΠΟΡΣΕΛΑΝΗΣ,Σεπτέμβριος,93,81
ΚΕΡΑΜΙΚΑ,ΚΑΙ ΕΙΔΗ ΠΟΡΣΕΛΑΝΗΣ,Οκτώβριος,93,84
ΚΕΡΑΜΙΚΑ,ΚΑΙ ΕΙΔΗ ΠΟΡΣΕΛΑΝΗΣ,Νοέμβριος,87,68
ΚΕΡΑΜΙΚΑ,ΚΑΙ ΕΙΔΗ ΠΟΡΣΕΛΑΝΗΣ,Δεκέμβριος,87,96
ΚΕΡΑΜΙΚΑ,ΚΑΙ ΕΙΔΗ ΠΟΡΣΕΛΑΝΗΣ,ΕΤΗΣΙΟΣ,92,5
5402,MAXAIPOΠHPOYNA,W%0,0,37
5402,MAXAIPOΠHPOYNA,Ιανουάριος,102,37
5402,MAXAIPOΠHPOYNA,Φεβρουάριος,102,38
5402,MAXAIPOΠHPOYNA,Μάρτιος,104,94
5402,MAXAIPOΠHPOYNA,Απρίλιος,104,94
5402,MAXAIPOΠHPOYNA,Μάιος,104,22
5402,MAXAIPOΠHPOYNA,Ιούνιος,104,34
5402,MAXAIPOΠHPOYNA,Ιούλιος,102,9
5402,MAXAIPOΠHPOYNA,Αύγουστος,99,32
5402,MAXAIPOΠHPOYNA,Σεπτέμβριος,102,93
5402,MAXAIPOΠHPOYNA,Οκτώβριος,102,96
5402,MAXAIPOΠHPOYNA,Νοέμβριος,98,98
5402,MAXAIPOΠHPOYNA,Δεκέμβριος,99,25
5402,MAXAIPOΠHPOYNA,ΕΤΗΣΙΟΣ,102,39
5403,ΣΚΕΥΗ ΚΟΥΖΙΝΑΣ & ΝΟΙΚΟΚΥΡΙΟΥ,W%0,1,49
5403,ΣΚΕΥΗ ΚΟΥΖΙΝΑΣ & ΝΟΙΚΟΚΥΡΙΟΥ,Ιανουάριος,94,47
5403,ΣΚΕΥΗ ΚΟΥΖΙΝΑΣ & ΝΟΙΚΟΚΥΡΙΟΥ,Φεβρουάριος,94,54
5403,ΣΚΕΥΗ ΚΟΥΖΙΝΑΣ & ΝΟΙΚΟΚΥΡΙΟΥ,Μάρτιος,96,28
5403,ΣΚΕΥΗ ΚΟΥΖΙΝΑΣ & ΝΟΙΚΟΚΥΡΙΟΥ,Απρίλιος,95,88
5403,ΣΚΕΥΗ ΚΟΥΖΙΝΑΣ & ΝΟΙΚΟΚΥΡΙΟΥ,Μάιος,96,35
5403,ΣΚΕΥΗ ΚΟΥΖΙΝΑΣ & ΝΟΙΚΟΚΥΡΙΟΥ,Ιούνιος,96,1
5403,ΣΚΕΥΗ ΚΟΥΖΙΝΑΣ & ΝΟΙΚΟΚΥΡΙΟΥ,Ιούλιος,94,8
5403,ΣΚΕΥΗ ΚΟΥΖΙΝΑΣ & ΝΟΙΚΟΚΥΡΙΟΥ,Αύγουστος,93,66
5403,ΣΚΕΥΗ ΚΟΥΖΙΝΑΣ & ΝΟΙΚΟΚΥΡΙΟΥ,Σεπτέμβριος,94,97
5403,ΣΚΕΥΗ ΚΟΥΖΙΝΑΣ & ΝΟΙΚΟΚΥΡΙΟΥ,Οκτώβριος,95,32
5403,ΣΚΕΥΗ ΚΟΥΖΙΝΑΣ & ΝΟΙΚΟΚΥΡΙΟΥ,Νοέμβριος,92,30
5403,ΣΚΕΥΗ ΚΟΥΖΙΝΑΣ & ΝΟΙΚΟΚΥΡΙΟΥ,Δεκέμβριος,92,54
5403,ΣΚΕΥΗ ΚΟΥΖΙΝΑΣ & ΝΟΙΚΟΚΥΡΙΟΥ,ΕΤΗΣΙΟΣ,94,7
54,ΕΠΙΤΡΑΠΕΖΙΑ ΣΚΕΥΗ ΚΑΙ ΣΚΕΥΗ ΟΙΚΙΑΚΗΣ ΧΡΗΣΗΣ,W%0,2,84
54,ΕΠΙΤΡΑΠΕΖΙΑ ΣΚΕΥΗ ΚΑΙ ΣΚΕΥΗ ΟΙΚΙΑΚΗΣ ΧΡΗΣΗΣ,Ιανουάριος,94,63
54,ΕΠΙΤΡΑΠΕΖΙΑ ΣΚΕΥΗ ΚΑΙ ΣΚΕΥΗ ΟΙΚΙΑΚΗΣ ΧΡΗΣΗΣ,Φεβρουάριος,94,27
54,ΕΠΙΤΡΑΠΕΖΙΑ ΣΚΕΥΗ ΚΑΙ ΣΚΕΥΗ ΟΙΚΙΑΚΗΣ ΧΡΗΣΗΣ,Μάρτιος,97,14
54,ΕΠΙΤΡΑΠΕΖΙΑ ΣΚΕΥΗ ΚΑΙ ΣΚΕΥΗ ΟΙΚΙΑΚΗΣ ΧΡΗΣΗΣ,Απρίλιος,97,9
54,ΕΠΙΤΡΑΠΕΖΙΑ ΣΚΕΥΗ ΚΑΙ ΣΚΕΥΗ ΟΙΚΙΑΚΗΣ ΧΡΗΣΗΣ,Μάιος,96,58
54,ΕΠΙΤΡΑΠΕΖΙΑ ΣΚΕΥΗ ΚΑΙ ΣΚΕΥΗ ΟΙΚΙΑΚΗΣ ΧΡΗΣΗΣ,Ιούνιος,96,44
54,ΕΠΙΤΡΑΠΕΖΙΑ ΣΚΕΥΗ ΚΑΙ ΣΚΕΥΗ ΟΙΚΙΑΚΗΣ ΧΡΗΣΗΣ,Ιούλιος,94,29
54,ΕΠΙΤΡΑΠΕΖΙΑ ΣΚΕΥΗ ΚΑΙ ΣΚΕΥΗ ΟΙΚΙΑΚΗΣ ΧΡΗΣΗΣ,Αύγουστος,93,46
54,ΕΠΙΤΡΑΠΕΖΙΑ ΣΚΕΥΗ ΚΑΙ ΣΚΕΥΗ ΟΙΚΙΑΚΗΣ ΧΡΗΣΗΣ,Σεπτέμβριος,95,53
54,ΕΠΙΤΡΑΠΕΖΙΑ ΣΚΕΥΗ ΚΑΙ ΣΚΕΥΗ ΟΙΚΙΑΚΗΣ ΧΡΗΣΗΣ,Οκτώβριος,95,73
54,ΕΠΙΤΡΑΠΕΖΙΑ ΣΚΕΥΗ ΚΑΙ ΣΚΕΥΗ ΟΙΚΙΑΚΗΣ ΧΡΗΣΗΣ,Νοέμβριος,91,49
54,ΕΠΙΤΡΑΠΕΖΙΑ ΣΚΕΥΗ ΚΑΙ ΣΚΕΥΗ ΟΙΚΙΑΚΗΣ ΧΡΗΣΗΣ,Δεκέμβριος,91,75
54,ΕΠΙΤΡΑΠΕΖΙΑ ΣΚΕΥΗ ΚΑΙ ΣΚΕΥΗ ΟΙΚΙΑΚΗΣ ΧΡΗΣΗΣ,ΕΤΗΣΙΟΣ,94,87
5511,ΜΕΓΑΛΑ ΜΗΧΑΝΟΚΙΝΗΤΑ ΕΡΓΑΛΕΙΑ ΚΑΙ ΕΞΟΠΛΙΣΜΟΣ,W%0,0,9
5511,ΜΕΓΑΛΑ ΜΗΧΑΝΟΚΙΝΗΤΑ ΕΡΓΑΛΕΙΑ ΚΑΙ ΕΞΟΠΛΙΣΜΟΣ,Ιανουάριος,93,76
5511,ΜΕΓΑΛΑ ΜΗΧΑΝΟΚΙΝΗΤΑ ΕΡΓΑΛΕΙΑ ΚΑΙ ΕΞΟΠΛΙΣΜΟΣ,Φεβρουάριος,92,27
5511,ΜΕΓΑΛΑ ΜΗΧΑΝΟΚΙΝΗΤΑ ΕΡΓΑΛΕΙΑ ΚΑΙ ΕΞΟΠΛΙΣΜΟΣ,Μάρτιος,91,61
5511,ΜΕΓΑΛΑ ΜΗΧΑΝΟΚΙΝΗΤΑ ΕΡΓΑΛΕΙΑ ΚΑΙ ΕΞΟΠΛΙΣΜΟΣ,Απρίλιος,92,90
5511,ΜΕΓΑΛΑ ΜΗΧΑΝΟΚΙΝΗΤΑ ΕΡΓΑΛΕΙΑ ΚΑΙ ΕΞΟΠΛΙΣΜΟΣ,Μάιος,93,12
5511,ΜΕΓΑΛΑ ΜΗΧΑΝΟΚΙΝΗΤΑ ΕΡΓΑΛΕΙΑ ΚΑΙ ΕΞΟΠΛΙΣΜΟΣ,Ιούνιος,92,2
5511,ΜΕΓΑΛΑ ΜΗΧΑΝΟΚΙΝΗΤΑ ΕΡΓΑΛΕΙΑ ΚΑΙ ΕΞΟΠΛΙΣΜΟΣ,Ιούλιος,91,88
5511,ΜΕΓΑΛΑ ΜΗΧΑΝΟΚΙΝΗΤΑ ΕΡΓΑΛΕΙΑ ΚΑΙ ΕΞΟΠΛΙΣΜΟΣ,Αύγουστος,93,68
5511,ΜΕΓΑΛΑ ΜΗΧΑΝΟΚΙΝΗΤΑ ΕΡΓΑΛΕΙΑ ΚΑΙ ΕΞΟΠΛΙΣΜΟΣ,Σεπτέμβριος,93,3
5511,ΜΕΓΑΛΑ ΜΗΧΑΝΟΚΙΝΗΤΑ ΕΡΓΑΛΕΙΑ ΚΑΙ ΕΞΟΠΛΙΣΜΟΣ,Οκτώβριος,92,74
5511,ΜΕΓΑΛΑ ΜΗΧΑΝΟΚΙΝΗΤΑ ΕΡΓΑΛΕΙΑ ΚΑΙ ΕΞΟΠΛΙΣΜΟΣ,Νοέμβριος,93,78
5511,ΜΕΓΑΛΑ ΜΗΧΑΝΟΚΙΝΗΤΑ ΕΡΓΑΛΕΙΑ ΚΑΙ ΕΞΟΠΛΙΣΜΟΣ,Δεκέμβριος,94,18
5511,ΜΕΓΑΛΑ ΜΗΧΑΝΟΚΙΝΗΤΑ ΕΡΓΑΛΕΙΑ ΚΑΙ ΕΞΟΠΛΙΣΜΟΣ,ΕΤΗΣΙΟΣ,92,91
551,ΜΕΓΑΛΑ ΕΡΓΑΛΕΙΑ ΚΑΙ ΕΞΟΠΛΙΣΜΟΣ,W%0,0,9
551,ΜΕΓΑΛΑ ΕΡΓΑΛΕΙΑ ΚΑΙ ΕΞΟΠΛΙΣΜΟΣ,Ιανουάριος,93,76
551,ΜΕΓΑΛΑ ΕΡΓΑΛΕΙΑ ΚΑΙ ΕΞΟΠΛΙΣΜΟΣ,Φεβρουάριος,92,27
551,ΜΕΓΑΛΑ ΕΡΓΑΛΕΙΑ ΚΑΙ ΕΞΟΠΛΙΣΜΟΣ,Μάρτιος,91,61
551,ΜΕΓΑΛΑ ΕΡΓΑΛΕΙΑ ΚΑΙ ΕΞΟΠΛΙΣΜΟΣ,Απρίλιος,92,90
551,ΜΕΓΑΛΑ ΕΡΓΑΛΕΙΑ ΚΑΙ ΕΞΟΠΛΙΣΜΟΣ,Μάιος,93,12
551,ΜΕΓΑΛΑ ΕΡΓΑΛΕΙΑ ΚΑΙ ΕΞΟΠΛΙΣΜΟΣ,Ιούνιος,92,2
551,ΜΕΓΑΛΑ ΕΡΓΑΛΕΙΑ ΚΑΙ ΕΞΟΠΛΙΣΜΟΣ,Ιούλιος,91,88
551,ΜΕΓΑΛΑ ΕΡΓΑΛΕΙΑ ΚΑΙ ΕΞΟΠΛΙΣΜΟΣ,Αύγουστος,93,68
551,ΜΕΓΑΛΑ ΕΡΓΑΛΕΙΑ ΚΑΙ ΕΞΟΠΛΙΣΜΟΣ,Σεπτέμβριος,93,3
551,ΜΕΓΑΛΑ ΕΡΓΑΛΕΙΑ ΚΑΙ ΕΞΟΠΛΙΣΜΟΣ,Οκτώβριος,92,74
551,ΜΕΓΑΛΑ ΕΡΓΑΛΕΙΑ ΚΑΙ ΕΞΟΠΛΙΣΜΟΣ,Νοέμβριος,93,78
551,ΜΕΓΑΛΑ ΕΡΓΑΛΕΙΑ ΚΑΙ ΕΞΟΠΛΙΣΜΟΣ,Δεκέμβριος,94,18
551,ΜΕΓΑΛΑ ΕΡΓΑΛΕΙΑ ΚΑΙ ΕΞΟΠΛΙΣΜΟΣ,ΕΤΗΣΙΟΣ,92,91
5521,ΜΗ ΜΗΧΑΝΟΚΙΝΗΤΑ ΕΡΓΑΛΕΙΑ,W%0,0,46
5521,ΜΗ ΜΗΧΑΝΟΚΙΝΗΤΑ ΕΡΓΑΛΕΙΑ,Ιανουάριος,100,17
5521,ΜΗ ΜΗΧΑΝΟΚΙΝΗΤΑ ΕΡΓΑΛΕΙΑ,Φεβρουάριος,99,37
5521,ΜΗ ΜΗΧΑΝΟΚΙΝΗΤΑ ΕΡΓΑΛΕΙΑ,Μάρτιος,100,6
5521,ΜΗ ΜΗΧΑΝΟΚΙΝΗΤΑ ΕΡΓΑΛΕΙΑ,Απρίλιος,99,99
5521,ΜΗ ΜΗΧΑΝΟΚΙΝΗΤΑ ΕΡΓΑΛΕΙΑ,Μάιος,99,82
5521,ΜΗ ΜΗΧΑΝΟΚΙΝΗΤΑ ΕΡΓΑΛΕΙΑ,Ιούνιος,100,36
5521,ΜΗ ΜΗΧΑΝΟΚΙΝΗΤΑ ΕΡΓΑΛΕΙΑ,Ιούλιος,100,30
5521,ΜΗ ΜΗΧΑΝΟΚΙΝΗΤΑ ΕΡΓΑΛΕΙΑ,Αύγουστος,99,69
5521,ΜΗ ΜΗΧΑΝΟΚΙΝΗΤΑ ΕΡΓΑΛΕΙΑ,Σεπτέμβριος,100,44
5521,ΜΗ ΜΗΧΑΝΟΚΙΝΗΤΑ ΕΡΓΑΛΕΙΑ,Οκτώβριος,100,54
5521,ΜΗ ΜΗΧΑΝΟΚΙΝΗΤΑ ΕΡΓΑΛΕΙΑ,Νοέμβριος,100,54
5521,ΜΗ ΜΗΧΑΝΟΚΙΝΗΤΑ ΕΡΓΑΛΕΙΑ,Δεκέμβριος,101,41
5521,ΜΗ ΜΗΧΑΝΟΚΙΝΗΤΑ ΕΡΓΑΛΕΙΑ,ΕΤΗΣΙΟΣ,100,22
5522,ΔΙΑΦΟΡΑ ΜΙΚΡΑ ΕΞΑΡΤΗΜΑΤΑ,W%0,1,76
5522,ΔΙΑΦΟΡΑ ΜΙΚΡΑ ΕΞΑΡΤΗΜΑΤΑ,Ιανουάριος,89,80
5522,ΔΙΑΦΟΡΑ ΜΙΚΡΑ ΕΞΑΡΤΗΜΑΤΑ,Φεβρουάριος,90,27
5522,ΔΙΑΦΟΡΑ ΜΙΚΡΑ ΕΞΑΡΤΗΜΑΤΑ,Μάρτιος,89,99
5522,ΔΙΑΦΟΡΑ ΜΙΚΡΑ ΕΞΑΡΤΗΜΑΤΑ,Απρίλιος,88,0
5522,ΔΙΑΦΟΡΑ ΜΙΚΡΑ ΕΞΑΡΤΗΜΑΤΑ,Μάιος,87,85
5522,ΔΙΑΦΟΡΑ ΜΙΚΡΑ ΕΞΑΡΤΗΜΑΤΑ,Ιούνιος,87,81
5522,ΔΙΑΦΟΡΑ ΜΙΚΡΑ ΕΞΑΡΤΗΜΑΤΑ,Ιούλιος,87,65
5522,ΔΙΑΦΟΡΑ ΜΙΚΡΑ ΕΞΑΡΤΗΜΑΤΑ,Αύγουστος,87,70
5522,ΔΙΑΦΟΡΑ ΜΙΚΡΑ ΕΞΑΡΤΗΜΑΤΑ,Σεπτέμβριος,85,10
5522,ΔΙΑΦΟΡΑ ΜΙΚΡΑ ΕΞΑΡΤΗΜΑΤΑ,Οκτώβριος,88,14
5522,ΔΙΑΦΟΡΑ ΜΙΚΡΑ ΕΞΑΡΤΗΜΑΤΑ,Νοέμβριος,84,99
5522,ΔΙΑΦΟΡΑ ΜΙΚΡΑ ΕΞΑΡΤΗΜΑΤΑ,Δεκέμβριος,87,83
5522,ΔΙΑΦΟΡΑ ΜΙΚΡΑ ΕΞΑΡΤΗΜΑΤΑ,ΕΤΗΣΙΟΣ,87,93
552,ΜΙΚΡΑ ΕΡΓΑΛΕΙΑ ΚΑΙ ΔΙΑΦΟΡΑ ΕΞΑΡΤΗΜΑΤΑ,W%0,2,22
552,ΜΙΚΡΑ ΕΡΓΑΛΕΙΑ ΚΑΙ ΔΙΑΦΟΡΑ ΕΞΑΡΤΗΜΑΤΑ,Ιανουάριος,92,66
552,ΜΙΚΡΑ ΕΡΓΑΛΕΙΑ ΚΑΙ ΔΙΑΦΟΡΑ ΕΞΑΡΤΗΜΑΤΑ,Φεβρουάριος,92,89
552,ΜΙΚΡΑ ΕΡΓΑΛΕΙΑ ΚΑΙ ΔΙΑΦΟΡΑ ΕΞΑΡΤΗΜΑΤΑ,Μάρτιος,92,79
552,ΜΙΚΡΑ ΕΡΓΑΛΕΙΑ ΚΑΙ ΔΙΑΦΟΡΑ ΕΞΑΡΤΗΜΑΤΑ,Απρίλιος,91,15
552,ΜΙΚΡΑ ΕΡΓΑΛΕΙΑ ΚΑΙ ΔΙΑΦΟΡΑ ΕΞΑΡΤΗΜΑΤΑ,Μάιος,90,99
552,ΜΙΚΡΑ ΕΡΓΑΛΕΙΑ ΚΑΙ ΔΙΑΦΟΡΑ ΕΞΑΡΤΗΜΑΤΑ,Ιούνιος,91,6
552,ΜΙΚΡΑ ΕΡΓΑΛΕΙΑ ΚΑΙ ΔΙΑΦΟΡΑ ΕΞΑΡΤΗΜΑΤΑ,Ιούλιος,90,92
552,ΜΙΚΡΑ ΕΡΓΑΛΕΙΑ ΚΑΙ ΔΙΑΦΟΡΑ ΕΞΑΡΤΗΜΑΤΑ,Αύγουστος,90,84
552,ΜΙΚΡΑ ΕΡΓΑΛΕΙΑ ΚΑΙ ΔΙΑΦΟΡΑ ΕΞΑΡΤΗΜΑΤΑ,Σεπτέμβριος,88,86
552,ΜΙΚΡΑ ΕΡΓΑΛΕΙΑ ΚΑΙ ΔΙΑΦΟΡΑ ΕΞΑΡΤΗΜΑΤΑ,Οκτώβριος,91,37
552,ΜΙΚΡΑ ΕΡΓΑΛΕΙΑ ΚΑΙ ΔΙΑΦΟΡΑ ΕΞΑΡΤΗΜΑΤΑ,Νοέμβριος,88,79
552,ΜΙΚΡΑ ΕΡΓΑΛΕΙΑ ΚΑΙ ΔΙΑΦΟΡΑ ΕΞΑΡΤΗΜΑΤΑ,Δεκέμβριος,91,28
552,ΜΙΚΡΑ ΕΡΓΑΛΕΙΑ ΚΑΙ ΔΙΑΦΟΡΑ ΕΞΑΡΤΗΜΑΤΑ,ΕΤΗΣΙΟΣ,91,13
55,ΕΡΓΑΛΕΙΑ ΚΑΙ ΕΞΟΠΛΙΣΜΟΣ ΓΙΑ ΤΟΝ ΣΠΙΤΙ ΚΑΙ ΤΟΝ ΚΗΠΟ,W%0,2,30
55,ΕΡΓΑΛΕΙΑ ΚΑΙ ΕΞΟΠΛΙΣΜΟΣ ΓΙΑ ΤΟΝ ΣΠΙΤΙ ΚΑΙ ΤΟΝ ΚΗΠΟ,Ιανουάριος,92,73
55,ΕΡΓΑΛΕΙΑ ΚΑΙ ΕΞΟΠΛΙΣΜΟΣ ΓΙΑ ΤΟΝ ΣΠΙΤΙ ΚΑΙ ΤΟΝ ΚΗΠΟ,Φεβρουάριος,92,89
55,ΕΡΓΑΛΕΙΑ ΚΑΙ ΕΞΟΠΛΙΣΜΟΣ ΓΙΑ ΤΟΝ ΣΠΙΤΙ ΚΑΙ ΤΟΝ ΚΗΠΟ,Μάρτιος,92,77
55,ΕΡΓΑΛΕΙΑ ΚΑΙ ΕΞΟΠΛΙΣΜΟΣ ΓΙΑ ΤΟΝ ΣΠΙΤΙ ΚΑΙ ΤΟΝ ΚΗΠΟ,Απρίλιος,91,24
55,ΕΡΓΑΛΕΙΑ ΚΑΙ ΕΞΟΠΛΙΣΜΟΣ ΓΙΑ ΤΟΝ ΣΠΙΤΙ ΚΑΙ ΤΟΝ ΚΗΠΟ,Μάιος,91,10
55,ΕΡΓΑΛΕΙΑ ΚΑΙ ΕΞΟΠΛΙΣΜΟΣ ΓΙΑ ΤΟΝ ΣΠΙΤΙ ΚΑΙ ΤΟΝ ΚΗΠΟ,Ιούνιος,91,12
55,ΕΡΓΑΛΕΙΑ ΚΑΙ ΕΞΟΠΛΙΣΜΟΣ ΓΙΑ ΤΟΝ ΣΠΙΤΙ ΚΑΙ ΤΟΝ ΚΗΠΟ,Ιούλιος,90,98
55,ΕΡΓΑΛΕΙΑ ΚΑΙ ΕΞΟΠΛΙΣΜΟΣ ΓΙΑ ΤΟΝ ΣΠΙΤΙ ΚΑΙ ΤΟΝ ΚΗΠΟ,Αύγουστος,90,97
55,ΕΡΓΑΛΕΙΑ ΚΑΙ ΕΞΟΠΛΙΣΜΟΣ ΓΙΑ ΤΟΝ ΣΠΙΤΙ ΚΑΙ ΤΟΝ ΚΗΠΟ,Σεπτέμβριος,89,4
55,ΕΡΓΑΛΕΙΑ ΚΑΙ ΕΞΟΠΛΙΣΜΟΣ ΓΙΑ ΤΟΝ ΣΠΙΤΙ ΚΑΙ ΤΟΝ ΚΗΠΟ,Οκτώβριος,91,44
55,ΕΡΓΑΛΕΙΑ ΚΑΙ ΕΞΟΠΛΙΣΜΟΣ ΓΙΑ ΤΟΝ ΣΠΙΤΙ ΚΑΙ ΤΟΝ ΚΗΠΟ,Νοέμβριος,88,99
55,ΕΡΓΑΛΕΙΑ ΚΑΙ ΕΞΟΠΛΙΣΜΟΣ ΓΙΑ ΤΟΝ ΣΠΙΤΙ ΚΑΙ ΤΟΝ ΚΗΠΟ,Δεκέμβριος,91,41
55,ΕΡΓΑΛΕΙΑ ΚΑΙ ΕΞΟΠΛΙΣΜΟΣ ΓΙΑ ΤΟΝ ΣΠΙΤΙ ΚΑΙ ΤΟΝ ΚΗΠΟ,ΕΤΗΣΙΟΣ,91,22
5611,ΕΙΔΗ ΚΑΘΑΡΙΣΜΟΥ ΚΑΙ ΣΥΝΤΗΡΗΣΗΣ,W%0,6,96
5611,ΕΙΔΗ ΚΑΘΑΡΙΣΜΟΥ ΚΑΙ ΣΥΝΤΗΡΗΣΗΣ,Ιανουάριος,94,55
5611,ΕΙΔΗ ΚΑΘΑΡΙΣΜΟΥ ΚΑΙ ΣΥΝΤΗΡΗΣΗΣ,Φεβρουάριος,94,96
5611,ΕΙΔΗ ΚΑΘΑΡΙΣΜΟΥ ΚΑΙ ΣΥΝΤΗΡΗΣΗΣ,Μάρτιος,92,87
5611,ΕΙΔΗ ΚΑΘΑΡΙΣΜΟΥ ΚΑΙ ΣΥΝΤΗΡΗΣΗΣ,Απρίλιος,92,44
5611,ΕΙΔΗ ΚΑΘΑΡΙΣΜΟΥ ΚΑΙ ΣΥΝΤΗΡΗΣΗΣ,Μάιος,91,95
5611,ΕΙΔΗ ΚΑΘΑΡΙΣΜΟΥ ΚΑΙ ΣΥΝΤΗΡΗΣΗΣ,Ιούνιος,92,80
5611,ΕΙΔΗ ΚΑΘΑΡΙΣΜΟΥ ΚΑΙ ΣΥΝΤΗΡΗΣΗΣ,Ιούλιος,90,51
5611,ΕΙΔΗ ΚΑΘΑΡΙΣΜΟΥ ΚΑΙ ΣΥΝΤΗΡΗΣΗΣ,Αύγουστος,90,84
5611,ΕΙΔΗ ΚΑΘΑΡΙΣΜΟΥ ΚΑΙ ΣΥΝΤΗΡΗΣΗΣ,Σεπτέμβριος,91,68
5611,ΕΙΔΗ ΚΑΘΑΡΙΣΜΟΥ ΚΑΙ ΣΥΝΤΗΡΗΣΗΣ,Οκτώβριος,90,75
5611,ΕΙΔΗ ΚΑΘΑΡΙΣΜΟΥ ΚΑΙ ΣΥΝΤΗΡΗΣΗΣ,Νοέμβριος,90,54
5611,ΕΙΔΗ ΚΑΘΑΡΙΣΜΟΥ ΚΑΙ ΣΥΝΤΗΡΗΣΗΣ,Δεκέμβριος,90,79
5611,ΕΙΔΗ ΚΑΘΑΡΙΣΜΟΥ ΚΑΙ ΣΥΝΤΗΡΗΣΗΣ,ΕΤΗΣΙΟΣ,92,6
5612,ΑΛΛΑ ΕΙΔΗ ΟΙΚΙΑΚΗΣ ΧΡΗΣΗΣ,W%0,3,43
5612,ΑΛΛΑ ΕΙΔΗ ΟΙΚΙΑΚΗΣ ΧΡΗΣΗΣ,Ιανουάριος,96,77
5612,ΑΛΛΑ ΕΙΔΗ ΟΙΚΙΑΚΗΣ ΧΡΗΣΗΣ,Φεβρουάριος,96,93
5612,ΑΛΛΑ ΕΙΔΗ ΟΙΚΙΑΚΗΣ ΧΡΗΣΗΣ,Μάρτιος,96,90
5612,ΑΛΛΑ ΕΙΔΗ ΟΙΚΙΑΚΗΣ ΧΡΗΣΗΣ,Απρίλιος,95,68
5612,ΑΛΛΑ ΕΙΔΗ ΟΙΚΙΑΚΗΣ ΧΡΗΣΗΣ,Μάιος,97,31
5612,ΑΛΛΑ ΕΙΔΗ ΟΙΚΙΑΚΗΣ ΧΡΗΣΗΣ,Ιούνιος,95,97
5612,ΑΛΛΑ ΕΙΔΗ ΟΙΚΙΑΚΗΣ ΧΡΗΣΗΣ,Ιούλιος,96,14
5612,ΑΛΛΑ ΕΙΔΗ ΟΙΚΙΑΚΗΣ ΧΡΗΣΗΣ,Αύγουστος,96,66
5612,ΑΛΛΑ ΕΙΔΗ ΟΙΚΙΑΚΗΣ ΧΡΗΣΗΣ,Σεπτέμβριος,95,66
5612,ΑΛΛΑ ΕΙΔΗ ΟΙΚΙΑΚΗΣ ΧΡΗΣΗΣ,Οκτώβριος,96,60
5612,ΑΛΛΑ ΕΙΔΗ ΟΙΚΙΑΚΗΣ ΧΡΗΣΗΣ,Νοέμβριος,95,55
5612,ΑΛΛΑ ΕΙΔΗ ΟΙΚΙΑΚΗΣ ΧΡΗΣΗΣ,Δεκέμβριος,94,37
5612,ΑΛΛΑ ΕΙΔΗ ΟΙΚΙΑΚΗΣ ΧΡΗΣΗΣ,ΕΤΗΣΙΟΣ,96,21
561,EIΔΗ AMEΣΗΣ KATΑΝΑΛΩΣΗΣ ΝΟΙΚΟΚΥΡΙΟΥ,W%0,10,39
561,EIΔΗ AMEΣΗΣ KATΑΝΑΛΩΣΗΣ ΝΟΙΚΟΚΥΡΙΟΥ,Ιανουάριος,95,16
561,EIΔΗ AMEΣΗΣ KATΑΝΑΛΩΣΗΣ ΝΟΙΚΟΚΥΡΙΟΥ,Φεβρουάριος,95,49
561,EIΔΗ AMEΣΗΣ KATΑΝΑΛΩΣΗΣ ΝΟΙΚΟΚΥΡΙΟΥ,Μάρτιος,94,7
561,EIΔΗ AMEΣΗΣ KATΑΝΑΛΩΣΗΣ ΝΟΙΚΟΚΥΡΙΟΥ,Απρίλιος,93,39
561,EIΔΗ AMEΣΗΣ KATΑΝΑΛΩΣΗΣ ΝΟΙΚΟΚΥΡΙΟΥ,Μάιος,93,59
561,EIΔΗ AMEΣΗΣ KATΑΝΑΛΩΣΗΣ ΝΟΙΚΟΚΥΡΙΟΥ,Ιούνιος,93,72
561,EIΔΗ AMEΣΗΣ KATΑΝΑΛΩΣΗΣ ΝΟΙΚΟΚΥΡΙΟΥ,Ιούλιος,92,24
561,EIΔΗ AMEΣΗΣ KATΑΝΑΛΩΣΗΣ ΝΟΙΚΟΚΥΡΙΟΥ,Αύγουστος,92,63
561,EIΔΗ AMEΣΗΣ KATΑΝΑΛΩΣΗΣ ΝΟΙΚΟΚΥΡΙΟΥ,Σεπτέμβριος,92,87
561,EIΔΗ AMEΣΗΣ KATΑΝΑΛΩΣΗΣ ΝΟΙΚΟΚΥΡΙΟΥ,Οκτώβριος,92,55
561,EIΔΗ AMEΣΗΣ KATΑΝΑΛΩΣΗΣ ΝΟΙΚΟΚΥΡΙΟΥ,Νοέμβριος,92,6
561,EIΔΗ AMEΣΗΣ KATΑΝΑΛΩΣΗΣ ΝΟΙΚΟΚΥΡΙΟΥ,Δεκέμβριος,91,85
561,EIΔΗ AMEΣΗΣ KATΑΝΑΛΩΣΗΣ ΝΟΙΚΟΚΥΡΙΟΥ,ΕΤΗΣΙΟΣ,93,3
5621,ΟΙΚΙΑΚΕΣ YΠΗΡΕΣΙΕΣ,W%0,4,96
5621,ΟΙΚΙΑΚΕΣ YΠΗΡΕΣΙΕΣ,Ιανουάριος,99,98
5621,ΟΙΚΙΑΚΕΣ YΠΗΡΕΣΙΕΣ,Φεβρουάριος,99,98
5621,ΟΙΚΙΑΚΕΣ YΠΗΡΕΣΙΕΣ,Μάρτιος,99,98
5621,ΟΙΚΙΑΚΕΣ YΠΗΡΕΣΙΕΣ,Απρίλιος,99,98
5621,ΟΙΚΙΑΚΕΣ YΠΗΡΕΣΙΕΣ,Μάιος,99,98
5621,ΟΙΚΙΑΚΕΣ YΠΗΡΕΣΙΕΣ,Ιούνιος,99,98
5621,ΟΙΚΙΑΚΕΣ YΠΗΡΕΣΙΕΣ,Ιούλιος,99,98
5621,ΟΙΚΙΑΚΕΣ YΠΗΡΕΣΙΕΣ,Αύγουστος,99,98
5621,ΟΙΚΙΑΚΕΣ YΠΗΡΕΣΙΕΣ,Σεπτέμβριος,99,98
5621,ΟΙΚΙΑΚΕΣ YΠΗΡΕΣΙΕΣ,Οκτώβριος,99,98
5621,ΟΙΚΙΑΚΕΣ YΠΗΡΕΣΙΕΣ,Νοέμβριος,99,98
5621,ΟΙΚΙΑΚΕΣ YΠΗΡΕΣΙΕΣ,Δεκέμβριος,99,98
5621,ΟΙΚΙΑΚΕΣ YΠΗΡΕΣΙΕΣ,ΕΤΗΣΙΟΣ,99,98
5622,ΥΠΗΡΕΣΙΕΣ ΚΑΘΑΡΙΣΜΟΥ,W%0,0,57
5622,ΥΠΗΡΕΣΙΕΣ ΚΑΘΑΡΙΣΜΟΥ,Ιανουάριος,99,10
5622,ΥΠΗΡΕΣΙΕΣ ΚΑΘΑΡΙΣΜΟΥ,Φεβρουάριος,97,89
5622,ΥΠΗΡΕΣΙΕΣ ΚΑΘΑΡΙΣΜΟΥ,Μάρτιος,97,92
5622,ΥΠΗΡΕΣΙΕΣ ΚΑΘΑΡΙΣΜΟΥ,Απρίλιος,97,91
5622,ΥΠΗΡΕΣΙΕΣ ΚΑΘΑΡΙΣΜΟΥ,Μάιος,98,52
5622,ΥΠΗΡΕΣΙΕΣ ΚΑΘΑΡΙΣΜΟΥ,Ιούνιος,98,54
5622,ΥΠΗΡΕΣΙΕΣ ΚΑΘΑΡΙΣΜΟΥ,Ιούλιος,99,38
5622,ΥΠΗΡΕΣΙΕΣ ΚΑΘΑΡΙΣΜΟΥ,Αύγουστος,99,38
5622,ΥΠΗΡΕΣΙΕΣ ΚΑΘΑΡΙΣΜΟΥ,Σεπτέμβριος,99,29
5622,ΥΠΗΡΕΣΙΕΣ ΚΑΘΑΡΙΣΜΟΥ,Οκτώβριος,99,44
5622,ΥΠΗΡΕΣΙΕΣ ΚΑΘΑΡΙΣΜΟΥ,Νοέμβριος,99,44
5622,ΥΠΗΡΕΣΙΕΣ ΚΑΘΑΡΙΣΜΟΥ,Δεκέμβριος,99,44
5622,ΥΠΗΡΕΣΙΕΣ ΚΑΘΑΡΙΣΜΟΥ,ΕΤΗΣΙΟΣ,98,85
562,ΟΙΚΙΑΚΕΣ ΥΠΗΡΕΣΙΕΣ - ΥΠΗΡΕΣΙΕΣ ΟΙΚΙΑΚΗΣ ΜΕΡΙΜΝΑΣ,W%0,5,53
562,ΟΙΚΙΑΚΕΣ ΥΠΗΡΕΣΙΕΣ - ΥΠΗΡΕΣΙΕΣ ΟΙΚΙΑΚΗΣ ΜΕΡΙΜΝΑΣ,Ιανουάριος,99,85
562,ΟΙΚΙΑΚΕΣ ΥΠΗΡΕΣΙΕΣ - ΥΠΗΡΕΣΙΕΣ ΟΙΚΙΑΚΗΣ ΜΕΡΙΜΝΑΣ,Φεβρουάριος,99,72
562,ΟΙΚΙΑΚΕΣ ΥΠΗΡΕΣΙΕΣ - ΥΠΗΡΕΣΙΕΣ ΟΙΚΙΑΚΗΣ ΜΕΡΙΜΝΑΣ,Μάρτιος,99,72
562,ΟΙΚΙΑΚΕΣ ΥΠΗΡΕΣΙΕΣ - ΥΠΗΡΕΣΙΕΣ ΟΙΚΙΑΚΗΣ ΜΕΡΙΜΝΑΣ,Απρίλιος,99,72
562,ΟΙΚΙΑΚΕΣ ΥΠΗΡΕΣΙΕΣ - ΥΠΗΡΕΣΙΕΣ ΟΙΚΙΑΚΗΣ ΜΕΡΙΜΝΑΣ,Μάιος,99,79
562,ΟΙΚΙΑΚΕΣ ΥΠΗΡΕΣΙΕΣ - ΥΠΗΡΕΣΙΕΣ ΟΙΚΙΑΚΗΣ ΜΕΡΙΜΝΑΣ,Ιούνιος,99,79
562,ΟΙΚΙΑΚΕΣ ΥΠΗΡΕΣΙΕΣ - ΥΠΗΡΕΣΙΕΣ ΟΙΚΙΑΚΗΣ ΜΕΡΙΜΝΑΣ,Ιούλιος,99,87
562,ΟΙΚΙΑΚΕΣ ΥΠΗΡΕΣΙΕΣ - ΥΠΗΡΕΣΙΕΣ ΟΙΚΙΑΚΗΣ ΜΕΡΙΜΝΑΣ,Αύγουστος,99,87
562,ΟΙΚΙΑΚΕΣ ΥΠΗΡΕΣΙΕΣ - ΥΠΗΡΕΣΙΕΣ ΟΙΚΙΑΚΗΣ ΜΕΡΙΜΝΑΣ,Σεπτέμβριος,99,87
562,ΟΙΚΙΑΚΕΣ ΥΠΗΡΕΣΙΕΣ - ΥΠΗΡΕΣΙΕΣ ΟΙΚΙΑΚΗΣ ΜΕΡΙΜΝΑΣ,Οκτώβριος,99,88
562,ΟΙΚΙΑΚΕΣ ΥΠΗΡΕΣΙΕΣ - ΥΠΗΡΕΣΙΕΣ ΟΙΚΙΑΚΗΣ ΜΕΡΙΜΝΑΣ,Νοέμβριος,99,88
562,ΟΙΚΙΑΚΕΣ ΥΠΗΡΕΣΙΕΣ - ΥΠΗΡΕΣΙΕΣ ΟΙΚΙΑΚΗΣ ΜΕΡΙΜΝΑΣ,Δεκέμβριος,99,88
562,ΟΙΚΙΑΚΕΣ ΥΠΗΡΕΣΙΕΣ - ΥΠΗΡΕΣΙΕΣ ΟΙΚΙΑΚΗΣ ΜΕΡΙΜΝΑΣ,ΕΤΗΣΙΟΣ,99,82
56,ΑΓΑΘΑ ΚΑΙ ΥΠΗΡΕΣΙΕΣ ΓΙΑ ΣΥΝΗΘΗ ΟΙΚΙΑΚΗ ΣΥΝΤΗΡΗΣΗ,W%0,15,93
56,ΑΓΑΘΑ ΚΑΙ ΥΠΗΡΕΣΙΕΣ ΓΙΑ ΣΥΝΗΘΗ ΟΙΚΙΑΚΗ ΣΥΝΤΗΡΗΣΗ,Ιανουάριος,96,90
56,ΑΓΑΘΑ ΚΑΙ ΥΠΗΡΕΣΙΕΣ ΓΙΑ ΣΥΝΗΘΗ ΟΙΚΙΑΚΗ ΣΥΝΤΗΡΗΣΗ,Φεβρουάριος,97,7
56,ΑΓΑΘΑ ΚΑΙ ΥΠΗΡΕΣΙΕΣ ΓΙΑ ΣΥΝΗΘΗ ΟΙΚΙΑΚΗ ΣΥΝΤΗΡΗΣΗ,Μάρτιος,96,13
56,ΑΓΑΘΑ ΚΑΙ ΥΠΗΡΕΣΙΕΣ ΓΙΑ ΣΥΝΗΘΗ ΟΙΚΙΑΚΗ ΣΥΝΤΗΡΗΣΗ,Απρίλιος,95,68
56,ΑΓΑΘΑ ΚΑΙ ΥΠΗΡΕΣΙΕΣ ΓΙΑ ΣΥΝΗΘΗ ΟΙΚΙΑΚΗ ΣΥΝΤΗΡΗΣΗ,Μάιος,95,83
56,ΑΓΑΘΑ ΚΑΙ ΥΠΗΡΕΣΙΕΣ ΓΙΑ ΣΥΝΗΘΗ ΟΙΚΙΑΚΗ ΣΥΝΤΗΡΗΣΗ,Ιούνιος,95,92
56,ΑΓΑΘΑ ΚΑΙ ΥΠΗΡΕΣΙΕΣ ΓΙΑ ΣΥΝΗΘΗ ΟΙΚΙΑΚΗ ΣΥΝΤΗΡΗΣΗ,Ιούλιος,94,96
56,ΑΓΑΘΑ ΚΑΙ ΥΠΗΡΕΣΙΕΣ ΓΙΑ ΣΥΝΗΘΗ ΟΙΚΙΑΚΗ ΣΥΝΤΗΡΗΣΗ,Αύγουστος,95,23
56,ΑΓΑΘΑ ΚΑΙ ΥΠΗΡΕΣΙΕΣ ΓΙΑ ΣΥΝΗΘΗ ΟΙΚΙΑΚΗ ΣΥΝΤΗΡΗΣΗ,Σεπτέμβριος,95,38
56,ΑΓΑΘΑ ΚΑΙ ΥΠΗΡΕΣΙΕΣ ΓΙΑ ΣΥΝΗΘΗ ΟΙΚΙΑΚΗ ΣΥΝΤΗΡΗΣΗ,Οκτώβριος,95,17
56,ΑΓΑΘΑ ΚΑΙ ΥΠΗΡΕΣΙΕΣ ΓΙΑ ΣΥΝΗΘΗ ΟΙΚΙΑΚΗ ΣΥΝΤΗΡΗΣΗ,Νοέμβριος,94,85
56,ΑΓΑΘΑ ΚΑΙ ΥΠΗΡΕΣΙΕΣ ΓΙΑ ΣΥΝΗΘΗ ΟΙΚΙΑΚΗ ΣΥΝΤΗΡΗΣΗ,Δεκέμβριος,94,71
56,ΑΓΑΘΑ ΚΑΙ ΥΠΗΡΕΣΙΕΣ ΓΙΑ ΣΥΝΗΘΗ ΟΙΚΙΑΚΗ ΣΥΝΤΗΡΗΣΗ,ΕΤΗΣΙΟΣ,95,65
5,ΔΙΑΡΚΗ ΑΓΑΘΑ - ΕΙΔΗ ΝΟΙΚΟΚΥΡΙΟΥ & ΥΠΗΡΕΣΙΕΣ,W%0,32,17
5,ΔΙΑΡΚΗ ΑΓΑΘΑ - ΕΙΔΗ ΝΟΙΚΟΚΥΡΙΟΥ & ΥΠΗΡΕΣΙΕΣ,Ιανουάριος,92,27
5,ΔΙΑΡΚΗ ΑΓΑΘΑ - ΕΙΔΗ ΝΟΙΚΟΚΥΡΙΟΥ & ΥΠΗΡΕΣΙΕΣ,Φεβρουάριος,91,95
5,ΔΙΑΡΚΗ ΑΓΑΘΑ - ΕΙΔΗ ΝΟΙΚΟΚΥΡΙΟΥ & ΥΠΗΡΕΣΙΕΣ,Μάρτιος,92,70
5,ΔΙΑΡΚΗ ΑΓΑΘΑ - ΕΙΔΗ ΝΟΙΚΟΚΥΡΙΟΥ & ΥΠΗΡΕΣΙΕΣ,Απρίλιος,92,20
5,ΔΙΑΡΚΗ ΑΓΑΘΑ - ΕΙΔΗ ΝΟΙΚΟΚΥΡΙΟΥ & ΥΠΗΡΕΣΙΕΣ,Μάιος,92,26
5,ΔΙΑΡΚΗ ΑΓΑΘΑ - ΕΙΔΗ ΝΟΙΚΟΚΥΡΙΟΥ & ΥΠΗΡΕΣΙΕΣ,Ιούνιος,92,25
5,ΔΙΑΡΚΗ ΑΓΑΘΑ - ΕΙΔΗ ΝΟΙΚΟΚΥΡΙΟΥ & ΥΠΗΡΕΣΙΕΣ,Ιούλιος,90,87
5,ΔΙΑΡΚΗ ΑΓΑΘΑ - ΕΙΔΗ ΝΟΙΚΟΚΥΡΙΟΥ & ΥΠΗΡΕΣΙΕΣ,Αύγουστος,90,49
5,ΔΙΑΡΚΗ ΑΓΑΘΑ - ΕΙΔΗ ΝΟΙΚΟΚΥΡΙΟΥ & ΥΠΗΡΕΣΙΕΣ,Σεπτέμβριος,91,50
5,ΔΙΑΡΚΗ ΑΓΑΘΑ - ΕΙΔΗ ΝΟΙΚΟΚΥΡΙΟΥ & ΥΠΗΡΕΣΙΕΣ,Οκτώβριος,91,71
5,ΔΙΑΡΚΗ ΑΓΑΘΑ - ΕΙΔΗ ΝΟΙΚΟΚΥΡΙΟΥ & ΥΠΗΡΕΣΙΕΣ,Νοέμβριος,90,31
5,ΔΙΑΡΚΗ ΑΓΑΘΑ - ΕΙΔΗ ΝΟΙΚΟΚΥΡΙΟΥ & ΥΠΗΡΕΣΙΕΣ,Δεκέμβριος,90,67
5,ΔΙΑΡΚΗ ΑΓΑΘΑ - ΕΙΔΗ ΝΟΙΚΟΚΥΡΙΟΥ & ΥΠΗΡΕΣΙΕΣ,ΕΤΗΣΙΟΣ,91,6
611,ΦΑΡΜΑΚΕΥΤΙΚΑ ΠΡΟΙΟΝΤΑ,W%0,19,12
611,ΦΑΡΜΑΚΕΥΤΙΚΑ ΠΡΟΙΟΝΤΑ,Ιανουάριος,106,70
611,ΦΑΡΜΑΚΕΥΤΙΚΑ ΠΡΟΙΟΝΤΑ,Φεβρουάριος,106,21
611,ΦΑΡΜΑΚΕΥΤΙΚΑ ΠΡΟΙΟΝΤΑ,Μάρτιος,106,22
611,ΦΑΡΜΑΚΕΥΤΙΚΑ ΠΡΟΙΟΝΤΑ,Απρίλιος,105,84
611,ΦΑΡΜΑΚΕΥΤΙΚΑ ΠΡΟΙΟΝΤΑ,Μάιος,105,91
611,ΦΑΡΜΑΚΕΥΤΙΚΑ ΠΡΟΙΟΝΤΑ,Ιούνιος,105,90
611,ΦΑΡΜΑΚΕΥΤΙΚΑ ΠΡΟΙΟΝΤΑ,Ιούλιος,104,32
611,ΦΑΡΜΑΚΕΥΤΙΚΑ ΠΡΟΙΟΝΤΑ,Αύγουστος,103,23
611,ΦΑΡΜΑΚΕΥΤΙΚΑ ΠΡΟΙΟΝΤΑ,Σεπτέμβριος,102,49
611,ΦΑΡΜΑΚΕΥΤΙΚΑ ΠΡΟΙΟΝΤΑ,Οκτώβριος,102,42
611,ΦΑΡΜΑΚΕΥΤΙΚΑ ΠΡΟΙΟΝΤΑ,Νοέμβριος,102,40
611,ΦΑΡΜΑΚΕΥΤΙΚΑ ΠΡΟΙΟΝΤΑ,Δεκέμβριος,102,39
611,ΦΑΡΜΑΚΕΥΤΙΚΑ ΠΡΟΙΟΝΤΑ,ΕΤΗΣΙΟΣ,104,5
6121,ΤΕΣΤ ΕΓΚΥΜΟΣΥΝΗΣ ΚΑΙ ΜΗΧΑΝΙΚΑ ΑΝΤΙΣΥΛΛΗΠΤΙΚΑ ΜΕΣΑ,W%0,0,13
6121,ΤΕΣΤ ΕΓΚΥΜΟΣΥΝΗΣ ΚΑΙ ΜΗΧΑΝΙΚΑ ΑΝΤΙΣΥΛΛΗΠΤΙΚΑ ΜΕΣΑ,Ιανουάριος,98,46
6121,ΤΕΣΤ ΕΓΚΥΜΟΣΥΝΗΣ ΚΑΙ ΜΗΧΑΝΙΚΑ ΑΝΤΙΣΥΛΛΗΠΤΙΚΑ ΜΕΣΑ,Φεβρουάριος,99,16
6121,ΤΕΣΤ ΕΓΚΥΜΟΣΥΝΗΣ ΚΑΙ ΜΗΧΑΝΙΚΑ ΑΝΤΙΣΥΛΛΗΠΤΙΚΑ ΜΕΣΑ,Μάρτιος,99,12
6121,ΤΕΣΤ ΕΓΚΥΜΟΣΥΝΗΣ ΚΑΙ ΜΗΧΑΝΙΚΑ ΑΝΤΙΣΥΛΛΗΠΤΙΚΑ ΜΕΣΑ,Απρίλιος,99,22
6121,ΤΕΣΤ ΕΓΚΥΜΟΣΥΝΗΣ ΚΑΙ ΜΗΧΑΝΙΚΑ ΑΝΤΙΣΥΛΛΗΠΤΙΚΑ ΜΕΣΑ,Μάιος,99,47
6121,ΤΕΣΤ ΕΓΚΥΜΟΣΥΝΗΣ ΚΑΙ ΜΗΧΑΝΙΚΑ ΑΝΤΙΣΥΛΛΗΠΤΙΚΑ ΜΕΣΑ,Ιούνιος,99,36
6121,ΤΕΣΤ ΕΓΚΥΜΟΣΥΝΗΣ ΚΑΙ ΜΗΧΑΝΙΚΑ ΑΝΤΙΣΥΛΛΗΠΤΙΚΑ ΜΕΣΑ,Ιούλιος,99,23
6121,ΤΕΣΤ ΕΓΚΥΜΟΣΥΝΗΣ ΚΑΙ ΜΗΧΑΝΙΚΑ ΑΝΤΙΣΥΛΛΗΠΤΙΚΑ ΜΕΣΑ,Αύγουστος,99,12
6121,ΤΕΣΤ ΕΓΚΥΜΟΣΥΝΗΣ ΚΑΙ ΜΗΧΑΝΙΚΑ ΑΝΤΙΣΥΛΛΗΠΤΙΚΑ ΜΕΣΑ,Σεπτέμβριος,99,11
6121,ΤΕΣΤ ΕΓΚΥΜΟΣΥΝΗΣ ΚΑΙ ΜΗΧΑΝΙΚΑ ΑΝΤΙΣΥΛΛΗΠΤΙΚΑ ΜΕΣΑ,Οκτώβριος,99,41
6121,ΤΕΣΤ ΕΓΚΥΜΟΣΥΝΗΣ ΚΑΙ ΜΗΧΑΝΙΚΑ ΑΝΤΙΣΥΛΛΗΠΤΙΚΑ ΜΕΣΑ,Νοέμβριος,99,20
6121,ΤΕΣΤ ΕΓΚΥΜΟΣΥΝΗΣ ΚΑΙ ΜΗΧΑΝΙΚΑ ΑΝΤΙΣΥΛΛΗΠΤΙΚΑ ΜΕΣΑ,Δεκέμβριος,100,14
6121,ΤΕΣΤ ΕΓΚΥΜΟΣΥΝΗΣ ΚΑΙ ΜΗΧΑΝΙΚΑ ΑΝΤΙΣΥΛΛΗΠΤΙΚΑ ΜΕΣΑ,ΕΤΗΣΙΟΣ,99,25
6129,ΑΛΛΑ ΙΑΤΡΙΚΑ ΠΡΟΙΟΝΤΑ,W%0,0,96
6129,ΑΛΛΑ ΙΑΤΡΙΚΑ ΠΡΟΙΟΝΤΑ,Ιανουάριος,97,84
6129,ΑΛΛΑ ΙΑΤΡΙΚΑ ΠΡΟΙΟΝΤΑ,Φεβρουάριος,97,88
6129,ΑΛΛΑ ΙΑΤΡΙΚΑ ΠΡΟΙΟΝΤΑ,Μάρτιος,97,88
6129,ΑΛΛΑ ΙΑΤΡΙΚΑ ΠΡΟΙΟΝΤΑ,Απρίλιος,97,64
6129,ΑΛΛΑ ΙΑΤΡΙΚΑ ΠΡΟΙΟΝΤΑ,Μάιος,97,49
6129,ΑΛΛΑ ΙΑΤΡΙΚΑ ΠΡΟΙΟΝΤΑ,Ιούνιος,97,55
6129,ΑΛΛΑ ΙΑΤΡΙΚΑ ΠΡΟΙΟΝΤΑ,Ιούλιος,97,60
6129,ΑΛΛΑ ΙΑΤΡΙΚΑ ΠΡΟΙΟΝΤΑ,Αύγουστος,97,62
6129,ΑΛΛΑ ΙΑΤΡΙΚΑ ΠΡΟΙΟΝΤΑ,Σεπτέμβριος,97,46
6129,ΑΛΛΑ ΙΑΤΡΙΚΑ ΠΡΟΙΟΝΤΑ,Οκτώβριος,97,46
6129,ΑΛΛΑ ΙΑΤΡΙΚΑ ΠΡΟΙΟΝΤΑ,Νοέμβριος,97,48
6129,ΑΛΛΑ ΙΑΤΡΙΚΑ ΠΡΟΙΟΝΤΑ,Δεκέμβριος,97,40
6129,ΑΛΛΑ ΙΑΤΡΙΚΑ ΠΡΟΙΟΝΤΑ,ΕΤΗΣΙΟΣ,97,61
612,ΙΑΤΡΙΚΑ ΠΡΟΙΟΝΤΑ,W%0,1,9
612,ΙΑΤΡΙΚΑ ΠΡΟΙΟΝΤΑ,Ιανουάριος,96,24
612,ΙΑΤΡΙΚΑ ΠΡΟΙΟΝΤΑ,Φεβρουάριος,96,34
612,ΙΑΤΡΙΚΑ ΠΡΟΙΟΝΤΑ,Μάρτιος,96,34
612,ΙΑΤΡΙΚΑ ΠΡΟΙΟΝΤΑ,Απρίλιος,96,14
612,ΙΑΤΡΙΚΑ ΠΡΟΙΟΝΤΑ,Μάιος,96,5
612,ΙΑΤΡΙΚΑ ΠΡΟΙΟΝΤΑ,Ιούνιος,96,8
612,ΙΑΤΡΙΚΑ ΠΡΟΙΟΝΤΑ,Ιούλιος,96,11
612,ΙΑΤΡΙΚΑ ΠΡΟΙΟΝΤΑ,Αύγουστος,96,12
612,ΙΑΤΡΙΚΑ ΠΡΟΙΟΝΤΑ,Σεπτέμβριος,95,98
612,ΙΑΤΡΙΚΑ ΠΡΟΙΟΝΤΑ,Οκτώβριος,96,1
612,ΙΑΤΡΙΚΑ ΠΡΟΙΟΝΤΑ,Νοέμβριος,96,0
612,ΙΑΤΡΙΚΑ ΠΡΟΙΟΝΤΑ,Δεκέμβριος,96,4
612,ΙΑΤΡΙΚΑ ΠΡΟΙΟΝΤΑ,ΕΤΗΣΙΟΣ,96,12
6131,ΔΙΟΡΘΩΤΙΚΟΙ ΦΑΚΟΙ ΚΑΙ ΦΑΚΟΙ ΕΠΑΦΗΣ,W%0,0,35
6131,ΔΙΟΡΘΩΤΙΚΟΙ ΦΑΚΟΙ ΚΑΙ ΦΑΚΟΙ ΕΠΑΦΗΣ,Ιανουάριος,95,38
6131,ΔΙΟΡΘΩΤΙΚΟΙ ΦΑΚΟΙ ΚΑΙ ΦΑΚΟΙ ΕΠΑΦΗΣ,Φεβρουάριος,95,40
6131,ΔΙΟΡΘΩΤΙΚΟΙ ΦΑΚΟΙ ΚΑΙ ΦΑΚΟΙ ΕΠΑΦΗΣ,Μάρτιος,95,49
6131,ΔΙΟΡΘΩΤΙΚΟΙ ΦΑΚΟΙ ΚΑΙ ΦΑΚΟΙ ΕΠΑΦΗΣ,Απρίλιος,95,49
6131,ΔΙΟΡΘΩΤΙΚΟΙ ΦΑΚΟΙ ΚΑΙ ΦΑΚΟΙ ΕΠΑΦΗΣ,Μάιος,95,49
6131,ΔΙΟΡΘΩΤΙΚΟΙ ΦΑΚΟΙ ΚΑΙ ΦΑΚΟΙ ΕΠΑΦΗΣ,Ιούνιος,95,49
6131,ΔΙΟΡΘΩΤΙΚΟΙ ΦΑΚΟΙ ΚΑΙ ΦΑΚΟΙ ΕΠΑΦΗΣ,Ιούλιος,93,13
6131,ΔΙΟΡΘΩΤΙΚΟΙ ΦΑΚΟΙ ΚΑΙ ΦΑΚΟΙ ΕΠΑΦΗΣ,Αύγουστος,93,13
6131,ΔΙΟΡΘΩΤΙΚΟΙ ΦΑΚΟΙ ΚΑΙ ΦΑΚΟΙ ΕΠΑΦΗΣ,Σεπτέμβριος,93,67
6131,ΔΙΟΡΘΩΤΙΚΟΙ ΦΑΚΟΙ ΚΑΙ ΦΑΚΟΙ ΕΠΑΦΗΣ,Οκτώβριος,93,75
6131,ΔΙΟΡΘΩΤΙΚΟΙ ΦΑΚΟΙ ΚΑΙ ΦΑΚΟΙ ΕΠΑΦΗΣ,Νοέμβριος,93,66
6131,ΔΙΟΡΘΩΤΙΚΟΙ ΦΑΚΟΙ ΚΑΙ ΦΑΚΟΙ ΕΠΑΦΗΣ,Δεκέμβριος,93,74
6131,ΔΙΟΡΘΩΤΙΚΟΙ ΦΑΚΟΙ ΚΑΙ ΦΑΚΟΙ ΕΠΑΦΗΣ,ΕΤΗΣΙΟΣ,94,49
6132,ΑΚΟΥΣΤΙΚΑ ΒΑΡΗΚΟΪΑΣ,W%0,0,7
6132,ΑΚΟΥΣΤΙΚΑ ΒΑΡΗΚΟΪΑΣ,Ιανουάριος,99,89
6132,ΑΚΟΥΣΤΙΚΑ ΒΑΡΗΚΟΪΑΣ,Φεβρουάριος,99,89
6132,ΑΚΟΥΣΤΙΚΑ ΒΑΡΗΚΟΪΑΣ,Μάρτιος,99,89
6132,ΑΚΟΥΣΤΙΚΑ ΒΑΡΗΚΟΪΑΣ,Απρίλιος,99,89
6132,ΑΚΟΥΣΤΙΚΑ ΒΑΡΗΚΟΪΑΣ,Μάιος,99,89
6132,ΑΚΟΥΣΤΙΚΑ ΒΑΡΗΚΟΪΑΣ,Ιούνιος,99,89
6132,ΑΚΟΥΣΤΙΚΑ ΒΑΡΗΚΟΪΑΣ,Ιούλιος,99,89
6132,ΑΚΟΥΣΤΙΚΑ ΒΑΡΗΚΟΪΑΣ,Αύγουστος,99,89
6132,ΑΚΟΥΣΤΙΚΑ ΒΑΡΗΚΟΪΑΣ,Σεπτέμβριος,99,89
6132,ΑΚΟΥΣΤΙΚΑ ΒΑΡΗΚΟΪΑΣ,Οκτώβριος,99,89
6132,ΑΚΟΥΣΤΙΚΑ ΒΑΡΗΚΟΪΑΣ,Νοέμβριος,99,89
6132,ΑΚΟΥΣΤΙΚΑ ΒΑΡΗΚΟΪΑΣ,Δεκέμβριος,99,89
6132,ΑΚΟΥΣΤΙΚΑ ΒΑΡΗΚΟΪΑΣ,ΕΤΗΣΙΟΣ,99,89
6139,ΆΛΛΕΣ ΘΕΡΑΠΕΥΤΙΚΕΣ ΣΥΣΚΕΥΕΣ ΚΑΙ ΕΞΟΠΛΙΣΜΟΣ,W%0,0,11
6139,ΆΛΛΕΣ ΘΕΡΑΠΕΥΤΙΚΕΣ ΣΥΣΚΕΥΕΣ ΚΑΙ ΕΞΟΠΛΙΣΜΟΣ,Ιανουάριος,96,68
6139,ΆΛΛΕΣ ΘΕΡΑΠΕΥΤΙΚΕΣ ΣΥΣΚΕΥΕΣ ΚΑΙ ΕΞΟΠΛΙΣΜΟΣ,Φεβρουάριος,96,75
6139,ΆΛΛΕΣ ΘΕΡΑΠΕΥΤΙΚΕΣ ΣΥΣΚΕΥΕΣ ΚΑΙ ΕΞΟΠΛΙΣΜΟΣ,Μάρτιος,96,75
6139,ΆΛΛΕΣ ΘΕΡΑΠΕΥΤΙΚΕΣ ΣΥΣΚΕΥΕΣ ΚΑΙ ΕΞΟΠΛΙΣΜΟΣ,Απρίλιος,96,69
6139,ΆΛΛΕΣ ΘΕΡΑΠΕΥΤΙΚΕΣ ΣΥΣΚΕΥΕΣ ΚΑΙ ΕΞΟΠΛΙΣΜΟΣ,Μάιος,96,58
6139,ΆΛΛΕΣ ΘΕΡΑΠΕΥΤΙΚΕΣ ΣΥΣΚΕΥΕΣ ΚΑΙ ΕΞΟΠΛΙΣΜΟΣ,Ιούνιος,96,60
6139,ΆΛΛΕΣ ΘΕΡΑΠΕΥΤΙΚΕΣ ΣΥΣΚΕΥΕΣ ΚΑΙ ΕΞΟΠΛΙΣΜΟΣ,Ιούλιος,96,48
6139,ΆΛΛΕΣ ΘΕΡΑΠΕΥΤΙΚΕΣ ΣΥΣΚΕΥΕΣ ΚΑΙ ΕΞΟΠΛΙΣΜΟΣ,Αύγουστος,96,48
6139,ΆΛΛΕΣ ΘΕΡΑΠΕΥΤΙΚΕΣ ΣΥΣΚΕΥΕΣ ΚΑΙ ΕΞΟΠΛΙΣΜΟΣ,Σεπτέμβριος,96,30
6139,ΆΛΛΕΣ ΘΕΡΑΠΕΥΤΙΚΕΣ ΣΥΣΚΕΥΕΣ ΚΑΙ ΕΞΟΠΛΙΣΜΟΣ,Οκτώβριος,96,29
6139,ΆΛΛΕΣ ΘΕΡΑΠΕΥΤΙΚΕΣ ΣΥΣΚΕΥΕΣ ΚΑΙ ΕΞΟΠΛΙΣΜΟΣ,Νοέμβριος,96,31
6139,ΆΛΛΕΣ ΘΕΡΑΠΕΥΤΙΚΕΣ ΣΥΣΚΕΥΕΣ ΚΑΙ ΕΞΟΠΛΙΣΜΟΣ,Δεκέμβριος,96,29
6139,ΆΛΛΕΣ ΘΕΡΑΠΕΥΤΙΚΕΣ ΣΥΣΚΕΥΕΣ ΚΑΙ ΕΞΟΠΛΙΣΜΟΣ,ΕΤΗΣΙΟΣ,96,52
613,ΘΕΡΑΠΕΥΤΙΚΕΣ ΣΥΣΚΕΥΕΣ KAI ΕΞΟΠΛΙΣΜΟΣ,W%0,0,53
613,ΘΕΡΑΠΕΥΤΙΚΕΣ ΣΥΣΚΕΥΕΣ KAI ΕΞΟΠΛΙΣΜΟΣ,Ιανουάριος,96,73
613,ΘΕΡΑΠΕΥΤΙΚΕΣ ΣΥΣΚΕΥΕΣ KAI ΕΞΟΠΛΙΣΜΟΣ,Φεβρουάριος,96,75
613,ΘΕΡΑΠΕΥΤΙΚΕΣ ΣΥΣΚΕΥΕΣ KAI ΕΞΟΠΛΙΣΜΟΣ,Μάρτιος,96,81
613,ΘΕΡΑΠΕΥΤΙΚΕΣ ΣΥΣΚΕΥΕΣ KAI ΕΞΟΠΛΙΣΜΟΣ,Απρίλιος,96,80
613,ΘΕΡΑΠΕΥΤΙΚΕΣ ΣΥΣΚΕΥΕΣ KAI ΕΞΟΠΛΙΣΜΟΣ,Μάιος,96,78
613,ΘΕΡΑΠΕΥΤΙΚΕΣ ΣΥΣΚΕΥΕΣ KAI ΕΞΟΠΛΙΣΜΟΣ,Ιούνιος,96,79
613,ΘΕΡΑΠΕΥΤΙΚΕΣ ΣΥΣΚΕΥΕΣ KAI ΕΞΟΠΛΙΣΜΟΣ,Ιούλιος,95,17
613,ΘΕΡΑΠΕΥΤΙΚΕΣ ΣΥΣΚΕΥΕΣ KAI ΕΞΟΠΛΙΣΜΟΣ,Αύγουστος,95,17
613,ΘΕΡΑΠΕΥΤΙΚΕΣ ΣΥΣΚΕΥΕΣ KAI ΕΞΟΠΛΙΣΜΟΣ,Σεπτέμβριος,95,49
613,ΘΕΡΑΠΕΥΤΙΚΕΣ ΣΥΣΚΕΥΕΣ KAI ΕΞΟΠΛΙΣΜΟΣ,Οκτώβριος,95,55
613,ΘΕΡΑΠΕΥΤΙΚΕΣ ΣΥΣΚΕΥΕΣ KAI ΕΞΟΠΛΙΣΜΟΣ,Νοέμβριος,95,49
613,ΘΕΡΑΠΕΥΤΙΚΕΣ ΣΥΣΚΕΥΕΣ KAI ΕΞΟΠΛΙΣΜΟΣ,Δεκέμβριος,95,54
613,ΘΕΡΑΠΕΥΤΙΚΕΣ ΣΥΣΚΕΥΕΣ KAI ΕΞΟΠΛΙΣΜΟΣ,ΕΤΗΣΙΟΣ,96,9
61,ΦΑΡΜΑΚΑ-ΦΑΡΜΑΚΕΥΤΙΚΑ ΠΡΟΪΟΝΤΑ-ΘΕΡΑΠΕΥΤΙΚΕΣ ΣΥΣΚΕΥΕΣ,W%0,20,74
61,ΦΑΡΜΑΚΑ-ΦΑΡΜΑΚΕΥΤΙΚΑ ΠΡΟΪΟΝΤΑ-ΘΕΡΑΠΕΥΤΙΚΕΣ ΣΥΣΚΕΥΕΣ,Ιανουάριος,105,72
61,ΦΑΡΜΑΚΑ-ΦΑΡΜΑΚΕΥΤΙΚΑ ΠΡΟΪΟΝΤΑ-ΘΕΡΑΠΕΥΤΙΚΕΣ ΣΥΣΚΕΥΕΣ,Φεβρουάριος,105,27
61,ΦΑΡΜΑΚΑ-ΦΑΡΜΑΚΕΥΤΙΚΑ ΠΡΟΪΟΝΤΑ-ΘΕΡΑΠΕΥΤΙΚΕΣ ΣΥΣΚΕΥΕΣ,Μάρτιος,105,28
61,ΦΑΡΜΑΚΑ-ΦΑΡΜΑΚΕΥΤΙΚΑ ΠΡΟΪΟΝΤΑ-ΘΕΡΑΠΕΥΤΙΚΕΣ ΣΥΣΚΕΥΕΣ,Απρίλιος,104,93
61,ΦΑΡΜΑΚΑ-ΦΑΡΜΑΚΕΥΤΙΚΑ ΠΡΟΪΟΝΤΑ-ΘΕΡΑΠΕΥΤΙΚΕΣ ΣΥΣΚΕΥΕΣ,Μάιος,104,98
61,ΦΑΡΜΑΚΑ-ΦΑΡΜΑΚΕΥΤΙΚΑ ΠΡΟΪΟΝΤΑ-ΘΕΡΑΠΕΥΤΙΚΕΣ ΣΥΣΚΕΥΕΣ,Ιούνιος,104,97
61,ΦΑΡΜΑΚΑ-ΦΑΡΜΑΚΕΥΤΙΚΑ ΠΡΟΪΟΝΤΑ-ΘΕΡΑΠΕΥΤΙΚΕΣ ΣΥΣΚΕΥΕΣ,Ιούλιος,103,49
61,ΦΑΡΜΑΚΑ-ΦΑΡΜΑΚΕΥΤΙΚΑ ΠΡΟΪΟΝΤΑ-ΘΕΡΑΠΕΥΤΙΚΕΣ ΣΥΣΚΕΥΕΣ,Αύγουστος,102,50
61,ΦΑΡΜΑΚΑ-ΦΑΡΜΑΚΕΥΤΙΚΑ ΠΡΟΪΟΝΤΑ-ΘΕΡΑΠΕΥΤΙΚΕΣ ΣΥΣΚΕΥΕΣ,Σεπτέμβριος,101,82
61,ΦΑΡΜΑΚΑ-ΦΑΡΜΑΚΕΥΤΙΚΑ ΠΡΟΪΟΝΤΑ-ΘΕΡΑΠΕΥΤΙΚΕΣ ΣΥΣΚΕΥΕΣ,Οκτώβριος,101,76
61,ΦΑΡΜΑΚΑ-ΦΑΡΜΑΚΕΥΤΙΚΑ ΠΡΟΪΟΝΤΑ-ΘΕΡΑΠΕΥΤΙΚΕΣ ΣΥΣΚΕΥΕΣ,Νοέμβριος,101,73
61,ΦΑΡΜΑΚΑ-ΦΑΡΜΑΚΕΥΤΙΚΑ ΠΡΟΪΟΝΤΑ-ΘΕΡΑΠΕΥΤΙΚΕΣ ΣΥΣΚΕΥΕΣ,Δεκέμβριος,101,73
61,ΦΑΡΜΑΚΑ-ΦΑΡΜΑΚΕΥΤΙΚΑ ΠΡΟΪΟΝΤΑ-ΘΕΡΑΠΕΥΤΙΚΕΣ ΣΥΣΚΕΥΕΣ,ΕΤΗΣΙΟΣ,103,68
6211,ΥΠΗΡΕΣΙΕΣ ΓΕΝΙΚΩΝ ΙΑΤΡΩΝ,W%0,1,56
6211,ΥΠΗΡΕΣΙΕΣ ΓΕΝΙΚΩΝ ΙΑΤΡΩΝ,Ιανουάριος,96,86
6211,ΥΠΗΡΕΣΙΕΣ ΓΕΝΙΚΩΝ ΙΑΤΡΩΝ,Φεβρουάριος,96,86
6211,ΥΠΗΡΕΣΙΕΣ ΓΕΝΙΚΩΝ ΙΑΤΡΩΝ,Μάρτιος,96,86
6211,ΥΠΗΡΕΣΙΕΣ ΓΕΝΙΚΩΝ ΙΑΤΡΩΝ,Απρίλιος,96,86
6211,ΥΠΗΡΕΣΙΕΣ ΓΕΝΙΚΩΝ ΙΑΤΡΩΝ,Μάιος,96,86
6211,ΥΠΗΡΕΣΙΕΣ ΓΕΝΙΚΩΝ ΙΑΤΡΩΝ,Ιούνιος,96,86
6211,ΥΠΗΡΕΣΙΕΣ ΓΕΝΙΚΩΝ ΙΑΤΡΩΝ,Ιούλιος,96,86
6211,ΥΠΗΡΕΣΙΕΣ ΓΕΝΙΚΩΝ ΙΑΤΡΩΝ,Αύγουστος,96,86
6211,ΥΠΗΡΕΣΙΕΣ ΓΕΝΙΚΩΝ ΙΑΤΡΩΝ,Σεπτέμβριος,97,6
6211,ΥΠΗΡΕΣΙΕΣ ΓΕΝΙΚΩΝ ΙΑΤΡΩΝ,Οκτώβριος,99,29
6211,ΥΠΗΡΕΣΙΕΣ ΓΕΝΙΚΩΝ ΙΑΤΡΩΝ,Νοέμβριος,99,29
6211,ΥΠΗΡΕΣΙΕΣ ΓΕΝΙΚΩΝ ΙΑΤΡΩΝ,Δεκέμβριος,99,29
6211,ΥΠΗΡΕΣΙΕΣ ΓΕΝΙΚΩΝ ΙΑΤΡΩΝ,ΕΤΗΣΙΟΣ,97,48
6212,ΥΠΗΡΕΣΙΕΣ ΙΑΤΡΩΝ ΕΙΔΙΚΟΤΗΤΑΣ,W%0,4,57
6212,ΥΠΗΡΕΣΙΕΣ ΙΑΤΡΩΝ ΕΙΔΙΚΟΤΗΤΑΣ,Ιανουάριος,100,79
6212,ΥΠΗΡΕΣΙΕΣ ΙΑΤΡΩΝ ΕΙΔΙΚΟΤΗΤΑΣ,Φεβρουάριος,100,86
6212,ΥΠΗΡΕΣΙΕΣ ΙΑΤΡΩΝ ΕΙΔΙΚΟΤΗΤΑΣ,Μάρτιος,100,86
6212,ΥΠΗΡΕΣΙΕΣ ΙΑΤΡΩΝ ΕΙΔΙΚΟΤΗΤΑΣ,Απρίλιος,100,82
6212,ΥΠΗΡΕΣΙΕΣ ΙΑΤΡΩΝ ΕΙΔΙΚΟΤΗΤΑΣ,Μάιος,100,82
6212,ΥΠΗΡΕΣΙΕΣ ΙΑΤΡΩΝ ΕΙΔΙΚΟΤΗΤΑΣ,Ιούνιος,101,13
6212,ΥΠΗΡΕΣΙΕΣ ΙΑΤΡΩΝ ΕΙΔΙΚΟΤΗΤΑΣ,Ιούλιος,101,30
6212,ΥΠΗΡΕΣΙΕΣ ΙΑΤΡΩΝ ΕΙΔΙΚΟΤΗΤΑΣ,Αύγουστος,101,30
6212,ΥΠΗΡΕΣΙΕΣ ΙΑΤΡΩΝ ΕΙΔΙΚΟΤΗΤΑΣ,Σεπτέμβριος,101,30
6212,ΥΠΗΡΕΣΙΕΣ ΙΑΤΡΩΝ ΕΙΔΙΚΟΤΗΤΑΣ,Οκτώβριος,101,63
6212,ΥΠΗΡΕΣΙΕΣ ΙΑΤΡΩΝ ΕΙΔΙΚΟΤΗΤΑΣ,Νοέμβριος,101,63
6212,ΥΠΗΡΕΣΙΕΣ ΙΑΤΡΩΝ ΕΙΔΙΚΟΤΗΤΑΣ,Δεκέμβριος,101,63
6212,ΥΠΗΡΕΣΙΕΣ ΙΑΤΡΩΝ ΕΙΔΙΚΟΤΗΤΑΣ,ΕΤΗΣΙΟΣ,101,17
621,ΙΑΤΡΙΚΕΣ ΥΠΗΡΕΣΙΕΣ,W%0,6,13
621,ΙΑΤΡΙΚΕΣ ΥΠΗΡΕΣΙΕΣ,Ιανουάριος,98,95
621,ΙΑΤΡΙΚΕΣ ΥΠΗΡΕΣΙΕΣ,Φεβρουάριος,99,1
621,ΙΑΤΡΙΚΕΣ ΥΠΗΡΕΣΙΕΣ,Μάρτιος,99,1
621,ΙΑΤΡΙΚΕΣ ΥΠΗΡΕΣΙΕΣ,Απρίλιος,98,98
621,ΙΑΤΡΙΚΕΣ ΥΠΗΡΕΣΙΕΣ,Μάιος,98,98
621,ΙΑΤΡΙΚΕΣ ΥΠΗΡΕΣΙΕΣ,Ιούνιος,99,20
621,ΙΑΤΡΙΚΕΣ ΥΠΗΡΕΣΙΕΣ,Ιούλιος,99,33
621,ΙΑΤΡΙΚΕΣ ΥΠΗΡΕΣΙΕΣ,Αύγουστος,99,33
621,ΙΑΤΡΙΚΕΣ ΥΠΗΡΕΣΙΕΣ,Σεπτέμβριος,99,38
621,ΙΑΤΡΙΚΕΣ ΥΠΗΡΕΣΙΕΣ,Οκτώβριος,100,20
621,ΙΑΤΡΙΚΕΣ ΥΠΗΡΕΣΙΕΣ,Νοέμβριος,100,20
621,ΙΑΤΡΙΚΕΣ ΥΠΗΡΕΣΙΕΣ,Δεκέμβριος,100,20
621,ΙΑΤΡΙΚΕΣ ΥΠΗΡΕΣΙΕΣ,ΕΤΗΣΙΟΣ,99,4
622,ΟΔΟΝΤΙΑΤΡΙΚΕΣ ΥΠΗΡΕΣΙΕΣ,W%0,6,67
622,ΟΔΟΝΤΙΑΤΡΙΚΕΣ ΥΠΗΡΕΣΙΕΣ,Ιανουάριος,98,81
622,ΟΔΟΝΤΙΑΤΡΙΚΕΣ ΥΠΗΡΕΣΙΕΣ,Φεβρουάριος,98,80
622,ΟΔΟΝΤΙΑΤΡΙΚΕΣ ΥΠΗΡΕΣΙΕΣ,Μάρτιος,98,80
622,ΟΔΟΝΤΙΑΤΡΙΚΕΣ ΥΠΗΡΕΣΙΕΣ,Απρίλιος,98,80
622,ΟΔΟΝΤΙΑΤΡΙΚΕΣ ΥΠΗΡΕΣΙΕΣ,Μάιος,98,80
622,ΟΔΟΝΤΙΑΤΡΙΚΕΣ ΥΠΗΡΕΣΙΕΣ,Ιούνιος,98,75
622,ΟΔΟΝΤΙΑΤΡΙΚΕΣ ΥΠΗΡΕΣΙΕΣ,Ιούλιος,98,75
622,ΟΔΟΝΤΙΑΤΡΙΚΕΣ ΥΠΗΡΕΣΙΕΣ,Αύγουστος,98,75
622,ΟΔΟΝΤΙΑΤΡΙΚΕΣ ΥΠΗΡΕΣΙΕΣ,Σεπτέμβριος,99,2
622,ΟΔΟΝΤΙΑΤΡΙΚΕΣ ΥΠΗΡΕΣΙΕΣ,Οκτώβριος,99,31
622,ΟΔΟΝΤΙΑΤΡΙΚΕΣ ΥΠΗΡΕΣΙΕΣ,Νοέμβριος,99,31
622,ΟΔΟΝΤΙΑΤΡΙΚΕΣ ΥΠΗΡΕΣΙΕΣ,Δεκέμβριος,99,31
622,ΟΔΟΝΤΙΑΤΡΙΚΕΣ ΥΠΗΡΕΣΙΕΣ,ΕΤΗΣΙΟΣ,98,93
6231,ΥΠΗΡΕΣΙΕΣ ΙΑΤΡΙΚΩΝ ΕΡΓΑΣΤΗΡΙΩΝ,W%0,1,92
6231,ΥΠΗΡΕΣΙΕΣ ΙΑΤΡΙΚΩΝ ΕΡΓΑΣΤΗΡΙΩΝ,Ιανουάριος,86,43
6231,ΥΠΗΡΕΣΙΕΣ ΙΑΤΡΙΚΩΝ ΕΡΓΑΣΤΗΡΙΩΝ,Φεβρουάριος,86,32
6231,ΥΠΗΡΕΣΙΕΣ ΙΑΤΡΙΚΩΝ ΕΡΓΑΣΤΗΡΙΩΝ,Μάρτιος,86,32
6231,ΥΠΗΡΕΣΙΕΣ ΙΑΤΡΙΚΩΝ ΕΡΓΑΣΤΗΡΙΩΝ,Απρίλιος,86,32
6231,ΥΠΗΡΕΣΙΕΣ ΙΑΤΡΙΚΩΝ ΕΡΓΑΣΤΗΡΙΩΝ,Μάιος,86,32
6231,ΥΠΗΡΕΣΙΕΣ ΙΑΤΡΙΚΩΝ ΕΡΓΑΣΤΗΡΙΩΝ,Ιούνιος,86,32
6231,ΥΠΗΡΕΣΙΕΣ ΙΑΤΡΙΚΩΝ ΕΡΓΑΣΤΗΡΙΩΝ,Ιούλιος,86,85
6231,ΥΠΗΡΕΣΙΕΣ ΙΑΤΡΙΚΩΝ ΕΡΓΑΣΤΗΡΙΩΝ,Αύγουστος,86,85
6231,ΥΠΗΡΕΣΙΕΣ ΙΑΤΡΙΚΩΝ ΕΡΓΑΣΤΗΡΙΩΝ,Σεπτέμβριος,86,81
6231,ΥΠΗΡΕΣΙΕΣ ΙΑΤΡΙΚΩΝ ΕΡΓΑΣΤΗΡΙΩΝ,Οκτώβριος,86,66
6231,ΥΠΗΡΕΣΙΕΣ ΙΑΤΡΙΚΩΝ ΕΡΓΑΣΤΗΡΙΩΝ,Νοέμβριος,86,68
6231,ΥΠΗΡΕΣΙΕΣ ΙΑΤΡΙΚΩΝ ΕΡΓΑΣΤΗΡΙΩΝ,Δεκέμβριος,86,68
6231,ΥΠΗΡΕΣΙΕΣ ΙΑΤΡΙΚΩΝ ΕΡΓΑΣΤΗΡΙΩΝ,ΕΤΗΣΙΟΣ,86,55
6239,ΑΛΛΕΣ ΠΑΡΑΙΑΤΡΙΚΕΣ ΥΠΗΡΕΣΙΕΣ,W%0,1,10
6239,ΑΛΛΕΣ ΠΑΡΑΙΑΤΡΙΚΕΣ ΥΠΗΡΕΣΙΕΣ,Ιανουάριος,102,7
6239,ΑΛΛΕΣ ΠΑΡΑΙΑΤΡΙΚΕΣ ΥΠΗΡΕΣΙΕΣ,Φεβρουάριος,102,7
6239,ΑΛΛΕΣ ΠΑΡΑΙΑΤΡΙΚΕΣ ΥΠΗΡΕΣΙΕΣ,Μάρτιος,102,7
6239,ΑΛΛΕΣ ΠΑΡΑΙΑΤΡΙΚΕΣ ΥΠΗΡΕΣΙΕΣ,Απρίλιος,102,7
6239,ΑΛΛΕΣ ΠΑΡΑΙΑΤΡΙΚΕΣ ΥΠΗΡΕΣΙΕΣ,Μάιος,102,7
6239,ΑΛΛΕΣ ΠΑΡΑΙΑΤΡΙΚΕΣ ΥΠΗΡΕΣΙΕΣ,Ιούνιος,102,7
6239,ΑΛΛΕΣ ΠΑΡΑΙΑΤΡΙΚΕΣ ΥΠΗΡΕΣΙΕΣ,Ιούλιος,102,7
6239,ΑΛΛΕΣ ΠΑΡΑΙΑΤΡΙΚΕΣ ΥΠΗΡΕΣΙΕΣ,Αύγουστος,101,84
6239,ΑΛΛΕΣ ΠΑΡΑΙΑΤΡΙΚΕΣ ΥΠΗΡΕΣΙΕΣ,Σεπτέμβριος,101,84
6239,ΑΛΛΕΣ ΠΑΡΑΙΑΤΡΙΚΕΣ ΥΠΗΡΕΣΙΕΣ,Οκτώβριος,101,14
6239,ΑΛΛΕΣ ΠΑΡΑΙΑΤΡΙΚΕΣ ΥΠΗΡΕΣΙΕΣ,Νοέμβριος,101,14
6239,ΑΛΛΕΣ ΠΑΡΑΙΑΤΡΙΚΕΣ ΥΠΗΡΕΣΙΕΣ,Δεκέμβριος,101,14
6239,ΑΛΛΕΣ ΠΑΡΑΙΑΤΡΙΚΕΣ ΥΠΗΡΕΣΙΕΣ,ΕΤΗΣΙΟΣ,101,8
623,ΠΑΡΑΙΑΤΡΙΚΕΣ ΥΠΗΡΕΣΙΕΣ,W%0,3,2
623,ΠΑΡΑΙΑΤΡΙΚΕΣ ΥΠΗΡΕΣΙΕΣ,Ιανουάριος,90,36
623,ΠΑΡΑΙΑΤΡΙΚΕΣ ΥΠΗΡΕΣΙΕΣ,Φεβρουάριος,90,28
623,ΠΑΡΑΙΑΤΡΙΚΕΣ ΥΠΗΡΕΣΙΕΣ,Μάρτιος,90,28
623,ΠΑΡΑΙΑΤΡΙΚΕΣ ΥΠΗΡΕΣΙΕΣ,Απρίλιος,90,28
623,ΠΑΡΑΙΑΤΡΙΚΕΣ ΥΠΗΡΕΣΙΕΣ,Μάιος,90,28
623,ΠΑΡΑΙΑΤΡΙΚΕΣ ΥΠΗΡΕΣΙΕΣ,Ιούνιος,90,28
623,ΠΑΡΑΙΑΤΡΙΚΕΣ ΥΠΗΡΕΣΙΕΣ,Ιούλιος,90,63
623,ΠΑΡΑΙΑΤΡΙΚΕΣ ΥΠΗΡΕΣΙΕΣ,Αύγουστος,90,56
623,ΠΑΡΑΙΑΤΡΙΚΕΣ ΥΠΗΡΕΣΙΕΣ,Σεπτέμβριος,90,54
623,ΠΑΡΑΙΑΤΡΙΚΕΣ ΥΠΗΡΕΣΙΕΣ,Οκτώβριος,90,21
623,ΠΑΡΑΙΑΤΡΙΚΕΣ ΥΠΗΡΕΣΙΕΣ,Νοέμβριος,90,22
623,ΠΑΡΑΙΑΤΡΙΚΕΣ ΥΠΗΡΕΣΙΕΣ,Δεκέμβριος,90,22
623,ΠΑΡΑΙΑΤΡΙΚΕΣ ΥΠΗΡΕΣΙΕΣ,ΕΤΗΣΙΟΣ,90,35
62,ΟΔΟΝΤΙΑΤΡΙΚΕΣ & ΠΑΡΑΪΑΤΡΙΚΕΣ ΥΠΗΡΕΣΙΕΣ,W%0,15,82
62,ΟΔΟΝΤΙΑΤΡΙΚΕΣ & ΠΑΡΑΪΑΤΡΙΚΕΣ ΥΠΗΡΕΣΙΕΣ,Ιανουάριος,97,22
62,ΟΔΟΝΤΙΑΤΡΙΚΕΣ & ΠΑΡΑΪΑΤΡΙΚΕΣ ΥΠΗΡΕΣΙΕΣ,Φεβρουάριος,97,22
62,ΟΔΟΝΤΙΑΤΡΙΚΕΣ & ΠΑΡΑΪΑΤΡΙΚΕΣ ΥΠΗΡΕΣΙΕΣ,Μάρτιος,97,22
62,ΟΔΟΝΤΙΑΤΡΙΚΕΣ & ΠΑΡΑΪΑΤΡΙΚΕΣ ΥΠΗΡΕΣΙΕΣ,Απρίλιος,97,21
62,ΟΔΟΝΤΙΑΤΡΙΚΕΣ & ΠΑΡΑΪΑΤΡΙΚΕΣ ΥΠΗΡΕΣΙΕΣ,Μάιος,97,21
62,ΟΔΟΝΤΙΑΤΡΙΚΕΣ & ΠΑΡΑΪΑΤΡΙΚΕΣ ΥΠΗΡΕΣΙΕΣ,Ιούνιος,97,28
62,ΟΔΟΝΤΙΑΤΡΙΚΕΣ & ΠΑΡΑΪΑΤΡΙΚΕΣ ΥΠΗΡΕΣΙΕΣ,Ιούλιος,97,40
62,ΟΔΟΝΤΙΑΤΡΙΚΕΣ & ΠΑΡΑΪΑΤΡΙΚΕΣ ΥΠΗΡΕΣΙΕΣ,Αύγουστος,97,38
62,ΟΔΟΝΤΙΑΤΡΙΚΕΣ & ΠΑΡΑΪΑΤΡΙΚΕΣ ΥΠΗΡΕΣΙΕΣ,Σεπτέμβριος,97,51
62,ΟΔΟΝΤΙΑΤΡΙΚΕΣ & ΠΑΡΑΪΑΤΡΙΚΕΣ ΥΠΗΡΕΣΙΕΣ,Οκτώβριος,97,87
62,ΟΔΟΝΤΙΑΤΡΙΚΕΣ & ΠΑΡΑΪΑΤΡΙΚΕΣ ΥΠΗΡΕΣΙΕΣ,Νοέμβριος,97,88
62,ΟΔΟΝΤΙΑΤΡΙΚΕΣ & ΠΑΡΑΪΑΤΡΙΚΕΣ ΥΠΗΡΕΣΙΕΣ,Δεκέμβριος,97,88
62,ΟΔΟΝΤΙΑΤΡΙΚΕΣ & ΠΑΡΑΪΑΤΡΙΚΕΣ ΥΠΗΡΕΣΙΕΣ,ΕΤΗΣΙΟΣ,97,44
6301,ΝΟΣΟΚΟΜΕΙΑ & ΚΛΙΝΙΚΕΣ,W%0,16,72
6301,ΝΟΣΟΚΟΜΕΙΑ & ΚΛΙΝΙΚΕΣ,Ιανουάριος,104,45
6301,ΝΟΣΟΚΟΜΕΙΑ & ΚΛΙΝΙΚΕΣ,Φεβρουάριος,104,44
6301,ΝΟΣΟΚΟΜΕΙΑ & ΚΛΙΝΙΚΕΣ,Μάρτιος,104,44
6301,ΝΟΣΟΚΟΜΕΙΑ & ΚΛΙΝΙΚΕΣ,Απρίλιος,104,44
6301,ΝΟΣΟΚΟΜΕΙΑ & ΚΛΙΝΙΚΕΣ,Μάιος,104,44
6301,ΝΟΣΟΚΟΜΕΙΑ & ΚΛΙΝΙΚΕΣ,Ιούνιος,104,44
6301,ΝΟΣΟΚΟΜΕΙΑ & ΚΛΙΝΙΚΕΣ,Ιούλιος,104,44
6301,ΝΟΣΟΚΟΜΕΙΑ & ΚΛΙΝΙΚΕΣ,Αύγουστος,104,44
6301,ΝΟΣΟΚΟΜΕΙΑ & ΚΛΙΝΙΚΕΣ,Σεπτέμβριος,104,28
6301,ΝΟΣΟΚΟΜΕΙΑ & ΚΛΙΝΙΚΕΣ,Οκτώβριος,104,28
6301,ΝΟΣΟΚΟΜΕΙΑ & ΚΛΙΝΙΚΕΣ,Νοέμβριος,104,61
6301,ΝΟΣΟΚΟΜΕΙΑ & ΚΛΙΝΙΚΕΣ,Δεκέμβριος,104,61
6301,ΝΟΣΟΚΟΜΕΙΑ & ΚΛΙΝΙΚΕΣ,ΕΤΗΣΙΟΣ,104,44
6302,ΑΠΟΚΛΕΙΣΤΙΚΗ ΝΟΣΟΚΟΜΑ,W%0,0,29
6302,ΑΠΟΚΛΕΙΣΤΙΚΗ ΝΟΣΟΚΟΜΑ,Ιανουάριος,81,50
6302,ΑΠΟΚΛΕΙΣΤΙΚΗ ΝΟΣΟΚΟΜΑ,Φεβρουάριος,81,50
6302,ΑΠΟΚΛΕΙΣΤΙΚΗ ΝΟΣΟΚΟΜΑ,Μάρτιος,81,50
6302,ΑΠΟΚΛΕΙΣΤΙΚΗ ΝΟΣΟΚΟΜΑ,Απρίλιος,81,50
6302,ΑΠΟΚΛΕΙΣΤΙΚΗ ΝΟΣΟΚΟΜΑ,Μάιος,81,50
6302,ΑΠΟΚΛΕΙΣΤΙΚΗ ΝΟΣΟΚΟΜΑ,Ιούνιος,81,50
6302,ΑΠΟΚΛΕΙΣΤΙΚΗ ΝΟΣΟΚΟΜΑ,Ιούλιος,81,50
6302,ΑΠΟΚΛΕΙΣΤΙΚΗ ΝΟΣΟΚΟΜΑ,Αύγουστος,81,50
6302,ΑΠΟΚΛΕΙΣΤΙΚΗ ΝΟΣΟΚΟΜΑ,Σεπτέμβριος,81,50
6302,ΑΠΟΚΛΕΙΣΤΙΚΗ ΝΟΣΟΚΟΜΑ,Οκτώβριος,81,50
6302,ΑΠΟΚΛΕΙΣΤΙΚΗ ΝΟΣΟΚΟΜΑ,Νοέμβριος,81,50
6302,ΑΠΟΚΛΕΙΣΤΙΚΗ ΝΟΣΟΚΟΜΑ,Δεκέμβριος,81,50
6302,ΑΠΟΚΛΕΙΣΤΙΚΗ ΝΟΣΟΚΟΜΑ,ΕΤΗΣΙΟΣ,81,5
63,NOΣΟΚΟΜΕΙΑΚΗ ΠΕΡΙΘΑΛΨΗ,W%0,17,2
63,NOΣΟΚΟΜΕΙΑΚΗ ΠΕΡΙΘΑΛΨΗ,Ιανουάριος,103,20
63,NOΣΟΚΟΜΕΙΑΚΗ ΠΕΡΙΘΑΛΨΗ,Φεβρουάριος,103,20
63,NOΣΟΚΟΜΕΙΑΚΗ ΠΕΡΙΘΑΛΨΗ,Μάρτιος,103,20
63,NOΣΟΚΟΜΕΙΑΚΗ ΠΕΡΙΘΑΛΨΗ,Απρίλιος,103,20
63,NOΣΟΚΟΜΕΙΑΚΗ ΠΕΡΙΘΑΛΨΗ,Μάιος,103,20
63,NOΣΟΚΟΜΕΙΑΚΗ ΠΕΡΙΘΑΛΨΗ,Ιούνιος,103,20
63,NOΣΟΚΟΜΕΙΑΚΗ ΠΕΡΙΘΑΛΨΗ,Ιούλιος,103,20
63,NOΣΟΚΟΜΕΙΑΚΗ ΠΕΡΙΘΑΛΨΗ,Αύγουστος,103,20
63,NOΣΟΚΟΜΕΙΑΚΗ ΠΕΡΙΘΑΛΨΗ,Σεπτέμβριος,103,4
63,NOΣΟΚΟΜΕΙΑΚΗ ΠΕΡΙΘΑΛΨΗ,Οκτώβριος,103,4
63,NOΣΟΚΟΜΕΙΑΚΗ ΠΕΡΙΘΑΛΨΗ,Νοέμβριος,103,36
63,NOΣΟΚΟΜΕΙΑΚΗ ΠΕΡΙΘΑΛΨΗ,Δεκέμβριος,103,36
63,NOΣΟΚΟΜΕΙΑΚΗ ΠΕΡΙΘΑΛΨΗ,ΕΤΗΣΙΟΣ,103,2
6,ΥΓΕΙΑ,W%0,53,57
6,ΥΓΕΙΑ,Ιανουάριος,102,24
6,ΥΓΕΙΑ,Φεβρουάριος,102,7
6,ΥΓΕΙΑ,Μάρτιος,102,8
6,ΥΓΕΙΑ,Απρίλιος,101,94
6,ΥΓΕΙΑ,Μάιος,101,96
6,ΥΓΕΙΑ,Ιούνιος,101,98
6,ΥΓΕΙΑ,Ιούλιος,101,46
6,ΥΓΕΙΑ,Αύγουστος,101,8
6,ΥΓΕΙΑ,Σεπτέμβριος,100,82
6,ΥΓΕΙΑ,Οκτώβριος,100,91
6,ΥΓΕΙΑ,Νοέμβριος,101,0
6,ΥΓΕΙΑ,Δεκέμβριος,101,0
6,ΥΓΕΙΑ,ΕΤΗΣΙΟΣ,101,55
7111,AYTOKINHTA ΚΑΙΝΟΥΡΓΙΑ,W%0,30,43
7111,AYTOKINHTA ΚΑΙΝΟΥΡΓΙΑ,Ιανουάριος,98,62
7111,AYTOKINHTA ΚΑΙΝΟΥΡΓΙΑ,Φεβρουάριος,99,52
7111,AYTOKINHTA ΚΑΙΝΟΥΡΓΙΑ,Μάρτιος,99,52
7111,AYTOKINHTA ΚΑΙΝΟΥΡΓΙΑ,Απρίλιος,99,52
7111,AYTOKINHTA ΚΑΙΝΟΥΡΓΙΑ,Μάιος,99,52
7111,AYTOKINHTA ΚΑΙΝΟΥΡΓΙΑ,Ιούνιος,99,52
7111,AYTOKINHTA ΚΑΙΝΟΥΡΓΙΑ,Ιούλιος,97,97
7111,AYTOKINHTA ΚΑΙΝΟΥΡΓΙΑ,Αύγουστος,99,81
7111,AYTOKINHTA ΚΑΙΝΟΥΡΓΙΑ,Σεπτέμβριος,100,70
7111,AYTOKINHTA ΚΑΙΝΟΥΡΓΙΑ,Οκτώβριος,100,41
7111,AYTOKINHTA ΚΑΙΝΟΥΡΓΙΑ,Νοέμβριος,100,43
7111,AYTOKINHTA ΚΑΙΝΟΥΡΓΙΑ,Δεκέμβριος,100,44
7111,AYTOKINHTA ΚΑΙΝΟΥΡΓΙΑ,ΕΤΗΣΙΟΣ,99,67
7112,ΑΥΤΟΚΙΝΗΤΑ ΜΕΤΑΧΕΙΡΙΣΜΕΝΑ,W%0,2,73
7112,ΑΥΤΟΚΙΝΗΤΑ ΜΕΤΑΧΕΙΡΙΣΜΕΝΑ,Ιανουάριος,86,31
7112,ΑΥΤΟΚΙΝΗΤΑ ΜΕΤΑΧΕΙΡΙΣΜΕΝΑ,Φεβρουάριος,86,31
7112,ΑΥΤΟΚΙΝΗΤΑ ΜΕΤΑΧΕΙΡΙΣΜΕΝΑ,Μάρτιος,86,31
7112,ΑΥΤΟΚΙΝΗΤΑ ΜΕΤΑΧΕΙΡΙΣΜΕΝΑ,Απρίλιος,86,31
7112,ΑΥΤΟΚΙΝΗΤΑ ΜΕΤΑΧΕΙΡΙΣΜΕΝΑ,Μάιος,86,31
7112,ΑΥΤΟΚΙΝΗΤΑ ΜΕΤΑΧΕΙΡΙΣΜΕΝΑ,Ιούνιος,86,31
7112,ΑΥΤΟΚΙΝΗΤΑ ΜΕΤΑΧΕΙΡΙΣΜΕΝΑ,Ιούλιος,86,31
7112,ΑΥΤΟΚΙΝΗΤΑ ΜΕΤΑΧΕΙΡΙΣΜΕΝΑ,Αύγουστος,86,31
7112,ΑΥΤΟΚΙΝΗΤΑ ΜΕΤΑΧΕΙΡΙΣΜΕΝΑ,Σεπτέμβριος,86,31
7112,ΑΥΤΟΚΙΝΗΤΑ ΜΕΤΑΧΕΙΡΙΣΜΕΝΑ,Οκτώβριος,86,31
7112,ΑΥΤΟΚΙΝΗΤΑ ΜΕΤΑΧΕΙΡΙΣΜΕΝΑ,Νοέμβριος,86,31
7112,ΑΥΤΟΚΙΝΗΤΑ ΜΕΤΑΧΕΙΡΙΣΜΕΝΑ,Δεκέμβριος,86,31
7112,ΑΥΤΟΚΙΝΗΤΑ ΜΕΤΑΧΕΙΡΙΣΜΕΝΑ,ΕΤΗΣΙΟΣ,86,31
711,ΑΓΟΡΑ ΑΥΤΟΚΙΝΗΤΩΝ,W%0,33,16
711,ΑΓΟΡΑ ΑΥΤΟΚΙΝΗΤΩΝ,Ιανουάριος,94,81
711,ΑΓΟΡΑ ΑΥΤΟΚΙΝΗΤΩΝ,Φεβρουάριος,95,61
711,ΑΓΟΡΑ ΑΥΤΟΚΙΝΗΤΩΝ,Μάρτιος,95,61
711,ΑΓΟΡΑ ΑΥΤΟΚΙΝΗΤΩΝ,Απρίλιος,95,61
711,ΑΓΟΡΑ ΑΥΤΟΚΙΝΗΤΩΝ,Μάιος,95,61
711,ΑΓΟΡΑ ΑΥΤΟΚΙΝΗΤΩΝ,Ιούνιος,95,61
711,ΑΓΟΡΑ ΑΥΤΟΚΙΝΗΤΩΝ,Ιούλιος,94,24
711,ΑΓΟΡΑ ΑΥΤΟΚΙΝΗΤΩΝ,Αύγουστος,95,87
711,ΑΓΟΡΑ ΑΥΤΟΚΙΝΗΤΩΝ,Σεπτέμβριος,96,65
711,ΑΓΟΡΑ ΑΥΤΟΚΙΝΗΤΩΝ,Οκτώβριος,96,39
711,ΑΓΟΡΑ ΑΥΤΟΚΙΝΗΤΩΝ,Νοέμβριος,96,41
711,ΑΓΟΡΑ ΑΥΤΟΚΙΝΗΤΩΝ,Δεκέμβριος,96,42
711,ΑΓΟΡΑ ΑΥΤΟΚΙΝΗΤΩΝ,ΕΤΗΣΙΟΣ,95,74
712,ΜΟΤΟΠΟΔΗΛΑΤΑ - ΜΟΤΟΣΥΚΛΕΤΕΣ,W%0,1,99
712,ΜΟΤΟΠΟΔΗΛΑΤΑ - ΜΟΤΟΣΥΚΛΕΤΕΣ,Ιανουάριος,99,62
712,ΜΟΤΟΠΟΔΗΛΑΤΑ - ΜΟΤΟΣΥΚΛΕΤΕΣ,Φεβρουάριος,99,66
712,ΜΟΤΟΠΟΔΗΛΑΤΑ - ΜΟΤΟΣΥΚΛΕΤΕΣ,Μάρτιος,99,64
712,ΜΟΤΟΠΟΔΗΛΑΤΑ - ΜΟΤΟΣΥΚΛΕΤΕΣ,Απρίλιος,100,28
712,ΜΟΤΟΠΟΔΗΛΑΤΑ - ΜΟΤΟΣΥΚΛΕΤΕΣ,Μάιος,100,28
712,ΜΟΤΟΠΟΔΗΛΑΤΑ - ΜΟΤΟΣΥΚΛΕΤΕΣ,Ιούνιος,100,34
712,ΜΟΤΟΠΟΔΗΛΑΤΑ - ΜΟΤΟΣΥΚΛΕΤΕΣ,Ιούλιος,99,88
712,ΜΟΤΟΠΟΔΗΛΑΤΑ - ΜΟΤΟΣΥΚΛΕΤΕΣ,Αύγουστος,99,88
712,ΜΟΤΟΠΟΔΗΛΑΤΑ - ΜΟΤΟΣΥΚΛΕΤΕΣ,Σεπτέμβριος,99,89
712,ΜΟΤΟΠΟΔΗΛΑΤΑ - ΜΟΤΟΣΥΚΛΕΤΕΣ,Οκτώβριος,99,89
712,ΜΟΤΟΠΟΔΗΛΑΤΑ - ΜΟΤΟΣΥΚΛΕΤΕΣ,Νοέμβριος,99,89
712,ΜΟΤΟΠΟΔΗΛΑΤΑ - ΜΟΤΟΣΥΚΛΕΤΕΣ,Δεκέμβριος,99,89
712,ΜΟΤΟΠΟΔΗΛΑΤΑ - ΜΟΤΟΣΥΚΛΕΤΕΣ,ΕΤΗΣΙΟΣ,99,93
713,ΠΟΔΗΛΑΤΑ,W%0,0,48
713,ΠΟΔΗΛΑΤΑ,Ιανουάριος,100,94
713,ΠΟΔΗΛΑΤΑ,Φεβρουάριος,100,14
713,ΠΟΔΗΛΑΤΑ,Μάρτιος,100,73
713,ΠΟΔΗΛΑΤΑ,Απρίλιος,98,91
713,ΠΟΔΗΛΑΤΑ,Μάιος,99,43
713,ΠΟΔΗΛΑΤΑ,Ιούνιος,100,17
713,ΠΟΔΗΛΑΤΑ,Ιούλιος,100,92
713,ΠΟΔΗΛΑΤΑ,Αύγουστος,100,92
713,ΠΟΔΗΛΑΤΑ,Σεπτέμβριος,101,7
713,ΠΟΔΗΛΑΤΑ,Οκτώβριος,97,96
713,ΠΟΔΗΛΑΤΑ,Νοέμβριος,99,9
713,ΠΟΔΗΛΑΤΑ,Δεκέμβριος,99,12
713,ΠΟΔΗΛΑΤΑ,ΕΤΗΣΙΟΣ,99,95
71,ΑΓΟΡΑ ΟΧΗΜΑΤΩΝ,W%0,35,63
71,ΑΓΟΡΑ ΟΧΗΜΑΤΩΝ,Ιανουάριος,95,31
71,ΑΓΟΡΑ ΟΧΗΜΑΤΩΝ,Φεβρουάριος,96,5
71,ΑΓΟΡΑ ΟΧΗΜΑΤΩΝ,Μάρτιος,96,5
71,ΑΓΟΡΑ ΟΧΗΜΑΤΩΝ,Απρίλιος,96,7
71,ΑΓΟΡΑ ΟΧΗΜΑΤΩΝ,Μάιος,96,7
71,ΑΓΟΡΑ ΟΧΗΜΑΤΩΝ,Ιούνιος,96,8
71,ΑΓΟΡΑ ΟΧΗΜΑΤΩΝ,Ιούλιος,94,79
71,ΑΓΟΡΑ ΟΧΗΜΑΤΩΝ,Αύγουστος,96,31
71,ΑΓΟΡΑ ΟΧΗΜΑΤΩΝ,Σεπτέμβριος,97,4
71,ΑΓΟΡΑ ΟΧΗΜΑΤΩΝ,Οκτώβριος,96,76
71,ΑΓΟΡΑ ΟΧΗΜΑΤΩΝ,Νοέμβριος,96,79
71,ΑΓΟΡΑ ΟΧΗΜΑΤΩΝ,Δεκέμβριος,96,80
71,ΑΓΟΡΑ ΟΧΗΜΑΤΩΝ,ΕΤΗΣΙΟΣ,96,18
7211,ΕΛΑΣΤΙΚΑ,W%0,0,33
7211,ΕΛΑΣΤΙΚΑ,Ιανουάριος,98,58
7211,ΕΛΑΣΤΙΚΑ,Φεβρουάριος,98,61
7211,ΕΛΑΣΤΙΚΑ,Μάρτιος,98,61
7211,ΕΛΑΣΤΙΚΑ,Απρίλιος,99,47
7211,ΕΛΑΣΤΙΚΑ,Μάιος,99,47
7211,ΕΛΑΣΤΙΚΑ,Ιούνιος,99,68
7211,ΕΛΑΣΤΙΚΑ,Ιούλιος,99,68
7211,ΕΛΑΣΤΙΚΑ,Αύγουστος,99,68
7211,ΕΛΑΣΤΙΚΑ,Σεπτέμβριος,99,59
7211,ΕΛΑΣΤΙΚΑ,Οκτώβριος,99,64
7211,ΕΛΑΣΤΙΚΑ,Νοέμβριος,99,64
7211,ΕΛΑΣΤΙΚΑ,Δεκέμβριος,99,69
7211,ΕΛΑΣΤΙΚΑ,ΕΤΗΣΙΟΣ,99,36
7212,ΑΝΤΑΛΛΑΚΤΙΚΑ ΑΥΤΟΚΙΝΗΤΟΥ,W%0,0,31
7212,ΑΝΤΑΛΛΑΚΤΙΚΑ ΑΥΤΟΚΙΝΗΤΟΥ,Ιανουάριος,101,39
7212,ΑΝΤΑΛΛΑΚΤΙΚΑ ΑΥΤΟΚΙΝΗΤΟΥ,Φεβρουάριος,100,92
7212,ΑΝΤΑΛΛΑΚΤΙΚΑ ΑΥΤΟΚΙΝΗΤΟΥ,Μάρτιος,101,48
7212,ΑΝΤΑΛΛΑΚΤΙΚΑ ΑΥΤΟΚΙΝΗΤΟΥ,Απρίλιος,102,49
7212,ΑΝΤΑΛΛΑΚΤΙΚΑ ΑΥΤΟΚΙΝΗΤΟΥ,Μάιος,102,49
7212,ΑΝΤΑΛΛΑΚΤΙΚΑ ΑΥΤΟΚΙΝΗΤΟΥ,Ιούνιος,102,50
7212,ΑΝΤΑΛΛΑΚΤΙΚΑ ΑΥΤΟΚΙΝΗΤΟΥ,Ιούλιος,102,42
7212,ΑΝΤΑΛΛΑΚΤΙΚΑ ΑΥΤΟΚΙΝΗΤΟΥ,Αύγουστος,102,36
7212,ΑΝΤΑΛΛΑΚΤΙΚΑ ΑΥΤΟΚΙΝΗΤΟΥ,Σεπτέμβριος,102,40
7212,ΑΝΤΑΛΛΑΚΤΙΚΑ ΑΥΤΟΚΙΝΗΤΟΥ,Οκτώβριος,102,38
7212,ΑΝΤΑΛΛΑΚΤΙΚΑ ΑΥΤΟΚΙΝΗΤΟΥ,Νοέμβριος,102,27
7212,ΑΝΤΑΛΛΑΚΤΙΚΑ ΑΥΤΟΚΙΝΗΤΟΥ,Δεκέμβριος,102,16
7212,ΑΝΤΑΛΛΑΚΤΙΚΑ ΑΥΤΟΚΙΝΗΤΟΥ,ΕΤΗΣΙΟΣ,102,11
7213,ΑΞΕΣΟΥΑΡ ΑΥΤΟΚΙΝΗΤΟΥ,W%0,0,1
7213,ΑΞΕΣΟΥΑΡ ΑΥΤΟΚΙΝΗΤΟΥ,Ιανουάριος,86,19
7213,ΑΞΕΣΟΥΑΡ ΑΥΤΟΚΙΝΗΤΟΥ,Φεβρουάριος,85,2
7213,ΑΞΕΣΟΥΑΡ ΑΥΤΟΚΙΝΗΤΟΥ,Μάρτιος,85,68
7213,ΑΞΕΣΟΥΑΡ ΑΥΤΟΚΙΝΗΤΟΥ,Απρίλιος,85,58
7213,ΑΞΕΣΟΥΑΡ ΑΥΤΟΚΙΝΗΤΟΥ,Μάιος,85,43
7213,ΑΞΕΣΟΥΑΡ ΑΥΤΟΚΙΝΗΤΟΥ,Ιούνιος,85,86
7213,ΑΞΕΣΟΥΑΡ ΑΥΤΟΚΙΝΗΤΟΥ,Ιούλιος,85,57
7213,ΑΞΕΣΟΥΑΡ ΑΥΤΟΚΙΝΗΤΟΥ,Αύγουστος,83,61
7213,ΑΞΕΣΟΥΑΡ ΑΥΤΟΚΙΝΗΤΟΥ,Σεπτέμβριος,83,84
7213,ΑΞΕΣΟΥΑΡ ΑΥΤΟΚΙΝΗΤΟΥ,Οκτώβριος,83,19
7213,ΑΞΕΣΟΥΑΡ ΑΥΤΟΚΙΝΗΤΟΥ,Νοέμβριος,83,11
7213,ΑΞΕΣΟΥΑΡ ΑΥΤΟΚΙΝΗΤΟΥ,Δεκέμβριος,83,28
7213,ΑΞΕΣΟΥΑΡ ΑΥΤΟΚΙΝΗΤΟΥ,ΕΤΗΣΙΟΣ,84,7
721,ANTAΛΛΑΚΤΙKA ΚΑΙ ΑΞΕΣΟΥΑΡ ΑΥΤΟΚΙΝΗΤΟΥ,W%0,0,65
721,ANTAΛΛΑΚΤΙKA ΚΑΙ ΑΞΕΣΟΥΑΡ ΑΥΤΟΚΙΝΗΤΟΥ,Ιανουάριος,98,85
721,ANTAΛΛΑΚΤΙKA ΚΑΙ ΑΞΕΣΟΥΑΡ ΑΥΤΟΚΙΝΗΤΟΥ,Φεβρουάριος,98,63
721,ANTAΛΛΑΚΤΙKA ΚΑΙ ΑΞΕΣΟΥΑΡ ΑΥΤΟΚΙΝΗΤΟΥ,Μάρτιος,98,90
721,ANTAΛΛΑΚΤΙKA ΚΑΙ ΑΞΕΣΟΥΑΡ ΑΥΤΟΚΙΝΗΤΟΥ,Απρίλιος,99,81
721,ANTAΛΛΑΚΤΙKA ΚΑΙ ΑΞΕΣΟΥΑΡ ΑΥΤΟΚΙΝΗΤΟΥ,Μάιος,99,80
721,ANTAΛΛΑΚΤΙKA ΚΑΙ ΑΞΕΣΟΥΑΡ ΑΥΤΟΚΙΝΗΤΟΥ,Ιούνιος,99,92
721,ANTAΛΛΑΚΤΙKA ΚΑΙ ΑΞΕΣΟΥΑΡ ΑΥΤΟΚΙΝΗΤΟΥ,Ιούλιος,99,88
721,ANTAΛΛΑΚΤΙKA ΚΑΙ ΑΞΕΣΟΥΑΡ ΑΥΤΟΚΙΝΗΤΟΥ,Αύγουστος,99,83
721,ANTAΛΛΑΚΤΙKA ΚΑΙ ΑΞΕΣΟΥΑΡ ΑΥΤΟΚΙΝΗΤΟΥ,Σεπτέμβριος,99,80
721,ANTAΛΛΑΚΤΙKA ΚΑΙ ΑΞΕΣΟΥΑΡ ΑΥΤΟΚΙΝΗΤΟΥ,Οκτώβριος,99,81
721,ANTAΛΛΑΚΤΙKA ΚΑΙ ΑΞΕΣΟΥΑΡ ΑΥΤΟΚΙΝΗΤΟΥ,Νοέμβριος,99,76
721,ANTAΛΛΑΚΤΙKA ΚΑΙ ΑΞΕΣΟΥΑΡ ΑΥΤΟΚΙΝΗΤΟΥ,Δεκέμβριος,99,73
721,ANTAΛΛΑΚΤΙKA ΚΑΙ ΑΞΕΣΟΥΑΡ ΑΥΤΟΚΙΝΗΤΟΥ,ΕΤΗΣΙΟΣ,99,56
7221,ΠΕΤΡΕΛΑΙΟ ΚΙΝΗΣΗΣ,W%0,3,29
7221,ΠΕΤΡΕΛΑΙΟ ΚΙΝΗΣΗΣ,Ιανουάριος,118,18
7221,ΠΕΤΡΕΛΑΙΟ ΚΙΝΗΣΗΣ,Φεβρουάριος,114,36
7221,ΠΕΤΡΕΛΑΙΟ ΚΙΝΗΣΗΣ,Μάρτιος,106,71
7221,ΠΕΤΡΕΛΑΙΟ ΚΙΝΗΣΗΣ,Απρίλιος,98,21
7221,ΠΕΤΡΕΛΑΙΟ ΚΙΝΗΣΗΣ,Μάιος,93,46
7221,ΠΕΤΡΕΛΑΙΟ ΚΙΝΗΣΗΣ,Ιούνιος,95,75
7221,ΠΕΤΡΕΛΑΙΟ ΚΙΝΗΣΗΣ,Ιούλιος,98,13
7221,ΠΕΤΡΕΛΑΙΟ ΚΙΝΗΣΗΣ,Αύγουστος,98,38
7221,ΠΕΤΡΕΛΑΙΟ ΚΙΝΗΣΗΣ,Σεπτέμβριος,97,28
7221,ΠΕΤΡΕΛΑΙΟ ΚΙΝΗΣΗΣ,Οκτώβριος,96,17
7221,ΠΕΤΡΕΛΑΙΟ ΚΙΝΗΣΗΣ,Νοέμβριος,95,92
7221,ΠΕΤΡΕΛΑΙΟ ΚΙΝΗΣΗΣ,Δεκέμβριος,98,4
7221,ΠΕΤΡΕΛΑΙΟ ΚΙΝΗΣΗΣ,ΕΤΗΣΙΟΣ,100,88
7222,ΒΕΝΖΙΝΗ,W%0,36,90
7222,ΒΕΝΖΙΝΗ,Ιανουάριος,109,28
7222,ΒΕΝΖΙΝΗ,Φεβρουάριος,107,21
7222,ΒΕΝΖΙΝΗ,Μάρτιος,101,24
7222,ΒΕΝΖΙΝΗ,Απρίλιος,92,47
7222,ΒΕΝΖΙΝΗ,Μάιος,90,43
7222,ΒΕΝΖΙΝΗ,Ιούνιος,94,33
7222,ΒΕΝΖΙΝΗ,Ιούλιος,96,73
7222,ΒΕΝΖΙΝΗ,Αύγουστος,96,79
7222,ΒΕΝΖΙΝΗ,Σεπτέμβριος,96,65
7222,ΒΕΝΖΙΝΗ,Οκτώβριος,96,19
7222,ΒΕΝΖΙΝΗ,Νοέμβριος,95,66
7222,ΒΕΝΖΙΝΗ,Δεκέμβριος,96,62
7222,ΒΕΝΖΙΝΗ,ΕΤΗΣΙΟΣ,97,8
7223,ΑΛΛΑ ΚΑΥΣΙΜΑ,W%0,1,18
7223,ΑΛΛΑ ΚΑΥΣΙΜΑ,Ιανουάριος,109,75
7223,ΑΛΛΑ ΚΑΥΣΙΜΑ,Φεβρουάριος,110,56
7223,ΑΛΛΑ ΚΑΥΣΙΜΑ,Μάρτιος,107,32
7223,ΑΛΛΑ ΚΑΥΣΙΜΑ,Απρίλιος,99,76
7223,ΑΛΛΑ ΚΑΥΣΙΜΑ,Μάιος,95,98
7223,ΑΛΛΑ ΚΑΥΣΙΜΑ,Ιούνιος,96,79
7223,ΑΛΛΑ ΚΑΥΣΙΜΑ,Ιούλιος,97,60
7223,ΑΛΛΑ ΚΑΥΣΙΜΑ,Αύγουστος,96,66
7223,ΑΛΛΑ ΚΑΥΣΙΜΑ,Σεπτέμβριος,95,71
7223,ΑΛΛΑ ΚΑΥΣΙΜΑ,Οκτώβριος,97,47
7223,ΑΛΛΑ ΚΑΥΣΙΜΑ,Νοέμβριος,98,55
7223,ΑΛΛΑ ΚΑΥΣΙΜΑ,Δεκέμβριος,100,71
7223,ΑΛΛΑ ΚΑΥΣΙΜΑ,ΕΤΗΣΙΟΣ,100,57
7224,ΛΙΠANTIKA,W%0,0,93
7224,ΛΙΠANTIKA,Ιανουάριος,101,52
7224,ΛΙΠANTIKA,Φεβρουάριος,101,52
7224,ΛΙΠANTIKA,Μάρτιος,101,48
7224,ΛΙΠANTIKA,Απρίλιος,101,48
7224,ΛΙΠANTIKA,Μάιος,101,48
7224,ΛΙΠANTIKA,Ιούνιος,101,48
7224,ΛΙΠANTIKA,Ιούλιος,101,30
7224,ΛΙΠANTIKA,Αύγουστος,101,30
7224,ΛΙΠANTIKA,Σεπτέμβριος,100,93
7224,ΛΙΠANTIKA,Οκτώβριος,100,99
7224,ΛΙΠANTIKA,Νοέμβριος,100,99
7224,ΛΙΠANTIKA,Δεκέμβριος,100,99
7224,ΛΙΠANTIKA,ΕΤΗΣΙΟΣ,101,29
722,KAYΣIMA ΚΑΙ ΛΙΠANTIKA,W%0,42,30
722,KAYΣIMA ΚΑΙ ΛΙΠANTIKA,Ιανουάριος,109,76
722,KAYΣIMA ΚΑΙ ΛΙΠANTIKA,Φεβρουάριος,107,69
722,KAYΣIMA ΚΑΙ ΛΙΠANTIKA,Μάρτιος,101,82
722,KAYΣIMA ΚΑΙ ΛΙΠANTIKA,Απρίλιος,93,30
722,KAYΣIMA ΚΑΙ ΛΙΠANTIKA,Μάιος,91,7
722,KAYΣIMA ΚΑΙ ΛΙΠANTIKA,Ιούνιος,94,68
722,KAYΣIMA ΚΑΙ ΛΙΠANTIKA,Ιούλιος,96,97
722,KAYΣIMA ΚΑΙ ΛΙΠANTIKA,Αύγουστος,97,1
722,KAYΣIMA ΚΑΙ ΛΙΠANTIKA,Σεπτέμβριος,96,77
722,KAYΣIMA ΚΑΙ ΛΙΠANTIKA,Οκτώβριος,96,35
722,KAYΣIMA ΚΑΙ ΛΙΠANTIKA,Νοέμβριος,95,89
722,KAYΣIMA ΚΑΙ ΛΙΠANTIKA,Δεκέμβριος,96,95
722,KAYΣIMA ΚΑΙ ΛΙΠANTIKA,ΕΤΗΣΙΟΣ,98,19
723,ΣΥΝΤΗΡΗΣΗ ΚΑΙ ΕΠΙΣΚΕΥΗ ΕΞΟΠΛΙΣΜΟΥ ΠΡΟΣΩΠΙΚΗΣ ΜΕΤΑΦΟΡΑΣ,W%0,7,88
723,ΣΥΝΤΗΡΗΣΗ ΚΑΙ ΕΠΙΣΚΕΥΗ ΕΞΟΠΛΙΣΜΟΥ ΠΡΟΣΩΠΙΚΗΣ ΜΕΤΑΦΟΡΑΣ,Ιανουάριος,97,5
723,ΣΥΝΤΗΡΗΣΗ ΚΑΙ ΕΠΙΣΚΕΥΗ ΕΞΟΠΛΙΣΜΟΥ ΠΡΟΣΩΠΙΚΗΣ ΜΕΤΑΦΟΡΑΣ,Φεβρουάριος,96,92
723,ΣΥΝΤΗΡΗΣΗ ΚΑΙ ΕΠΙΣΚΕΥΗ ΕΞΟΠΛΙΣΜΟΥ ΠΡΟΣΩΠΙΚΗΣ ΜΕΤΑΦΟΡΑΣ,Μάρτιος,96,56
723,ΣΥΝΤΗΡΗΣΗ ΚΑΙ ΕΠΙΣΚΕΥΗ ΕΞΟΠΛΙΣΜΟΥ ΠΡΟΣΩΠΙΚΗΣ ΜΕΤΑΦΟΡΑΣ,Απρίλιος,96,56
723,ΣΥΝΤΗΡΗΣΗ ΚΑΙ ΕΠΙΣΚΕΥΗ ΕΞΟΠΛΙΣΜΟΥ ΠΡΟΣΩΠΙΚΗΣ ΜΕΤΑΦΟΡΑΣ,Μάιος,96,56
723,ΣΥΝΤΗΡΗΣΗ ΚΑΙ ΕΠΙΣΚΕΥΗ ΕΞΟΠΛΙΣΜΟΥ ΠΡΟΣΩΠΙΚΗΣ ΜΕΤΑΦΟΡΑΣ,Ιούνιος,96,58
723,ΣΥΝΤΗΡΗΣΗ ΚΑΙ ΕΠΙΣΚΕΥΗ ΕΞΟΠΛΙΣΜΟΥ ΠΡΟΣΩΠΙΚΗΣ ΜΕΤΑΦΟΡΑΣ,Ιούλιος,96,58
723,ΣΥΝΤΗΡΗΣΗ ΚΑΙ ΕΠΙΣΚΕΥΗ ΕΞΟΠΛΙΣΜΟΥ ΠΡΟΣΩΠΙΚΗΣ ΜΕΤΑΦΟΡΑΣ,Αύγουστος,96,58
723,ΣΥΝΤΗΡΗΣΗ ΚΑΙ ΕΠΙΣΚΕΥΗ ΕΞΟΠΛΙΣΜΟΥ ΠΡΟΣΩΠΙΚΗΣ ΜΕΤΑΦΟΡΑΣ,Σεπτέμβριος,96,67
723,ΣΥΝΤΗΡΗΣΗ ΚΑΙ ΕΠΙΣΚΕΥΗ ΕΞΟΠΛΙΣΜΟΥ ΠΡΟΣΩΠΙΚΗΣ ΜΕΤΑΦΟΡΑΣ,Οκτώβριος,96,67
723,ΣΥΝΤΗΡΗΣΗ ΚΑΙ ΕΠΙΣΚΕΥΗ ΕΞΟΠΛΙΣΜΟΥ ΠΡΟΣΩΠΙΚΗΣ ΜΕΤΑΦΟΡΑΣ,Νοέμβριος,96,67
723,ΣΥΝΤΗΡΗΣΗ ΚΑΙ ΕΠΙΣΚΕΥΗ ΕΞΟΠΛΙΣΜΟΥ ΠΡΟΣΩΠΙΚΗΣ ΜΕΤΑΦΟΡΑΣ,Δεκέμβριος,96,66
723,ΣΥΝΤΗΡΗΣΗ ΚΑΙ ΕΠΙΣΚΕΥΗ ΕΞΟΠΛΙΣΜΟΥ ΠΡΟΣΩΠΙΚΗΣ ΜΕΤΑΦΟΡΑΣ,ΕΤΗΣΙΟΣ,96,67
7241,ΜΙΣΘΩΣΗ ΓΚΑΡΑΖ ΚΑΙ ΧΩΡΩΝ ΣΤΑΘΜΕΥΣΗΣ,W%0,0,33
7241,ΜΙΣΘΩΣΗ ΓΚΑΡΑΖ ΚΑΙ ΧΩΡΩΝ ΣΤΑΘΜΕΥΣΗΣ,Ιανουάριος,100,52
7241,ΜΙΣΘΩΣΗ ΓΚΑΡΑΖ ΚΑΙ ΧΩΡΩΝ ΣΤΑΘΜΕΥΣΗΣ,Φεβρουάριος,101,59
7241,ΜΙΣΘΩΣΗ ΓΚΑΡΑΖ ΚΑΙ ΧΩΡΩΝ ΣΤΑΘΜΕΥΣΗΣ,Μάρτιος,101,20
7241,ΜΙΣΘΩΣΗ ΓΚΑΡΑΖ ΚΑΙ ΧΩΡΩΝ ΣΤΑΘΜΕΥΣΗΣ,Απρίλιος,101,22
7241,ΜΙΣΘΩΣΗ ΓΚΑΡΑΖ ΚΑΙ ΧΩΡΩΝ ΣΤΑΘΜΕΥΣΗΣ,Μάιος,101,28
7241,ΜΙΣΘΩΣΗ ΓΚΑΡΑΖ ΚΑΙ ΧΩΡΩΝ ΣΤΑΘΜΕΥΣΗΣ,Ιούνιος,101,41
7241,ΜΙΣΘΩΣΗ ΓΚΑΡΑΖ ΚΑΙ ΧΩΡΩΝ ΣΤΑΘΜΕΥΣΗΣ,Ιούλιος,102,5
7241,ΜΙΣΘΩΣΗ ΓΚΑΡΑΖ ΚΑΙ ΧΩΡΩΝ ΣΤΑΘΜΕΥΣΗΣ,Αύγουστος,101,87
7241,ΜΙΣΘΩΣΗ ΓΚΑΡΑΖ ΚΑΙ ΧΩΡΩΝ ΣΤΑΘΜΕΥΣΗΣ,Σεπτέμβριος,100,93
7241,ΜΙΣΘΩΣΗ ΓΚΑΡΑΖ ΚΑΙ ΧΩΡΩΝ ΣΤΑΘΜΕΥΣΗΣ,Οκτώβριος,101,1
7241,ΜΙΣΘΩΣΗ ΓΚΑΡΑΖ ΚΑΙ ΧΩΡΩΝ ΣΤΑΘΜΕΥΣΗΣ,Νοέμβριος,100,97
7241,ΜΙΣΘΩΣΗ ΓΚΑΡΑΖ ΚΑΙ ΧΩΡΩΝ ΣΤΑΘΜΕΥΣΗΣ,Δεκέμβριος,100,99
7241,ΜΙΣΘΩΣΗ ΓΚΑΡΑΖ ΚΑΙ ΧΩΡΩΝ ΣΤΑΘΜΕΥΣΗΣ,ΕΤΗΣΙΟΣ,101,25
7242,ΕΓΚΑΤΑΣΤΑΣΕΙΣ ΔΙΟΔΙΩΝ ΚΑΙ ΠΑΡΚΟΜΕΤΡΑ,W%0,4,81
7242,ΕΓΚΑΤΑΣΤΑΣΕΙΣ ΔΙΟΔΙΩΝ ΚΑΙ ΠΑΡΚΟΜΕΤΡΑ,Ιανουάριος,103,35
7242,ΕΓΚΑΤΑΣΤΑΣΕΙΣ ΔΙΟΔΙΩΝ ΚΑΙ ΠΑΡΚΟΜΕΤΡΑ,Φεβρουάριος,103,35
7242,ΕΓΚΑΤΑΣΤΑΣΕΙΣ ΔΙΟΔΙΩΝ ΚΑΙ ΠΑΡΚΟΜΕΤΡΑ,Μάρτιος,103,35
7242,ΕΓΚΑΤΑΣΤΑΣΕΙΣ ΔΙΟΔΙΩΝ ΚΑΙ ΠΑΡΚΟΜΕΤΡΑ,Απρίλιος,103,35
7242,ΕΓΚΑΤΑΣΤΑΣΕΙΣ ΔΙΟΔΙΩΝ ΚΑΙ ΠΑΡΚΟΜΕΤΡΑ,Μάιος,103,35
7242,ΕΓΚΑΤΑΣΤΑΣΕΙΣ ΔΙΟΔΙΩΝ ΚΑΙ ΠΑΡΚΟΜΕΤΡΑ,Ιούνιος,103,35
7242,ΕΓΚΑΤΑΣΤΑΣΕΙΣ ΔΙΟΔΙΩΝ ΚΑΙ ΠΑΡΚΟΜΕΤΡΑ,Ιούλιος,103,35
7242,ΕΓΚΑΤΑΣΤΑΣΕΙΣ ΔΙΟΔΙΩΝ ΚΑΙ ΠΑΡΚΟΜΕΤΡΑ,Αύγουστος,103,35
7242,ΕΓΚΑΤΑΣΤΑΣΕΙΣ ΔΙΟΔΙΩΝ ΚΑΙ ΠΑΡΚΟΜΕΤΡΑ,Σεπτέμβριος,103,35
7242,ΕΓΚΑΤΑΣΤΑΣΕΙΣ ΔΙΟΔΙΩΝ ΚΑΙ ΠΑΡΚΟΜΕΤΡΑ,Οκτώβριος,103,35
7242,ΕΓΚΑΤΑΣΤΑΣΕΙΣ ΔΙΟΔΙΩΝ ΚΑΙ ΠΑΡΚΟΜΕΤΡΑ,Νοέμβριος,103,35
7242,ΕΓΚΑΤΑΣΤΑΣΕΙΣ ΔΙΟΔΙΩΝ ΚΑΙ ΠΑΡΚΟΜΕΤΡΑ,Δεκέμβριος,103,35
7242,ΕΓΚΑΤΑΣΤΑΣΕΙΣ ΔΙΟΔΙΩΝ ΚΑΙ ΠΑΡΚΟΜΕΤΡΑ,ΕΤΗΣΙΟΣ,103,35
7243,ΜΑΘΗΜΑΤΑ ΟΔΗΓΗΣΗΣ ΚΑΙ ΕΛΕΓΧΟΙ ΑΞΙΟΠΙΣΤΙΑΣ,W%0,0,43
7243,ΜΑΘΗΜΑΤΑ ΟΔΗΓΗΣΗΣ ΚΑΙ ΕΛΕΓΧΟΙ ΑΞΙΟΠΙΣΤΙΑΣ,Ιανουάριος,100,7
7243,ΜΑΘΗΜΑΤΑ ΟΔΗΓΗΣΗΣ ΚΑΙ ΕΛΕΓΧΟΙ ΑΞΙΟΠΙΣΤΙΑΣ,Φεβρουάριος,100,4
7243,ΜΑΘΗΜΑΤΑ ΟΔΗΓΗΣΗΣ ΚΑΙ ΕΛΕΓΧΟΙ ΑΞΙΟΠΙΣΤΙΑΣ,Μάρτιος,99,94
7243,ΜΑΘΗΜΑΤΑ ΟΔΗΓΗΣΗΣ ΚΑΙ ΕΛΕΓΧΟΙ ΑΞΙΟΠΙΣΤΙΑΣ,Απρίλιος,99,94
7243,ΜΑΘΗΜΑΤΑ ΟΔΗΓΗΣΗΣ ΚΑΙ ΕΛΕΓΧΟΙ ΑΞΙΟΠΙΣΤΙΑΣ,Μάιος,99,94
7243,ΜΑΘΗΜΑΤΑ ΟΔΗΓΗΣΗΣ ΚΑΙ ΕΛΕΓΧΟΙ ΑΞΙΟΠΙΣΤΙΑΣ,Ιούνιος,99,84
7243,ΜΑΘΗΜΑΤΑ ΟΔΗΓΗΣΗΣ ΚΑΙ ΕΛΕΓΧΟΙ ΑΞΙΟΠΙΣΤΙΑΣ,Ιούλιος,99,44
7243,ΜΑΘΗΜΑΤΑ ΟΔΗΓΗΣΗΣ ΚΑΙ ΕΛΕΓΧΟΙ ΑΞΙΟΠΙΣΤΙΑΣ,Αύγουστος,99,44
7243,ΜΑΘΗΜΑΤΑ ΟΔΗΓΗΣΗΣ ΚΑΙ ΕΛΕΓΧΟΙ ΑΞΙΟΠΙΣΤΙΑΣ,Σεπτέμβριος,99,68
7243,ΜΑΘΗΜΑΤΑ ΟΔΗΓΗΣΗΣ ΚΑΙ ΕΛΕΓΧΟΙ ΑΞΙΟΠΙΣΤΙΑΣ,Οκτώβριος,99,68
7243,ΜΑΘΗΜΑΤΑ ΟΔΗΓΗΣΗΣ ΚΑΙ ΕΛΕΓΧΟΙ ΑΞΙΟΠΙΣΤΙΑΣ,Νοέμβριος,99,68
7243,ΜΑΘΗΜΑΤΑ ΟΔΗΓΗΣΗΣ ΚΑΙ ΕΛΕΓΧΟΙ ΑΞΙΟΠΙΣΤΙΑΣ,Δεκέμβριος,101,48
7243,ΜΑΘΗΜΑΤΑ ΟΔΗΓΗΣΗΣ ΚΑΙ ΕΛΕΓΧΟΙ ΑΞΙΟΠΙΣΤΙΑΣ,ΕΤΗΣΙΟΣ,99,93
724,ΑΛΛΕΣ ΥΠΗΡΕΣΙΕΣ ΣΧΕΤΙΚΕΣ ΜΕ ΤΗΝ ΠΡΟΣΩΠΙΚΗ ΜΕΤΑΦΟΡΑ,W%0,5,57
724,ΑΛΛΕΣ ΥΠΗΡΕΣΙΕΣ ΣΧΕΤΙΚΕΣ ΜΕ ΤΗΝ ΠΡΟΣΩΠΙΚΗ ΜΕΤΑΦΟΡΑ,Ιανουάριος,102,95
724,ΑΛΛΕΣ ΥΠΗΡΕΣΙΕΣ ΣΧΕΤΙΚΕΣ ΜΕ ΤΗΝ ΠΡΟΣΩΠΙΚΗ ΜΕΤΑΦΟΡΑ,Φεβρουάριος,103,1
724,ΑΛΛΕΣ ΥΠΗΡΕΣΙΕΣ ΣΧΕΤΙΚΕΣ ΜΕ ΤΗΝ ΠΡΟΣΩΠΙΚΗ ΜΕΤΑΦΟΡΑ,Μάρτιος,102,98
724,ΑΛΛΕΣ ΥΠΗΡΕΣΙΕΣ ΣΧΕΤΙΚΕΣ ΜΕ ΤΗΝ ΠΡΟΣΩΠΙΚΗ ΜΕΤΑΦΟΡΑ,Απρίλιος,102,98
724,ΑΛΛΕΣ ΥΠΗΡΕΣΙΕΣ ΣΧΕΤΙΚΕΣ ΜΕ ΤΗΝ ΠΡΟΣΩΠΙΚΗ ΜΕΤΑΦΟΡΑ,Μάιος,102,99
724,ΑΛΛΕΣ ΥΠΗΡΕΣΙΕΣ ΣΧΕΤΙΚΕΣ ΜΕ ΤΗΝ ΠΡΟΣΩΠΙΚΗ ΜΕΤΑΦΟΡΑ,Ιούνιος,102,99
724,ΑΛΛΕΣ ΥΠΗΡΕΣΙΕΣ ΣΧΕΤΙΚΕΣ ΜΕ ΤΗΝ ΠΡΟΣΩΠΙΚΗ ΜΕΤΑΦΟΡΑ,Ιούλιος,103,0
724,ΑΛΛΕΣ ΥΠΗΡΕΣΙΕΣ ΣΧΕΤΙΚΕΣ ΜΕ ΤΗΝ ΠΡΟΣΩΠΙΚΗ ΜΕΤΑΦΟΡΑ,Αύγουστος,102,98
724,ΑΛΛΕΣ ΥΠΗΡΕΣΙΕΣ ΣΧΕΤΙΚΕΣ ΜΕ ΤΗΝ ΠΡΟΣΩΠΙΚΗ ΜΕΤΑΦΟΡΑ,Σεπτέμβριος,102,95
724,ΑΛΛΕΣ ΥΠΗΡΕΣΙΕΣ ΣΧΕΤΙΚΕΣ ΜΕ ΤΗΝ ΠΡΟΣΩΠΙΚΗ ΜΕΤΑΦΟΡΑ,Οκτώβριος,102,95
724,ΑΛΛΕΣ ΥΠΗΡΕΣΙΕΣ ΣΧΕΤΙΚΕΣ ΜΕ ΤΗΝ ΠΡΟΣΩΠΙΚΗ ΜΕΤΑΦΟΡΑ,Νοέμβριος,102,95
724,ΑΛΛΕΣ ΥΠΗΡΕΣΙΕΣ ΣΧΕΤΙΚΕΣ ΜΕ ΤΗΝ ΠΡΟΣΩΠΙΚΗ ΜΕΤΑΦΟΡΑ,Δεκέμβριος,103,9
724,ΑΛΛΕΣ ΥΠΗΡΕΣΙΕΣ ΣΧΕΤΙΚΕΣ ΜΕ ΤΗΝ ΠΡΟΣΩΠΙΚΗ ΜΕΤΑΦΟΡΑ,ΕΤΗΣΙΟΣ,102,99
72,ΧΕΙΡΙΣΜΟΣ ΕΞΟΠΛΙΣΜΟΥ ΠΡΟΣΩΠΙΚΗΣ ΜΕΤΑΦΟΡΑΣ,W%0,56,40
72,ΧΕΙΡΙΣΜΟΣ ΕΞΟΠΛΙΣΜΟΥ ΠΡΟΣΩΠΙΚΗΣ ΜΕΤΑΦΟΡΑΣ,Ιανουάριος,107,7
72,ΧΕΙΡΙΣΜΟΣ ΕΞΟΠΛΙΣΜΟΥ ΠΡΟΣΩΠΙΚΗΣ ΜΕΤΑΦΟΡΑΣ,Φεβρουάριος,105,53
72,ΧΕΙΡΙΣΜΟΣ ΕΞΟΠΛΙΣΜΟΥ ΠΡΟΣΩΠΙΚΗΣ ΜΕΤΑΦΟΡΑΣ,Μάρτιος,101,17
72,ΧΕΙΡΙΣΜΟΣ ΕΞΟΠΛΙΣΜΟΥ ΠΡΟΣΩΠΙΚΗΣ ΜΕΤΑΦΟΡΑΣ,Απρίλιος,94,93
72,ΧΕΙΡΙΣΜΟΣ ΕΞΟΠΛΙΣΜΟΥ ΠΡΟΣΩΠΙΚΗΣ ΜΕΤΑΦΟΡΑΣ,Μάιος,93,29
72,ΧΕΙΡΙΣΜΟΣ ΕΞΟΠΛΙΣΜΟΥ ΠΡΟΣΩΠΙΚΗΣ ΜΕΤΑΦΟΡΑΣ,Ιούνιος,95,94
72,ΧΕΙΡΙΣΜΟΣ ΕΞΟΠΛΙΣΜΟΥ ΠΡΟΣΩΠΙΚΗΣ ΜΕΤΑΦΟΡΑΣ,Ιούλιος,97,62
72,ΧΕΙΡΙΣΜΟΣ ΕΞΟΠΛΙΣΜΟΥ ΠΡΟΣΩΠΙΚΗΣ ΜΕΤΑΦΟΡΑΣ,Αύγουστος,97,65
72,ΧΕΙΡΙΣΜΟΣ ΕΞΟΠΛΙΣΜΟΥ ΠΡΟΣΩΠΙΚΗΣ ΜΕΤΑΦΟΡΑΣ,Σεπτέμβριος,97,49
72,ΧΕΙΡΙΣΜΟΣ ΕΞΟΠΛΙΣΜΟΥ ΠΡΟΣΩΠΙΚΗΣ ΜΕΤΑΦΟΡΑΣ,Οκτώβριος,97,18
72,ΧΕΙΡΙΣΜΟΣ ΕΞΟΠΛΙΣΜΟΥ ΠΡΟΣΩΠΙΚΗΣ ΜΕΤΑΦΟΡΑΣ,Νοέμβριος,96,84
72,ΧΕΙΡΙΣΜΟΣ ΕΞΟΠΛΙΣΜΟΥ ΠΡΟΣΩΠΙΚΗΣ ΜΕΤΑΦΟΡΑΣ,Δεκέμβριος,97,63
72,ΧΕΙΡΙΣΜΟΣ ΕΞΟΠΛΙΣΜΟΥ ΠΡΟΣΩΠΙΚΗΣ ΜΕΤΑΦΟΡΑΣ,ΕΤΗΣΙΟΣ,98,53
7311,ΜΕΤΑΦΟΡΑ ΕΠΙΒΑΤΩΝ ΜΕ ΤΡΕΝΟ,W%0,0,86
7311,ΜΕΤΑΦΟΡΑ ΕΠΙΒΑΤΩΝ ΜΕ ΤΡΕΝΟ,Ιανουάριος,100,0
7311,ΜΕΤΑΦΟΡΑ ΕΠΙΒΑΤΩΝ ΜΕ ΤΡΕΝΟ,Φεβρουάριος,100,0
7311,ΜΕΤΑΦΟΡΑ ΕΠΙΒΑΤΩΝ ΜΕ ΤΡΕΝΟ,Μάρτιος,100,0
7311,ΜΕΤΑΦΟΡΑ ΕΠΙΒΑΤΩΝ ΜΕ ΤΡΕΝΟ,Απρίλιος,100,0
7311,ΜΕΤΑΦΟΡΑ ΕΠΙΒΑΤΩΝ ΜΕ ΤΡΕΝΟ,Μάιος,100,0
7311,ΜΕΤΑΦΟΡΑ ΕΠΙΒΑΤΩΝ ΜΕ ΤΡΕΝΟ,Ιούνιος,87,89
7311,ΜΕΤΑΦΟΡΑ ΕΠΙΒΑΤΩΝ ΜΕ ΤΡΕΝΟ,Ιούλιος,87,89
7311,ΜΕΤΑΦΟΡΑ ΕΠΙΒΑΤΩΝ ΜΕ ΤΡΕΝΟ,Αύγουστος,87,89
7311,ΜΕΤΑΦΟΡΑ ΕΠΙΒΑΤΩΝ ΜΕ ΤΡΕΝΟ,Σεπτέμβριος,87,89
7311,ΜΕΤΑΦΟΡΑ ΕΠΙΒΑΤΩΝ ΜΕ ΤΡΕΝΟ,Οκτώβριος,87,89
7311,ΜΕΤΑΦΟΡΑ ΕΠΙΒΑΤΩΝ ΜΕ ΤΡΕΝΟ,Νοέμβριος,87,89
7311,ΜΕΤΑΦΟΡΑ ΕΠΙΒΑΤΩΝ ΜΕ ΤΡΕΝΟ,Δεκέμβριος,87,89
7311,ΜΕΤΑΦΟΡΑ ΕΠΙΒΑΤΩΝ ΜΕ ΤΡΕΝΟ,ΕΤΗΣΙΟΣ,92,94
7312,ΜΕΤΑΦΟΡΑ ΕΠΙΒΑΤΩΝ ΜΕ ΜΕΤΡΟ ΚΑΙ ΤΡΑΜ,W%0,3,52
7312,ΜΕΤΑΦΟΡΑ ΕΠΙΒΑΤΩΝ ΜΕ ΜΕΤΡΟ ΚΑΙ ΤΡΑΜ,Ιανουάριος,100,0
7312,ΜΕΤΑΦΟΡΑ ΕΠΙΒΑΤΩΝ ΜΕ ΜΕΤΡΟ ΚΑΙ ΤΡΑΜ,Φεβρουάριος,100,0
7312,ΜΕΤΑΦΟΡΑ ΕΠΙΒΑΤΩΝ ΜΕ ΜΕΤΡΟ ΚΑΙ ΤΡΑΜ,Μάρτιος,100,0
7312,ΜΕΤΑΦΟΡΑ ΕΠΙΒΑΤΩΝ ΜΕ ΜΕΤΡΟ ΚΑΙ ΤΡΑΜ,Απρίλιος,100,0
7312,ΜΕΤΑΦΟΡΑ ΕΠΙΒΑΤΩΝ ΜΕ ΜΕΤΡΟ ΚΑΙ ΤΡΑΜ,Μάιος,100,0
7312,ΜΕΤΑΦΟΡΑ ΕΠΙΒΑΤΩΝ ΜΕ ΜΕΤΡΟ ΚΑΙ ΤΡΑΜ,Ιούνιος,87,65
7312,ΜΕΤΑΦΟΡΑ ΕΠΙΒΑΤΩΝ ΜΕ ΜΕΤΡΟ ΚΑΙ ΤΡΑΜ,Ιούλιος,87,65
7312,ΜΕΤΑΦΟΡΑ ΕΠΙΒΑΤΩΝ ΜΕ ΜΕΤΡΟ ΚΑΙ ΤΡΑΜ,Αύγουστος,87,65
7312,ΜΕΤΑΦΟΡΑ ΕΠΙΒΑΤΩΝ ΜΕ ΜΕΤΡΟ ΚΑΙ ΤΡΑΜ,Σεπτέμβριος,87,65
7312,ΜΕΤΑΦΟΡΑ ΕΠΙΒΑΤΩΝ ΜΕ ΜΕΤΡΟ ΚΑΙ ΤΡΑΜ,Οκτώβριος,87,65
7312,ΜΕΤΑΦΟΡΑ ΕΠΙΒΑΤΩΝ ΜΕ ΜΕΤΡΟ ΚΑΙ ΤΡΑΜ,Νοέμβριος,87,65
7312,ΜΕΤΑΦΟΡΑ ΕΠΙΒΑΤΩΝ ΜΕ ΜΕΤΡΟ ΚΑΙ ΤΡΑΜ,Δεκέμβριος,87,65
7312,ΜΕΤΑΦΟΡΑ ΕΠΙΒΑΤΩΝ ΜΕ ΜΕΤΡΟ ΚΑΙ ΤΡΑΜ,ΕΤΗΣΙΟΣ,92,8
731,ΜΕΤΑΦΟΡΑ ΕΠΙΒΑΤΩΝ ΜΕ ΣΙΔΗΡΟΔΡΟΜΟ,W%0,4,38
731,ΜΕΤΑΦΟΡΑ ΕΠΙΒΑΤΩΝ ΜΕ ΣΙΔΗΡΟΔΡΟΜΟ,Ιανουάριος,100,0
731,ΜΕΤΑΦΟΡΑ ΕΠΙΒΑΤΩΝ ΜΕ ΣΙΔΗΡΟΔΡΟΜΟ,Φεβρουάριος,100,0
731,ΜΕΤΑΦΟΡΑ ΕΠΙΒΑΤΩΝ ΜΕ ΣΙΔΗΡΟΔΡΟΜΟ,Μάρτιος,100,0
731,ΜΕΤΑΦΟΡΑ ΕΠΙΒΑΤΩΝ ΜΕ ΣΙΔΗΡΟΔΡΟΜΟ,Απρίλιος,100,0
731,ΜΕΤΑΦΟΡΑ ΕΠΙΒΑΤΩΝ ΜΕ ΣΙΔΗΡΟΔΡΟΜΟ,Μάιος,100,0
731,ΜΕΤΑΦΟΡΑ ΕΠΙΒΑΤΩΝ ΜΕ ΣΙΔΗΡΟΔΡΟΜΟ,Ιούνιος,87,70
731,ΜΕΤΑΦΟΡΑ ΕΠΙΒΑΤΩΝ ΜΕ ΣΙΔΗΡΟΔΡΟΜΟ,Ιούλιος,87,70
731,ΜΕΤΑΦΟΡΑ ΕΠΙΒΑΤΩΝ ΜΕ ΣΙΔΗΡΟΔΡΟΜΟ,Αύγουστος,87,70
731,ΜΕΤΑΦΟΡΑ ΕΠΙΒΑΤΩΝ ΜΕ ΣΙΔΗΡΟΔΡΟΜΟ,Σεπτέμβριος,87,70
731,ΜΕΤΑΦΟΡΑ ΕΠΙΒΑΤΩΝ ΜΕ ΣΙΔΗΡΟΔΡΟΜΟ,Οκτώβριος,87,70
731,ΜΕΤΑΦΟΡΑ ΕΠΙΒΑΤΩΝ ΜΕ ΣΙΔΗΡΟΔΡΟΜΟ,Νοέμβριος,87,70
731,ΜΕΤΑΦΟΡΑ ΕΠΙΒΑΤΩΝ ΜΕ ΣΙΔΗΡΟΔΡΟΜΟ,Δεκέμβριος,87,70
731,ΜΕΤΑΦΟΡΑ ΕΠΙΒΑΤΩΝ ΜΕ ΣΙΔΗΡΟΔΡΟΜΟ,ΕΤΗΣΙΟΣ,92,82
7321,ΜΕΤΑΦΟΡΑ ΕΠΙΒΑΤΩΝ ΜΕ ΛΕΩΦΟΡΕΙΑ ΚΑΙ ΠΟΥΛΜΑΝ,W%0,11,63
7321,ΜΕΤΑΦΟΡΑ ΕΠΙΒΑΤΩΝ ΜΕ ΛΕΩΦΟΡΕΙΑ ΚΑΙ ΠΟΥΛΜΑΝ,Ιανουάριος,104,36
7321,ΜΕΤΑΦΟΡΑ ΕΠΙΒΑΤΩΝ ΜΕ ΛΕΩΦΟΡΕΙΑ ΚΑΙ ΠΟΥΛΜΑΝ,Φεβρουάριος,104,36
7321,ΜΕΤΑΦΟΡΑ ΕΠΙΒΑΤΩΝ ΜΕ ΛΕΩΦΟΡΕΙΑ ΚΑΙ ΠΟΥΛΜΑΝ,Μάρτιος,104,36
7321,ΜΕΤΑΦΟΡΑ ΕΠΙΒΑΤΩΝ ΜΕ ΛΕΩΦΟΡΕΙΑ ΚΑΙ ΠΟΥΛΜΑΝ,Απρίλιος,104,36
7321,ΜΕΤΑΦΟΡΑ ΕΠΙΒΑΤΩΝ ΜΕ ΛΕΩΦΟΡΕΙΑ ΚΑΙ ΠΟΥΛΜΑΝ,Μάιος,104,36
7321,ΜΕΤΑΦΟΡΑ ΕΠΙΒΑΤΩΝ ΜΕ ΛΕΩΦΟΡΕΙΑ ΚΑΙ ΠΟΥΛΜΑΝ,Ιούνιος,94,57
7321,ΜΕΤΑΦΟΡΑ ΕΠΙΒΑΤΩΝ ΜΕ ΛΕΩΦΟΡΕΙΑ ΚΑΙ ΠΟΥΛΜΑΝ,Ιούλιος,94,43
7321,ΜΕΤΑΦΟΡΑ ΕΠΙΒΑΤΩΝ ΜΕ ΛΕΩΦΟΡΕΙΑ ΚΑΙ ΠΟΥΛΜΑΝ,Αύγουστος,94,43
7321,ΜΕΤΑΦΟΡΑ ΕΠΙΒΑΤΩΝ ΜΕ ΛΕΩΦΟΡΕΙΑ ΚΑΙ ΠΟΥΛΜΑΝ,Σεπτέμβριος,94,43
7321,ΜΕΤΑΦΟΡΑ ΕΠΙΒΑΤΩΝ ΜΕ ΛΕΩΦΟΡΕΙΑ ΚΑΙ ΠΟΥΛΜΑΝ,Οκτώβριος,94,43
7321,ΜΕΤΑΦΟΡΑ ΕΠΙΒΑΤΩΝ ΜΕ ΛΕΩΦΟΡΕΙΑ ΚΑΙ ΠΟΥΛΜΑΝ,Νοέμβριος,94,42
7321,ΜΕΤΑΦΟΡΑ ΕΠΙΒΑΤΩΝ ΜΕ ΛΕΩΦΟΡΕΙΑ ΚΑΙ ΠΟΥΛΜΑΝ,Δεκέμβριος,94,42
7321,ΜΕΤΑΦΟΡΑ ΕΠΙΒΑΤΩΝ ΜΕ ΛΕΩΦΟΡΕΙΑ ΚΑΙ ΠΟΥΛΜΑΝ,ΕΤΗΣΙΟΣ,98,58
7322,ΜΕΤΑΦΟΡΑ ΕΠΙΒΑΤΩΝ ΜΕ ΤΑΞΙ,W%0,7,53
7322,ΜΕΤΑΦΟΡΑ ΕΠΙΒΑΤΩΝ ΜΕ ΤΑΞΙ,Ιανουάριος,104,58
7322,ΜΕΤΑΦΟΡΑ ΕΠΙΒΑΤΩΝ ΜΕ ΤΑΞΙ,Φεβρουάριος,104,58
7322,ΜΕΤΑΦΟΡΑ ΕΠΙΒΑΤΩΝ ΜΕ ΤΑΞΙ,Μάρτιος,104,58
7322,ΜΕΤΑΦΟΡΑ ΕΠΙΒΑΤΩΝ ΜΕ ΤΑΞΙ,Απρίλιος,104,58
7322,ΜΕΤΑΦΟΡΑ ΕΠΙΒΑΤΩΝ ΜΕ ΤΑΞΙ,Μάιος,104,58
7322,ΜΕΤΑΦΟΡΑ ΕΠΙΒΑΤΩΝ ΜΕ ΤΑΞΙ,Ιούνιος,96,48
7322,ΜΕΤΑΦΟΡΑ ΕΠΙΒΑΤΩΝ ΜΕ ΤΑΞΙ,Ιούλιος,96,48
7322,ΜΕΤΑΦΟΡΑ ΕΠΙΒΑΤΩΝ ΜΕ ΤΑΞΙ,Αύγουστος,96,48
7322,ΜΕΤΑΦΟΡΑ ΕΠΙΒΑΤΩΝ ΜΕ ΤΑΞΙ,Σεπτέμβριος,96,48
7322,ΜΕΤΑΦΟΡΑ ΕΠΙΒΑΤΩΝ ΜΕ ΤΑΞΙ,Οκτώβριος,96,48
7322,ΜΕΤΑΦΟΡΑ ΕΠΙΒΑΤΩΝ ΜΕ ΤΑΞΙ,Νοέμβριος,96,48
7322,ΜΕΤΑΦΟΡΑ ΕΠΙΒΑΤΩΝ ΜΕ ΤΑΞΙ,Δεκέμβριος,96,48
7322,ΜΕΤΑΦΟΡΑ ΕΠΙΒΑΤΩΝ ΜΕ ΤΑΞΙ,ΕΤΗΣΙΟΣ,99,85
732,ΟΔΙΚΕΣ ΜΕΤΑΦΟΡΕΣ ΕΠΙΒΑΤΩΝ,W%0,19,16
732,ΟΔΙΚΕΣ ΜΕΤΑΦΟΡΕΣ ΕΠΙΒΑΤΩΝ,Ιανουάριος,104,42
732,ΟΔΙΚΕΣ ΜΕΤΑΦΟΡΕΣ ΕΠΙΒΑΤΩΝ,Φεβρουάριος,104,42
732,ΟΔΙΚΕΣ ΜΕΤΑΦΟΡΕΣ ΕΠΙΒΑΤΩΝ,Μάρτιος,104,42
732,ΟΔΙΚΕΣ ΜΕΤΑΦΟΡΕΣ ΕΠΙΒΑΤΩΝ,Απρίλιος,104,42
732,ΟΔΙΚΕΣ ΜΕΤΑΦΟΡΕΣ ΕΠΙΒΑΤΩΝ,Μάιος,104,42
732,ΟΔΙΚΕΣ ΜΕΤΑΦΟΡΕΣ ΕΠΙΒΑΤΩΝ,Ιούνιος,95,30
732,ΟΔΙΚΕΣ ΜΕΤΑΦΟΡΕΣ ΕΠΙΒΑΤΩΝ,Ιούλιος,95,22
732,ΟΔΙΚΕΣ ΜΕΤΑΦΟΡΕΣ ΕΠΙΒΑΤΩΝ,Αύγουστος,95,22
732,ΟΔΙΚΕΣ ΜΕΤΑΦΟΡΕΣ ΕΠΙΒΑΤΩΝ,Σεπτέμβριος,95,22
732,ΟΔΙΚΕΣ ΜΕΤΑΦΟΡΕΣ ΕΠΙΒΑΤΩΝ,Οκτώβριος,95,22
732,ΟΔΙΚΕΣ ΜΕΤΑΦΟΡΕΣ ΕΠΙΒΑΤΩΝ,Νοέμβριος,95,20
732,ΟΔΙΚΕΣ ΜΕΤΑΦΟΡΕΣ ΕΠΙΒΑΤΩΝ,Δεκέμβριος,95,20
732,ΟΔΙΚΕΣ ΜΕΤΑΦΟΡΕΣ ΕΠΙΒΑΤΩΝ,ΕΤΗΣΙΟΣ,99,6
7331,ΠΤΗΣΕΙΣ ΕΣΩΤΕΡΙΚΟΥ,W%0,4,86
7331,ΠΤΗΣΕΙΣ ΕΣΩΤΕΡΙΚΟΥ,Ιανουάριος,139,53
7331,ΠΤΗΣΕΙΣ ΕΣΩΤΕΡΙΚΟΥ,Φεβρουάριος,140,60
7331,ΠΤΗΣΕΙΣ ΕΣΩΤΕΡΙΚΟΥ,Μάρτιος,141,1
7331,ΠΤΗΣΕΙΣ ΕΣΩΤΕΡΙΚΟΥ,Απρίλιος,152,73
7331,ΠΤΗΣΕΙΣ ΕΣΩΤΕΡΙΚΟΥ,Μάιος,154,39
7331,ΠΤΗΣΕΙΣ ΕΣΩΤΕΡΙΚΟΥ,Ιούνιος,128,18
7331,ΠΤΗΣΕΙΣ ΕΣΩΤΕΡΙΚΟΥ,Ιούλιος,170,45
7331,ΠΤΗΣΕΙΣ ΕΣΩΤΕΡΙΚΟΥ,Αύγουστος,175,39
7331,ΠΤΗΣΕΙΣ ΕΣΩΤΕΡΙΚΟΥ,Σεπτέμβριος,158,68
7331,ΠΤΗΣΕΙΣ ΕΣΩΤΕΡΙΚΟΥ,Οκτώβριος,161,45
7331,ΠΤΗΣΕΙΣ ΕΣΩΤΕΡΙΚΟΥ,Νοέμβριος,168,23
7331,ΠΤΗΣΕΙΣ ΕΣΩΤΕΡΙΚΟΥ,Δεκέμβριος,143,65
7331,ΠΤΗΣΕΙΣ ΕΣΩΤΕΡΙΚΟΥ,ΕΤΗΣΙΟΣ,152,86
7332,ΠΤΗΣΕΙΣ ΕΞΩΤΕΡΙΚΟΥ,W%0,13,91
7332,ΠΤΗΣΕΙΣ ΕΞΩΤΕΡΙΚΟΥ,Ιανουάριος,140,14
7332,ΠΤΗΣΕΙΣ ΕΞΩΤΕΡΙΚΟΥ,Φεβρουάριος,159,63
7332,ΠΤΗΣΕΙΣ ΕΞΩΤΕΡΙΚΟΥ,Μάρτιος,179,74
7332,ΠΤΗΣΕΙΣ ΕΞΩΤΕΡΙΚΟΥ,Απρίλιος,185,82
7332,ΠΤΗΣΕΙΣ ΕΞΩΤΕΡΙΚΟΥ,Μάιος,169,56
7332,ΠΤΗΣΕΙΣ ΕΞΩΤΕΡΙΚΟΥ,Ιούνιος,147,9
7332,ΠΤΗΣΕΙΣ ΕΞΩΤΕΡΙΚΟΥ,Ιούλιος,142,93
7332,ΠΤΗΣΕΙΣ ΕΞΩΤΕΡΙΚΟΥ,Αύγουστος,114,53
7332,ΠΤΗΣΕΙΣ ΕΞΩΤΕΡΙΚΟΥ,Σεπτέμβριος,106,25
7332,ΠΤΗΣΕΙΣ ΕΞΩΤΕΡΙΚΟΥ,Οκτώβριος,131,1
7332,ΠΤΗΣΕΙΣ ΕΞΩΤΕΡΙΚΟΥ,Νοέμβριος,133,98
7332,ΠΤΗΣΕΙΣ ΕΞΩΤΕΡΙΚΟΥ,Δεκέμβριος,114,81
7332,ΠΤΗΣΕΙΣ ΕΞΩΤΕΡΙΚΟΥ,ΕΤΗΣΙΟΣ,143,79
733,ΜΕΤΑΦΟΡΑ ΕΠΙΒΑΤΩΝ ΜΕ ΑΕΡΟΠΛΑΝΟ,W%0,18,77
733,ΜΕΤΑΦΟΡΑ ΕΠΙΒΑΤΩΝ ΜΕ ΑΕΡΟΠΛΑΝΟ,Ιανουάριος,133,75
733,ΜΕΤΑΦΟΡΑ ΕΠΙΒΑΤΩΝ ΜΕ ΑΕΡΟΠΛΑΝΟ,Φεβρουάριος,147,1
733,ΜΕΤΑΦΟΡΑ ΕΠΙΒΑΤΩΝ ΜΕ ΑΕΡΟΠΛΑΝΟ,Μάρτιος,160,49
733,ΜΕΤΑΦΟΡΑ ΕΠΙΒΑΤΩΝ ΜΕ ΑΕΡΟΠΛΑΝΟ,Απρίλιος,167,94
733,ΜΕΤΑΦΟΡΑ ΕΠΙΒΑΤΩΝ ΜΕ ΑΕΡΟΠΛΑΝΟ,Μάιος,157,62
733,ΜΕΤΑΦΟΡΑ ΕΠΙΒΑΤΩΝ ΜΕ ΑΕΡΟΠΛΑΝΟ,Ιούνιος,135,6
733,ΜΕΤΑΦΟΡΑ ΕΠΙΒΑΤΩΝ ΜΕ ΑΕΡΟΠΛΑΝΟ,Ιούλιος,144,61
733,ΜΕΤΑΦΟΡΑ ΕΠΙΒΑΤΩΝ ΜΕ ΑΕΡΟΠΛΑΝΟ,Αύγουστος,127,18
733,ΜΕΤΑΦΟΡΑ ΕΠΙΒΑΤΩΝ ΜΕ ΑΕΡΟΠΛΑΝΟ,Σεπτέμβριος,116,81
733,ΜΕΤΑΦΟΡΑ ΕΠΙΒΑΤΩΝ ΜΕ ΑΕΡΟΠΛΑΝΟ,Οκτώβριος,134,7
733,ΜΕΤΑΦΟΡΑ ΕΠΙΒΑΤΩΝ ΜΕ ΑΕΡΟΠΛΑΝΟ,Νοέμβριος,138,2
733,ΜΕΤΑΦΟΡΑ ΕΠΙΒΑΤΩΝ ΜΕ ΑΕΡΟΠΛΑΝΟ,Δεκέμβριος,118,12
733,ΜΕΤΑΦΟΡΑ ΕΠΙΒΑΤΩΝ ΜΕ ΑΕΡΟΠΛΑΝΟ,ΕΤΗΣΙΟΣ,140,6
7342,ΜΕΤΑΦΟΡΑ ΕΠΙΒΑΤΩΝ ΜΕ ΠΛΟΙΟ ΣΕ ΔΙΑΔΡΟΜΕΣ ΕΣΩΤΕΡΙΚΟΥ,W%0,1,40
7342,ΜΕΤΑΦΟΡΑ ΕΠΙΒΑΤΩΝ ΜΕ ΠΛΟΙΟ ΣΕ ΔΙΑΔΡΟΜΕΣ ΕΣΩΤΕΡΙΚΟΥ,Ιανουάριος,94,35
7342,ΜΕΤΑΦΟΡΑ ΕΠΙΒΑΤΩΝ ΜΕ ΠΛΟΙΟ ΣΕ ΔΙΑΔΡΟΜΕΣ ΕΣΩΤΕΡΙΚΟΥ,Φεβρουάριος,95,78
7342,ΜΕΤΑΦΟΡΑ ΕΠΙΒΑΤΩΝ ΜΕ ΠΛΟΙΟ ΣΕ ΔΙΑΔΡΟΜΕΣ ΕΣΩΤΕΡΙΚΟΥ,Μάρτιος,95,78
7342,ΜΕΤΑΦΟΡΑ ΕΠΙΒΑΤΩΝ ΜΕ ΠΛΟΙΟ ΣΕ ΔΙΑΔΡΟΜΕΣ ΕΣΩΤΕΡΙΚΟΥ,Απρίλιος,95,78
7342,ΜΕΤΑΦΟΡΑ ΕΠΙΒΑΤΩΝ ΜΕ ΠΛΟΙΟ ΣΕ ΔΙΑΔΡΟΜΕΣ ΕΣΩΤΕΡΙΚΟΥ,Μάιος,100,70
7342,ΜΕΤΑΦΟΡΑ ΕΠΙΒΑΤΩΝ ΜΕ ΠΛΟΙΟ ΣΕ ΔΙΑΔΡΟΜΕΣ ΕΣΩΤΕΡΙΚΟΥ,Ιούνιος,94,48
7342,ΜΕΤΑΦΟΡΑ ΕΠΙΒΑΤΩΝ ΜΕ ΠΛΟΙΟ ΣΕ ΔΙΑΔΡΟΜΕΣ ΕΣΩΤΕΡΙΚΟΥ,Ιούλιος,95,27
7342,ΜΕΤΑΦΟΡΑ ΕΠΙΒΑΤΩΝ ΜΕ ΠΛΟΙΟ ΣΕ ΔΙΑΔΡΟΜΕΣ ΕΣΩΤΕΡΙΚΟΥ,Αύγουστος,95,27
7342,ΜΕΤΑΦΟΡΑ ΕΠΙΒΑΤΩΝ ΜΕ ΠΛΟΙΟ ΣΕ ΔΙΑΔΡΟΜΕΣ ΕΣΩΤΕΡΙΚΟΥ,Σεπτέμβριος,95,27
7342,ΜΕΤΑΦΟΡΑ ΕΠΙΒΑΤΩΝ ΜΕ ΠΛΟΙΟ ΣΕ ΔΙΑΔΡΟΜΕΣ ΕΣΩΤΕΡΙΚΟΥ,Οκτώβριος,95,27
7342,ΜΕΤΑΦΟΡΑ ΕΠΙΒΑΤΩΝ ΜΕ ΠΛΟΙΟ ΣΕ ΔΙΑΔΡΟΜΕΣ ΕΣΩΤΕΡΙΚΟΥ,Νοέμβριος,95,27
7342,ΜΕΤΑΦΟΡΑ ΕΠΙΒΑΤΩΝ ΜΕ ΠΛΟΙΟ ΣΕ ΔΙΑΔΡΟΜΕΣ ΕΣΩΤΕΡΙΚΟΥ,Δεκέμβριος,95,27
7342,ΜΕΤΑΦΟΡΑ ΕΠΙΒΑΤΩΝ ΜΕ ΠΛΟΙΟ ΣΕ ΔΙΑΔΡΟΜΕΣ ΕΣΩΤΕΡΙΚΟΥ,ΕΤΗΣΙΟΣ,95,71
734,ΘΑΛΑΣΣΙΕΣ ΚΑΙ ΠΛΩΤΕΣ ΜΕΤΑΦΟΡΕΣ ΕΠΙΒΑΤΩΝ,W%0,1,40
734,ΘΑΛΑΣΣΙΕΣ ΚΑΙ ΠΛΩΤΕΣ ΜΕΤΑΦΟΡΕΣ ΕΠΙΒΑΤΩΝ,Ιανουάριος,94,35
734,ΘΑΛΑΣΣΙΕΣ ΚΑΙ ΠΛΩΤΕΣ ΜΕΤΑΦΟΡΕΣ ΕΠΙΒΑΤΩΝ,Φεβρουάριος,95,78
734,ΘΑΛΑΣΣΙΕΣ ΚΑΙ ΠΛΩΤΕΣ ΜΕΤΑΦΟΡΕΣ ΕΠΙΒΑΤΩΝ,Μάρτιος,95,78
734,ΘΑΛΑΣΣΙΕΣ ΚΑΙ ΠΛΩΤΕΣ ΜΕΤΑΦΟΡΕΣ ΕΠΙΒΑΤΩΝ,Απρίλιος,95,78
734,ΘΑΛΑΣΣΙΕΣ ΚΑΙ ΠΛΩΤΕΣ ΜΕΤΑΦΟΡΕΣ ΕΠΙΒΑΤΩΝ,Μάιος,100,70
734,ΘΑΛΑΣΣΙΕΣ ΚΑΙ ΠΛΩΤΕΣ ΜΕΤΑΦΟΡΕΣ ΕΠΙΒΑΤΩΝ,Ιούνιος,94,48
734,ΘΑΛΑΣΣΙΕΣ ΚΑΙ ΠΛΩΤΕΣ ΜΕΤΑΦΟΡΕΣ ΕΠΙΒΑΤΩΝ,Ιούλιος,95,27
734,ΘΑΛΑΣΣΙΕΣ ΚΑΙ ΠΛΩΤΕΣ ΜΕΤΑΦΟΡΕΣ ΕΠΙΒΑΤΩΝ,Αύγουστος,95,27
734,ΘΑΛΑΣΣΙΕΣ ΚΑΙ ΠΛΩΤΕΣ ΜΕΤΑΦΟΡΕΣ ΕΠΙΒΑΤΩΝ,Σεπτέμβριος,95,27
734,ΘΑΛΑΣΣΙΕΣ ΚΑΙ ΠΛΩΤΕΣ ΜΕΤΑΦΟΡΕΣ ΕΠΙΒΑΤΩΝ,Οκτώβριος,95,27
734,ΘΑΛΑΣΣΙΕΣ ΚΑΙ ΠΛΩΤΕΣ ΜΕΤΑΦΟΡΕΣ ΕΠΙΒΑΤΩΝ,Νοέμβριος,95,27
734,ΘΑΛΑΣΣΙΕΣ ΚΑΙ ΠΛΩΤΕΣ ΜΕΤΑΦΟΡΕΣ ΕΠΙΒΑΤΩΝ,Δεκέμβριος,95,27
734,ΘΑΛΑΣΣΙΕΣ ΚΑΙ ΠΛΩΤΕΣ ΜΕΤΑΦΟΡΕΣ ΕΠΙΒΑΤΩΝ,ΕΤΗΣΙΟΣ,95,71
735,ΣΥΝΔΥΑΣΜΕΝΕΣ ΜΕΤΑΦΟΡΕΣ ΕΠΙΒΑΤΩΝ,W%0,10,97
735,ΣΥΝΔΥΑΣΜΕΝΕΣ ΜΕΤΑΦΟΡΕΣ ΕΠΙΒΑΤΩΝ,Ιανουάριος,96,21
735,ΣΥΝΔΥΑΣΜΕΝΕΣ ΜΕΤΑΦΟΡΕΣ ΕΠΙΒΑΤΩΝ,Φεβρουάριος,96,21
735,ΣΥΝΔΥΑΣΜΕΝΕΣ ΜΕΤΑΦΟΡΕΣ ΕΠΙΒΑΤΩΝ,Μάρτιος,96,21
735,ΣΥΝΔΥΑΣΜΕΝΕΣ ΜΕΤΑΦΟΡΕΣ ΕΠΙΒΑΤΩΝ,Απρίλιος,96,21
735,ΣΥΝΔΥΑΣΜΕΝΕΣ ΜΕΤΑΦΟΡΕΣ ΕΠΙΒΑΤΩΝ,Μάιος,96,21
735,ΣΥΝΔΥΑΣΜΕΝΕΣ ΜΕΤΑΦΟΡΕΣ ΕΠΙΒΑΤΩΝ,Ιούνιος,84,33
735,ΣΥΝΔΥΑΣΜΕΝΕΣ ΜΕΤΑΦΟΡΕΣ ΕΠΙΒΑΤΩΝ,Ιούλιος,84,33
735,ΣΥΝΔΥΑΣΜΕΝΕΣ ΜΕΤΑΦΟΡΕΣ ΕΠΙΒΑΤΩΝ,Αύγουστος,84,33
735,ΣΥΝΔΥΑΣΜΕΝΕΣ ΜΕΤΑΦΟΡΕΣ ΕΠΙΒΑΤΩΝ,Σεπτέμβριος,84,33
735,ΣΥΝΔΥΑΣΜΕΝΕΣ ΜΕΤΑΦΟΡΕΣ ΕΠΙΒΑΤΩΝ,Οκτώβριος,84,33
735,ΣΥΝΔΥΑΣΜΕΝΕΣ ΜΕΤΑΦΟΡΕΣ ΕΠΙΒΑΤΩΝ,Νοέμβριος,84,33
735,ΣΥΝΔΥΑΣΜΕΝΕΣ ΜΕΤΑΦΟΡΕΣ ΕΠΙΒΑΤΩΝ,Δεκέμβριος,84,33
735,ΣΥΝΔΥΑΣΜΕΝΕΣ ΜΕΤΑΦΟΡΕΣ ΕΠΙΒΑΤΩΝ,ΕΤΗΣΙΟΣ,89,28
7362,ΥΠΗΡΕΣΙΕΣ ΜΕΤΑΦΟΡΑΣ ΚΑΙ ΑΠΟΘΗΚΕΥΣΗΣ,W%0,16,34
7362,ΥΠΗΡΕΣΙΕΣ ΜΕΤΑΦΟΡΑΣ ΚΑΙ ΑΠΟΘΗΚΕΥΣΗΣ,Ιανουάριος,100,8
7362,ΥΠΗΡΕΣΙΕΣ ΜΕΤΑΦΟΡΑΣ ΚΑΙ ΑΠΟΘΗΚΕΥΣΗΣ,Φεβρουάριος,100,26
7362,ΥΠΗΡΕΣΙΕΣ ΜΕΤΑΦΟΡΑΣ ΚΑΙ ΑΠΟΘΗΚΕΥΣΗΣ,Μάρτιος,100,26
7362,ΥΠΗΡΕΣΙΕΣ ΜΕΤΑΦΟΡΑΣ ΚΑΙ ΑΠΟΘΗΚΕΥΣΗΣ,Απρίλιος,100,26
7362,ΥΠΗΡΕΣΙΕΣ ΜΕΤΑΦΟΡΑΣ ΚΑΙ ΑΠΟΘΗΚΕΥΣΗΣ,Μάιος,100,26
7362,ΥΠΗΡΕΣΙΕΣ ΜΕΤΑΦΟΡΑΣ ΚΑΙ ΑΠΟΘΗΚΕΥΣΗΣ,Ιούνιος,100,26
7362,ΥΠΗΡΕΣΙΕΣ ΜΕΤΑΦΟΡΑΣ ΚΑΙ ΑΠΟΘΗΚΕΥΣΗΣ,Ιούλιος,100,85
7362,ΥΠΗΡΕΣΙΕΣ ΜΕΤΑΦΟΡΑΣ ΚΑΙ ΑΠΟΘΗΚΕΥΣΗΣ,Αύγουστος,100,85
7362,ΥΠΗΡΕΣΙΕΣ ΜΕΤΑΦΟΡΑΣ ΚΑΙ ΑΠΟΘΗΚΕΥΣΗΣ,Σεπτέμβριος,100,85
7362,ΥΠΗΡΕΣΙΕΣ ΜΕΤΑΦΟΡΑΣ ΚΑΙ ΑΠΟΘΗΚΕΥΣΗΣ,Οκτώβριος,100,85
7362,ΥΠΗΡΕΣΙΕΣ ΜΕΤΑΦΟΡΑΣ ΚΑΙ ΑΠΟΘΗΚΕΥΣΗΣ,Νοέμβριος,100,85
7362,ΥΠΗΡΕΣΙΕΣ ΜΕΤΑΦΟΡΑΣ ΚΑΙ ΑΠΟΘΗΚΕΥΣΗΣ,Δεκέμβριος,100,85
7362,ΥΠΗΡΕΣΙΕΣ ΜΕΤΑΦΟΡΑΣ ΚΑΙ ΑΠΟΘΗΚΕΥΣΗΣ,ΕΤΗΣΙΟΣ,100,54
736,ΥΠΗΡΕΣΙΕΣ ΜΕΤΑΦΟΡΑΣ ΑΤΟΜΩΝ ΚΑΙ ΑΓΑΘΩΝ,W%0,16,34
736,ΥΠΗΡΕΣΙΕΣ ΜΕΤΑΦΟΡΑΣ ΑΤΟΜΩΝ ΚΑΙ ΑΓΑΘΩΝ,Ιανουάριος,100,8
736,ΥΠΗΡΕΣΙΕΣ ΜΕΤΑΦΟΡΑΣ ΑΤΟΜΩΝ ΚΑΙ ΑΓΑΘΩΝ,Φεβρουάριος,100,26
736,ΥΠΗΡΕΣΙΕΣ ΜΕΤΑΦΟΡΑΣ ΑΤΟΜΩΝ ΚΑΙ ΑΓΑΘΩΝ,Μάρτιος,100,26
736,ΥΠΗΡΕΣΙΕΣ ΜΕΤΑΦΟΡΑΣ ΑΤΟΜΩΝ ΚΑΙ ΑΓΑΘΩΝ,Απρίλιος,100,26
736,ΥΠΗΡΕΣΙΕΣ ΜΕΤΑΦΟΡΑΣ ΑΤΟΜΩΝ ΚΑΙ ΑΓΑΘΩΝ,Μάιος,100,26
736,ΥΠΗΡΕΣΙΕΣ ΜΕΤΑΦΟΡΑΣ ΑΤΟΜΩΝ ΚΑΙ ΑΓΑΘΩΝ,Ιούνιος,100,26
736,ΥΠΗΡΕΣΙΕΣ ΜΕΤΑΦΟΡΑΣ ΑΤΟΜΩΝ ΚΑΙ ΑΓΑΘΩΝ,Ιούλιος,100,85
736,ΥΠΗΡΕΣΙΕΣ ΜΕΤΑΦΟΡΑΣ ΑΤΟΜΩΝ ΚΑΙ ΑΓΑΘΩΝ,Αύγουστος,100,85
736,ΥΠΗΡΕΣΙΕΣ ΜΕΤΑΦΟΡΑΣ ΑΤΟΜΩΝ ΚΑΙ ΑΓΑΘΩΝ,Σεπτέμβριος,100,85
736,ΥΠΗΡΕΣΙΕΣ ΜΕΤΑΦΟΡΑΣ ΑΤΟΜΩΝ ΚΑΙ ΑΓΑΘΩΝ,Οκτώβριος,100,85
736,ΥΠΗΡΕΣΙΕΣ ΜΕΤΑΦΟΡΑΣ ΑΤΟΜΩΝ ΚΑΙ ΑΓΑΘΩΝ,Νοέμβριος,100,85
736,ΥΠΗΡΕΣΙΕΣ ΜΕΤΑΦΟΡΑΣ ΑΤΟΜΩΝ ΚΑΙ ΑΓΑΘΩΝ,Δεκέμβριος,100,85
736,ΥΠΗΡΕΣΙΕΣ ΜΕΤΑΦΟΡΑΣ ΑΤΟΜΩΝ ΚΑΙ ΑΓΑΘΩΝ,ΕΤΗΣΙΟΣ,100,54
73,ΥΠΗΡΕΣΙΕΣ ΜΕΤΑΦΟΡΩΝ,W%0,71,3
73,ΥΠΗΡΕΣΙΕΣ ΜΕΤΑΦΟΡΩΝ,Ιανουάριος,111,13
73,ΥΠΗΡΕΣΙΕΣ ΜΕΤΑΦΟΡΩΝ,Φεβρουάριος,113,75
73,ΥΠΗΡΕΣΙΕΣ ΜΕΤΑΦΟΡΩΝ,Μάρτιος,116,33
73,ΥΠΗΡΕΣΙΕΣ ΜΕΤΑΦΟΡΩΝ,Απρίλιος,117,75
73,ΥΠΗΡΕΣΙΕΣ ΜΕΤΑΦΟΡΩΝ,Μάιος,115,90
73,ΥΠΗΡΕΣΙΕΣ ΜΕΤΑΦΟΡΩΝ,Ιούνιος,105,60
73,ΥΠΗΡΕΣΙΕΣ ΜΕΤΑΦΟΡΩΝ,Ιούλιος,107,58
73,ΥΠΗΡΕΣΙΕΣ ΜΕΤΑΦΟΡΩΝ,Αύγουστος,104,24
73,ΥΠΗΡΕΣΙΕΣ ΜΕΤΑΦΟΡΩΝ,Σεπτέμβριος,102,26
73,ΥΠΗΡΕΣΙΕΣ ΜΕΤΑΦΟΡΩΝ,Οκτώβριος,105,56
73,ΥΠΗΡΕΣΙΕΣ ΜΕΤΑΦΟΡΩΝ,Νοέμβριος,106,31
73,ΥΠΗΡΕΣΙΕΣ ΜΕΤΑΦΟΡΩΝ,Δεκέμβριος,102,51
73,ΥΠΗΡΕΣΙΕΣ ΜΕΤΑΦΟΡΩΝ,ΕΤΗΣΙΟΣ,109,8
7,ΜΕΤΑΦΟΡΕΣ,W%0,163,6
7,ΜΕΤΑΦΟΡΕΣ,Ιανουάριος,105,97
7,ΜΕΤΑΦΟΡΕΣ,Φεβρουάριος,106,67
7,ΜΕΤΑΦΟΡΕΣ,Μάρτιος,106,18
7,ΜΕΤΑΦΟΡΕΣ,Απρίλιος,104,56
7,ΜΕΤΑΦΟΡΕΣ,Μάιος,103,24
7,ΜΕΤΑΦΟΡΕΣ,Ιούνιος,100,2
7,ΜΕΤΑΦΟΡΕΣ,Ιούλιος,101,9
7,ΜΕΤΑΦΟΡΕΣ,Αύγουστος,100,13
7,ΜΕΤΑΦΟΡΕΣ,Σεπτέμβριος,99,45
7,ΜΕΤΑΦΟΡΕΣ,Οκτώβριος,100,60
7,ΜΕΤΑΦΟΡΕΣ,Νοέμβριος,100,80
7,ΜΕΤΑΦΟΡΕΣ,Δεκέμβριος,99,54
7,ΜΕΤΑΦΟΡΕΣ,ΕΤΗΣΙΟΣ,102,35
8101,ΥΠΗΡΕΣΙΕΣ ΔΙΑΚΙΝΗΣΗΣ ΕΠΙΣΤΟΛΩΝ,W%0,0,68
8101,ΥΠΗΡΕΣΙΕΣ ΔΙΑΚΙΝΗΣΗΣ ΕΠΙΣΤΟΛΩΝ,Ιανουάριος,100,12
8101,ΥΠΗΡΕΣΙΕΣ ΔΙΑΚΙΝΗΣΗΣ ΕΠΙΣΤΟΛΩΝ,Φεβρουάριος,100,12
8101,ΥΠΗΡΕΣΙΕΣ ΔΙΑΚΙΝΗΣΗΣ ΕΠΙΣΤΟΛΩΝ,Μάρτιος,100,12
8101,ΥΠΗΡΕΣΙΕΣ ΔΙΑΚΙΝΗΣΗΣ ΕΠΙΣΤΟΛΩΝ,Απρίλιος,100,12
8101,ΥΠΗΡΕΣΙΕΣ ΔΙΑΚΙΝΗΣΗΣ ΕΠΙΣΤΟΛΩΝ,Μάιος,100,12
8101,ΥΠΗΡΕΣΙΕΣ ΔΙΑΚΙΝΗΣΗΣ ΕΠΙΣΤΟΛΩΝ,Ιούνιος,135,24
8101,ΥΠΗΡΕΣΙΕΣ ΔΙΑΚΙΝΗΣΗΣ ΕΠΙΣΤΟΛΩΝ,Ιούλιος,135,24
8101,ΥΠΗΡΕΣΙΕΣ ΔΙΑΚΙΝΗΣΗΣ ΕΠΙΣΤΟΛΩΝ,Αύγουστος,135,24
8101,ΥΠΗΡΕΣΙΕΣ ΔΙΑΚΙΝΗΣΗΣ ΕΠΙΣΤΟΛΩΝ,Σεπτέμβριος,135,24
8101,ΥΠΗΡΕΣΙΕΣ ΔΙΑΚΙΝΗΣΗΣ ΕΠΙΣΤΟΛΩΝ,Οκτώβριος,135,24
8101,ΥΠΗΡΕΣΙΕΣ ΔΙΑΚΙΝΗΣΗΣ ΕΠΙΣΤΟΛΩΝ,Νοέμβριος,135,24
8101,ΥΠΗΡΕΣΙΕΣ ΔΙΑΚΙΝΗΣΗΣ ΕΠΙΣΤΟΛΩΝ,Δεκέμβριος,135,24
8101,ΥΠΗΡΕΣΙΕΣ ΔΙΑΚΙΝΗΣΗΣ ΕΠΙΣΤΟΛΩΝ,ΕΤΗΣΙΟΣ,120,61
81,ΤΑΧΥΔΡΟΜΙΚΕΣ ΥΠΗΡΕΣΙΕΣ,W%0,0,68
81,ΤΑΧΥΔΡΟΜΙΚΕΣ ΥΠΗΡΕΣΙΕΣ,Ιανουάριος,100,50
81,ΤΑΧΥΔΡΟΜΙΚΕΣ ΥΠΗΡΕΣΙΕΣ,Φεβρουάριος,100,50
81,ΤΑΧΥΔΡΟΜΙΚΕΣ ΥΠΗΡΕΣΙΕΣ,Μάρτιος,100,50
81,ΤΑΧΥΔΡΟΜΙΚΕΣ ΥΠΗΡΕΣΙΕΣ,Απρίλιος,100,50
81,ΤΑΧΥΔΡΟΜΙΚΕΣ ΥΠΗΡΕΣΙΕΣ,Μάιος,100,50
81,ΤΑΧΥΔΡΟΜΙΚΕΣ ΥΠΗΡΕΣΙΕΣ,Ιούνιος,135,77
81,ΤΑΧΥΔΡΟΜΙΚΕΣ ΥΠΗΡΕΣΙΕΣ,Ιούλιος,135,77
81,ΤΑΧΥΔΡΟΜΙΚΕΣ ΥΠΗΡΕΣΙΕΣ,Αύγουστος,135,77
81,ΤΑΧΥΔΡΟΜΙΚΕΣ ΥΠΗΡΕΣΙΕΣ,Σεπτέμβριος,135,77
81,ΤΑΧΥΔΡΟΜΙΚΕΣ ΥΠΗΡΕΣΙΕΣ,Οκτώβριος,135,77
81,ΤΑΧΥΔΡΟΜΙΚΕΣ ΥΠΗΡΕΣΙΕΣ,Νοέμβριος,135,77
81,ΤΑΧΥΔΡΟΜΙΚΕΣ ΥΠΗΡΕΣΙΕΣ,Δεκέμβριος,135,77
81,ΤΑΧΥΔΡΟΜΙΚΕΣ ΥΠΗΡΕΣΙΕΣ,ΕΤΗΣΙΟΣ,121,8
8201,ΤΗΛΕΦΩΝΙΚΟΣ ΕΞΟΠΛΙΣΜΟΣ ΣΤΑΘΕΡΩΝ ΤΗΛΕΦΩΝΩΝ,W%0,0,2
8201,ΤΗΛΕΦΩΝΙΚΟΣ ΕΞΟΠΛΙΣΜΟΣ ΣΤΑΘΕΡΩΝ ΤΗΛΕΦΩΝΩΝ,Ιανουάριος,98,51
8201,ΤΗΛΕΦΩΝΙΚΟΣ ΕΞΟΠΛΙΣΜΟΣ ΣΤΑΘΕΡΩΝ ΤΗΛΕΦΩΝΩΝ,Φεβρουάριος,95,93
8201,ΤΗΛΕΦΩΝΙΚΟΣ ΕΞΟΠΛΙΣΜΟΣ ΣΤΑΘΕΡΩΝ ΤΗΛΕΦΩΝΩΝ,Μάρτιος,97,53
8201,ΤΗΛΕΦΩΝΙΚΟΣ ΕΞΟΠΛΙΣΜΟΣ ΣΤΑΘΕΡΩΝ ΤΗΛΕΦΩΝΩΝ,Απρίλιος,96,48
8201,ΤΗΛΕΦΩΝΙΚΟΣ ΕΞΟΠΛΙΣΜΟΣ ΣΤΑΘΕΡΩΝ ΤΗΛΕΦΩΝΩΝ,Μάιος,97,52
8201,ΤΗΛΕΦΩΝΙΚΟΣ ΕΞΟΠΛΙΣΜΟΣ ΣΤΑΘΕΡΩΝ ΤΗΛΕΦΩΝΩΝ,Ιούνιος,98,18
8201,ΤΗΛΕΦΩΝΙΚΟΣ ΕΞΟΠΛΙΣΜΟΣ ΣΤΑΘΕΡΩΝ ΤΗΛΕΦΩΝΩΝ,Ιούλιος,98,90
8201,ΤΗΛΕΦΩΝΙΚΟΣ ΕΞΟΠΛΙΣΜΟΣ ΣΤΑΘΕΡΩΝ ΤΗΛΕΦΩΝΩΝ,Αύγουστος,98,54
8201,ΤΗΛΕΦΩΝΙΚΟΣ ΕΞΟΠΛΙΣΜΟΣ ΣΤΑΘΕΡΩΝ ΤΗΛΕΦΩΝΩΝ,Σεπτέμβριος,99,85
8201,ΤΗΛΕΦΩΝΙΚΟΣ ΕΞΟΠΛΙΣΜΟΣ ΣΤΑΘΕΡΩΝ ΤΗΛΕΦΩΝΩΝ,Οκτώβριος,96,46
8201,ΤΗΛΕΦΩΝΙΚΟΣ ΕΞΟΠΛΙΣΜΟΣ ΣΤΑΘΕΡΩΝ ΤΗΛΕΦΩΝΩΝ,Νοέμβριος,96,31
8201,ΤΗΛΕΦΩΝΙΚΟΣ ΕΞΟΠΛΙΣΜΟΣ ΣΤΑΘΕΡΩΝ ΤΗΛΕΦΩΝΩΝ,Δεκέμβριος,99,4
8201,ΤΗΛΕΦΩΝΙΚΟΣ ΕΞΟΠΛΙΣΜΟΣ ΣΤΑΘΕΡΩΝ ΤΗΛΕΦΩΝΩΝ,ΕΤΗΣΙΟΣ,97,77
8202,ΤΗΛΕΦΩΝΙΚΟΣ ΕΞΟΠΛΙΣΜΟΣ ΚΙΝΗΤΩΝ ΤΗΛΕΦΩΝΩΝ,W%0,0,32
8202,ΤΗΛΕΦΩΝΙΚΟΣ ΕΞΟΠΛΙΣΜΟΣ ΚΙΝΗΤΩΝ ΤΗΛΕΦΩΝΩΝ,Ιανουάριος,76,55
8202,ΤΗΛΕΦΩΝΙΚΟΣ ΕΞΟΠΛΙΣΜΟΣ ΚΙΝΗΤΩΝ ΤΗΛΕΦΩΝΩΝ,Φεβρουάριος,75,65
8202,ΤΗΛΕΦΩΝΙΚΟΣ ΕΞΟΠΛΙΣΜΟΣ ΚΙΝΗΤΩΝ ΤΗΛΕΦΩΝΩΝ,Μάρτιος,76,42
8202,ΤΗΛΕΦΩΝΙΚΟΣ ΕΞΟΠΛΙΣΜΟΣ ΚΙΝΗΤΩΝ ΤΗΛΕΦΩΝΩΝ,Απρίλιος,75,54
8202,ΤΗΛΕΦΩΝΙΚΟΣ ΕΞΟΠΛΙΣΜΟΣ ΚΙΝΗΤΩΝ ΤΗΛΕΦΩΝΩΝ,Μάιος,76,3
8202,ΤΗΛΕΦΩΝΙΚΟΣ ΕΞΟΠΛΙΣΜΟΣ ΚΙΝΗΤΩΝ ΤΗΛΕΦΩΝΩΝ,Ιούνιος,76,11
8202,ΤΗΛΕΦΩΝΙΚΟΣ ΕΞΟΠΛΙΣΜΟΣ ΚΙΝΗΤΩΝ ΤΗΛΕΦΩΝΩΝ,Ιούλιος,73,83
8202,ΤΗΛΕΦΩΝΙΚΟΣ ΕΞΟΠΛΙΣΜΟΣ ΚΙΝΗΤΩΝ ΤΗΛΕΦΩΝΩΝ,Αύγουστος,73,44
8202,ΤΗΛΕΦΩΝΙΚΟΣ ΕΞΟΠΛΙΣΜΟΣ ΚΙΝΗΤΩΝ ΤΗΛΕΦΩΝΩΝ,Σεπτέμβριος,72,73
8202,ΤΗΛΕΦΩΝΙΚΟΣ ΕΞΟΠΛΙΣΜΟΣ ΚΙΝΗΤΩΝ ΤΗΛΕΦΩΝΩΝ,Οκτώβριος,72,77
8202,ΤΗΛΕΦΩΝΙΚΟΣ ΕΞΟΠΛΙΣΜΟΣ ΚΙΝΗΤΩΝ ΤΗΛΕΦΩΝΩΝ,Νοέμβριος,70,80
8202,ΤΗΛΕΦΩΝΙΚΟΣ ΕΞΟΠΛΙΣΜΟΣ ΚΙΝΗΤΩΝ ΤΗΛΕΦΩΝΩΝ,Δεκέμβριος,69,51
8202,ΤΗΛΕΦΩΝΙΚΟΣ ΕΞΟΠΛΙΣΜΟΣ ΚΙΝΗΤΩΝ ΤΗΛΕΦΩΝΩΝ,ΕΤΗΣΙΟΣ,74,12
82,ΕΞΟΠΛΙΣΜΟΣ ΤΗΛΕΦΩΝΙΑΣ ΚΑΙ ΤΗΛΕΜΟΙΟΤΥΠΙΑΣ,W%0,0,34
82,ΕΞΟΠΛΙΣΜΟΣ ΤΗΛΕΦΩΝΙΑΣ ΚΑΙ ΤΗΛΕΜΟΙΟΤΥΠΙΑΣ,Ιανουάριος,64,9
82,ΕΞΟΠΛΙΣΜΟΣ ΤΗΛΕΦΩΝΙΑΣ ΚΑΙ ΤΗΛΕΜΟΙΟΤΥΠΙΑΣ,Φεβρουάριος,63,28
82,ΕΞΟΠΛΙΣΜΟΣ ΤΗΛΕΦΩΝΙΑΣ ΚΑΙ ΤΗΛΕΜΟΙΟΤΥΠΙΑΣ,Μάρτιος,63,95
82,ΕΞΟΠΛΙΣΜΟΣ ΤΗΛΕΦΩΝΙΑΣ ΚΑΙ ΤΗΛΕΜΟΙΟΤΥΠΙΑΣ,Απρίλιος,63,22
82,ΕΞΟΠΛΙΣΜΟΣ ΤΗΛΕΦΩΝΙΑΣ ΚΑΙ ΤΗΛΕΜΟΙΟΤΥΠΙΑΣ,Μάιος,63,65
82,ΕΞΟΠΛΙΣΜΟΣ ΤΗΛΕΦΩΝΙΑΣ ΚΑΙ ΤΗΛΕΜΟΙΟΤΥΠΙΑΣ,Ιούνιος,63,74
82,ΕΞΟΠΛΙΣΜΟΣ ΤΗΛΕΦΩΝΙΑΣ ΚΑΙ ΤΗΛΕΜΟΙΟΤΥΠΙΑΣ,Ιούλιος,61,99
82,ΕΞΟΠΛΙΣΜΟΣ ΤΗΛΕΦΩΝΙΑΣ ΚΑΙ ΤΗΛΕΜΟΙΟΤΥΠΙΑΣ,Αύγουστος,61,67
82,ΕΞΟΠΛΙΣΜΟΣ ΤΗΛΕΦΩΝΙΑΣ ΚΑΙ ΤΗΛΕΜΟΙΟΤΥΠΙΑΣ,Σεπτέμβριος,61,17
82,ΕΞΟΠΛΙΣΜΟΣ ΤΗΛΕΦΩΝΙΑΣ ΚΑΙ ΤΗΛΕΜΟΙΟΤΥΠΙΑΣ,Οκτώβριος,61,6
82,ΕΞΟΠΛΙΣΜΟΣ ΤΗΛΕΦΩΝΙΑΣ ΚΑΙ ΤΗΛΕΜΟΙΟΤΥΠΙΑΣ,Νοέμβριος,59,51
82,ΕΞΟΠΛΙΣΜΟΣ ΤΗΛΕΦΩΝΙΑΣ ΚΑΙ ΤΗΛΕΜΟΙΟΤΥΠΙΑΣ,Δεκέμβριος,58,63
82,ΕΞΟΠΛΙΣΜΟΣ ΤΗΛΕΦΩΝΙΑΣ ΚΑΙ ΤΗΛΕΜΟΙΟΤΥΠΙΑΣ,ΕΤΗΣΙΟΣ,62,16
8301,ΥΠΗΡΕΣΙΕΣ ΣΤΑΘΕΡΗΣ ΤΗΛΕΦΩΝΙΑΣ,W%0,12,22
8301,ΥΠΗΡΕΣΙΕΣ ΣΤΑΘΕΡΗΣ ΤΗΛΕΦΩΝΙΑΣ,Ιανουάριος,112,39
8301,ΥΠΗΡΕΣΙΕΣ ΣΤΑΘΕΡΗΣ ΤΗΛΕΦΩΝΙΑΣ,Φεβρουάριος,112,44
8301,ΥΠΗΡΕΣΙΕΣ ΣΤΑΘΕΡΗΣ ΤΗΛΕΦΩΝΙΑΣ,Μάρτιος,112,37
8301,ΥΠΗΡΕΣΙΕΣ ΣΤΑΘΕΡΗΣ ΤΗΛΕΦΩΝΙΑΣ,Απρίλιος,112,30
8301,ΥΠΗΡΕΣΙΕΣ ΣΤΑΘΕΡΗΣ ΤΗΛΕΦΩΝΙΑΣ,Μάιος,112,10
8301,ΥΠΗΡΕΣΙΕΣ ΣΤΑΘΕΡΗΣ ΤΗΛΕΦΩΝΙΑΣ,Ιούνιος,111,86
8301,ΥΠΗΡΕΣΙΕΣ ΣΤΑΘΕΡΗΣ ΤΗΛΕΦΩΝΙΑΣ,Ιούλιος,111,62
8301,ΥΠΗΡΕΣΙΕΣ ΣΤΑΘΕΡΗΣ ΤΗΛΕΦΩΝΙΑΣ,Αύγουστος,111,38
8301,ΥΠΗΡΕΣΙΕΣ ΣΤΑΘΕΡΗΣ ΤΗΛΕΦΩΝΙΑΣ,Σεπτέμβριος,111,14
8301,ΥΠΗΡΕΣΙΕΣ ΣΤΑΘΕΡΗΣ ΤΗΛΕΦΩΝΙΑΣ,Οκτώβριος,110,92
8301,ΥΠΗΡΕΣΙΕΣ ΣΤΑΘΕΡΗΣ ΤΗΛΕΦΩΝΙΑΣ,Νοέμβριος,110,70
8301,ΥΠΗΡΕΣΙΕΣ ΣΤΑΘΕΡΗΣ ΤΗΛΕΦΩΝΙΑΣ,Δεκέμβριος,110,47
8301,ΥΠΗΡΕΣΙΕΣ ΣΤΑΘΕΡΗΣ ΤΗΛΕΦΩΝΙΑΣ,ΕΤΗΣΙΟΣ,111,64
8302,ΥΠΗΡΕΣΙΕΣ ΚΙΝΗΤΗΣ ΤΗΛΕΦΩΝΙΑΣ,W%0,25,49
8302,ΥΠΗΡΕΣΙΕΣ ΚΙΝΗΤΗΣ ΤΗΛΕΦΩΝΙΑΣ,Ιανουάριος,107,92
8302,ΥΠΗΡΕΣΙΕΣ ΚΙΝΗΤΗΣ ΤΗΛΕΦΩΝΙΑΣ,Φεβρουάριος,107,2
8302,ΥΠΗΡΕΣΙΕΣ ΚΙΝΗΤΗΣ ΤΗΛΕΦΩΝΙΑΣ,Μάρτιος,106,10
8302,ΥΠΗΡΕΣΙΕΣ ΚΙΝΗΤΗΣ ΤΗΛΕΦΩΝΙΑΣ,Απρίλιος,105,9
8302,ΥΠΗΡΕΣΙΕΣ ΚΙΝΗΤΗΣ ΤΗΛΕΦΩΝΙΑΣ,Μάιος,105,63
8302,ΥΠΗΡΕΣΙΕΣ ΚΙΝΗΤΗΣ ΤΗΛΕΦΩΝΙΑΣ,Ιούνιος,104,90
8302,ΥΠΗΡΕΣΙΕΣ ΚΙΝΗΤΗΣ ΤΗΛΕΦΩΝΙΑΣ,Ιούλιος,107,0
8302,ΥΠΗΡΕΣΙΕΣ ΚΙΝΗΤΗΣ ΤΗΛΕΦΩΝΙΑΣ,Αύγουστος,106,90
8302,ΥΠΗΡΕΣΙΕΣ ΚΙΝΗΤΗΣ ΤΗΛΕΦΩΝΙΑΣ,Σεπτέμβριος,106,79
8302,ΥΠΗΡΕΣΙΕΣ ΚΙΝΗΤΗΣ ΤΗΛΕΦΩΝΙΑΣ,Οκτώβριος,106,66
8302,ΥΠΗΡΕΣΙΕΣ ΚΙΝΗΤΗΣ ΤΗΛΕΦΩΝΙΑΣ,Νοέμβριος,107,9
8302,ΥΠΗΡΕΣΙΕΣ ΚΙΝΗΤΗΣ ΤΗΛΕΦΩΝΙΑΣ,Δεκέμβριος,106,94
8302,ΥΠΗΡΕΣΙΕΣ ΚΙΝΗΤΗΣ ΤΗΛΕΦΩΝΙΑΣ,ΕΤΗΣΙΟΣ,106,5
8303,ΠΑΡΟΧΗ ΥΠΗΡΕΣΙΩΝ ΠΡΟΣΒΑΣΗΣ ΣΤΟ INTERNET,W%0,7,18
8303,ΠΑΡΟΧΗ ΥΠΗΡΕΣΙΩΝ ΠΡΟΣΒΑΣΗΣ ΣΤΟ INTERNET,Ιανουάριος,106,10
8303,ΠΑΡΟΧΗ ΥΠΗΡΕΣΙΩΝ ΠΡΟΣΒΑΣΗΣ ΣΤΟ INTERNET,Φεβρουάριος,106,14
8303,ΠΑΡΟΧΗ ΥΠΗΡΕΣΙΩΝ ΠΡΟΣΒΑΣΗΣ ΣΤΟ INTERNET,Μάρτιος,105,92
8303,ΠΑΡΟΧΗ ΥΠΗΡΕΣΙΩΝ ΠΡΟΣΒΑΣΗΣ ΣΤΟ INTERNET,Απρίλιος,105,70
8303,ΠΑΡΟΧΗ ΥΠΗΡΕΣΙΩΝ ΠΡΟΣΒΑΣΗΣ ΣΤΟ INTERNET,Μάιος,105,21
8303,ΠΑΡΟΧΗ ΥΠΗΡΕΣΙΩΝ ΠΡΟΣΒΑΣΗΣ ΣΤΟ INTERNET,Ιούνιος,104,60
8303,ΠΑΡΟΧΗ ΥΠΗΡΕΣΙΩΝ ΠΡΟΣΒΑΣΗΣ ΣΤΟ INTERNET,Ιούλιος,103,98
8303,ΠΑΡΟΧΗ ΥΠΗΡΕΣΙΩΝ ΠΡΟΣΒΑΣΗΣ ΣΤΟ INTERNET,Αύγουστος,103,39
8303,ΠΑΡΟΧΗ ΥΠΗΡΕΣΙΩΝ ΠΡΟΣΒΑΣΗΣ ΣΤΟ INTERNET,Σεπτέμβριος,102,80
8303,ΠΑΡΟΧΗ ΥΠΗΡΕΣΙΩΝ ΠΡΟΣΒΑΣΗΣ ΣΤΟ INTERNET,Οκτώβριος,102,25
8303,ΠΑΡΟΧΗ ΥΠΗΡΕΣΙΩΝ ΠΡΟΣΒΑΣΗΣ ΣΤΟ INTERNET,Νοέμβριος,101,71
8303,ΠΑΡΟΧΗ ΥΠΗΡΕΣΙΩΝ ΠΡΟΣΒΑΣΗΣ ΣΤΟ INTERNET,Δεκέμβριος,101,17
8303,ΠΑΡΟΧΗ ΥΠΗΡΕΣΙΩΝ ΠΡΟΣΒΑΣΗΣ ΣΤΟ INTERNET,ΕΤΗΣΙΟΣ,104,8
8304,ΠΑΚΕΤΑ ΤΗΛΕΦΩΝΙΚΩΝ ΥΠΗΡΕΣΙΩΝ ΜΕ ΤΗΛΕΟΡΑΣΗ,W%0,7,11
8304,ΠΑΚΕΤΑ ΤΗΛΕΦΩΝΙΚΩΝ ΥΠΗΡΕΣΙΩΝ ΜΕ ΤΗΛΕΟΡΑΣΗ,Ιανουάριος,100,73
8304,ΠΑΚΕΤΑ ΤΗΛΕΦΩΝΙΚΩΝ ΥΠΗΡΕΣΙΩΝ ΜΕ ΤΗΛΕΟΡΑΣΗ,Φεβρουάριος,100,44
8304,ΠΑΚΕΤΑ ΤΗΛΕΦΩΝΙΚΩΝ ΥΠΗΡΕΣΙΩΝ ΜΕ ΤΗΛΕΟΡΑΣΗ,Μάρτιος,99,99
8304,ΠΑΚΕΤΑ ΤΗΛΕΦΩΝΙΚΩΝ ΥΠΗΡΕΣΙΩΝ ΜΕ ΤΗΛΕΟΡΑΣΗ,Απρίλιος,99,76
8304,ΠΑΚΕΤΑ ΤΗΛΕΦΩΝΙΚΩΝ ΥΠΗΡΕΣΙΩΝ ΜΕ ΤΗΛΕΟΡΑΣΗ,Μάιος,99,52
8304,ΠΑΚΕΤΑ ΤΗΛΕΦΩΝΙΚΩΝ ΥΠΗΡΕΣΙΩΝ ΜΕ ΤΗΛΕΟΡΑΣΗ,Ιούνιος,99,14
8304,ΠΑΚΕΤΑ ΤΗΛΕΦΩΝΙΚΩΝ ΥΠΗΡΕΣΙΩΝ ΜΕ ΤΗΛΕΟΡΑΣΗ,Ιούλιος,98,76
8304,ΠΑΚΕΤΑ ΤΗΛΕΦΩΝΙΚΩΝ ΥΠΗΡΕΣΙΩΝ ΜΕ ΤΗΛΕΟΡΑΣΗ,Αύγουστος,98,38
8304,ΠΑΚΕΤΑ ΤΗΛΕΦΩΝΙΚΩΝ ΥΠΗΡΕΣΙΩΝ ΜΕ ΤΗΛΕΟΡΑΣΗ,Σεπτέμβριος,97,99
8304,ΠΑΚΕΤΑ ΤΗΛΕΦΩΝΙΚΩΝ ΥΠΗΡΕΣΙΩΝ ΜΕ ΤΗΛΕΟΡΑΣΗ,Οκτώβριος,97,56
8304,ΠΑΚΕΤΑ ΤΗΛΕΦΩΝΙΚΩΝ ΥΠΗΡΕΣΙΩΝ ΜΕ ΤΗΛΕΟΡΑΣΗ,Νοέμβριος,97,12
8304,ΠΑΚΕΤΑ ΤΗΛΕΦΩΝΙΚΩΝ ΥΠΗΡΕΣΙΩΝ ΜΕ ΤΗΛΕΟΡΑΣΗ,Δεκέμβριος,96,69
8304,ΠΑΚΕΤΑ ΤΗΛΕΦΩΝΙΚΩΝ ΥΠΗΡΕΣΙΩΝ ΜΕ ΤΗΛΕΟΡΑΣΗ,ΕΤΗΣΙΟΣ,98,84
83,ΤΗΛΕΦΩΝΙΚΕΣ ΥΠΗΡΕΣΙΕΣ,W%0,52,0
83,ΤΗΛΕΦΩΝΙΚΕΣ ΥΠΗΡΕΣΙΕΣ,Ιανουάριος,108,91
83,ΤΗΛΕΦΩΝΙΚΕΣ ΥΠΗΡΕΣΙΕΣ,Φεβρουάριος,108,44
83,ΤΗΛΕΦΩΝΙΚΕΣ ΥΠΗΡΕΣΙΕΣ,Μάρτιος,107,87
83,ΤΗΛΕΦΩΝΙΚΕΣ ΥΠΗΡΕΣΙΕΣ,Απρίλιος,107,30
83,ΤΗΛΕΦΩΝΙΚΕΣ ΥΠΗΡΕΣΙΕΣ,Μάιος,107,41
83,ΤΗΛΕΦΩΝΙΚΕΣ ΥΠΗΡΕΣΙΕΣ,Ιούνιος,106,85
83,ΤΗΛΕΦΩΝΙΚΕΣ ΥΠΗΡΕΣΙΕΣ,Ιούλιος,107,69
83,ΤΗΛΕΦΩΝΙΚΕΣ ΥΠΗΡΕΣΙΕΣ,Αύγουστος,107,44
83,ΤΗΛΕΦΩΝΙΚΕΣ ΥΠΗΡΕΣΙΕΣ,Σεπτέμβριος,107,19
83,ΤΗΛΕΦΩΝΙΚΕΣ ΥΠΗΡΕΣΙΕΣ,Οκτώβριος,106,93
83,ΤΗΛΕΦΩΝΙΚΕΣ ΥΠΗΡΕΣΙΕΣ,Νοέμβριος,106,95
83,ΤΗΛΕΦΩΝΙΚΕΣ ΥΠΗΡΕΣΙΕΣ,Δεκέμβριος,106,69
83,ΤΗΛΕΦΩΝΙΚΕΣ ΥΠΗΡΕΣΙΕΣ,ΕΤΗΣΙΟΣ,107,47
8,ΕΠΙΚΟΙΝΩΝΙΕΣ,W%0,53,2
8,ΕΠΙΚΟΙΝΩΝΙΕΣ,Ιανουάριος,108,45
8,ΕΠΙΚΟΙΝΩΝΙΕΣ,Φεβρουάριος,107,98
8,ΕΠΙΚΟΙΝΩΝΙΕΣ,Μάρτιος,107,44
8,ΕΠΙΚΟΙΝΩΝΙΕΣ,Απρίλιος,106,86
8,ΕΠΙΚΟΙΝΩΝΙΕΣ,Μάιος,106,98
8,ΕΠΙΚΟΙΝΩΝΙΕΣ,Ιούνιος,106,92
8,ΕΠΙΚΟΙΝΩΝΙΕΣ,Ιούλιος,107,72
8,ΕΠΙΚΟΙΝΩΝΙΕΣ,Αύγουστος,107,48
8,ΕΠΙΚΟΙΝΩΝΙΕΣ,Σεπτέμβριος,107,23
8,ΕΠΙΚΟΙΝΩΝΙΕΣ,Οκτώβριος,106,98
8,ΕΠΙΚΟΙΝΩΝΙΕΣ,Νοέμβριος,106,98
8,ΕΠΙΚΟΙΝΩΝΙΕΣ,Δεκέμβριος,106,71
8,ΕΠΙΚΟΙΝΩΝΙΕΣ,ΕΤΗΣΙΟΣ,107,31
9111,ΕΞΟΠΛΙΣΜΟΣ ΕΠΕΞΕΡΓΑΣΙΑΣ ΗΧΟΥ,W%0,0,1
9111,ΕΞΟΠΛΙΣΜΟΣ ΕΠΕΞΕΡΓΑΣΙΑΣ ΗΧΟΥ,Ιανουάριος,89,43
9111,ΕΞΟΠΛΙΣΜΟΣ ΕΠΕΞΕΡΓΑΣΙΑΣ ΗΧΟΥ,Φεβρουάριος,89,44
9111,ΕΞΟΠΛΙΣΜΟΣ ΕΠΕΞΕΡΓΑΣΙΑΣ ΗΧΟΥ,Μάρτιος,93,63
9111,ΕΞΟΠΛΙΣΜΟΣ ΕΠΕΞΕΡΓΑΣΙΑΣ ΗΧΟΥ,Απρίλιος,94,64
9111,ΕΞΟΠΛΙΣΜΟΣ ΕΠΕΞΕΡΓΑΣΙΑΣ ΗΧΟΥ,Μάιος,95,7
9111,ΕΞΟΠΛΙΣΜΟΣ ΕΠΕΞΕΡΓΑΣΙΑΣ ΗΧΟΥ,Ιούνιος,95,42
9111,ΕΞΟΠΛΙΣΜΟΣ ΕΠΕΞΕΡΓΑΣΙΑΣ ΗΧΟΥ,Ιούλιος,94,14
9111,ΕΞΟΠΛΙΣΜΟΣ ΕΠΕΞΕΡΓΑΣΙΑΣ ΗΧΟΥ,Αύγουστος,91,23
9111,ΕΞΟΠΛΙΣΜΟΣ ΕΠΕΞΕΡΓΑΣΙΑΣ ΗΧΟΥ,Σεπτέμβριος,92,40
9111,ΕΞΟΠΛΙΣΜΟΣ ΕΠΕΞΕΡΓΑΣΙΑΣ ΗΧΟΥ,Οκτώβριος,94,60
9111,ΕΞΟΠΛΙΣΜΟΣ ΕΠΕΞΕΡΓΑΣΙΑΣ ΗΧΟΥ,Νοέμβριος,93,4
9111,ΕΞΟΠΛΙΣΜΟΣ ΕΠΕΞΕΡΓΑΣΙΑΣ ΗΧΟΥ,Δεκέμβριος,91,0
9111,ΕΞΟΠΛΙΣΜΟΣ ΕΠΕΞΕΡΓΑΣΙΑΣ ΗΧΟΥ,ΕΤΗΣΙΟΣ,92,84
9112,ΕΞΟΠΛΙΣΜΟΣ ΕΠΕΞΕΡΓΑΣΙΑΣ ΗΧΟΥ ΚΑΙ ΕΙΚΟΝΑΣ,W%0,0,68
9112,ΕΞΟΠΛΙΣΜΟΣ ΕΠΕΞΕΡΓΑΣΙΑΣ ΗΧΟΥ ΚΑΙ ΕΙΚΟΝΑΣ,Ιανουάριος,66,40
9112,ΕΞΟΠΛΙΣΜΟΣ ΕΠΕΞΕΡΓΑΣΙΑΣ ΗΧΟΥ ΚΑΙ ΕΙΚΟΝΑΣ,Φεβρουάριος,65,13
9112,ΕΞΟΠΛΙΣΜΟΣ ΕΠΕΞΕΡΓΑΣΙΑΣ ΗΧΟΥ ΚΑΙ ΕΙΚΟΝΑΣ,Μάρτιος,66,74
9112,ΕΞΟΠΛΙΣΜΟΣ ΕΠΕΞΕΡΓΑΣΙΑΣ ΗΧΟΥ ΚΑΙ ΕΙΚΟΝΑΣ,Απρίλιος,67,92
9112,ΕΞΟΠΛΙΣΜΟΣ ΕΠΕΞΕΡΓΑΣΙΑΣ ΗΧΟΥ ΚΑΙ ΕΙΚΟΝΑΣ,Μάιος,65,94
9112,ΕΞΟΠΛΙΣΜΟΣ ΕΠΕΞΕΡΓΑΣΙΑΣ ΗΧΟΥ ΚΑΙ ΕΙΚΟΝΑΣ,Ιούνιος,67,80
9112,ΕΞΟΠΛΙΣΜΟΣ ΕΠΕΞΕΡΓΑΣΙΑΣ ΗΧΟΥ ΚΑΙ ΕΙΚΟΝΑΣ,Ιούλιος,66,87
9112,ΕΞΟΠΛΙΣΜΟΣ ΕΠΕΞΕΡΓΑΣΙΑΣ ΗΧΟΥ ΚΑΙ ΕΙΚΟΝΑΣ,Αύγουστος,64,71
9112,ΕΞΟΠΛΙΣΜΟΣ ΕΠΕΞΕΡΓΑΣΙΑΣ ΗΧΟΥ ΚΑΙ ΕΙΚΟΝΑΣ,Σεπτέμβριος,64,99
9112,ΕΞΟΠΛΙΣΜΟΣ ΕΠΕΞΕΡΓΑΣΙΑΣ ΗΧΟΥ ΚΑΙ ΕΙΚΟΝΑΣ,Οκτώβριος,67,64
9112,ΕΞΟΠΛΙΣΜΟΣ ΕΠΕΞΕΡΓΑΣΙΑΣ ΗΧΟΥ ΚΑΙ ΕΙΚΟΝΑΣ,Νοέμβριος,66,37
9112,ΕΞΟΠΛΙΣΜΟΣ ΕΠΕΞΕΡΓΑΣΙΑΣ ΗΧΟΥ ΚΑΙ ΕΙΚΟΝΑΣ,Δεκέμβριος,66,16
9112,ΕΞΟΠΛΙΣΜΟΣ ΕΠΕΞΕΡΓΑΣΙΑΣ ΗΧΟΥ ΚΑΙ ΕΙΚΟΝΑΣ,ΕΤΗΣΙΟΣ,66,39
9113,ΦΟΡΗΤΕΣ ΣΥΣΚΕΥΕΣ ΗΧΟΥ ΚΑΙ ΕΙΚΟΝΑΣ,W%0,0,1
9113,ΦΟΡΗΤΕΣ ΣΥΣΚΕΥΕΣ ΗΧΟΥ ΚΑΙ ΕΙΚΟΝΑΣ,Ιανουάριος,88,82
9113,ΦΟΡΗΤΕΣ ΣΥΣΚΕΥΕΣ ΗΧΟΥ ΚΑΙ ΕΙΚΟΝΑΣ,Φεβρουάριος,88,19
9113,ΦΟΡΗΤΕΣ ΣΥΣΚΕΥΕΣ ΗΧΟΥ ΚΑΙ ΕΙΚΟΝΑΣ,Μάρτιος,88,29
9113,ΦΟΡΗΤΕΣ ΣΥΣΚΕΥΕΣ ΗΧΟΥ ΚΑΙ ΕΙΚΟΝΑΣ,Απρίλιος,89,44
9113,ΦΟΡΗΤΕΣ ΣΥΣΚΕΥΕΣ ΗΧΟΥ ΚΑΙ ΕΙΚΟΝΑΣ,Μάιος,90,99
9113,ΦΟΡΗΤΕΣ ΣΥΣΚΕΥΕΣ ΗΧΟΥ ΚΑΙ ΕΙΚΟΝΑΣ,Ιούνιος,90,3
9113,ΦΟΡΗΤΕΣ ΣΥΣΚΕΥΕΣ ΗΧΟΥ ΚΑΙ ΕΙΚΟΝΑΣ,Ιούλιος,89,14
9113,ΦΟΡΗΤΕΣ ΣΥΣΚΕΥΕΣ ΗΧΟΥ ΚΑΙ ΕΙΚΟΝΑΣ,Αύγουστος,89,21
9113,ΦΟΡΗΤΕΣ ΣΥΣΚΕΥΕΣ ΗΧΟΥ ΚΑΙ ΕΙΚΟΝΑΣ,Σεπτέμβριος,89,27
9113,ΦΟΡΗΤΕΣ ΣΥΣΚΕΥΕΣ ΗΧΟΥ ΚΑΙ ΕΙΚΟΝΑΣ,Οκτώβριος,89,79
9113,ΦΟΡΗΤΕΣ ΣΥΣΚΕΥΕΣ ΗΧΟΥ ΚΑΙ ΕΙΚΟΝΑΣ,Νοέμβριος,88,71
9113,ΦΟΡΗΤΕΣ ΣΥΣΚΕΥΕΣ ΗΧΟΥ ΚΑΙ ΕΙΚΟΝΑΣ,Δεκέμβριος,88,63
9113,ΦΟΡΗΤΕΣ ΣΥΣΚΕΥΕΣ ΗΧΟΥ ΚΑΙ ΕΙΚΟΝΑΣ,ΕΤΗΣΙΟΣ,89,21
911,ΕΞΟΠΛΙΣΜΟΣ ΕΠΕΞΕΡΓΑΣΙΑΣ ΗΧΟΥ ΚΑΙ ΕΙΚΟΝΑΣ,W%0,0,70
911,ΕΞΟΠΛΙΣΜΟΣ ΕΠΕΞΕΡΓΑΣΙΑΣ ΗΧΟΥ ΚΑΙ ΕΙΚΟΝΑΣ,Ιανουάριος,68,30
911,ΕΞΟΠΛΙΣΜΟΣ ΕΠΕΞΕΡΓΑΣΙΑΣ ΗΧΟΥ ΚΑΙ ΕΙΚΟΝΑΣ,Φεβρουάριος,67,4
911,ΕΞΟΠΛΙΣΜΟΣ ΕΠΕΞΕΡΓΑΣΙΑΣ ΗΧΟΥ ΚΑΙ ΕΙΚΟΝΑΣ,Μάρτιος,68,68
911,ΕΞΟΠΛΙΣΜΟΣ ΕΠΕΞΕΡΓΑΣΙΑΣ ΗΧΟΥ ΚΑΙ ΕΙΚΟΝΑΣ,Απρίλιος,69,88
911,ΕΞΟΠΛΙΣΜΟΣ ΕΠΕΞΕΡΓΑΣΙΑΣ ΗΧΟΥ ΚΑΙ ΕΙΚΟΝΑΣ,Μάιος,67,93
911,ΕΞΟΠΛΙΣΜΟΣ ΕΠΕΞΕΡΓΑΣΙΑΣ ΗΧΟΥ ΚΑΙ ΕΙΚΟΝΑΣ,Ιούνιος,69,78
911,ΕΞΟΠΛΙΣΜΟΣ ΕΠΕΞΕΡΓΑΣΙΑΣ ΗΧΟΥ ΚΑΙ ΕΙΚΟΝΑΣ,Ιούλιος,68,83
911,ΕΞΟΠΛΙΣΜΟΣ ΕΠΕΞΕΡΓΑΣΙΑΣ ΗΧΟΥ ΚΑΙ ΕΙΚΟΝΑΣ,Αύγουστος,66,65
911,ΕΞΟΠΛΙΣΜΟΣ ΕΠΕΞΕΡΓΑΣΙΑΣ ΗΧΟΥ ΚΑΙ ΕΙΚΟΝΑΣ,Σεπτέμβριος,66,94
911,ΕΞΟΠΛΙΣΜΟΣ ΕΠΕΞΕΡΓΑΣΙΑΣ ΗΧΟΥ ΚΑΙ ΕΙΚΟΝΑΣ,Οκτώβριος,69,61
911,ΕΞΟΠΛΙΣΜΟΣ ΕΠΕΞΕΡΓΑΣΙΑΣ ΗΧΟΥ ΚΑΙ ΕΙΚΟΝΑΣ,Νοέμβριος,68,31
911,ΕΞΟΠΛΙΣΜΟΣ ΕΠΕΞΕΡΓΑΣΙΑΣ ΗΧΟΥ ΚΑΙ ΕΙΚΟΝΑΣ,Δεκέμβριος,68,8
911,ΕΞΟΠΛΙΣΜΟΣ ΕΠΕΞΕΡΓΑΣΙΑΣ ΗΧΟΥ ΚΑΙ ΕΙΚΟΝΑΣ,ΕΤΗΣΙΟΣ,68,34
9121,ΚΑΜΕΡΕΣ,W%0,0,14
9121,ΚΑΜΕΡΕΣ,Ιανουάριος,81,78
9121,ΚΑΜΕΡΕΣ,Φεβρουάριος,82,84
9121,ΚΑΜΕΡΕΣ,Μάρτιος,82,94
9121,ΚΑΜΕΡΕΣ,Απρίλιος,83,8
9121,ΚΑΜΕΡΕΣ,Μάιος,83,12
9121,ΚΑΜΕΡΕΣ,Ιούνιος,83,8
9121,ΚΑΜΕΡΕΣ,Ιούλιος,79,11
9121,ΚΑΜΕΡΕΣ,Αύγουστος,78,18
9121,ΚΑΜΕΡΕΣ,Σεπτέμβριος,79,51
9121,ΚΑΜΕΡΕΣ,Οκτώβριος,78,71
9121,ΚΑΜΕΡΕΣ,Νοέμβριος,78,30
9121,ΚΑΜΕΡΕΣ,Δεκέμβριος,77,93
9121,ΚΑΜΕΡΕΣ,ΕΤΗΣΙΟΣ,80,72
912,ΦΩΤΟΓΡΑΦΙΚΟΣ ΚΑΙ ΚΙΝΗΜΑΤΟΓΡΑΦΙΚΟΣ ΕΞΟΠΛΙΣΜΟΣ,W%0,0,14
912,ΦΩΤΟΓΡΑΦΙΚΟΣ ΚΑΙ ΚΙΝΗΜΑΤΟΓΡΑΦΙΚΟΣ ΕΞΟΠΛΙΣΜΟΣ,Ιανουάριος,81,78
912,ΦΩΤΟΓΡΑΦΙΚΟΣ ΚΑΙ ΚΙΝΗΜΑΤΟΓΡΑΦΙΚΟΣ ΕΞΟΠΛΙΣΜΟΣ,Φεβρουάριος,82,84
912,ΦΩΤΟΓΡΑΦΙΚΟΣ ΚΑΙ ΚΙΝΗΜΑΤΟΓΡΑΦΙΚΟΣ ΕΞΟΠΛΙΣΜΟΣ,Μάρτιος,82,94
912,ΦΩΤΟΓΡΑΦΙΚΟΣ ΚΑΙ ΚΙΝΗΜΑΤΟΓΡΑΦΙΚΟΣ ΕΞΟΠΛΙΣΜΟΣ,Απρίλιος,83,8
912,ΦΩΤΟΓΡΑΦΙΚΟΣ ΚΑΙ ΚΙΝΗΜΑΤΟΓΡΑΦΙΚΟΣ ΕΞΟΠΛΙΣΜΟΣ,Μάιος,83,12
912,ΦΩΤΟΓΡΑΦΙΚΟΣ ΚΑΙ ΚΙΝΗΜΑΤΟΓΡΑΦΙΚΟΣ ΕΞΟΠΛΙΣΜΟΣ,Ιούνιος,83,8
912,ΦΩΤΟΓΡΑΦΙΚΟΣ ΚΑΙ ΚΙΝΗΜΑΤΟΓΡΑΦΙΚΟΣ ΕΞΟΠΛΙΣΜΟΣ,Ιούλιος,79,11
912,ΦΩΤΟΓΡΑΦΙΚΟΣ ΚΑΙ ΚΙΝΗΜΑΤΟΓΡΑΦΙΚΟΣ ΕΞΟΠΛΙΣΜΟΣ,Αύγουστος,78,18
912,ΦΩΤΟΓΡΑΦΙΚΟΣ ΚΑΙ ΚΙΝΗΜΑΤΟΓΡΑΦΙΚΟΣ ΕΞΟΠΛΙΣΜΟΣ,Σεπτέμβριος,79,51
912,ΦΩΤΟΓΡΑΦΙΚΟΣ ΚΑΙ ΚΙΝΗΜΑΤΟΓΡΑΦΙΚΟΣ ΕΞΟΠΛΙΣΜΟΣ,Οκτώβριος,78,71
912,ΦΩΤΟΓΡΑΦΙΚΟΣ ΚΑΙ ΚΙΝΗΜΑΤΟΓΡΑΦΙΚΟΣ ΕΞΟΠΛΙΣΜΟΣ,Νοέμβριος,78,30
912,ΦΩΤΟΓΡΑΦΙΚΟΣ ΚΑΙ ΚΙΝΗΜΑΤΟΓΡΑΦΙΚΟΣ ΕΞΟΠΛΙΣΜΟΣ,Δεκέμβριος,77,93
912,ΦΩΤΟΓΡΑΦΙΚΟΣ ΚΑΙ ΚΙΝΗΜΑΤΟΓΡΑΦΙΚΟΣ ΕΞΟΠΛΙΣΜΟΣ,ΕΤΗΣΙΟΣ,80,72
9131,ΠΡΟΣΩΠΙΚΟΙ ΥΠΟΛΟΓΙΣΤΕΣ,W%0,1,34
9131,ΠΡΟΣΩΠΙΚΟΙ ΥΠΟΛΟΓΙΣΤΕΣ,Ιανουάριος,72,76
9131,ΠΡΟΣΩΠΙΚΟΙ ΥΠΟΛΟΓΙΣΤΕΣ,Φεβρουάριος,70,63
9131,ΠΡΟΣΩΠΙΚΟΙ ΥΠΟΛΟΓΙΣΤΕΣ,Μάρτιος,68,90
9131,ΠΡΟΣΩΠΙΚΟΙ ΥΠΟΛΟΓΙΣΤΕΣ,Απρίλιος,68,42
9131,ΠΡΟΣΩΠΙΚΟΙ ΥΠΟΛΟΓΙΣΤΕΣ,Μάιος,69,54
9131,ΠΡΟΣΩΠΙΚΟΙ ΥΠΟΛΟΓΙΣΤΕΣ,Ιούνιος,69,57
9131,ΠΡΟΣΩΠΙΚΟΙ ΥΠΟΛΟΓΙΣΤΕΣ,Ιούλιος,67,86
9131,ΠΡΟΣΩΠΙΚΟΙ ΥΠΟΛΟΓΙΣΤΕΣ,Αύγουστος,67,78
9131,ΠΡΟΣΩΠΙΚΟΙ ΥΠΟΛΟΓΙΣΤΕΣ,Σεπτέμβριος,68,77
9131,ΠΡΟΣΩΠΙΚΟΙ ΥΠΟΛΟΓΙΣΤΕΣ,Οκτώβριος,68,40
9131,ΠΡΟΣΩΠΙΚΟΙ ΥΠΟΛΟΓΙΣΤΕΣ,Νοέμβριος,68,7
9131,ΠΡΟΣΩΠΙΚΟΙ ΥΠΟΛΟΓΙΣΤΕΣ,Δεκέμβριος,68,17
9131,ΠΡΟΣΩΠΙΚΟΙ ΥΠΟΛΟΓΙΣΤΕΣ,ΕΤΗΣΙΟΣ,69,7
9132,ΑΞΕΣΟΥΑΡ ΓΙΑ ΕΞΟΠΛΙΣΜΟ ΕΠΕΞΕΡΓΑΣΙΑΣ ΠΛΗΡΟΦΟΡΙΩΝ,W%0,0,5
9132,ΑΞΕΣΟΥΑΡ ΓΙΑ ΕΞΟΠΛΙΣΜΟ ΕΠΕΞΕΡΓΑΣΙΑΣ ΠΛΗΡΟΦΟΡΙΩΝ,Ιανουάριος,74,73
9132,ΑΞΕΣΟΥΑΡ ΓΙΑ ΕΞΟΠΛΙΣΜΟ ΕΠΕΞΕΡΓΑΣΙΑΣ ΠΛΗΡΟΦΟΡΙΩΝ,Φεβρουάριος,73,23
9132,ΑΞΕΣΟΥΑΡ ΓΙΑ ΕΞΟΠΛΙΣΜΟ ΕΠΕΞΕΡΓΑΣΙΑΣ ΠΛΗΡΟΦΟΡΙΩΝ,Μάρτιος,72,53
9132,ΑΞΕΣΟΥΑΡ ΓΙΑ ΕΞΟΠΛΙΣΜΟ ΕΠΕΞΕΡΓΑΣΙΑΣ ΠΛΗΡΟΦΟΡΙΩΝ,Απρίλιος,74,46
9132,ΑΞΕΣΟΥΑΡ ΓΙΑ ΕΞΟΠΛΙΣΜΟ ΕΠΕΞΕΡΓΑΣΙΑΣ ΠΛΗΡΟΦΟΡΙΩΝ,Μάιος,75,24
9132,ΑΞΕΣΟΥΑΡ ΓΙΑ ΕΞΟΠΛΙΣΜΟ ΕΠΕΞΕΡΓΑΣΙΑΣ ΠΛΗΡΟΦΟΡΙΩΝ,Ιούνιος,74,28
9132,ΑΞΕΣΟΥΑΡ ΓΙΑ ΕΞΟΠΛΙΣΜΟ ΕΠΕΞΕΡΓΑΣΙΑΣ ΠΛΗΡΟΦΟΡΙΩΝ,Ιούλιος,73,90
9132,ΑΞΕΣΟΥΑΡ ΓΙΑ ΕΞΟΠΛΙΣΜΟ ΕΠΕΞΕΡΓΑΣΙΑΣ ΠΛΗΡΟΦΟΡΙΩΝ,Αύγουστος,74,11
9132,ΑΞΕΣΟΥΑΡ ΓΙΑ ΕΞΟΠΛΙΣΜΟ ΕΠΕΞΕΡΓΑΣΙΑΣ ΠΛΗΡΟΦΟΡΙΩΝ,Σεπτέμβριος,73,92
9132,ΑΞΕΣΟΥΑΡ ΓΙΑ ΕΞΟΠΛΙΣΜΟ ΕΠΕΞΕΡΓΑΣΙΑΣ ΠΛΗΡΟΦΟΡΙΩΝ,Οκτώβριος,74,46
9132,ΑΞΕΣΟΥΑΡ ΓΙΑ ΕΞΟΠΛΙΣΜΟ ΕΠΕΞΕΡΓΑΣΙΑΣ ΠΛΗΡΟΦΟΡΙΩΝ,Νοέμβριος,72,89
9132,ΑΞΕΣΟΥΑΡ ΓΙΑ ΕΞΟΠΛΙΣΜΟ ΕΠΕΞΕΡΓΑΣΙΑΣ ΠΛΗΡΟΦΟΡΙΩΝ,Δεκέμβριος,73,23
9132,ΑΞΕΣΟΥΑΡ ΓΙΑ ΕΞΟΠΛΙΣΜΟ ΕΠΕΞΕΡΓΑΣΙΑΣ ΠΛΗΡΟΦΟΡΙΩΝ,ΕΤΗΣΙΟΣ,73,92
9133,ΛΟΓΙΣΜΙΚΟ,W%0,0,2
9133,ΛΟΓΙΣΜΙΚΟ,Ιανουάριος,85,82
9133,ΛΟΓΙΣΜΙΚΟ,Φεβρουάριος,85,82
9133,ΛΟΓΙΣΜΙΚΟ,Μάρτιος,86,59
9133,ΛΟΓΙΣΜΙΚΟ,Απρίλιος,86,84
9133,ΛΟΓΙΣΜΙΚΟ,Μάιος,86,91
9133,ΛΟΓΙΣΜΙΚΟ,Ιούνιος,86,48
9133,ΛΟΓΙΣΜΙΚΟ,Ιούλιος,84,65
9133,ΛΟΓΙΣΜΙΚΟ,Αύγουστος,85,8
9133,ΛΟΓΙΣΜΙΚΟ,Σεπτέμβριος,81,72
9133,ΛΟΓΙΣΜΙΚΟ,Οκτώβριος,80,86
9133,ΛΟΓΙΣΜΙΚΟ,Νοέμβριος,81,24
9133,ΛΟΓΙΣΜΙΚΟ,Δεκέμβριος,81,49
9133,ΛΟΓΙΣΜΙΚΟ,ΕΤΗΣΙΟΣ,84,46
913,ΕΞΟΠΛΙΣΜΟΣ ΕΠΕΞΕΡΓΑΣΙΑΣ ΠΛΗΡΟΦΟΡΙΩΝ,W%0,1,41
913,ΕΞΟΠΛΙΣΜΟΣ ΕΠΕΞΕΡΓΑΣΙΑΣ ΠΛΗΡΟΦΟΡΙΩΝ,Ιανουάριος,77,82
913,ΕΞΟΠΛΙΣΜΟΣ ΕΠΕΞΕΡΓΑΣΙΑΣ ΠΛΗΡΟΦΟΡΙΩΝ,Φεβρουάριος,75,60
913,ΕΞΟΠΛΙΣΜΟΣ ΕΠΕΞΕΡΓΑΣΙΑΣ ΠΛΗΡΟΦΟΡΙΩΝ,Μάρτιος,73,83
913,ΕΞΟΠΛΙΣΜΟΣ ΕΠΕΞΕΡΓΑΣΙΑΣ ΠΛΗΡΟΦΟΡΙΩΝ,Απρίλιος,73,41
913,ΕΞΟΠΛΙΣΜΟΣ ΕΠΕΞΕΡΓΑΣΙΑΣ ΠΛΗΡΟΦΟΡΙΩΝ,Μάιος,74,58
913,ΕΞΟΠΛΙΣΜΟΣ ΕΠΕΞΕΡΓΑΣΙΑΣ ΠΛΗΡΟΦΟΡΙΩΝ,Ιούνιος,74,57
913,ΕΞΟΠΛΙΣΜΟΣ ΕΠΕΞΕΡΓΑΣΙΑΣ ΠΛΗΡΟΦΟΡΙΩΝ,Ιούλιος,72,80
913,ΕΞΟΠΛΙΣΜΟΣ ΕΠΕΞΕΡΓΑΣΙΑΣ ΠΛΗΡΟΦΟΡΙΩΝ,Αύγουστος,72,73
913,ΕΞΟΠΛΙΣΜΟΣ ΕΠΕΞΕΡΓΑΣΙΑΣ ΠΛΗΡΟΦΟΡΙΩΝ,Σεπτέμβριος,73,68
913,ΕΞΟΠΛΙΣΜΟΣ ΕΠΕΞΕΡΓΑΣΙΑΣ ΠΛΗΡΟΦΟΡΙΩΝ,Οκτώβριος,73,32
913,ΕΞΟΠΛΙΣΜΟΣ ΕΠΕΞΕΡΓΑΣΙΑΣ ΠΛΗΡΟΦΟΡΙΩΝ,Νοέμβριος,72,92
913,ΕΞΟΠΛΙΣΜΟΣ ΕΠΕΞΕΡΓΑΣΙΑΣ ΠΛΗΡΟΦΟΡΙΩΝ,Δεκέμβριος,73,4
913,ΕΞΟΠΛΙΣΜΟΣ ΕΠΕΞΕΡΓΑΣΙΑΣ ΠΛΗΡΟΦΟΡΙΩΝ,ΕΤΗΣΙΟΣ,74,3
9141,ΠΡΟΕΓΓΕΓΡΑΜΜΕΝΑ ΜΕΣΑ ΕΓΓΡΑΦΗΣ,W%0,0,24
9141,ΠΡΟΕΓΓΕΓΡΑΜΜΕΝΑ ΜΕΣΑ ΕΓΓΡΑΦΗΣ,Ιανουάριος,99,30
9141,ΠΡΟΕΓΓΕΓΡΑΜΜΕΝΑ ΜΕΣΑ ΕΓΓΡΑΦΗΣ,Φεβρουάριος,99,30
9141,ΠΡΟΕΓΓΕΓΡΑΜΜΕΝΑ ΜΕΣΑ ΕΓΓΡΑΦΗΣ,Μάρτιος,99,28
9141,ΠΡΟΕΓΓΕΓΡΑΜΜΕΝΑ ΜΕΣΑ ΕΓΓΡΑΦΗΣ,Απρίλιος,99,26
9141,ΠΡΟΕΓΓΕΓΡΑΜΜΕΝΑ ΜΕΣΑ ΕΓΓΡΑΦΗΣ,Μάιος,99,27
9141,ΠΡΟΕΓΓΕΓΡΑΜΜΕΝΑ ΜΕΣΑ ΕΓΓΡΑΦΗΣ,Ιούνιος,99,27
9141,ΠΡΟΕΓΓΕΓΡΑΜΜΕΝΑ ΜΕΣΑ ΕΓΓΡΑΦΗΣ,Ιούλιος,99,27
9141,ΠΡΟΕΓΓΕΓΡΑΜΜΕΝΑ ΜΕΣΑ ΕΓΓΡΑΦΗΣ,Αύγουστος,99,27
9141,ΠΡΟΕΓΓΕΓΡΑΜΜΕΝΑ ΜΕΣΑ ΕΓΓΡΑΦΗΣ,Σεπτέμβριος,99,40
9141,ΠΡΟΕΓΓΕΓΡΑΜΜΕΝΑ ΜΕΣΑ ΕΓΓΡΑΦΗΣ,Οκτώβριος,95,59
9141,ΠΡΟΕΓΓΕΓΡΑΜΜΕΝΑ ΜΕΣΑ ΕΓΓΡΑΦΗΣ,Νοέμβριος,95,59
9141,ΠΡΟΕΓΓΕΓΡΑΜΜΕΝΑ ΜΕΣΑ ΕΓΓΡΑΦΗΣ,Δεκέμβριος,95,61
9141,ΠΡΟΕΓΓΕΓΡΑΜΜΕΝΑ ΜΕΣΑ ΕΓΓΡΑΦΗΣ,ΕΤΗΣΙΟΣ,98,37
9149,ΑΛΛΑ ΜΕΣΑ ΕΓΓΡΑΦΗΣ,W%0,0,7
9149,ΑΛΛΑ ΜΕΣΑ ΕΓΓΡΑΦΗΣ,Ιανουάριος,76,16
9149,ΑΛΛΑ ΜΕΣΑ ΕΓΓΡΑΦΗΣ,Φεβρουάριος,76,8
9149,ΑΛΛΑ ΜΕΣΑ ΕΓΓΡΑΦΗΣ,Μάρτιος,76,29
9149,ΑΛΛΑ ΜΕΣΑ ΕΓΓΡΑΦΗΣ,Απρίλιος,76,10
9149,ΑΛΛΑ ΜΕΣΑ ΕΓΓΡΑΦΗΣ,Μάιος,76,48
9149,ΑΛΛΑ ΜΕΣΑ ΕΓΓΡΑΦΗΣ,Ιούνιος,75,91
9149,ΑΛΛΑ ΜΕΣΑ ΕΓΓΡΑΦΗΣ,Ιούλιος,75,8
9149,ΑΛΛΑ ΜΕΣΑ ΕΓΓΡΑΦΗΣ,Αύγουστος,74,61
9149,ΑΛΛΑ ΜΕΣΑ ΕΓΓΡΑΦΗΣ,Σεπτέμβριος,74,48
9149,ΑΛΛΑ ΜΕΣΑ ΕΓΓΡΑΦΗΣ,Οκτώβριος,74,37
9149,ΑΛΛΑ ΜΕΣΑ ΕΓΓΡΑΦΗΣ,Νοέμβριος,74,51
9149,ΑΛΛΑ ΜΕΣΑ ΕΓΓΡΑΦΗΣ,Δεκέμβριος,75,57
9149,ΑΛΛΑ ΜΕΣΑ ΕΓΓΡΑΦΗΣ,ΕΤΗΣΙΟΣ,75,47
914,ΜΕΣΑ ΕΓΓΡΑΦΗΣ,W%0,0,31
914,ΜΕΣΑ ΕΓΓΡΑΦΗΣ,Ιανουάριος,83,26
914,ΜΕΣΑ ΕΓΓΡΑΦΗΣ,Φεβρουάριος,83,24
914,ΜΕΣΑ ΕΓΓΡΑΦΗΣ,Μάρτιος,83,29
914,ΜΕΣΑ ΕΓΓΡΑΦΗΣ,Απρίλιος,83,23
914,ΜΕΣΑ ΕΓΓΡΑΦΗΣ,Μάιος,83,33
914,ΜΕΣΑ ΕΓΓΡΑΦΗΣ,Ιούνιος,83,19
914,ΜΕΣΑ ΕΓΓΡΑΦΗΣ,Ιούλιος,82,98
914,ΜΕΣΑ ΕΓΓΡΑΦΗΣ,Αύγουστος,82,87
914,ΜΕΣΑ ΕΓΓΡΑΦΗΣ,Σεπτέμβριος,82,92
914,ΜΕΣΑ ΕΓΓΡΑΦΗΣ,Οκτώβριος,80,42
914,ΜΕΣΑ ΕΓΓΡΑΦΗΣ,Νοέμβριος,80,45
914,ΜΕΣΑ ΕΓΓΡΑΦΗΣ,Δεκέμβριος,80,72
914,ΜΕΣΑ ΕΓΓΡΑΦΗΣ,ΕΤΗΣΙΟΣ,82,49
915,ΕΠΙΣΚΕΥΕΣ ΟΠΤΙΚΟΑΚΟΥΣΤΙΚΩΝ ΣΥΣΚΕΥΩΝ,W%0,0,1
915,ΕΠΙΣΚΕΥΕΣ ΟΠΤΙΚΟΑΚΟΥΣΤΙΚΩΝ ΣΥΣΚΕΥΩΝ,Ιανουάριος,94,2
915,ΕΠΙΣΚΕΥΕΣ ΟΠΤΙΚΟΑΚΟΥΣΤΙΚΩΝ ΣΥΣΚΕΥΩΝ,Φεβρουάριος,94,2
915,ΕΠΙΣΚΕΥΕΣ ΟΠΤΙΚΟΑΚΟΥΣΤΙΚΩΝ ΣΥΣΚΕΥΩΝ,Μάρτιος,94,2
915,ΕΠΙΣΚΕΥΕΣ ΟΠΤΙΚΟΑΚΟΥΣΤΙΚΩΝ ΣΥΣΚΕΥΩΝ,Απρίλιος,94,16
915,ΕΠΙΣΚΕΥΕΣ ΟΠΤΙΚΟΑΚΟΥΣΤΙΚΩΝ ΣΥΣΚΕΥΩΝ,Μάιος,94,2
915,ΕΠΙΣΚΕΥΕΣ ΟΠΤΙΚΟΑΚΟΥΣΤΙΚΩΝ ΣΥΣΚΕΥΩΝ,Ιούνιος,94,2
915,ΕΠΙΣΚΕΥΕΣ ΟΠΤΙΚΟΑΚΟΥΣΤΙΚΩΝ ΣΥΣΚΕΥΩΝ,Ιούλιος,94,2
915,ΕΠΙΣΚΕΥΕΣ ΟΠΤΙΚΟΑΚΟΥΣΤΙΚΩΝ ΣΥΣΚΕΥΩΝ,Αύγουστος,94,2
915,ΕΠΙΣΚΕΥΕΣ ΟΠΤΙΚΟΑΚΟΥΣΤΙΚΩΝ ΣΥΣΚΕΥΩΝ,Σεπτέμβριος,94,2
915,ΕΠΙΣΚΕΥΕΣ ΟΠΤΙΚΟΑΚΟΥΣΤΙΚΩΝ ΣΥΣΚΕΥΩΝ,Οκτώβριος,94,2
915,ΕΠΙΣΚΕΥΕΣ ΟΠΤΙΚΟΑΚΟΥΣΤΙΚΩΝ ΣΥΣΚΕΥΩΝ,Νοέμβριος,94,2
915,ΕΠΙΣΚΕΥΕΣ ΟΠΤΙΚΟΑΚΟΥΣΤΙΚΩΝ ΣΥΣΚΕΥΩΝ,Δεκέμβριος,94,2
915,ΕΠΙΣΚΕΥΕΣ ΟΠΤΙΚΟΑΚΟΥΣΤΙΚΩΝ ΣΥΣΚΕΥΩΝ,ΕΤΗΣΙΟΣ,94,3
91,ΟΠΤΙΚΟΑΚΟΥΣΤΙΚΟΣ ΕΞΟΠΛΙΣΜΟΣ-ΥΠΟΛΟΓΙΣΤΕΣ-ΕΠΙΣΚΕΥΕΣ,W%0,2,57
91,ΟΠΤΙΚΟΑΚΟΥΣΤΙΚΟΣ ΕΞΟΠΛΙΣΜΟΣ-ΥΠΟΛΟΓΙΣΤΕΣ-ΕΠΙΣΚΕΥΕΣ,Ιανουάριος,75,99
91,ΟΠΤΙΚΟΑΚΟΥΣΤΙΚΟΣ ΕΞΟΠΛΙΣΜΟΣ-ΥΠΟΛΟΓΙΣΤΕΣ-ΕΠΙΣΚΕΥΕΣ,Φεβρουάριος,74,47
91,ΟΠΤΙΚΟΑΚΟΥΣΤΙΚΟΣ ΕΞΟΠΛΙΣΜΟΣ-ΥΠΟΛΟΓΙΣΤΕΣ-ΕΠΙΣΚΕΥΕΣ,Μάρτιος,74,2
91,ΟΠΤΙΚΟΑΚΟΥΣΤΙΚΟΣ ΕΞΟΠΛΙΣΜΟΣ-ΥΠΟΛΟΓΙΣΤΕΣ-ΕΠΙΣΚΕΥΕΣ,Απρίλιος,74,15
91,ΟΠΤΙΚΟΑΚΟΥΣΤΙΚΟΣ ΕΞΟΠΛΙΣΜΟΣ-ΥΠΟΛΟΓΙΣΤΕΣ-ΕΠΙΣΚΕΥΕΣ,Μάιος,74,21
91,ΟΠΤΙΚΟΑΚΟΥΣΤΙΚΟΣ ΕΞΟΠΛΙΣΜΟΣ-ΥΠΟΛΟΓΙΣΤΕΣ-ΕΠΙΣΚΕΥΕΣ,Ιούνιος,74,74
91,ΟΠΤΙΚΟΑΚΟΥΣΤΙΚΟΣ ΕΞΟΠΛΙΣΜΟΣ-ΥΠΟΛΟΓΙΣΤΕΣ-ΕΠΙΣΚΕΥΕΣ,Ιούλιος,73,28
91,ΟΠΤΙΚΟΑΚΟΥΣΤΙΚΟΣ ΕΞΟΠΛΙΣΜΟΣ-ΥΠΟΛΟΓΙΣΤΕΣ-ΕΠΙΣΚΕΥΕΣ,Αύγουστος,72,53
91,ΟΠΤΙΚΟΑΚΟΥΣΤΙΚΟΣ ΕΞΟΠΛΙΣΜΟΣ-ΥΠΟΛΟΓΙΣΤΕΣ-ΕΠΙΣΚΕΥΕΣ,Σεπτέμβριος,73,20
91,ΟΠΤΙΚΟΑΚΟΥΣΤΙΚΟΣ ΕΞΟΠΛΙΣΜΟΣ-ΥΠΟΛΟΓΙΣΤΕΣ-ΕΠΙΣΚΕΥΕΣ,Οκτώβριος,73,49
91,ΟΠΤΙΚΟΑΚΟΥΣΤΙΚΟΣ ΕΞΟΠΛΙΣΜΟΣ-ΥΠΟΛΟΓΙΣΤΕΣ-ΕΠΙΣΚΕΥΕΣ,Νοέμβριος,72,87
91,ΟΠΤΙΚΟΑΚΟΥΣΤΙΚΟΣ ΕΞΟΠΛΙΣΜΟΣ-ΥΠΟΛΟΓΙΣΤΕΣ-ΕΠΙΣΚΕΥΕΣ,Δεκέμβριος,72,88
91,ΟΠΤΙΚΟΑΚΟΥΣΤΙΚΟΣ ΕΞΟΠΛΙΣΜΟΣ-ΥΠΟΛΟΓΙΣΤΕΣ-ΕΠΙΣΚΕΥΕΣ,ΕΤΗΣΙΟΣ,73,82
9213,ΕΞΩΛΕΜΒΙΕΣ ΚΑΙ ΕΞΟΠΛΙΣΜΟΣ ΣΚΑΦΩΝ,W%0,4,3
9213,ΕΞΩΛΕΜΒΙΕΣ ΚΑΙ ΕΞΟΠΛΙΣΜΟΣ ΣΚΑΦΩΝ,Ιανουάριος,97,4
9213,ΕΞΩΛΕΜΒΙΕΣ ΚΑΙ ΕΞΟΠΛΙΣΜΟΣ ΣΚΑΦΩΝ,Φεβρουάριος,97,4
9213,ΕΞΩΛΕΜΒΙΕΣ ΚΑΙ ΕΞΟΠΛΙΣΜΟΣ ΣΚΑΦΩΝ,Μάρτιος,97,45
9213,ΕΞΩΛΕΜΒΙΕΣ ΚΑΙ ΕΞΟΠΛΙΣΜΟΣ ΣΚΑΦΩΝ,Απρίλιος,97,74
9213,ΕΞΩΛΕΜΒΙΕΣ ΚΑΙ ΕΞΟΠΛΙΣΜΟΣ ΣΚΑΦΩΝ,Μάιος,97,59
9213,ΕΞΩΛΕΜΒΙΕΣ ΚΑΙ ΕΞΟΠΛΙΣΜΟΣ ΣΚΑΦΩΝ,Ιούνιος,97,31
9213,ΕΞΩΛΕΜΒΙΕΣ ΚΑΙ ΕΞΟΠΛΙΣΜΟΣ ΣΚΑΦΩΝ,Ιούλιος,97,31
9213,ΕΞΩΛΕΜΒΙΕΣ ΚΑΙ ΕΞΟΠΛΙΣΜΟΣ ΣΚΑΦΩΝ,Αύγουστος,97,31
9213,ΕΞΩΛΕΜΒΙΕΣ ΚΑΙ ΕΞΟΠΛΙΣΜΟΣ ΣΚΑΦΩΝ,Σεπτέμβριος,97,40
9213,ΕΞΩΛΕΜΒΙΕΣ ΚΑΙ ΕΞΟΠΛΙΣΜΟΣ ΣΚΑΦΩΝ,Οκτώβριος,97,46
9213,ΕΞΩΛΕΜΒΙΕΣ ΚΑΙ ΕΞΟΠΛΙΣΜΟΣ ΣΚΑΦΩΝ,Νοέμβριος,97,46
9213,ΕΞΩΛΕΜΒΙΕΣ ΚΑΙ ΕΞΟΠΛΙΣΜΟΣ ΣΚΑΦΩΝ,Δεκέμβριος,100,37
9213,ΕΞΩΛΕΜΒΙΕΣ ΚΑΙ ΕΞΟΠΛΙΣΜΟΣ ΣΚΑΦΩΝ,ΕΤΗΣΙΟΣ,97,62
9215,ΕΙΔΗ ΓΙΑ ΠΑΙΧΝΙΔΙΑ ΚΑΙ ΑΘΛΗΤΙΣΜΟ,W%0,0,24
9215,ΕΙΔΗ ΓΙΑ ΠΑΙΧΝΙΔΙΑ ΚΑΙ ΑΘΛΗΤΙΣΜΟ,Ιανουάριος,97,69
9215,ΕΙΔΗ ΓΙΑ ΠΑΙΧΝΙΔΙΑ ΚΑΙ ΑΘΛΗΤΙΣΜΟ,Φεβρουάριος,97,69
9215,ΕΙΔΗ ΓΙΑ ΠΑΙΧΝΙΔΙΑ ΚΑΙ ΑΘΛΗΤΙΣΜΟ,Μάρτιος,97,69
9215,ΕΙΔΗ ΓΙΑ ΠΑΙΧΝΙΔΙΑ ΚΑΙ ΑΘΛΗΤΙΣΜΟ,Απρίλιος,97,69
9215,ΕΙΔΗ ΓΙΑ ΠΑΙΧΝΙΔΙΑ ΚΑΙ ΑΘΛΗΤΙΣΜΟ,Μάιος,97,69
9215,ΕΙΔΗ ΓΙΑ ΠΑΙΧΝΙΔΙΑ ΚΑΙ ΑΘΛΗΤΙΣΜΟ,Ιούνιος,97,69
9215,ΕΙΔΗ ΓΙΑ ΠΑΙΧΝΙΔΙΑ ΚΑΙ ΑΘΛΗΤΙΣΜΟ,Ιούλιος,97,69
9215,ΕΙΔΗ ΓΙΑ ΠΑΙΧΝΙΔΙΑ ΚΑΙ ΑΘΛΗΤΙΣΜΟ,Αύγουστος,97,69
9215,ΕΙΔΗ ΓΙΑ ΠΑΙΧΝΙΔΙΑ ΚΑΙ ΑΘΛΗΤΙΣΜΟ,Σεπτέμβριος,97,69
9215,ΕΙΔΗ ΓΙΑ ΠΑΙΧΝΙΔΙΑ ΚΑΙ ΑΘΛΗΤΙΣΜΟ,Οκτώβριος,97,69
9215,ΕΙΔΗ ΓΙΑ ΠΑΙΧΝΙΔΙΑ ΚΑΙ ΑΘΛΗΤΙΣΜΟ,Νοέμβριος,97,69
9215,ΕΙΔΗ ΓΙΑ ΠΑΙΧΝΙΔΙΑ ΚΑΙ ΑΘΛΗΤΙΣΜΟ,Δεκέμβριος,97,69
9215,ΕΙΔΗ ΓΙΑ ΠΑΙΧΝΙΔΙΑ ΚΑΙ ΑΘΛΗΤΙΣΜΟ,ΕΤΗΣΙΟΣ,97,69
921,ΔΙΑΡΚΗ ΑΓΑΘΑ ΑΝΑΨΥΧΗΣ,W%0,4,27
921,ΔΙΑΡΚΗ ΑΓΑΘΑ ΑΝΑΨΥΧΗΣ,Ιανουάριος,95,57
921,ΔΙΑΡΚΗ ΑΓΑΘΑ ΑΝΑΨΥΧΗΣ,Φεβρουάριος,95,57
921,ΔΙΑΡΚΗ ΑΓΑΘΑ ΑΝΑΨΥΧΗΣ,Μάρτιος,95,95
921,ΔΙΑΡΚΗ ΑΓΑΘΑ ΑΝΑΨΥΧΗΣ,Απρίλιος,96,22
921,ΔΙΑΡΚΗ ΑΓΑΘΑ ΑΝΑΨΥΧΗΣ,Μάιος,96,8
921,ΔΙΑΡΚΗ ΑΓΑΘΑ ΑΝΑΨΥΧΗΣ,Ιούνιος,95,82
921,ΔΙΑΡΚΗ ΑΓΑΘΑ ΑΝΑΨΥΧΗΣ,Ιούλιος,95,82
921,ΔΙΑΡΚΗ ΑΓΑΘΑ ΑΝΑΨΥΧΗΣ,Αύγουστος,95,82
921,ΔΙΑΡΚΗ ΑΓΑΘΑ ΑΝΑΨΥΧΗΣ,Σεπτέμβριος,95,90
921,ΔΙΑΡΚΗ ΑΓΑΘΑ ΑΝΑΨΥΧΗΣ,Οκτώβριος,95,96
921,ΔΙΑΡΚΗ ΑΓΑΘΑ ΑΝΑΨΥΧΗΣ,Νοέμβριος,95,96
921,ΔΙΑΡΚΗ ΑΓΑΘΑ ΑΝΑΨΥΧΗΣ,Δεκέμβριος,98,66
921,ΔΙΑΡΚΗ ΑΓΑΘΑ ΑΝΑΨΥΧΗΣ,ΕΤΗΣΙΟΣ,96,11
9221,ΜΟΥΣΙΚΑ ΟΡΓΑΝΑ,W%0,0,79
9221,ΜΟΥΣΙΚΑ ΟΡΓΑΝΑ,Ιανουάριος,87,93
9221,ΜΟΥΣΙΚΑ ΟΡΓΑΝΑ,Φεβρουάριος,88,5
9221,ΜΟΥΣΙΚΑ ΟΡΓΑΝΑ,Μάρτιος,88,1
9221,ΜΟΥΣΙΚΑ ΟΡΓΑΝΑ,Απρίλιος,88,33
9221,ΜΟΥΣΙΚΑ ΟΡΓΑΝΑ,Μάιος,88,33
9221,ΜΟΥΣΙΚΑ ΟΡΓΑΝΑ,Ιούνιος,88,27
9221,ΜΟΥΣΙΚΑ ΟΡΓΑΝΑ,Ιούλιος,94,19
9221,ΜΟΥΣΙΚΑ ΟΡΓΑΝΑ,Αύγουστος,93,95
9221,ΜΟΥΣΙΚΑ ΟΡΓΑΝΑ,Σεπτέμβριος,95,1
9221,ΜΟΥΣΙΚΑ ΟΡΓΑΝΑ,Οκτώβριος,95,32
9221,ΜΟΥΣΙΚΑ ΟΡΓΑΝΑ,Νοέμβριος,95,26
9221,ΜΟΥΣΙΚΑ ΟΡΓΑΝΑ,Δεκέμβριος,95,22
9221,ΜΟΥΣΙΚΑ ΟΡΓΑΝΑ,ΕΤΗΣΙΟΣ,91,49
922,ΜΟΥΣΙΚΑ ΟΡΓΑΝΑ ΚΑΙ ΔΙΑΡΚΗ ΑΓΑΘΑ ΑΝΑΨΥΧΗΣ ΚΛΕΙΣΤΩΝ ΧΩΡΩΝ,W%0,0,79
922,ΜΟΥΣΙΚΑ ΟΡΓΑΝΑ ΚΑΙ ΔΙΑΡΚΗ ΑΓΑΘΑ ΑΝΑΨΥΧΗΣ ΚΛΕΙΣΤΩΝ ΧΩΡΩΝ,Ιανουάριος,87,93
922,ΜΟΥΣΙΚΑ ΟΡΓΑΝΑ ΚΑΙ ΔΙΑΡΚΗ ΑΓΑΘΑ ΑΝΑΨΥΧΗΣ ΚΛΕΙΣΤΩΝ ΧΩΡΩΝ,Φεβρουάριος,88,5
922,ΜΟΥΣΙΚΑ ΟΡΓΑΝΑ ΚΑΙ ΔΙΑΡΚΗ ΑΓΑΘΑ ΑΝΑΨΥΧΗΣ ΚΛΕΙΣΤΩΝ ΧΩΡΩΝ,Μάρτιος,88,1
922,ΜΟΥΣΙΚΑ ΟΡΓΑΝΑ ΚΑΙ ΔΙΑΡΚΗ ΑΓΑΘΑ ΑΝΑΨΥΧΗΣ ΚΛΕΙΣΤΩΝ ΧΩΡΩΝ,Απρίλιος,88,33
922,ΜΟΥΣΙΚΑ ΟΡΓΑΝΑ ΚΑΙ ΔΙΑΡΚΗ ΑΓΑΘΑ ΑΝΑΨΥΧΗΣ ΚΛΕΙΣΤΩΝ ΧΩΡΩΝ,Μάιος,88,33
922,ΜΟΥΣΙΚΑ ΟΡΓΑΝΑ ΚΑΙ ΔΙΑΡΚΗ ΑΓΑΘΑ ΑΝΑΨΥΧΗΣ ΚΛΕΙΣΤΩΝ ΧΩΡΩΝ,Ιούνιος,88,27
922,ΜΟΥΣΙΚΑ ΟΡΓΑΝΑ ΚΑΙ ΔΙΑΡΚΗ ΑΓΑΘΑ ΑΝΑΨΥΧΗΣ ΚΛΕΙΣΤΩΝ ΧΩΡΩΝ,Ιούλιος,94,19
922,ΜΟΥΣΙΚΑ ΟΡΓΑΝΑ ΚΑΙ ΔΙΑΡΚΗ ΑΓΑΘΑ ΑΝΑΨΥΧΗΣ ΚΛΕΙΣΤΩΝ ΧΩΡΩΝ,Αύγουστος,93,95
922,ΜΟΥΣΙΚΑ ΟΡΓΑΝΑ ΚΑΙ ΔΙΑΡΚΗ ΑΓΑΘΑ ΑΝΑΨΥΧΗΣ ΚΛΕΙΣΤΩΝ ΧΩΡΩΝ,Σεπτέμβριος,95,1
922,ΜΟΥΣΙΚΑ ΟΡΓΑΝΑ ΚΑΙ ΔΙΑΡΚΗ ΑΓΑΘΑ ΑΝΑΨΥΧΗΣ ΚΛΕΙΣΤΩΝ ΧΩΡΩΝ,Οκτώβριος,95,32
922,ΜΟΥΣΙΚΑ ΟΡΓΑΝΑ ΚΑΙ ΔΙΑΡΚΗ ΑΓΑΘΑ ΑΝΑΨΥΧΗΣ ΚΛΕΙΣΤΩΝ ΧΩΡΩΝ,Νοέμβριος,95,26
922,ΜΟΥΣΙΚΑ ΟΡΓΑΝΑ ΚΑΙ ΔΙΑΡΚΗ ΑΓΑΘΑ ΑΝΑΨΥΧΗΣ ΚΛΕΙΣΤΩΝ ΧΩΡΩΝ,Δεκέμβριος,95,22
922,ΜΟΥΣΙΚΑ ΟΡΓΑΝΑ ΚΑΙ ΔΙΑΡΚΗ ΑΓΑΘΑ ΑΝΑΨΥΧΗΣ ΚΛΕΙΣΤΩΝ ΧΩΡΩΝ,ΕΤΗΣΙΟΣ,91,49
923,ΕΠΙΣΚΕΥΗ ΔΙΑΡΚΩΝ ΑΓΑΘΩΝ ΑΝΑΨΥΧΗΣ ΚΑΙ ΠΟΛΙΤΙΣΜΟΥ,W%0,0,43
923,ΕΠΙΣΚΕΥΗ ΔΙΑΡΚΩΝ ΑΓΑΘΩΝ ΑΝΑΨΥΧΗΣ ΚΑΙ ΠΟΛΙΤΙΣΜΟΥ,Ιανουάριος,100,0
923,ΕΠΙΣΚΕΥΗ ΔΙΑΡΚΩΝ ΑΓΑΘΩΝ ΑΝΑΨΥΧΗΣ ΚΑΙ ΠΟΛΙΤΙΣΜΟΥ,Φεβρουάριος,100,0
923,ΕΠΙΣΚΕΥΗ ΔΙΑΡΚΩΝ ΑΓΑΘΩΝ ΑΝΑΨΥΧΗΣ ΚΑΙ ΠΟΛΙΤΙΣΜΟΥ,Μάρτιος,100,0
923,ΕΠΙΣΚΕΥΗ ΔΙΑΡΚΩΝ ΑΓΑΘΩΝ ΑΝΑΨΥΧΗΣ ΚΑΙ ΠΟΛΙΤΙΣΜΟΥ,Απρίλιος,100,0
923,ΕΠΙΣΚΕΥΗ ΔΙΑΡΚΩΝ ΑΓΑΘΩΝ ΑΝΑΨΥΧΗΣ ΚΑΙ ΠΟΛΙΤΙΣΜΟΥ,Μάιος,100,0
923,ΕΠΙΣΚΕΥΗ ΔΙΑΡΚΩΝ ΑΓΑΘΩΝ ΑΝΑΨΥΧΗΣ ΚΑΙ ΠΟΛΙΤΙΣΜΟΥ,Ιούνιος,100,0
923,ΕΠΙΣΚΕΥΗ ΔΙΑΡΚΩΝ ΑΓΑΘΩΝ ΑΝΑΨΥΧΗΣ ΚΑΙ ΠΟΛΙΤΙΣΜΟΥ,Ιούλιος,100,0
923,ΕΠΙΣΚΕΥΗ ΔΙΑΡΚΩΝ ΑΓΑΘΩΝ ΑΝΑΨΥΧΗΣ ΚΑΙ ΠΟΛΙΤΙΣΜΟΥ,Αύγουστος,100,0
923,ΕΠΙΣΚΕΥΗ ΔΙΑΡΚΩΝ ΑΓΑΘΩΝ ΑΝΑΨΥΧΗΣ ΚΑΙ ΠΟΛΙΤΙΣΜΟΥ,Σεπτέμβριος,100,0
923,ΕΠΙΣΚΕΥΗ ΔΙΑΡΚΩΝ ΑΓΑΘΩΝ ΑΝΑΨΥΧΗΣ ΚΑΙ ΠΟΛΙΤΙΣΜΟΥ,Οκτώβριος,100,0
923,ΕΠΙΣΚΕΥΗ ΔΙΑΡΚΩΝ ΑΓΑΘΩΝ ΑΝΑΨΥΧΗΣ ΚΑΙ ΠΟΛΙΤΙΣΜΟΥ,Νοέμβριος,100,0
923,ΕΠΙΣΚΕΥΗ ΔΙΑΡΚΩΝ ΑΓΑΘΩΝ ΑΝΑΨΥΧΗΣ ΚΑΙ ΠΟΛΙΤΙΣΜΟΥ,Δεκέμβριος,100,0
923,ΕΠΙΣΚΕΥΗ ΔΙΑΡΚΩΝ ΑΓΑΘΩΝ ΑΝΑΨΥΧΗΣ ΚΑΙ ΠΟΛΙΤΙΣΜΟΥ,ΕΤΗΣΙΟΣ,100,
92,ΔΙΑΡΚΗ ΑΓΑΘΑ ΑΝΑΨΥΧΗΣ ΚΑΙ ΠΟΛΙΤΙΣΜΟΥ,W%0,5,50
92,ΔΙΑΡΚΗ ΑΓΑΘΑ ΑΝΑΨΥΧΗΣ ΚΑΙ ΠΟΛΙΤΙΣΜΟΥ,Ιανουάριος,94,86
92,ΔΙΑΡΚΗ ΑΓΑΘΑ ΑΝΑΨΥΧΗΣ ΚΑΙ ΠΟΛΙΤΙΣΜΟΥ,Φεβρουάριος,94,88
92,ΔΙΑΡΚΗ ΑΓΑΘΑ ΑΝΑΨΥΧΗΣ ΚΑΙ ΠΟΛΙΤΙΣΜΟΥ,Μάρτιος,95,16
92,ΔΙΑΡΚΗ ΑΓΑΘΑ ΑΝΑΨΥΧΗΣ ΚΑΙ ΠΟΛΙΤΙΣΜΟΥ,Απρίλιος,95,42
92,ΔΙΑΡΚΗ ΑΓΑΘΑ ΑΝΑΨΥΧΗΣ ΚΑΙ ΠΟΛΙΤΙΣΜΟΥ,Μάιος,95,31
92,ΔΙΑΡΚΗ ΑΓΑΘΑ ΑΝΑΨΥΧΗΣ ΚΑΙ ΠΟΛΙΤΙΣΜΟΥ,Ιούνιος,95,11
92,ΔΙΑΡΚΗ ΑΓΑΘΑ ΑΝΑΨΥΧΗΣ ΚΑΙ ΠΟΛΙΤΙΣΜΟΥ,Ιούλιος,96,7
92,ΔΙΑΡΚΗ ΑΓΑΘΑ ΑΝΑΨΥΧΗΣ ΚΑΙ ΠΟΛΙΤΙΣΜΟΥ,Αύγουστος,96,3
92,ΔΙΑΡΚΗ ΑΓΑΘΑ ΑΝΑΨΥΧΗΣ ΚΑΙ ΠΟΛΙΤΙΣΜΟΥ,Σεπτέμβριος,96,26
92,ΔΙΑΡΚΗ ΑΓΑΘΑ ΑΝΑΨΥΧΗΣ ΚΑΙ ΠΟΛΙΤΙΣΜΟΥ,Οκτώβριος,96,36
92,ΔΙΑΡΚΗ ΑΓΑΘΑ ΑΝΑΨΥΧΗΣ ΚΑΙ ΠΟΛΙΤΙΣΜΟΥ,Νοέμβριος,96,35
92,ΔΙΑΡΚΗ ΑΓΑΘΑ ΑΝΑΨΥΧΗΣ ΚΑΙ ΠΟΛΙΤΙΣΜΟΥ,Δεκέμβριος,98,41
92,ΔΙΑΡΚΗ ΑΓΑΘΑ ΑΝΑΨΥΧΗΣ ΚΑΙ ΠΟΛΙΤΙΣΜΟΥ,ΕΤΗΣΙΟΣ,95,85
9311,ΕΠΙΤΡΑΠΕΖΙΑ ΚΑΙ ΗΛΕΚΤΡΟΝΙΚΑ ΠΑΙΧΝΙΔΙΑ,W%0,0,55
9311,ΕΠΙΤΡΑΠΕΖΙΑ ΚΑΙ ΗΛΕΚΤΡΟΝΙΚΑ ΠΑΙΧΝΙΔΙΑ,Ιανουάριος,76,33
9311,ΕΠΙΤΡΑΠΕΖΙΑ ΚΑΙ ΗΛΕΚΤΡΟΝΙΚΑ ΠΑΙΧΝΙΔΙΑ,Φεβρουάριος,72,87
9311,ΕΠΙΤΡΑΠΕΖΙΑ ΚΑΙ ΗΛΕΚΤΡΟΝΙΚΑ ΠΑΙΧΝΙΔΙΑ,Μάρτιος,74,91
9311,ΕΠΙΤΡΑΠΕΖΙΑ ΚΑΙ ΗΛΕΚΤΡΟΝΙΚΑ ΠΑΙΧΝΙΔΙΑ,Απρίλιος,72,24
9311,ΕΠΙΤΡΑΠΕΖΙΑ ΚΑΙ ΗΛΕΚΤΡΟΝΙΚΑ ΠΑΙΧΝΙΔΙΑ,Μάιος,72,73
9311,ΕΠΙΤΡΑΠΕΖΙΑ ΚΑΙ ΗΛΕΚΤΡΟΝΙΚΑ ΠΑΙΧΝΙΔΙΑ,Ιούνιος,72,90
9311,ΕΠΙΤΡΑΠΕΖΙΑ ΚΑΙ ΗΛΕΚΤΡΟΝΙΚΑ ΠΑΙΧΝΙΔΙΑ,Ιούλιος,72,52
9311,ΕΠΙΤΡΑΠΕΖΙΑ ΚΑΙ ΗΛΕΚΤΡΟΝΙΚΑ ΠΑΙΧΝΙΔΙΑ,Αύγουστος,73,24
9311,ΕΠΙΤΡΑΠΕΖΙΑ ΚΑΙ ΗΛΕΚΤΡΟΝΙΚΑ ΠΑΙΧΝΙΔΙΑ,Σεπτέμβριος,73,14
9311,ΕΠΙΤΡΑΠΕΖΙΑ ΚΑΙ ΗΛΕΚΤΡΟΝΙΚΑ ΠΑΙΧΝΙΔΙΑ,Οκτώβριος,72,13
9311,ΕΠΙΤΡΑΠΕΖΙΑ ΚΑΙ ΗΛΕΚΤΡΟΝΙΚΑ ΠΑΙΧΝΙΔΙΑ,Νοέμβριος,72,66
9311,ΕΠΙΤΡΑΠΕΖΙΑ ΚΑΙ ΗΛΕΚΤΡΟΝΙΚΑ ΠΑΙΧΝΙΔΙΑ,Δεκέμβριος,72,11
9311,ΕΠΙΤΡΑΠΕΖΙΑ ΚΑΙ ΗΛΕΚΤΡΟΝΙΚΑ ΠΑΙΧΝΙΔΙΑ,ΕΤΗΣΙΟΣ,73,15
9312,ΠΑΙΧΝΙΔΙΑ ΚΑΙ ΕΞΟΠΛΙΣΜΟΣ ΓΙΑ ΕΚΔΗΛΩΣΕΙΣ,W%0,1,25
9312,ΠΑΙΧΝΙΔΙΑ ΚΑΙ ΕΞΟΠΛΙΣΜΟΣ ΓΙΑ ΕΚΔΗΛΩΣΕΙΣ,Ιανουάριος,93,55
9312,ΠΑΙΧΝΙΔΙΑ ΚΑΙ ΕΞΟΠΛΙΣΜΟΣ ΓΙΑ ΕΚΔΗΛΩΣΕΙΣ,Φεβρουάριος,93,27
9312,ΠΑΙΧΝΙΔΙΑ ΚΑΙ ΕΞΟΠΛΙΣΜΟΣ ΓΙΑ ΕΚΔΗΛΩΣΕΙΣ,Μάρτιος,95,13
9312,ΠΑΙΧΝΙΔΙΑ ΚΑΙ ΕΞΟΠΛΙΣΜΟΣ ΓΙΑ ΕΚΔΗΛΩΣΕΙΣ,Απρίλιος,94,70
9312,ΠΑΙΧΝΙΔΙΑ ΚΑΙ ΕΞΟΠΛΙΣΜΟΣ ΓΙΑ ΕΚΔΗΛΩΣΕΙΣ,Μάιος,94,71
9312,ΠΑΙΧΝΙΔΙΑ ΚΑΙ ΕΞΟΠΛΙΣΜΟΣ ΓΙΑ ΕΚΔΗΛΩΣΕΙΣ,Ιούνιος,94,77
9312,ΠΑΙΧΝΙΔΙΑ ΚΑΙ ΕΞΟΠΛΙΣΜΟΣ ΓΙΑ ΕΚΔΗΛΩΣΕΙΣ,Ιούλιος,94,14
9312,ΠΑΙΧΝΙΔΙΑ ΚΑΙ ΕΞΟΠΛΙΣΜΟΣ ΓΙΑ ΕΚΔΗΛΩΣΕΙΣ,Αύγουστος,93,69
9312,ΠΑΙΧΝΙΔΙΑ ΚΑΙ ΕΞΟΠΛΙΣΜΟΣ ΓΙΑ ΕΚΔΗΛΩΣΕΙΣ,Σεπτέμβριος,92,41
9312,ΠΑΙΧΝΙΔΙΑ ΚΑΙ ΕΞΟΠΛΙΣΜΟΣ ΓΙΑ ΕΚΔΗΛΩΣΕΙΣ,Οκτώβριος,92,69
9312,ΠΑΙΧΝΙΔΙΑ ΚΑΙ ΕΞΟΠΛΙΣΜΟΣ ΓΙΑ ΕΚΔΗΛΩΣΕΙΣ,Νοέμβριος,92,84
9312,ΠΑΙΧΝΙΔΙΑ ΚΑΙ ΕΞΟΠΛΙΣΜΟΣ ΓΙΑ ΕΚΔΗΛΩΣΕΙΣ,Δεκέμβριος,93,13
9312,ΠΑΙΧΝΙΔΙΑ ΚΑΙ ΕΞΟΠΛΙΣΜΟΣ ΓΙΑ ΕΚΔΗΛΩΣΕΙΣ,ΕΤΗΣΙΟΣ,93,75
931,ΠΑΙΧΝΙΔΙΑ ΚΑΙ ΧΟΜΠΙ,W%0,1,80
931,ΠΑΙΧΝΙΔΙΑ ΚΑΙ ΧΟΜΠΙ,Ιανουάριος,86,63
931,ΠΑΙΧΝΙΔΙΑ ΚΑΙ ΧΟΜΠΙ,Φεβρουάριος,85,25
931,ΠΑΙΧΝΙΔΙΑ ΚΑΙ ΧΟΜΠΙ,Μάρτιος,87,16
931,ΠΑΙΧΝΙΔΙΑ ΚΑΙ ΧΟΜΠΙ,Απρίλιος,85,96
931,ΠΑΙΧΝΙΔΙΑ ΚΑΙ ΧΟΜΠΙ,Μάιος,86,13
931,ΠΑΙΧΝΙΔΙΑ ΚΑΙ ΧΟΜΠΙ,Ιούνιος,86,23
931,ΠΑΙΧΝΙΔΙΑ ΚΑΙ ΧΟΜΠΙ,Ιούλιος,85,69
931,ΠΑΙΧΝΙΔΙΑ ΚΑΙ ΧΟΜΠΙ,Αύγουστος,85,65
931,ΠΑΙΧΝΙΔΙΑ ΚΑΙ ΧΟΜΠΙ,Σεπτέμβριος,84,79
931,ΠΑΙΧΝΙΔΙΑ ΚΑΙ ΧΟΜΠΙ,Οκτώβριος,84,63
931,ΠΑΙΧΝΙΔΙΑ ΚΑΙ ΧΟΜΠΙ,Νοέμβριος,84,91
931,ΠΑΙΧΝΙΔΙΑ ΚΑΙ ΧΟΜΠΙ,Δεκέμβριος,84,90
931,ΠΑΙΧΝΙΔΙΑ ΚΑΙ ΧΟΜΠΙ,ΕΤΗΣΙΟΣ,85,66
9321,ΕΙΔΗ ΑΘΛΗΣΕΩΣ,W%0,1,28
9321,ΕΙΔΗ ΑΘΛΗΣΕΩΣ,Ιανουάριος,95,24
9321,ΕΙΔΗ ΑΘΛΗΣΕΩΣ,Φεβρουάριος,95,4
9321,ΕΙΔΗ ΑΘΛΗΣΕΩΣ,Μάρτιος,95,31
9321,ΕΙΔΗ ΑΘΛΗΣΕΩΣ,Απρίλιος,94,47
9321,ΕΙΔΗ ΑΘΛΗΣΕΩΣ,Μάιος,94,77
9321,ΕΙΔΗ ΑΘΛΗΣΕΩΣ,Ιούνιος,94,49
9321,ΕΙΔΗ ΑΘΛΗΣΕΩΣ,Ιούλιος,93,36
9321,ΕΙΔΗ ΑΘΛΗΣΕΩΣ,Αύγουστος,92,2
9321,ΕΙΔΗ ΑΘΛΗΣΕΩΣ,Σεπτέμβριος,92,3
9321,ΕΙΔΗ ΑΘΛΗΣΕΩΣ,Οκτώβριος,91,47
9321,ΕΙΔΗ ΑΘΛΗΣΕΩΣ,Νοέμβριος,90,30
9321,ΕΙΔΗ ΑΘΛΗΣΕΩΣ,Δεκέμβριος,90,32
9321,ΕΙΔΗ ΑΘΛΗΣΕΩΣ,ΕΤΗΣΙΟΣ,93,24
9322,ΕΙΔΗ ΕΞΟΧΗΣ,W%0,0,2
9322,ΕΙΔΗ ΕΞΟΧΗΣ,Ιανουάριος,94,77
9322,ΕΙΔΗ ΕΞΟΧΗΣ,Φεβρουάριος,94,74
9322,ΕΙΔΗ ΕΞΟΧΗΣ,Μάρτιος,95,2
9322,ΕΙΔΗ ΕΞΟΧΗΣ,Απρίλιος,95,58
9322,ΕΙΔΗ ΕΞΟΧΗΣ,Μάιος,95,13
9322,ΕΙΔΗ ΕΞΟΧΗΣ,Ιούνιος,94,65
9322,ΕΙΔΗ ΕΞΟΧΗΣ,Ιούλιος,92,93
9322,ΕΙΔΗ ΕΞΟΧΗΣ,Αύγουστος,92,23
9322,ΕΙΔΗ ΕΞΟΧΗΣ,Σεπτέμβριος,91,96
9322,ΕΙΔΗ ΕΞΟΧΗΣ,Οκτώβριος,92,7
9322,ΕΙΔΗ ΕΞΟΧΗΣ,Νοέμβριος,92,37
9322,ΕΙΔΗ ΕΞΟΧΗΣ,Δεκέμβριος,93,69
9322,ΕΙΔΗ ΕΞΟΧΗΣ,ΕΤΗΣΙΟΣ,93,76
932,ΕΙΔΗ ΑΘΛΗΣΕΩΣ ΚΑΙ ΕΞΟΧΗΣ,W%0,1,30
932,ΕΙΔΗ ΑΘΛΗΣΕΩΣ ΚΑΙ ΕΞΟΧΗΣ,Ιανουάριος,95,44
932,ΕΙΔΗ ΑΘΛΗΣΕΩΣ ΚΑΙ ΕΞΟΧΗΣ,Φεβρουάριος,95,24
932,ΕΙΔΗ ΑΘΛΗΣΕΩΣ ΚΑΙ ΕΞΟΧΗΣ,Μάρτιος,95,52
932,ΕΙΔΗ ΑΘΛΗΣΕΩΣ ΚΑΙ ΕΞΟΧΗΣ,Απρίλιος,94,70
932,ΕΙΔΗ ΑΘΛΗΣΕΩΣ ΚΑΙ ΕΞΟΧΗΣ,Μάιος,94,98
932,ΕΙΔΗ ΑΘΛΗΣΕΩΣ ΚΑΙ ΕΞΟΧΗΣ,Ιούνιος,94,70
932,ΕΙΔΗ ΑΘΛΗΣΕΩΣ ΚΑΙ ΕΞΟΧΗΣ,Ιούλιος,93,56
932,ΕΙΔΗ ΑΘΛΗΣΕΩΣ ΚΑΙ ΕΞΟΧΗΣ,Αύγουστος,92,23
932,ΕΙΔΗ ΑΘΛΗΣΕΩΣ ΚΑΙ ΕΞΟΧΗΣ,Σεπτέμβριος,92,23
932,ΕΙΔΗ ΑΘΛΗΣΕΩΣ ΚΑΙ ΕΞΟΧΗΣ,Οκτώβριος,91,68
932,ΕΙΔΗ ΑΘΛΗΣΕΩΣ ΚΑΙ ΕΞΟΧΗΣ,Νοέμβριος,90,53
932,ΕΙΔΗ ΑΘΛΗΣΕΩΣ ΚΑΙ ΕΞΟΧΗΣ,Δεκέμβριος,90,57
932,ΕΙΔΗ ΑΘΛΗΣΕΩΣ ΚΑΙ ΕΞΟΧΗΣ,ΕΤΗΣΙΟΣ,93,45
9331,ΠΡΟΙΟΝΤΑ ΚΗΠΟΥ,W%0,0,74
9331,ΠΡΟΙΟΝΤΑ ΚΗΠΟΥ,Ιανουάριος,93,15
9331,ΠΡΟΙΟΝΤΑ ΚΗΠΟΥ,Φεβρουάριος,92,76
9331,ΠΡΟΙΟΝΤΑ ΚΗΠΟΥ,Μάρτιος,92,84
9331,ΠΡΟΙΟΝΤΑ ΚΗΠΟΥ,Απρίλιος,92,48
9331,ΠΡΟΙΟΝΤΑ ΚΗΠΟΥ,Μάιος,92,50
9331,ΠΡΟΙΟΝΤΑ ΚΗΠΟΥ,Ιούνιος,92,11
9331,ΠΡΟΙΟΝΤΑ ΚΗΠΟΥ,Ιούλιος,92,87
9331,ΠΡΟΙΟΝΤΑ ΚΗΠΟΥ,Αύγουστος,92,92
9331,ΠΡΟΙΟΝΤΑ ΚΗΠΟΥ,Σεπτέμβριος,92,67
9331,ΠΡΟΙΟΝΤΑ ΚΗΠΟΥ,Οκτώβριος,92,30
9331,ΠΡΟΙΟΝΤΑ ΚΗΠΟΥ,Νοέμβριος,92,50
9331,ΠΡΟΙΟΝΤΑ ΚΗΠΟΥ,Δεκέμβριος,93,7
9331,ΠΡΟΙΟΝΤΑ ΚΗΠΟΥ,ΕΤΗΣΙΟΣ,92,68
9332,ΦΥΤΑ ΚΑΙ ΑΝΘΗ,W%0,1,54
9332,ΦΥΤΑ ΚΑΙ ΑΝΘΗ,Ιανουάριος,100,86
9332,ΦΥΤΑ ΚΑΙ ΑΝΘΗ,Φεβρουάριος,101,44
9332,ΦΥΤΑ ΚΑΙ ΑΝΘΗ,Μάρτιος,101,43
9332,ΦΥΤΑ ΚΑΙ ΑΝΘΗ,Απρίλιος,101,45
9332,ΦΥΤΑ ΚΑΙ ΑΝΘΗ,Μάιος,102,55
9332,ΦΥΤΑ ΚΑΙ ΑΝΘΗ,Ιούνιος,100,50
9332,ΦΥΤΑ ΚΑΙ ΑΝΘΗ,Ιούλιος,100,50
9332,ΦΥΤΑ ΚΑΙ ΑΝΘΗ,Αύγουστος,100,57
9332,ΦΥΤΑ ΚΑΙ ΑΝΘΗ,Σεπτέμβριος,100,58
9332,ΦΥΤΑ ΚΑΙ ΑΝΘΗ,Οκτώβριος,100,50
9332,ΦΥΤΑ ΚΑΙ ΑΝΘΗ,Νοέμβριος,100,46
9332,ΦΥΤΑ ΚΑΙ ΑΝΘΗ,Δεκέμβριος,100,51
9332,ΦΥΤΑ ΚΑΙ ΑΝΘΗ,ΕΤΗΣΙΟΣ,100,95
933,ΦΥΤΑ ΚΑΙ ΛΟΥΛΟΥΔΙΑ,W%0,2,27
933,ΦΥΤΑ ΚΑΙ ΛΟΥΛΟΥΔΙΑ,Ιανουάριος,97,73
933,ΦΥΤΑ ΚΑΙ ΛΟΥΛΟΥΔΙΑ,Φεβρουάριος,97,98
933,ΦΥΤΑ ΚΑΙ ΛΟΥΛΟΥΔΙΑ,Μάρτιος,98,0
933,ΦΥΤΑ ΚΑΙ ΛΟΥΛΟΥΔΙΑ,Απρίλιος,97,89
933,ΦΥΤΑ ΚΑΙ ΛΟΥΛΟΥΔΙΑ,Μάιος,98,62
933,ΦΥΤΑ ΚΑΙ ΛΟΥΛΟΥΔΙΑ,Ιούνιος,97,15
933,ΦΥΤΑ ΚΑΙ ΛΟΥΛΟΥΔΙΑ,Ιούλιος,97,40
933,ΦΥΤΑ ΚΑΙ ΛΟΥΛΟΥΔΙΑ,Αύγουστος,97,47
933,ΦΥΤΑ ΚΑΙ ΛΟΥΛΟΥΔΙΑ,Σεπτέμβριος,97,39
933,ΦΥΤΑ ΚΑΙ ΛΟΥΛΟΥΔΙΑ,Οκτώβριος,97,21
933,ΦΥΤΑ ΚΑΙ ΛΟΥΛΟΥΔΙΑ,Νοέμβριος,97,25
933,ΦΥΤΑ ΚΑΙ ΛΟΥΛΟΥΔΙΑ,Δεκέμβριος,97,48
933,ΦΥΤΑ ΚΑΙ ΛΟΥΛΟΥΔΙΑ,ΕΤΗΣΙΟΣ,97,63
9341,ΑΓΟΡΑ ΖΩΩΝ ΣΥΝΤΡΟΦΙΑΣ,W%0,0,13
9341,ΑΓΟΡΑ ΖΩΩΝ ΣΥΝΤΡΟΦΙΑΣ,Ιανουάριος,98,67
9341,ΑΓΟΡΑ ΖΩΩΝ ΣΥΝΤΡΟΦΙΑΣ,Φεβρουάριος,95,79
9341,ΑΓΟΡΑ ΖΩΩΝ ΣΥΝΤΡΟΦΙΑΣ,Μάρτιος,95,79
9341,ΑΓΟΡΑ ΖΩΩΝ ΣΥΝΤΡΟΦΙΑΣ,Απρίλιος,95,89
9341,ΑΓΟΡΑ ΖΩΩΝ ΣΥΝΤΡΟΦΙΑΣ,Μάιος,95,89
9341,ΑΓΟΡΑ ΖΩΩΝ ΣΥΝΤΡΟΦΙΑΣ,Ιούνιος,95,89
9341,ΑΓΟΡΑ ΖΩΩΝ ΣΥΝΤΡΟΦΙΑΣ,Ιούλιος,96,0
9341,ΑΓΟΡΑ ΖΩΩΝ ΣΥΝΤΡΟΦΙΑΣ,Αύγουστος,96,0
9341,ΑΓΟΡΑ ΖΩΩΝ ΣΥΝΤΡΟΦΙΑΣ,Σεπτέμβριος,95,95
9341,ΑΓΟΡΑ ΖΩΩΝ ΣΥΝΤΡΟΦΙΑΣ,Οκτώβριος,95,92
9341,ΑΓΟΡΑ ΖΩΩΝ ΣΥΝΤΡΟΦΙΑΣ,Νοέμβριος,95,92
9341,ΑΓΟΡΑ ΖΩΩΝ ΣΥΝΤΡΟΦΙΑΣ,Δεκέμβριος,95,92
9341,ΑΓΟΡΑ ΖΩΩΝ ΣΥΝΤΡΟΦΙΑΣ,ΕΤΗΣΙΟΣ,96,14
9342,ΠΡΟΙΟΝΤΑ ΓΙΑ ΚΑΤΟΙΚΙΔΙΑ ΖΩΑ,W%0,0,85
9342,ΠΡΟΙΟΝΤΑ ΓΙΑ ΚΑΤΟΙΚΙΔΙΑ ΖΩΑ,Ιανουάριος,102,63
9342,ΠΡΟΙΟΝΤΑ ΓΙΑ ΚΑΤΟΙΚΙΔΙΑ ΖΩΑ,Φεβρουάριος,102,92
9342,ΠΡΟΙΟΝΤΑ ΓΙΑ ΚΑΤΟΙΚΙΔΙΑ ΖΩΑ,Μάρτιος,102,24
9342,ΠΡΟΙΟΝΤΑ ΓΙΑ ΚΑΤΟΙΚΙΔΙΑ ΖΩΑ,Απρίλιος,102,70
9342,ΠΡΟΙΟΝΤΑ ΓΙΑ ΚΑΤΟΙΚΙΔΙΑ ΖΩΑ,Μάιος,101,73
9342,ΠΡΟΙΟΝΤΑ ΓΙΑ ΚΑΤΟΙΚΙΔΙΑ ΖΩΑ,Ιούνιος,101,71
9342,ΠΡΟΙΟΝΤΑ ΓΙΑ ΚΑΤΟΙΚΙΔΙΑ ΖΩΑ,Ιούλιος,101,60
9342,ΠΡΟΙΟΝΤΑ ΓΙΑ ΚΑΤΟΙΚΙΔΙΑ ΖΩΑ,Αύγουστος,102,49
9342,ΠΡΟΙΟΝΤΑ ΓΙΑ ΚΑΤΟΙΚΙΔΙΑ ΖΩΑ,Σεπτέμβριος,101,31
9342,ΠΡΟΙΟΝΤΑ ΓΙΑ ΚΑΤΟΙΚΙΔΙΑ ΖΩΑ,Οκτώβριος,99,64
9342,ΠΡΟΙΟΝΤΑ ΓΙΑ ΚΑΤΟΙΚΙΔΙΑ ΖΩΑ,Νοέμβριος,102,19
9342,ΠΡΟΙΟΝΤΑ ΓΙΑ ΚΑΤΟΙΚΙΔΙΑ ΖΩΑ,Δεκέμβριος,101,30
9342,ΠΡΟΙΟΝΤΑ ΓΙΑ ΚΑΤΟΙΚΙΔΙΑ ΖΩΑ,ΕΤΗΣΙΟΣ,101,87
934,ΖΩΑ ΣΥΝΤΡΟΦΙΑΣ ΚΑΙ ΣΥΝΑΦΗ ΠΡΟΙΟΝΤΑ,W%0,0,98
934,ΖΩΑ ΣΥΝΤΡΟΦΙΑΣ ΚΑΙ ΣΥΝΑΦΗ ΠΡΟΙΟΝΤΑ,Ιανουάριος,101,25
934,ΖΩΑ ΣΥΝΤΡΟΦΙΑΣ ΚΑΙ ΣΥΝΑΦΗ ΠΡΟΙΟΝΤΑ,Φεβρουάριος,101,10
934,ΖΩΑ ΣΥΝΤΡΟΦΙΑΣ ΚΑΙ ΣΥΝΑΦΗ ΠΡΟΙΟΝΤΑ,Μάρτιος,100,52
934,ΖΩΑ ΣΥΝΤΡΟΦΙΑΣ ΚΑΙ ΣΥΝΑΦΗ ΠΡΟΙΟΝΤΑ,Απρίλιος,100,92
934,ΖΩΑ ΣΥΝΤΡΟΦΙΑΣ ΚΑΙ ΣΥΝΑΦΗ ΠΡΟΙΟΝΤΑ,Μάιος,100,10
934,ΖΩΑ ΣΥΝΤΡΟΦΙΑΣ ΚΑΙ ΣΥΝΑΦΗ ΠΡΟΙΟΝΤΑ,Ιούνιος,100,8
934,ΖΩΑ ΣΥΝΤΡΟΦΙΑΣ ΚΑΙ ΣΥΝΑΦΗ ΠΡΟΙΟΝΤΑ,Ιούλιος,100,0
934,ΖΩΑ ΣΥΝΤΡΟΦΙΑΣ ΚΑΙ ΣΥΝΑΦΗ ΠΡΟΙΟΝΤΑ,Αύγουστος,100,76
934,ΖΩΑ ΣΥΝΤΡΟΦΙΑΣ ΚΑΙ ΣΥΝΑΦΗ ΠΡΟΙΟΝΤΑ,Σεπτέμβριος,99,75
934,ΖΩΑ ΣΥΝΤΡΟΦΙΑΣ ΚΑΙ ΣΥΝΑΦΗ ΠΡΟΙΟΝΤΑ,Οκτώβριος,98,32
934,ΖΩΑ ΣΥΝΤΡΟΦΙΑΣ ΚΑΙ ΣΥΝΑΦΗ ΠΡΟΙΟΝΤΑ,Νοέμβριος,100,50
934,ΖΩΑ ΣΥΝΤΡΟΦΙΑΣ ΚΑΙ ΣΥΝΑΦΗ ΠΡΟΙΟΝΤΑ,Δεκέμβριος,99,74
934,ΖΩΑ ΣΥΝΤΡΟΦΙΑΣ ΚΑΙ ΣΥΝΑΦΗ ΠΡΟΙΟΝΤΑ,ΕΤΗΣΙΟΣ,100,25
935,ΚΤΗΝΙΑΤΡΙΚΕΣ ΥΠΗΡΕΣΙΕΣ,W%0,1,5
935,ΚΤΗΝΙΑΤΡΙΚΕΣ ΥΠΗΡΕΣΙΕΣ,Ιανουάριος,101,31
935,ΚΤΗΝΙΑΤΡΙΚΕΣ ΥΠΗΡΕΣΙΕΣ,Φεβρουάριος,101,31
935,ΚΤΗΝΙΑΤΡΙΚΕΣ ΥΠΗΡΕΣΙΕΣ,Μάρτιος,101,31
935,ΚΤΗΝΙΑΤΡΙΚΕΣ ΥΠΗΡΕΣΙΕΣ,Απρίλιος,101,31
935,ΚΤΗΝΙΑΤΡΙΚΕΣ ΥΠΗΡΕΣΙΕΣ,Μάιος,101,31
935,ΚΤΗΝΙΑΤΡΙΚΕΣ ΥΠΗΡΕΣΙΕΣ,Ιούνιος,101,31
935,ΚΤΗΝΙΑΤΡΙΚΕΣ ΥΠΗΡΕΣΙΕΣ,Ιούλιος,103,48
935,ΚΤΗΝΙΑΤΡΙΚΕΣ ΥΠΗΡΕΣΙΕΣ,Αύγουστος,103,48
935,ΚΤΗΝΙΑΤΡΙΚΕΣ ΥΠΗΡΕΣΙΕΣ,Σεπτέμβριος,103,15
935,ΚΤΗΝΙΑΤΡΙΚΕΣ ΥΠΗΡΕΣΙΕΣ,Οκτώβριος,103,15
935,ΚΤΗΝΙΑΤΡΙΚΕΣ ΥΠΗΡΕΣΙΕΣ,Νοέμβριος,103,15
935,ΚΤΗΝΙΑΤΡΙΚΕΣ ΥΠΗΡΕΣΙΕΣ,Δεκέμβριος,103,15
935,ΚΤΗΝΙΑΤΡΙΚΕΣ ΥΠΗΡΕΣΙΕΣ,ΕΤΗΣΙΟΣ,102,29
93,ΜΙΚΡΑ ΕΙΔΗ ΑΝΑΨΥΧΗΣ - ΑΝΘΗ - ΚΑΤΟΙΚΙΔΙΑ ΖΩΑ,W%0,7,39
93,ΜΙΚΡΑ ΕΙΔΗ ΑΝΑΨΥΧΗΣ - ΑΝΘΗ - ΚΑΤΟΙΚΙΔΙΑ ΖΩΑ,Ιανουάριος,95,29
93,ΜΙΚΡΑ ΕΙΔΗ ΑΝΑΨΥΧΗΣ - ΑΝΘΗ - ΚΑΤΟΙΚΙΔΙΑ ΖΩΑ,Φεβρουάριος,94,94
93,ΜΙΚΡΑ ΕΙΔΗ ΑΝΑΨΥΧΗΣ - ΑΝΘΗ - ΚΑΤΟΙΚΙΔΙΑ ΖΩΑ,Μάρτιος,95,43
93,ΜΙΚΡΑ ΕΙΔΗ ΑΝΑΨΥΧΗΣ - ΑΝΘΗ - ΚΑΤΟΙΚΙΔΙΑ ΖΩΑ,Απρίλιος,94,99
93,ΜΙΚΡΑ ΕΙΔΗ ΑΝΑΨΥΧΗΣ - ΑΝΘΗ - ΚΑΤΟΙΚΙΔΙΑ ΖΩΑ,Μάιος,95,20
93,ΜΙΚΡΑ ΕΙΔΗ ΑΝΑΨΥΧΗΣ - ΑΝΘΗ - ΚΑΤΟΙΚΙΔΙΑ ΖΩΑ,Ιούνιος,94,73
93,ΜΙΚΡΑ ΕΙΔΗ ΑΝΑΨΥΧΗΣ - ΑΝΘΗ - ΚΑΤΟΙΚΙΔΙΑ ΖΩΑ,Ιούλιος,94,74
93,ΜΙΚΡΑ ΕΙΔΗ ΑΝΑΨΥΧΗΣ - ΑΝΘΗ - ΚΑΤΟΙΚΙΔΙΑ ΖΩΑ,Αύγουστος,94,62
93,ΜΙΚΡΑ ΕΙΔΗ ΑΝΑΨΥΧΗΣ - ΑΝΘΗ - ΚΑΤΟΙΚΙΔΙΑ ΖΩΑ,Σεπτέμβριος,94,19
93,ΜΙΚΡΑ ΕΙΔΗ ΑΝΑΨΥΧΗΣ - ΑΝΘΗ - ΚΑΤΟΙΚΙΔΙΑ ΖΩΑ,Οκτώβριος,93,82
93,ΜΙΚΡΑ ΕΙΔΗ ΑΝΑΨΥΧΗΣ - ΑΝΘΗ - ΚΑΤΟΙΚΙΔΙΑ ΖΩΑ,Νοέμβριος,93,98
93,ΜΙΚΡΑ ΕΙΔΗ ΑΝΑΨΥΧΗΣ - ΑΝΘΗ - ΚΑΤΟΙΚΙΔΙΑ ΖΩΑ,Δεκέμβριος,93,96
93,ΜΙΚΡΑ ΕΙΔΗ ΑΝΑΨΥΧΗΣ - ΑΝΘΗ - ΚΑΤΟΙΚΙΔΙΑ ΖΩΑ,ΕΤΗΣΙΟΣ,94,66
9411,ΑΘΛΗΤΙΚΕΣ ΔΡΑΣΤΗΡΙΟΤΗΤΕΣ,W%0,0,96
9411,ΑΘΛΗΤΙΚΕΣ ΔΡΑΣΤΗΡΙΟΤΗΤΕΣ,Ιανουάριος,99,56
9411,ΑΘΛΗΤΙΚΕΣ ΔΡΑΣΤΗΡΙΟΤΗΤΕΣ,Φεβρουάριος,99,56
9411,ΑΘΛΗΤΙΚΕΣ ΔΡΑΣΤΗΡΙΟΤΗΤΕΣ,Μάρτιος,99,56
9411,ΑΘΛΗΤΙΚΕΣ ΔΡΑΣΤΗΡΙΟΤΗΤΕΣ,Απρίλιος,99,56
9411,ΑΘΛΗΤΙΚΕΣ ΔΡΑΣΤΗΡΙΟΤΗΤΕΣ,Μάιος,99,56
9411,ΑΘΛΗΤΙΚΕΣ ΔΡΑΣΤΗΡΙΟΤΗΤΕΣ,Ιούνιος,100,19
9411,ΑΘΛΗΤΙΚΕΣ ΔΡΑΣΤΗΡΙΟΤΗΤΕΣ,Ιούλιος,100,19
9411,ΑΘΛΗΤΙΚΕΣ ΔΡΑΣΤΗΡΙΟΤΗΤΕΣ,Αύγουστος,100,19
9411,ΑΘΛΗΤΙΚΕΣ ΔΡΑΣΤΗΡΙΟΤΗΤΕΣ,Σεπτέμβριος,100,19
9411,ΑΘΛΗΤΙΚΕΣ ΔΡΑΣΤΗΡΙΟΤΗΤΕΣ,Οκτώβριος,100,19
9411,ΑΘΛΗΤΙΚΕΣ ΔΡΑΣΤΗΡΙΟΤΗΤΕΣ,Νοέμβριος,100,19
9411,ΑΘΛΗΤΙΚΕΣ ΔΡΑΣΤΗΡΙΟΤΗΤΕΣ,Δεκέμβριος,100,19
9411,ΑΘΛΗΤΙΚΕΣ ΔΡΑΣΤΗΡΙΟΤΗΤΕΣ,ΕΤΗΣΙΟΣ,99,93
9412,ΔΡΑΣΤΗΡΙΟΤΗΤΕΣ ΕΛΕΥΘΕΡΟΥ ΧΡΟΝΟΥ,W%0,1,38
9412,ΔΡΑΣΤΗΡΙΟΤΗΤΕΣ ΕΛΕΥΘΕΡΟΥ ΧΡΟΝΟΥ,Ιανουάριος,96,1
9412,ΔΡΑΣΤΗΡΙΟΤΗΤΕΣ ΕΛΕΥΘΕΡΟΥ ΧΡΟΝΟΥ,Φεβρουάριος,96,1
9412,ΔΡΑΣΤΗΡΙΟΤΗΤΕΣ ΕΛΕΥΘΕΡΟΥ ΧΡΟΝΟΥ,Μάρτιος,96,1
9412,ΔΡΑΣΤΗΡΙΟΤΗΤΕΣ ΕΛΕΥΘΕΡΟΥ ΧΡΟΝΟΥ,Απρίλιος,96,1
9412,ΔΡΑΣΤΗΡΙΟΤΗΤΕΣ ΕΛΕΥΘΕΡΟΥ ΧΡΟΝΟΥ,Μάιος,96,1
9412,ΔΡΑΣΤΗΡΙΟΤΗΤΕΣ ΕΛΕΥΘΕΡΟΥ ΧΡΟΝΟΥ,Ιούνιος,96,1
9412,ΔΡΑΣΤΗΡΙΟΤΗΤΕΣ ΕΛΕΥΘΕΡΟΥ ΧΡΟΝΟΥ,Ιούλιος,95,93
9412,ΔΡΑΣΤΗΡΙΟΤΗΤΕΣ ΕΛΕΥΘΕΡΟΥ ΧΡΟΝΟΥ,Αύγουστος,95,93
9412,ΔΡΑΣΤΗΡΙΟΤΗΤΕΣ ΕΛΕΥΘΕΡΟΥ ΧΡΟΝΟΥ,Σεπτέμβριος,96,6
9412,ΔΡΑΣΤΗΡΙΟΤΗΤΕΣ ΕΛΕΥΘΕΡΟΥ ΧΡΟΝΟΥ,Οκτώβριος,96,6
9412,ΔΡΑΣΤΗΡΙΟΤΗΤΕΣ ΕΛΕΥΘΕΡΟΥ ΧΡΟΝΟΥ,Νοέμβριος,96,6
9412,ΔΡΑΣΤΗΡΙΟΤΗΤΕΣ ΕΛΕΥΘΕΡΟΥ ΧΡΟΝΟΥ,Δεκέμβριος,96,6
9412,ΔΡΑΣΤΗΡΙΟΤΗΤΕΣ ΕΛΕΥΘΕΡΟΥ ΧΡΟΝΟΥ,ΕΤΗΣΙΟΣ,96,2
941,ΑΘΛΗΤΙΚΕΣ ΔΡΑΣΤΗΡΙΟΤΗΤΕΣ & ΕΛΕΥΘΕΡΟΥ ΧΡΟΝΟΥ,W%0,2,34
941,ΑΘΛΗΤΙΚΕΣ ΔΡΑΣΤΗΡΙΟΤΗΤΕΣ & ΕΛΕΥΘΕΡΟΥ ΧΡΟΝΟΥ,Ιανουάριος,97,0
941,ΑΘΛΗΤΙΚΕΣ ΔΡΑΣΤΗΡΙΟΤΗΤΕΣ & ΕΛΕΥΘΕΡΟΥ ΧΡΟΝΟΥ,Φεβρουάριος,97,0
941,ΑΘΛΗΤΙΚΕΣ ΔΡΑΣΤΗΡΙΟΤΗΤΕΣ & ΕΛΕΥΘΕΡΟΥ ΧΡΟΝΟΥ,Μάρτιος,97,0
941,ΑΘΛΗΤΙΚΕΣ ΔΡΑΣΤΗΡΙΟΤΗΤΕΣ & ΕΛΕΥΘΕΡΟΥ ΧΡΟΝΟΥ,Απρίλιος,97,0
941,ΑΘΛΗΤΙΚΕΣ ΔΡΑΣΤΗΡΙΟΤΗΤΕΣ & ΕΛΕΥΘΕΡΟΥ ΧΡΟΝΟΥ,Μάιος,97,0
941,ΑΘΛΗΤΙΚΕΣ ΔΡΑΣΤΗΡΙΟΤΗΤΕΣ & ΕΛΕΥΘΕΡΟΥ ΧΡΟΝΟΥ,Ιούνιος,97,25
941,ΑΘΛΗΤΙΚΕΣ ΔΡΑΣΤΗΡΙΟΤΗΤΕΣ & ΕΛΕΥΘΕΡΟΥ ΧΡΟΝΟΥ,Ιούλιος,97,20
941,ΑΘΛΗΤΙΚΕΣ ΔΡΑΣΤΗΡΙΟΤΗΤΕΣ & ΕΛΕΥΘΕΡΟΥ ΧΡΟΝΟΥ,Αύγουστος,97,20
941,ΑΘΛΗΤΙΚΕΣ ΔΡΑΣΤΗΡΙΟΤΗΤΕΣ & ΕΛΕΥΘΕΡΟΥ ΧΡΟΝΟΥ,Σεπτέμβριος,97,28
941,ΑΘΛΗΤΙΚΕΣ ΔΡΑΣΤΗΡΙΟΤΗΤΕΣ & ΕΛΕΥΘΕΡΟΥ ΧΡΟΝΟΥ,Οκτώβριος,97,28
941,ΑΘΛΗΤΙΚΕΣ ΔΡΑΣΤΗΡΙΟΤΗΤΕΣ & ΕΛΕΥΘΕΡΟΥ ΧΡΟΝΟΥ,Νοέμβριος,97,28
941,ΑΘΛΗΤΙΚΕΣ ΔΡΑΣΤΗΡΙΟΤΗΤΕΣ & ΕΛΕΥΘΕΡΟΥ ΧΡΟΝΟΥ,Δεκέμβριος,97,28
941,ΑΘΛΗΤΙΚΕΣ ΔΡΑΣΤΗΡΙΟΤΗΤΕΣ & ΕΛΕΥΘΕΡΟΥ ΧΡΟΝΟΥ,ΕΤΗΣΙΟΣ,97,15
9421,ΚΙΝΗΜΑΤΟΓΡΑΦΟΙ-ΘΕΑΤΡΑ-ΚΟΝΣΕΡΤΑ,W%0,4,9
9421,ΚΙΝΗΜΑΤΟΓΡΑΦΟΙ-ΘΕΑΤΡΑ-ΚΟΝΣΕΡΤΑ,Ιανουάριος,100,59
9421,ΚΙΝΗΜΑΤΟΓΡΑΦΟΙ-ΘΕΑΤΡΑ-ΚΟΝΣΕΡΤΑ,Φεβρουάριος,100,59
9421,ΚΙΝΗΜΑΤΟΓΡΑΦΟΙ-ΘΕΑΤΡΑ-ΚΟΝΣΕΡΤΑ,Μάρτιος,100,59
9421,ΚΙΝΗΜΑΤΟΓΡΑΦΟΙ-ΘΕΑΤΡΑ-ΚΟΝΣΕΡΤΑ,Απρίλιος,100,59
9421,ΚΙΝΗΜΑΤΟΓΡΑΦΟΙ-ΘΕΑΤΡΑ-ΚΟΝΣΕΡΤΑ,Μάιος,100,59
9421,ΚΙΝΗΜΑΤΟΓΡΑΦΟΙ-ΘΕΑΤΡΑ-ΚΟΝΣΕΡΤΑ,Ιούνιος,100,59
9421,ΚΙΝΗΜΑΤΟΓΡΑΦΟΙ-ΘΕΑΤΡΑ-ΚΟΝΣΕΡΤΑ,Ιούλιος,99,45
9421,ΚΙΝΗΜΑΤΟΓΡΑΦΟΙ-ΘΕΑΤΡΑ-ΚΟΝΣΕΡΤΑ,Αύγουστος,99,45
9421,ΚΙΝΗΜΑΤΟΓΡΑΦΟΙ-ΘΕΑΤΡΑ-ΚΟΝΣΕΡΤΑ,Σεπτέμβριος,99,45
9421,ΚΙΝΗΜΑΤΟΓΡΑΦΟΙ-ΘΕΑΤΡΑ-ΚΟΝΣΕΡΤΑ,Οκτώβριος,99,45
9421,ΚΙΝΗΜΑΤΟΓΡΑΦΟΙ-ΘΕΑΤΡΑ-ΚΟΝΣΕΡΤΑ,Νοέμβριος,99,45
9421,ΚΙΝΗΜΑΤΟΓΡΑΦΟΙ-ΘΕΑΤΡΑ-ΚΟΝΣΕΡΤΑ,Δεκέμβριος,99,45
9421,ΚΙΝΗΜΑΤΟΓΡΑΦΟΙ-ΘΕΑΤΡΑ-ΚΟΝΣΕΡΤΑ,ΕΤΗΣΙΟΣ,100,2
9422,ΜΟΥΣΕΙΑ-ΒΙΒΛΙΟΘΗΚΕΣ-ΖΩΟΛΟΓΙΚΟΙ ΚΗΠΟΙ,W%0,0,3
9422,ΜΟΥΣΕΙΑ-ΒΙΒΛΙΟΘΗΚΕΣ-ΖΩΟΛΟΓΙΚΟΙ ΚΗΠΟΙ,Ιανουάριος,111,79
9422,ΜΟΥΣΕΙΑ-ΒΙΒΛΙΟΘΗΚΕΣ-ΖΩΟΛΟΓΙΚΟΙ ΚΗΠΟΙ,Φεβρουάριος,111,79
9422,ΜΟΥΣΕΙΑ-ΒΙΒΛΙΟΘΗΚΕΣ-ΖΩΟΛΟΓΙΚΟΙ ΚΗΠΟΙ,Μάρτιος,111,79
9422,ΜΟΥΣΕΙΑ-ΒΙΒΛΙΟΘΗΚΕΣ-ΖΩΟΛΟΓΙΚΟΙ ΚΗΠΟΙ,Απρίλιος,220,54
9422,ΜΟΥΣΕΙΑ-ΒΙΒΛΙΟΘΗΚΕΣ-ΖΩΟΛΟΓΙΚΟΙ ΚΗΠΟΙ,Μάιος,220,54
9422,ΜΟΥΣΕΙΑ-ΒΙΒΛΙΟΘΗΚΕΣ-ΖΩΟΛΟΓΙΚΟΙ ΚΗΠΟΙ,Ιούνιος,220,54
9422,ΜΟΥΣΕΙΑ-ΒΙΒΛΙΟΘΗΚΕΣ-ΖΩΟΛΟΓΙΚΟΙ ΚΗΠΟΙ,Ιούλιος,220,54
9422,ΜΟΥΣΕΙΑ-ΒΙΒΛΙΟΘΗΚΕΣ-ΖΩΟΛΟΓΙΚΟΙ ΚΗΠΟΙ,Αύγουστος,220,54
9422,ΜΟΥΣΕΙΑ-ΒΙΒΛΙΟΘΗΚΕΣ-ΖΩΟΛΟΓΙΚΟΙ ΚΗΠΟΙ,Σεπτέμβριος,220,54
9422,ΜΟΥΣΕΙΑ-ΒΙΒΛΙΟΘΗΚΕΣ-ΖΩΟΛΟΓΙΚΟΙ ΚΗΠΟΙ,Οκτώβριος,220,54
9422,ΜΟΥΣΕΙΑ-ΒΙΒΛΙΟΘΗΚΕΣ-ΖΩΟΛΟΓΙΚΟΙ ΚΗΠΟΙ,Νοέμβριος,112,92
9422,ΜΟΥΣΕΙΑ-ΒΙΒΛΙΟΘΗΚΕΣ-ΖΩΟΛΟΓΙΚΟΙ ΚΗΠΟΙ,Δεκέμβριος,112,92
9422,ΜΟΥΣΕΙΑ-ΒΙΒΛΙΟΘΗΚΕΣ-ΖΩΟΛΟΓΙΚΟΙ ΚΗΠΟΙ,ΕΤΗΣΙΟΣ,175,42
9423,ΕΙΣΦΟPA ΕΡΤ - ΣΥΝΔΡΟΜΗΤΙΚΗ ΤΗΛΕΟΡΑΣΗ,W%0,3,9
9423,ΕΙΣΦΟPA ΕΡΤ - ΣΥΝΔΡΟΜΗΤΙΚΗ ΤΗΛΕΟΡΑΣΗ,Ιανουάριος,108,36
9423,ΕΙΣΦΟPA ΕΡΤ - ΣΥΝΔΡΟΜΗΤΙΚΗ ΤΗΛΕΟΡΑΣΗ,Φεβρουάριος,108,36
9423,ΕΙΣΦΟPA ΕΡΤ - ΣΥΝΔΡΟΜΗΤΙΚΗ ΤΗΛΕΟΡΑΣΗ,Μάρτιος,108,36
9423,ΕΙΣΦΟPA ΕΡΤ - ΣΥΝΔΡΟΜΗΤΙΚΗ ΤΗΛΕΟΡΑΣΗ,Απρίλιος,108,36
9423,ΕΙΣΦΟPA ΕΡΤ - ΣΥΝΔΡΟΜΗΤΙΚΗ ΤΗΛΕΟΡΑΣΗ,Μάιος,108,36
9423,ΕΙΣΦΟPA ΕΡΤ - ΣΥΝΔΡΟΜΗΤΙΚΗ ΤΗΛΕΟΡΑΣΗ,Ιούνιος,108,36
9423,ΕΙΣΦΟPA ΕΡΤ - ΣΥΝΔΡΟΜΗΤΙΚΗ ΤΗΛΕΟΡΑΣΗ,Ιούλιος,108,36
9423,ΕΙΣΦΟPA ΕΡΤ - ΣΥΝΔΡΟΜΗΤΙΚΗ ΤΗΛΕΟΡΑΣΗ,Αύγουστος,108,36
9423,ΕΙΣΦΟPA ΕΡΤ - ΣΥΝΔΡΟΜΗΤΙΚΗ ΤΗΛΕΟΡΑΣΗ,Σεπτέμβριος,108,36
9423,ΕΙΣΦΟPA ΕΡΤ - ΣΥΝΔΡΟΜΗΤΙΚΗ ΤΗΛΕΟΡΑΣΗ,Οκτώβριος,108,36
9423,ΕΙΣΦΟPA ΕΡΤ - ΣΥΝΔΡΟΜΗΤΙΚΗ ΤΗΛΕΟΡΑΣΗ,Νοέμβριος,108,36
9423,ΕΙΣΦΟPA ΕΡΤ - ΣΥΝΔΡΟΜΗΤΙΚΗ ΤΗΛΕΟΡΑΣΗ,Δεκέμβριος,108,36
9423,ΕΙΣΦΟPA ΕΡΤ - ΣΥΝΔΡΟΜΗΤΙΚΗ ΤΗΛΕΟΡΑΣΗ,ΕΤΗΣΙΟΣ,108,36
9424,ΕΝΟΙΚΙΑΣΗ ΕΙΔΩΝ ΑΝΑΨΥΧΗΣ,W%0,0,5
9424,ΕΝΟΙΚΙΑΣΗ ΕΙΔΩΝ ΑΝΑΨΥΧΗΣ,Ιανουάριος,97,79
9424,ΕΝΟΙΚΙΑΣΗ ΕΙΔΩΝ ΑΝΑΨΥΧΗΣ,Φεβρουάριος,97,79
9424,ΕΝΟΙΚΙΑΣΗ ΕΙΔΩΝ ΑΝΑΨΥΧΗΣ,Μάρτιος,97,79
9424,ΕΝΟΙΚΙΑΣΗ ΕΙΔΩΝ ΑΝΑΨΥΧΗΣ,Απρίλιος,97,79
9424,ΕΝΟΙΚΙΑΣΗ ΕΙΔΩΝ ΑΝΑΨΥΧΗΣ,Μάιος,97,79
9424,ΕΝΟΙΚΙΑΣΗ ΕΙΔΩΝ ΑΝΑΨΥΧΗΣ,Ιούνιος,97,79
9424,ΕΝΟΙΚΙΑΣΗ ΕΙΔΩΝ ΑΝΑΨΥΧΗΣ,Ιούλιος,97,79
9424,ΕΝΟΙΚΙΑΣΗ ΕΙΔΩΝ ΑΝΑΨΥΧΗΣ,Αύγουστος,97,79
9424,ΕΝΟΙΚΙΑΣΗ ΕΙΔΩΝ ΑΝΑΨΥΧΗΣ,Σεπτέμβριος,97,79
9424,ΕΝΟΙΚΙΑΣΗ ΕΙΔΩΝ ΑΝΑΨΥΧΗΣ,Οκτώβριος,97,79
9424,ΕΝΟΙΚΙΑΣΗ ΕΙΔΩΝ ΑΝΑΨΥΧΗΣ,Νοέμβριος,97,79
9424,ΕΝΟΙΚΙΑΣΗ ΕΙΔΩΝ ΑΝΑΨΥΧΗΣ,Δεκέμβριος,97,79
9424,ΕΝΟΙΚΙΑΣΗ ΕΙΔΩΝ ΑΝΑΨΥΧΗΣ,ΕΤΗΣΙΟΣ,97,79
9425,ΦΩΤΟΓΡΑΦΙΚΕΣ ΥΠΗΡΕΣΙΕΣ,W%0,0,56
9425,ΦΩΤΟΓΡΑΦΙΚΕΣ ΥΠΗΡΕΣΙΕΣ,Ιανουάριος,100,32
9425,ΦΩΤΟΓΡΑΦΙΚΕΣ ΥΠΗΡΕΣΙΕΣ,Φεβρουάριος,100,32
9425,ΦΩΤΟΓΡΑΦΙΚΕΣ ΥΠΗΡΕΣΙΕΣ,Μάρτιος,100,32
9425,ΦΩΤΟΓΡΑΦΙΚΕΣ ΥΠΗΡΕΣΙΕΣ,Απρίλιος,100,32
9425,ΦΩΤΟΓΡΑΦΙΚΕΣ ΥΠΗΡΕΣΙΕΣ,Μάιος,100,32
9425,ΦΩΤΟΓΡΑΦΙΚΕΣ ΥΠΗΡΕΣΙΕΣ,Ιούνιος,100,32
9425,ΦΩΤΟΓΡΑΦΙΚΕΣ ΥΠΗΡΕΣΙΕΣ,Ιούλιος,100,32
9425,ΦΩΤΟΓΡΑΦΙΚΕΣ ΥΠΗΡΕΣΙΕΣ,Αύγουστος,100,32
9425,ΦΩΤΟΓΡΑΦΙΚΕΣ ΥΠΗΡΕΣΙΕΣ,Σεπτέμβριος,100,32
9425,ΦΩΤΟΓΡΑΦΙΚΕΣ ΥΠΗΡΕΣΙΕΣ,Οκτώβριος,100,32
9425,ΦΩΤΟΓΡΑΦΙΚΕΣ ΥΠΗΡΕΣΙΕΣ,Νοέμβριος,100,48
9425,ΦΩΤΟΓΡΑΦΙΚΕΣ ΥΠΗΡΕΣΙΕΣ,Δεκέμβριος,100,48
9425,ΦΩΤΟΓΡΑΦΙΚΕΣ ΥΠΗΡΕΣΙΕΣ,ΕΤΗΣΙΟΣ,100,35
942,ΠΟΛΙΤΙΣΤΙΚΕΣ ΔΡΑΣΤΗΡΙΟΤΗΤΕΣ,W%0,7,82
942,ΠΟΛΙΤΙΣΤΙΚΕΣ ΔΡΑΣΤΗΡΙΟΤΗΤΕΣ,Ιανουάριος,104,4
942,ΠΟΛΙΤΙΣΤΙΚΕΣ ΔΡΑΣΤΗΡΙΟΤΗΤΕΣ,Φεβρουάριος,104,4
942,ΠΟΛΙΤΙΣΤΙΚΕΣ ΔΡΑΣΤΗΡΙΟΤΗΤΕΣ,Μάρτιος,104,4
942,ΠΟΛΙΤΙΣΤΙΚΕΣ ΔΡΑΣΤΗΡΙΟΤΗΤΕΣ,Απρίλιος,104,48
942,ΠΟΛΙΤΙΣΤΙΚΕΣ ΔΡΑΣΤΗΡΙΟΤΗΤΕΣ,Μάιος,104,48
942,ΠΟΛΙΤΙΣΤΙΚΕΣ ΔΡΑΣΤΗΡΙΟΤΗΤΕΣ,Ιούνιος,104,48
942,ΠΟΛΙΤΙΣΤΙΚΕΣ ΔΡΑΣΤΗΡΙΟΤΗΤΕΣ,Ιούλιος,103,85
942,ΠΟΛΙΤΙΣΤΙΚΕΣ ΔΡΑΣΤΗΡΙΟΤΗΤΕΣ,Αύγουστος,103,85
942,ΠΟΛΙΤΙΣΤΙΚΕΣ ΔΡΑΣΤΗΡΙΟΤΗΤΕΣ,Σεπτέμβριος,103,85
942,ΠΟΛΙΤΙΣΤΙΚΕΣ ΔΡΑΣΤΗΡΙΟΤΗΤΕΣ,Οκτώβριος,103,85
942,ΠΟΛΙΤΙΣΤΙΚΕΣ ΔΡΑΣΤΗΡΙΟΤΗΤΕΣ,Νοέμβριος,103,44
942,ΠΟΛΙΤΙΣΤΙΚΕΣ ΔΡΑΣΤΗΡΙΟΤΗΤΕΣ,Δεκέμβριος,103,44
942,ΠΟΛΙΤΙΣΤΙΚΕΣ ΔΡΑΣΤΗΡΙΟΤΗΤΕΣ,ΕΤΗΣΙΟΣ,103,99
94,ΨΥΧΑΓΩΓΙΚΕΣ ΚΑΙ ΠΟΛΙΤΙΣΤΙΚΕΣ ΥΠΗΡΕΣΙΕΣ,W%0,10,15
94,ΨΥΧΑΓΩΓΙΚΕΣ ΚΑΙ ΠΟΛΙΤΙΣΤΙΚΕΣ ΥΠΗΡΕΣΙΕΣ,Ιανουάριος,102,62
94,ΨΥΧΑΓΩΓΙΚΕΣ ΚΑΙ ΠΟΛΙΤΙΣΤΙΚΕΣ ΥΠΗΡΕΣΙΕΣ,Φεβρουάριος,102,62
94,ΨΥΧΑΓΩΓΙΚΕΣ ΚΑΙ ΠΟΛΙΤΙΣΤΙΚΕΣ ΥΠΗΡΕΣΙΕΣ,Μάρτιος,102,62
94,ΨΥΧΑΓΩΓΙΚΕΣ ΚΑΙ ΠΟΛΙΤΙΣΤΙΚΕΣ ΥΠΗΡΕΣΙΕΣ,Απρίλιος,102,95
94,ΨΥΧΑΓΩΓΙΚΕΣ ΚΑΙ ΠΟΛΙΤΙΣΤΙΚΕΣ ΥΠΗΡΕΣΙΕΣ,Μάιος,102,95
94,ΨΥΧΑΓΩΓΙΚΕΣ ΚΑΙ ΠΟΛΙΤΙΣΤΙΚΕΣ ΥΠΗΡΕΣΙΕΣ,Ιούνιος,103,1
94,ΨΥΧΑΓΩΓΙΚΕΣ ΚΑΙ ΠΟΛΙΤΙΣΤΙΚΕΣ ΥΠΗΡΕΣΙΕΣ,Ιούλιος,102,53
94,ΨΥΧΑΓΩΓΙΚΕΣ ΚΑΙ ΠΟΛΙΤΙΣΤΙΚΕΣ ΥΠΗΡΕΣΙΕΣ,Αύγουστος,102,53
94,ΨΥΧΑΓΩΓΙΚΕΣ ΚΑΙ ΠΟΛΙΤΙΣΤΙΚΕΣ ΥΠΗΡΕΣΙΕΣ,Σεπτέμβριος,102,54
94,ΨΥΧΑΓΩΓΙΚΕΣ ΚΑΙ ΠΟΛΙΤΙΣΤΙΚΕΣ ΥΠΗΡΕΣΙΕΣ,Οκτώβριος,102,54
94,ΨΥΧΑΓΩΓΙΚΕΣ ΚΑΙ ΠΟΛΙΤΙΣΤΙΚΕΣ ΥΠΗΡΕΣΙΕΣ,Νοέμβριος,102,23
94,ΨΥΧΑΓΩΓΙΚΕΣ ΚΑΙ ΠΟΛΙΤΙΣΤΙΚΕΣ ΥΠΗΡΕΣΙΕΣ,Δεκέμβριος,102,23
94,ΨΥΧΑΓΩΓΙΚΕΣ ΚΑΙ ΠΟΛΙΤΙΣΤΙΚΕΣ ΥΠΗΡΕΣΙΕΣ,ΕΤΗΣΙΟΣ,102,61
9511,ΛΟΓΟΤΕΧΝΙΚΑ ΒΙΒΛΙΑ,W%0,0,94
9511,ΛΟΓΟΤΕΧΝΙΚΑ ΒΙΒΛΙΑ,Ιανουάριος,95,17
9511,ΛΟΓΟΤΕΧΝΙΚΑ ΒΙΒΛΙΑ,Φεβρουάριος,95,17
9511,ΛΟΓΟΤΕΧΝΙΚΑ ΒΙΒΛΙΑ,Μάρτιος,95,17
9511,ΛΟΓΟΤΕΧΝΙΚΑ ΒΙΒΛΙΑ,Απρίλιος,95,17
9511,ΛΟΓΟΤΕΧΝΙΚΑ ΒΙΒΛΙΑ,Μάιος,95,17
9511,ΛΟΓΟΤΕΧΝΙΚΑ ΒΙΒΛΙΑ,Ιούνιος,95,17
9511,ΛΟΓΟΤΕΧΝΙΚΑ ΒΙΒΛΙΑ,Ιούλιος,94,90
9511,ΛΟΓΟΤΕΧΝΙΚΑ ΒΙΒΛΙΑ,Αύγουστος,94,90
9511,ΛΟΓΟΤΕΧΝΙΚΑ ΒΙΒΛΙΑ,Σεπτέμβριος,94,84
9511,ΛΟΓΟΤΕΧΝΙΚΑ ΒΙΒΛΙΑ,Οκτώβριος,94,79
9511,ΛΟΓΟΤΕΧΝΙΚΑ ΒΙΒΛΙΑ,Νοέμβριος,94,79
9511,ΛΟΓΟΤΕΧΝΙΚΑ ΒΙΒΛΙΑ,Δεκέμβριος,94,79
9511,ΛΟΓΟΤΕΧΝΙΚΑ ΒΙΒΛΙΑ,ΕΤΗΣΙΟΣ,95,
9512,ΕΚΠΑΙΔΕΥΤΙΚΑ ΒΙΒΛΙΑ,W%0,0,72
9512,ΕΚΠΑΙΔΕΥΤΙΚΑ ΒΙΒΛΙΑ,Ιανουάριος,99,88
9512,ΕΚΠΑΙΔΕΥΤΙΚΑ ΒΙΒΛΙΑ,Φεβρουάριος,99,62
9512,ΕΚΠΑΙΔΕΥΤΙΚΑ ΒΙΒΛΙΑ,Μάρτιος,99,37
9512,ΕΚΠΑΙΔΕΥΤΙΚΑ ΒΙΒΛΙΑ,Απρίλιος,98,34
9512,ΕΚΠΑΙΔΕΥΤΙΚΑ ΒΙΒΛΙΑ,Μάιος,98,19
9512,ΕΚΠΑΙΔΕΥΤΙΚΑ ΒΙΒΛΙΑ,Ιούνιος,98,11
9512,ΕΚΠΑΙΔΕΥΤΙΚΑ ΒΙΒΛΙΑ,Ιούλιος,98,10
9512,ΕΚΠΑΙΔΕΥΤΙΚΑ ΒΙΒΛΙΑ,Αύγουστος,98,4
9512,ΕΚΠΑΙΔΕΥΤΙΚΑ ΒΙΒΛΙΑ,Σεπτέμβριος,98,56
9512,ΕΚΠΑΙΔΕΥΤΙΚΑ ΒΙΒΛΙΑ,Οκτώβριος,98,56
9512,ΕΚΠΑΙΔΕΥΤΙΚΑ ΒΙΒΛΙΑ,Νοέμβριος,98,56
9512,ΕΚΠΑΙΔΕΥΤΙΚΑ ΒΙΒΛΙΑ,Δεκέμβριος,98,57
9512,ΕΚΠΑΙΔΕΥΤΙΚΑ ΒΙΒΛΙΑ,ΕΤΗΣΙΟΣ,98,66
9513,ΕΓΧΕΙΡΙΔΙΑ ΚΑΙ ΟΔΗΓΟΙ,W%0,0,66
9513,ΕΓΧΕΙΡΙΔΙΑ ΚΑΙ ΟΔΗΓΟΙ,Ιανουάριος,98,62
9513,ΕΓΧΕΙΡΙΔΙΑ ΚΑΙ ΟΔΗΓΟΙ,Φεβρουάριος,97,93
9513,ΕΓΧΕΙΡΙΔΙΑ ΚΑΙ ΟΔΗΓΟΙ,Μάρτιος,97,92
9513,ΕΓΧΕΙΡΙΔΙΑ ΚΑΙ ΟΔΗΓΟΙ,Απρίλιος,97,92
9513,ΕΓΧΕΙΡΙΔΙΑ ΚΑΙ ΟΔΗΓΟΙ,Μάιος,97,92
9513,ΕΓΧΕΙΡΙΔΙΑ ΚΑΙ ΟΔΗΓΟΙ,Ιούνιος,97,93
9513,ΕΓΧΕΙΡΙΔΙΑ ΚΑΙ ΟΔΗΓΟΙ,Ιούλιος,96,11
9513,ΕΓΧΕΙΡΙΔΙΑ ΚΑΙ ΟΔΗΓΟΙ,Αύγουστος,96,0
9513,ΕΓΧΕΙΡΙΔΙΑ ΚΑΙ ΟΔΗΓΟΙ,Σεπτέμβριος,95,93
9513,ΕΓΧΕΙΡΙΔΙΑ ΚΑΙ ΟΔΗΓΟΙ,Οκτώβριος,95,93
9513,ΕΓΧΕΙΡΙΔΙΑ ΚΑΙ ΟΔΗΓΟΙ,Νοέμβριος,94,99
9513,ΕΓΧΕΙΡΙΔΙΑ ΚΑΙ ΟΔΗΓΟΙ,Δεκέμβριος,94,99
9513,ΕΓΧΕΙΡΙΔΙΑ ΚΑΙ ΟΔΗΓΟΙ,ΕΤΗΣΙΟΣ,96,85
951,ΒΙΒΛΙΑ,W%0,2,32
951,ΒΙΒΛΙΑ,Ιανουάριος,97,71
951,ΒΙΒΛΙΑ,Φεβρουάριος,97,44
951,ΒΙΒΛΙΑ,Μάρτιος,97,36
951,ΒΙΒΛΙΑ,Απρίλιος,97,5
951,ΒΙΒΛΙΑ,Μάιος,97,0
951,ΒΙΒΛΙΑ,Ιούνιος,96,99
951,ΒΙΒΛΙΑ,Ιούλιος,96,36
951,ΒΙΒΛΙΑ,Αύγουστος,96,31
951,ΒΙΒΛΙΑ,Σεπτέμβριος,96,42
951,ΒΙΒΛΙΑ,Οκτώβριος,96,40
951,ΒΙΒΛΙΑ,Νοέμβριος,96,14
951,ΒΙΒΛΙΑ,Δεκέμβριος,96,14
951,ΒΙΒΛΙΑ,ΕΤΗΣΙΟΣ,96,78
9521,ΕΦΗΜΕΡΙΔΕΣ,W%0,1,63
9521,ΕΦΗΜΕΡΙΔΕΣ,Ιανουάριος,100,10
9521,ΕΦΗΜΕΡΙΔΕΣ,Φεβρουάριος,100,10
9521,ΕΦΗΜΕΡΙΔΕΣ,Μάρτιος,100,10
9521,ΕΦΗΜΕΡΙΔΕΣ,Απρίλιος,100,10
9521,ΕΦΗΜΕΡΙΔΕΣ,Μάιος,100,10
9521,ΕΦΗΜΕΡΙΔΕΣ,Ιούνιος,100,10
9521,ΕΦΗΜΕΡΙΔΕΣ,Ιούλιος,100,10
9521,ΕΦΗΜΕΡΙΔΕΣ,Αύγουστος,100,10
9521,ΕΦΗΜΕΡΙΔΕΣ,Σεπτέμβριος,100,10
9521,ΕΦΗΜΕΡΙΔΕΣ,Οκτώβριος,100,10
9521,ΕΦΗΜΕΡΙΔΕΣ,Νοέμβριος,100,10
9521,ΕΦΗΜΕΡΙΔΕΣ,Δεκέμβριος,100,10
9521,ΕΦΗΜΕΡΙΔΕΣ,ΕΤΗΣΙΟΣ,100,1
9522,ΠΕΡΙΟΔΙΚΑ,W%0,0,76
9522,ΠΕΡΙΟΔΙΚΑ,Ιανουάριος,98,66
9522,ΠΕΡΙΟΔΙΚΑ,Φεβρουάριος,98,66
9522,ΠΕΡΙΟΔΙΚΑ,Μάρτιος,98,66
9522,ΠΕΡΙΟΔΙΚΑ,Απρίλιος,98,66
9522,ΠΕΡΙΟΔΙΚΑ,Μάιος,98,66
9522,ΠΕΡΙΟΔΙΚΑ,Ιούνιος,98,66
9522,ΠΕΡΙΟΔΙΚΑ,Ιούλιος,98,66
9522,ΠΕΡΙΟΔΙΚΑ,Αύγουστος,98,66
9522,ΠΕΡΙΟΔΙΚΑ,Σεπτέμβριος,98,66
9522,ΠΕΡΙΟΔΙΚΑ,Οκτώβριος,98,66
9522,ΠΕΡΙΟΔΙΚΑ,Νοέμβριος,98,66
9522,ΠΕΡΙΟΔΙΚΑ,Δεκέμβριος,98,66
9522,ΠΕΡΙΟΔΙΚΑ,ΕΤΗΣΙΟΣ,98,66
952,ΕΦΗΜΕΡΙΔΕΣ-ΠΕΡΙΟΔΙΚΑ,W%0,2,39
952,ΕΦΗΜΕΡΙΔΕΣ-ΠΕΡΙΟΔΙΚΑ,Ιανουάριος,99,64
952,ΕΦΗΜΕΡΙΔΕΣ-ΠΕΡΙΟΔΙΚΑ,Φεβρουάριος,99,64
952,ΕΦΗΜΕΡΙΔΕΣ-ΠΕΡΙΟΔΙΚΑ,Μάρτιος,99,64
952,ΕΦΗΜΕΡΙΔΕΣ-ΠΕΡΙΟΔΙΚΑ,Απρίλιος,99,64
952,ΕΦΗΜΕΡΙΔΕΣ-ΠΕΡΙΟΔΙΚΑ,Μάιος,99,64
952,ΕΦΗΜΕΡΙΔΕΣ-ΠΕΡΙΟΔΙΚΑ,Ιούνιος,99,64
952,ΕΦΗΜΕΡΙΔΕΣ-ΠΕΡΙΟΔΙΚΑ,Ιούλιος,99,64
952,ΕΦΗΜΕΡΙΔΕΣ-ΠΕΡΙΟΔΙΚΑ,Αύγουστος,99,64
952,ΕΦΗΜΕΡΙΔΕΣ-ΠΕΡΙΟΔΙΚΑ,Σεπτέμβριος,99,64
952,ΕΦΗΜΕΡΙΔΕΣ-ΠΕΡΙΟΔΙΚΑ,Οκτώβριος,99,64
952,ΕΦΗΜΕΡΙΔΕΣ-ΠΕΡΙΟΔΙΚΑ,Νοέμβριος,99,64
952,ΕΦΗΜΕΡΙΔΕΣ-ΠΕΡΙΟΔΙΚΑ,Δεκέμβριος,99,64
952,ΕΦΗΜΕΡΙΔΕΣ-ΠΕΡΙΟΔΙΚΑ,ΕΤΗΣΙΟΣ,99,64
953,ΔΙΑΦΟΡΑ ΕΝΤΥΠΑ,W%0,0,14
953,ΔΙΑΦΟΡΑ ΕΝΤΥΠΑ,Ιανουάριος,100,85
953,ΔΙΑΦΟΡΑ ΕΝΤΥΠΑ,Φεβρουάριος,100,85
953,ΔΙΑΦΟΡΑ ΕΝΤΥΠΑ,Μάρτιος,100,85
953,ΔΙΑΦΟΡΑ ΕΝΤΥΠΑ,Απρίλιος,100,85
953,ΔΙΑΦΟΡΑ ΕΝΤΥΠΑ,Μάιος,100,85
953,ΔΙΑΦΟΡΑ ΕΝΤΥΠΑ,Ιούνιος,100,85
953,ΔΙΑΦΟΡΑ ΕΝΤΥΠΑ,Ιούλιος,100,50
953,ΔΙΑΦΟΡΑ ΕΝΤΥΠΑ,Αύγουστος,100,50
953,ΔΙΑΦΟΡΑ ΕΝΤΥΠΑ,Σεπτέμβριος,101,3
953,ΔΙΑΦΟΡΑ ΕΝΤΥΠΑ,Οκτώβριος,101,3
953,ΔΙΑΦΟΡΑ ΕΝΤΥΠΑ,Νοέμβριος,101,3
953,ΔΙΑΦΟΡΑ ΕΝΤΥΠΑ,Δεκέμβριος,101,3
953,ΔΙΑΦΟΡΑ ΕΝΤΥΠΑ,ΕΤΗΣΙΟΣ,100,85
9541,ΓΡΑΦΙΚΗ ΥΛΗ ΑΠΟ ΧΑΡΤΙ,W%0,0,67
9541,ΓΡΑΦΙΚΗ ΥΛΗ ΑΠΟ ΧΑΡΤΙ,Ιανουάριος,99,58
9541,ΓΡΑΦΙΚΗ ΥΛΗ ΑΠΟ ΧΑΡΤΙ,Φεβρουάριος,99,52
9541,ΓΡΑΦΙΚΗ ΥΛΗ ΑΠΟ ΧΑΡΤΙ,Μάρτιος,99,54
9541,ΓΡΑΦΙΚΗ ΥΛΗ ΑΠΟ ΧΑΡΤΙ,Απρίλιος,99,55
9541,ΓΡΑΦΙΚΗ ΥΛΗ ΑΠΟ ΧΑΡΤΙ,Μάιος,100,0
9541,ΓΡΑΦΙΚΗ ΥΛΗ ΑΠΟ ΧΑΡΤΙ,Ιούνιος,100,2
9541,ΓΡΑΦΙΚΗ ΥΛΗ ΑΠΟ ΧΑΡΤΙ,Ιούλιος,100,27
9541,ΓΡΑΦΙΚΗ ΥΛΗ ΑΠΟ ΧΑΡΤΙ,Αύγουστος,100,27
9541,ΓΡΑΦΙΚΗ ΥΛΗ ΑΠΟ ΧΑΡΤΙ,Σεπτέμβριος,100,44
9541,ΓΡΑΦΙΚΗ ΥΛΗ ΑΠΟ ΧΑΡΤΙ,Οκτώβριος,100,48
9541,ΓΡΑΦΙΚΗ ΥΛΗ ΑΠΟ ΧΑΡΤΙ,Νοέμβριος,100,48
9541,ΓΡΑΦΙΚΗ ΥΛΗ ΑΠΟ ΧΑΡΤΙ,Δεκέμβριος,100,51
9541,ΓΡΑΦΙΚΗ ΥΛΗ ΑΠΟ ΧΑΡΤΙ,ΕΤΗΣΙΟΣ,100,5
9549,ΑΛΛΑ ΓΡΑΦΙΚΑ ΕΙΔΗ ΚΑΙ ΕΙΔΗ ΣΧΕΔΙΟΥ,W%0,1,80
9549,ΑΛΛΑ ΓΡΑΦΙΚΑ ΕΙΔΗ ΚΑΙ ΕΙΔΗ ΣΧΕΔΙΟΥ,Ιανουάριος,104,12
9549,ΑΛΛΑ ΓΡΑΦΙΚΑ ΕΙΔΗ ΚΑΙ ΕΙΔΗ ΣΧΕΔΙΟΥ,Φεβρουάριος,103,82
9549,ΑΛΛΑ ΓΡΑΦΙΚΑ ΕΙΔΗ ΚΑΙ ΕΙΔΗ ΣΧΕΔΙΟΥ,Μάρτιος,103,84
9549,ΑΛΛΑ ΓΡΑΦΙΚΑ ΕΙΔΗ ΚΑΙ ΕΙΔΗ ΣΧΕΔΙΟΥ,Απρίλιος,103,87
9549,ΑΛΛΑ ΓΡΑΦΙΚΑ ΕΙΔΗ ΚΑΙ ΕΙΔΗ ΣΧΕΔΙΟΥ,Μάιος,104,7
9549,ΑΛΛΑ ΓΡΑΦΙΚΑ ΕΙΔΗ ΚΑΙ ΕΙΔΗ ΣΧΕΔΙΟΥ,Ιούνιος,104,39
9549,ΑΛΛΑ ΓΡΑΦΙΚΑ ΕΙΔΗ ΚΑΙ ΕΙΔΗ ΣΧΕΔΙΟΥ,Ιούλιος,104,38
9549,ΑΛΛΑ ΓΡΑΦΙΚΑ ΕΙΔΗ ΚΑΙ ΕΙΔΗ ΣΧΕΔΙΟΥ,Αύγουστος,104,37
9549,ΑΛΛΑ ΓΡΑΦΙΚΑ ΕΙΔΗ ΚΑΙ ΕΙΔΗ ΣΧΕΔΙΟΥ,Σεπτέμβριος,104,33
9549,ΑΛΛΑ ΓΡΑΦΙΚΑ ΕΙΔΗ ΚΑΙ ΕΙΔΗ ΣΧΕΔΙΟΥ,Οκτώβριος,104,32
9549,ΑΛΛΑ ΓΡΑΦΙΚΑ ΕΙΔΗ ΚΑΙ ΕΙΔΗ ΣΧΕΔΙΟΥ,Νοέμβριος,104,15
9549,ΑΛΛΑ ΓΡΑΦΙΚΑ ΕΙΔΗ ΚΑΙ ΕΙΔΗ ΣΧΕΔΙΟΥ,Δεκέμβριος,104,19
9549,ΑΛΛΑ ΓΡΑΦΙΚΑ ΕΙΔΗ ΚΑΙ ΕΙΔΗ ΣΧΕΔΙΟΥ,ΕΤΗΣΙΟΣ,104,15
954,ΓΡΑΦΙΚΗ ΥΛΗ ΚΑΙ ΥΛΙΚΑ ΣΧΕΔΙΑΣΗΣ,W%0,2,47
954,ΓΡΑΦΙΚΗ ΥΛΗ ΚΑΙ ΥΛΙΚΑ ΣΧΕΔΙΑΣΗΣ,Ιανουάριος,102,32
954,ΓΡΑΦΙΚΗ ΥΛΗ ΚΑΙ ΥΛΙΚΑ ΣΧΕΔΙΑΣΗΣ,Φεβρουάριος,102,9
954,ΓΡΑΦΙΚΗ ΥΛΗ ΚΑΙ ΥΛΙΚΑ ΣΧΕΔΙΑΣΗΣ,Μάρτιος,102,10
954,ΓΡΑΦΙΚΗ ΥΛΗ ΚΑΙ ΥΛΙΚΑ ΣΧΕΔΙΑΣΗΣ,Απρίλιος,102,13
954,ΓΡΑΦΙΚΗ ΥΛΗ ΚΑΙ ΥΛΙΚΑ ΣΧΕΔΙΑΣΗΣ,Μάιος,102,40
954,ΓΡΑΦΙΚΗ ΥΛΗ ΚΑΙ ΥΛΙΚΑ ΣΧΕΔΙΑΣΗΣ,Ιούνιος,102,64
954,ΓΡΑΦΙΚΗ ΥΛΗ ΚΑΙ ΥΛΙΚΑ ΣΧΕΔΙΑΣΗΣ,Ιούλιος,102,70
954,ΓΡΑΦΙΚΗ ΥΛΗ ΚΑΙ ΥΛΙΚΑ ΣΧΕΔΙΑΣΗΣ,Αύγουστος,102,69
954,ΓΡΑΦΙΚΗ ΥΛΗ ΚΑΙ ΥΛΙΚΑ ΣΧΕΔΙΑΣΗΣ,Σεπτέμβριος,102,71
954,ΓΡΑΦΙΚΗ ΥΛΗ ΚΑΙ ΥΛΙΚΑ ΣΧΕΔΙΑΣΗΣ,Οκτώβριος,102,71
954,ΓΡΑΦΙΚΗ ΥΛΗ ΚΑΙ ΥΛΙΚΑ ΣΧΕΔΙΑΣΗΣ,Νοέμβριος,102,59
954,ΓΡΑΦΙΚΗ ΥΛΗ ΚΑΙ ΥΛΙΚΑ ΣΧΕΔΙΑΣΗΣ,Δεκέμβριος,102,63
954,ΓΡΑΦΙΚΗ ΥΛΗ ΚΑΙ ΥΛΙΚΑ ΣΧΕΔΙΑΣΗΣ,ΕΤΗΣΙΟΣ,102,47
95,ΒΙΒΛΙΑ ΚΑΙ ΧΑΡΤΙΚΑ ΕΙΔΗ,W%0,7,32
95,ΒΙΒΛΙΑ ΚΑΙ ΧΑΡΤΙΚΑ ΕΙΔΗ,Ιανουάριος,99,71
95,ΒΙΒΛΙΑ ΚΑΙ ΧΑΡΤΙΚΑ ΕΙΔΗ,Φεβρουάριος,99,54
95,ΒΙΒΛΙΑ ΚΑΙ ΧΑΡΤΙΚΑ ΕΙΔΗ,Μάρτιος,99,52
95,ΒΙΒΛΙΑ ΚΑΙ ΧΑΡΤΙΚΑ ΕΙΔΗ,Απρίλιος,99,43
95,ΒΙΒΛΙΑ ΚΑΙ ΧΑΡΤΙΚΑ ΕΙΔΗ,Μάιος,99,50
95,ΒΙΒΛΙΑ ΚΑΙ ΧΑΡΤΙΚΑ ΕΙΔΗ,Ιούνιος,99,57
95,ΒΙΒΛΙΑ ΚΑΙ ΧΑΡΤΙΚΑ ΕΙΔΗ,Ιούλιος,99,38
95,ΒΙΒΛΙΑ ΚΑΙ ΧΑΡΤΙΚΑ ΕΙΔΗ,Αύγουστος,99,37
95,ΒΙΒΛΙΑ ΚΑΙ ΧΑΡΤΙΚΑ ΕΙΔΗ,Σεπτέμβριος,99,42
95,ΒΙΒΛΙΑ ΚΑΙ ΧΑΡΤΙΚΑ ΕΙΔΗ,Οκτώβριος,99,41
95,ΒΙΒΛΙΑ ΚΑΙ ΧΑΡΤΙΚΑ ΕΙΔΗ,Νοέμβριος,99,28
95,ΒΙΒΛΙΑ ΚΑΙ ΧΑΡΤΙΚΑ ΕΙΔΗ,Δεκέμβριος,99,30
95,ΒΙΒΛΙΑ ΚΑΙ ΧΑΡΤΙΚΑ ΕΙΔΗ,ΕΤΗΣΙΟΣ,99,45
9601,ΠΑΚΕΤΟ ΔΙΑΚΟΠΩΝ ΕΣΩΤΕΡΙΚΟΥ,W%0,2,91
9601,ΠΑΚΕΤΟ ΔΙΑΚΟΠΩΝ ΕΣΩΤΕΡΙΚΟΥ,Ιανουάριος,103,50
9601,ΠΑΚΕΤΟ ΔΙΑΚΟΠΩΝ ΕΣΩΤΕΡΙΚΟΥ,Φεβρουάριος,102,2
9601,ΠΑΚΕΤΟ ΔΙΑΚΟΠΩΝ ΕΣΩΤΕΡΙΚΟΥ,Μάρτιος,101,75
9601,ΠΑΚΕΤΟ ΔΙΑΚΟΠΩΝ ΕΣΩΤΕΡΙΚΟΥ,Απρίλιος,105,23
9601,ΠΑΚΕΤΟ ΔΙΑΚΟΠΩΝ ΕΣΩΤΕΡΙΚΟΥ,Μάιος,103,13
9601,ΠΑΚΕΤΟ ΔΙΑΚΟΠΩΝ ΕΣΩΤΕΡΙΚΟΥ,Ιούνιος,101,94
9601,ΠΑΚΕΤΟ ΔΙΑΚΟΠΩΝ ΕΣΩΤΕΡΙΚΟΥ,Ιούλιος,101,87
9601,ΠΑΚΕΤΟ ΔΙΑΚΟΠΩΝ ΕΣΩΤΕΡΙΚΟΥ,Αύγουστος,101,61
9601,ΠΑΚΕΤΟ ΔΙΑΚΟΠΩΝ ΕΣΩΤΕΡΙΚΟΥ,Σεπτέμβριος,100,68
9601,ΠΑΚΕΤΟ ΔΙΑΚΟΠΩΝ ΕΣΩΤΕΡΙΚΟΥ,Οκτώβριος,100,59
9601,ΠΑΚΕΤΟ ΔΙΑΚΟΠΩΝ ΕΣΩΤΕΡΙΚΟΥ,Νοέμβριος,100,59
9601,ΠΑΚΕΤΟ ΔΙΑΚΟΠΩΝ ΕΣΩΤΕΡΙΚΟΥ,Δεκέμβριος,102,84
9601,ΠΑΚΕΤΟ ΔΙΑΚΟΠΩΝ ΕΣΩΤΕΡΙΚΟΥ,ΕΤΗΣΙΟΣ,102,15
9602,ΠΑΚΕΤΟ ΔΙΑΚΟΠΩΝ ΕΞΩΤΕΡΙΚΟΥ,W%0,3,1
9602,ΠΑΚΕΤΟ ΔΙΑΚΟΠΩΝ ΕΞΩΤΕΡΙΚΟΥ,Ιανουάριος,95,63
9602,ΠΑΚΕΤΟ ΔΙΑΚΟΠΩΝ ΕΞΩΤΕΡΙΚΟΥ,Φεβρουάριος,94,78
9602,ΠΑΚΕΤΟ ΔΙΑΚΟΠΩΝ ΕΞΩΤΕΡΙΚΟΥ,Μάρτιος,94,94
9602,ΠΑΚΕΤΟ ΔΙΑΚΟΠΩΝ ΕΞΩΤΕΡΙΚΟΥ,Απρίλιος,95,58
9602,ΠΑΚΕΤΟ ΔΙΑΚΟΠΩΝ ΕΞΩΤΕΡΙΚΟΥ,Μάιος,94,68
9602,ΠΑΚΕΤΟ ΔΙΑΚΟΠΩΝ ΕΞΩΤΕΡΙΚΟΥ,Ιούνιος,94,54
9602,ΠΑΚΕΤΟ ΔΙΑΚΟΠΩΝ ΕΞΩΤΕΡΙΚΟΥ,Ιούλιος,94,46
9602,ΠΑΚΕΤΟ ΔΙΑΚΟΠΩΝ ΕΞΩΤΕΡΙΚΟΥ,Αύγουστος,94,54
9602,ΠΑΚΕΤΟ ΔΙΑΚΟΠΩΝ ΕΞΩΤΕΡΙΚΟΥ,Σεπτέμβριος,94,52
9602,ΠΑΚΕΤΟ ΔΙΑΚΟΠΩΝ ΕΞΩΤΕΡΙΚΟΥ,Οκτώβριος,94,52
9602,ΠΑΚΕΤΟ ΔΙΑΚΟΠΩΝ ΕΞΩΤΕΡΙΚΟΥ,Νοέμβριος,94,52
9602,ΠΑΚΕΤΟ ΔΙΑΚΟΠΩΝ ΕΞΩΤΕΡΙΚΟΥ,Δεκέμβριος,95,17
9602,ΠΑΚΕΤΟ ΔΙΑΚΟΠΩΝ ΕΞΩΤΕΡΙΚΟΥ,ΕΤΗΣΙΟΣ,94,82
96,ΠΑΚΕΤΟ ΔΙΑΚΟΠΩΝ,W%0,5,92
96,ΠΑΚΕΤΟ ΔΙΑΚΟΠΩΝ,Ιανουάριος,98,83
96,ΠΑΚΕΤΟ ΔΙΑΚΟΠΩΝ,Φεβρουάριος,97,69
96,ΠΑΚΕΤΟ ΔΙΑΚΟΠΩΝ,Μάρτιος,97,64
96,ΠΑΚΕΤΟ ΔΙΑΚΟΠΩΝ,Απρίλιος,99,61
96,ΠΑΚΕΤΟ ΔΙΑΚΟΠΩΝ,Μάιος,98,15
96,ΠΑΚΕΤΟ ΔΙΑΚΟΠΩΝ,Ιούνιος,97,53
96,ΠΑΚΕΤΟ ΔΙΑΚΟΠΩΝ,Ιούλιος,97,45
96,ΠΑΚΕΤΟ ΔΙΑΚΟΠΩΝ,Αύγουστος,97,37
96,ΠΑΚΕΤΟ ΔΙΑΚΟΠΩΝ,Σεπτέμβριος,96,92
96,ΠΑΚΕΤΟ ΔΙΑΚΟΠΩΝ,Οκτώβριος,96,88
96,ΠΑΚΕΤΟ ΔΙΑΚΟΠΩΝ,Νοέμβριος,96,88
96,ΠΑΚΕΤΟ ΔΙΑΚΟΠΩΝ,Δεκέμβριος,98,28
96,ΠΑΚΕΤΟ ΔΙΑΚΟΠΩΝ,ΕΤΗΣΙΟΣ,97,77
9,ΑΝΑΨΥΧΗ - ΠΟΛΙΤΙΣΤΙΚΕΣ ΔΡΑΣΤΗΡΙΟΤΗΤΕΣ,W%0,38,85
9,ΑΝΑΨΥΧΗ - ΠΟΛΙΤΙΣΤΙΚΕΣ ΔΡΑΣΤΗΡΙΟΤΗΤΕΣ,Ιανουάριος,97,8
9,ΑΝΑΨΥΧΗ - ΠΟΛΙΤΙΣΤΙΚΕΣ ΔΡΑΣΤΗΡΙΟΤΗΤΕΣ,Φεβρουάριος,96,69
9,ΑΝΑΨΥΧΗ - ΠΟΛΙΤΙΣΤΙΚΕΣ ΔΡΑΣΤΗΡΙΟΤΗΤΕΣ,Μάρτιος,96,77
9,ΑΝΑΨΥΧΗ - ΠΟΛΙΤΙΣΤΙΚΕΣ ΔΡΑΣΤΗΡΙΟΤΗΤΕΣ,Απρίλιος,97,9
9,ΑΝΑΨΥΧΗ - ΠΟΛΙΤΙΣΤΙΚΕΣ ΔΡΑΣΤΗΡΙΟΤΗΤΕΣ,Μάιος,96,92
9,ΑΝΑΨΥΧΗ - ΠΟΛΙΤΙΣΤΙΚΕΣ ΔΡΑΣΤΗΡΙΟΤΗΤΕΣ,Ιούνιος,96,78
9,ΑΝΑΨΥΧΗ - ΠΟΛΙΤΙΣΤΙΚΕΣ ΔΡΑΣΤΗΡΙΟΤΗΤΕΣ,Ιούλιος,96,63
9,ΑΝΑΨΥΧΗ - ΠΟΛΙΤΙΣΤΙΚΕΣ ΔΡΑΣΤΗΡΙΟΤΗΤΕΣ,Αύγουστος,96,52
9,ΑΝΑΨΥΧΗ - ΠΟΛΙΤΙΣΤΙΚΕΣ ΔΡΑΣΤΗΡΙΟΤΗΤΕΣ,Σεπτέμβριος,96,48
9,ΑΝΑΨΥΧΗ - ΠΟΛΙΤΙΣΤΙΚΕΣ ΔΡΑΣΤΗΡΙΟΤΗΤΕΣ,Οκτώβριος,96,44
9,ΑΝΑΨΥΧΗ - ΠΟΛΙΤΙΣΤΙΚΕΣ ΔΡΑΣΤΗΡΙΟΤΗΤΕΣ,Νοέμβριος,96,31
9,ΑΝΑΨΥΧΗ - ΠΟΛΙΤΙΣΤΙΚΕΣ ΔΡΑΣΤΗΡΙΟΤΗΤΕΣ,Δεκέμβριος,96,82
9,ΑΝΑΨΥΧΗ - ΠΟΛΙΤΙΣΤΙΚΕΣ ΔΡΑΣΤΗΡΙΟΤΗΤΕΣ,ΕΤΗΣΙΟΣ,96,71
10101,ΠΡΟΣΧΟΛΙΚΗ ΕΚΠΑΙΔΕΥΣΗ,W%0,1,56
10101,ΠΡΟΣΧΟΛΙΚΗ ΕΚΠΑΙΔΕΥΣΗ,Ιανουάριος,104,34
10101,ΠΡΟΣΧΟΛΙΚΗ ΕΚΠΑΙΔΕΥΣΗ,Φεβρουάριος,104,34
10101,ΠΡΟΣΧΟΛΙΚΗ ΕΚΠΑΙΔΕΥΣΗ,Μάρτιος,104,34
10101,ΠΡΟΣΧΟΛΙΚΗ ΕΚΠΑΙΔΕΥΣΗ,Απρίλιος,104,34
10101,ΠΡΟΣΧΟΛΙΚΗ ΕΚΠΑΙΔΕΥΣΗ,Μάιος,104,34
10101,ΠΡΟΣΧΟΛΙΚΗ ΕΚΠΑΙΔΕΥΣΗ,Ιούνιος,104,34
10101,ΠΡΟΣΧΟΛΙΚΗ ΕΚΠΑΙΔΕΥΣΗ,Ιούλιος,104,34
10101,ΠΡΟΣΧΟΛΙΚΗ ΕΚΠΑΙΔΕΥΣΗ,Αύγουστος,104,34
10101,ΠΡΟΣΧΟΛΙΚΗ ΕΚΠΑΙΔΕΥΣΗ,Σεπτέμβριος,103,88
10101,ΠΡΟΣΧΟΛΙΚΗ ΕΚΠΑΙΔΕΥΣΗ,Οκτώβριος,104,1
10101,ΠΡΟΣΧΟΛΙΚΗ ΕΚΠΑΙΔΕΥΣΗ,Νοέμβριος,104,1
10101,ΠΡΟΣΧΟΛΙΚΗ ΕΚΠΑΙΔΕΥΣΗ,Δεκέμβριος,104,1
10101,ΠΡΟΣΧΟΛΙΚΗ ΕΚΠΑΙΔΕΥΣΗ,ΕΤΗΣΙΟΣ,104,22
10102,ΠΡΩΤΟΒΑΘΜΙΑ ΕΚΠΑΙΔΕΥΣΗ,W%0,4,26
10102,ΠΡΩΤΟΒΑΘΜΙΑ ΕΚΠΑΙΔΕΥΣΗ,Ιανουάριος,102,9
10102,ΠΡΩΤΟΒΑΘΜΙΑ ΕΚΠΑΙΔΕΥΣΗ,Φεβρουάριος,102,9
10102,ΠΡΩΤΟΒΑΘΜΙΑ ΕΚΠΑΙΔΕΥΣΗ,Μάρτιος,102,9
10102,ΠΡΩΤΟΒΑΘΜΙΑ ΕΚΠΑΙΔΕΥΣΗ,Απρίλιος,102,9
10102,ΠΡΩΤΟΒΑΘΜΙΑ ΕΚΠΑΙΔΕΥΣΗ,Μάιος,102,9
10102,ΠΡΩΤΟΒΑΘΜΙΑ ΕΚΠΑΙΔΕΥΣΗ,Ιούνιος,102,9
10102,ΠΡΩΤΟΒΑΘΜΙΑ ΕΚΠΑΙΔΕΥΣΗ,Ιούλιος,102,9
10102,ΠΡΩΤΟΒΑΘΜΙΑ ΕΚΠΑΙΔΕΥΣΗ,Αύγουστος,102,9
10102,ΠΡΩΤΟΒΑΘΜΙΑ ΕΚΠΑΙΔΕΥΣΗ,Σεπτέμβριος,102,0
10102,ΠΡΩΤΟΒΑΘΜΙΑ ΕΚΠΑΙΔΕΥΣΗ,Οκτώβριος,102,33
10102,ΠΡΩΤΟΒΑΘΜΙΑ ΕΚΠΑΙΔΕΥΣΗ,Νοέμβριος,102,33
10102,ΠΡΩΤΟΒΑΘΜΙΑ ΕΚΠΑΙΔΕΥΣΗ,Δεκέμβριος,102,33
10102,ΠΡΩΤΟΒΑΘΜΙΑ ΕΚΠΑΙΔΕΥΣΗ,ΕΤΗΣΙΟΣ,102,14
1010,ΠΡΟΣΧΟΛΙΚΗ ΚΑΙ ΠΡΩΤΟΒΑΘΜΙΑ ΕΚΠΑΙΔΕΥΣΗ,W%0,5,82
1010,ΠΡΟΣΧΟΛΙΚΗ ΚΑΙ ΠΡΩΤΟΒΑΘΜΙΑ ΕΚΠΑΙΔΕΥΣΗ,Ιανουάριος,102,73
1010,ΠΡΟΣΧΟΛΙΚΗ ΚΑΙ ΠΡΩΤΟΒΑΘΜΙΑ ΕΚΠΑΙΔΕΥΣΗ,Φεβρουάριος,102,73
1010,ΠΡΟΣΧΟΛΙΚΗ ΚΑΙ ΠΡΩΤΟΒΑΘΜΙΑ ΕΚΠΑΙΔΕΥΣΗ,Μάρτιος,102,73
1010,ΠΡΟΣΧΟΛΙΚΗ ΚΑΙ ΠΡΩΤΟΒΑΘΜΙΑ ΕΚΠΑΙΔΕΥΣΗ,Απρίλιος,102,73
1010,ΠΡΟΣΧΟΛΙΚΗ ΚΑΙ ΠΡΩΤΟΒΑΘΜΙΑ ΕΚΠΑΙΔΕΥΣΗ,Μάιος,102,73
1010,ΠΡΟΣΧΟΛΙΚΗ ΚΑΙ ΠΡΩΤΟΒΑΘΜΙΑ ΕΚΠΑΙΔΕΥΣΗ,Ιούνιος,102,73
1010,ΠΡΟΣΧΟΛΙΚΗ ΚΑΙ ΠΡΩΤΟΒΑΘΜΙΑ ΕΚΠΑΙΔΕΥΣΗ,Ιούλιος,102,73
1010,ΠΡΟΣΧΟΛΙΚΗ ΚΑΙ ΠΡΩΤΟΒΑΘΜΙΑ ΕΚΠΑΙΔΕΥΣΗ,Αύγουστος,102,73
1010,ΠΡΟΣΧΟΛΙΚΗ ΚΑΙ ΠΡΩΤΟΒΑΘΜΙΑ ΕΚΠΑΙΔΕΥΣΗ,Σεπτέμβριος,102,54
1010,ΠΡΟΣΧΟΛΙΚΗ ΚΑΙ ΠΡΩΤΟΒΑΘΜΙΑ ΕΚΠΑΙΔΕΥΣΗ,Οκτώβριος,102,81
1010,ΠΡΟΣΧΟΛΙΚΗ ΚΑΙ ΠΡΩΤΟΒΑΘΜΙΑ ΕΚΠΑΙΔΕΥΣΗ,Νοέμβριος,102,81
1010,ΠΡΟΣΧΟΛΙΚΗ ΚΑΙ ΠΡΩΤΟΒΑΘΜΙΑ ΕΚΠΑΙΔΕΥΣΗ,Δεκέμβριος,102,81
1010,ΠΡΟΣΧΟΛΙΚΗ ΚΑΙ ΠΡΩΤΟΒΑΘΜΙΑ ΕΚΠΑΙΔΕΥΣΗ,ΕΤΗΣΙΟΣ,102,73
1020,ΔΕΥΤΕΡΟΒΑΘΜΙΑ ΕΚΠΑΙΔΕΥΣΗ,W%0,14,21
1020,ΔΕΥΤΕΡΟΒΑΘΜΙΑ ΕΚΠΑΙΔΕΥΣΗ,Ιανουάριος,97,50
1020,ΔΕΥΤΕΡΟΒΑΘΜΙΑ ΕΚΠΑΙΔΕΥΣΗ,Φεβρουάριος,97,50
1020,ΔΕΥΤΕΡΟΒΑΘΜΙΑ ΕΚΠΑΙΔΕΥΣΗ,Μάρτιος,97,50
1020,ΔΕΥΤΕΡΟΒΑΘΜΙΑ ΕΚΠΑΙΔΕΥΣΗ,Απρίλιος,97,50
1020,ΔΕΥΤΕΡΟΒΑΘΜΙΑ ΕΚΠΑΙΔΕΥΣΗ,Μάιος,97,50
1020,ΔΕΥΤΕΡΟΒΑΘΜΙΑ ΕΚΠΑΙΔΕΥΣΗ,Ιούνιος,97,50
1020,ΔΕΥΤΕΡΟΒΑΘΜΙΑ ΕΚΠΑΙΔΕΥΣΗ,Ιούλιος,97,50
1020,ΔΕΥΤΕΡΟΒΑΘΜΙΑ ΕΚΠΑΙΔΕΥΣΗ,Αύγουστος,97,50
1020,ΔΕΥΤΕΡΟΒΑΘΜΙΑ ΕΚΠΑΙΔΕΥΣΗ,Σεπτέμβριος,97,94
1020,ΔΕΥΤΕΡΟΒΑΘΜΙΑ ΕΚΠΑΙΔΕΥΣΗ,Οκτώβριος,97,95
1020,ΔΕΥΤΕΡΟΒΑΘΜΙΑ ΕΚΠΑΙΔΕΥΣΗ,Νοέμβριος,97,95
1020,ΔΕΥΤΕΡΟΒΑΘΜΙΑ ΕΚΠΑΙΔΕΥΣΗ,Δεκέμβριος,97,95
1020,ΔΕΥΤΕΡΟΒΑΘΜΙΑ ΕΚΠΑΙΔΕΥΣΗ,ΕΤΗΣΙΟΣ,97,65
1030,ΜΕΤΑΔΕΥΤΕΡΟΒΑΘΜΙΑ ΜΗ ΤΡΙΤΟΒΑΘΜΙΑ ΕΚΠΑΙΔΕΥΣΗ,W%0,1,95
1030,ΜΕΤΑΔΕΥΤΕΡΟΒΑΘΜΙΑ ΜΗ ΤΡΙΤΟΒΑΘΜΙΑ ΕΚΠΑΙΔΕΥΣΗ,Ιανουάριος,94,22
1030,ΜΕΤΑΔΕΥΤΕΡΟΒΑΘΜΙΑ ΜΗ ΤΡΙΤΟΒΑΘΜΙΑ ΕΚΠΑΙΔΕΥΣΗ,Φεβρουάριος,94,22
1030,ΜΕΤΑΔΕΥΤΕΡΟΒΑΘΜΙΑ ΜΗ ΤΡΙΤΟΒΑΘΜΙΑ ΕΚΠΑΙΔΕΥΣΗ,Μάρτιος,94,22
1030,ΜΕΤΑΔΕΥΤΕΡΟΒΑΘΜΙΑ ΜΗ ΤΡΙΤΟΒΑΘΜΙΑ ΕΚΠΑΙΔΕΥΣΗ,Απρίλιος,94,22
1030,ΜΕΤΑΔΕΥΤΕΡΟΒΑΘΜΙΑ ΜΗ ΤΡΙΤΟΒΑΘΜΙΑ ΕΚΠΑΙΔΕΥΣΗ,Μάιος,94,22
1030,ΜΕΤΑΔΕΥΤΕΡΟΒΑΘΜΙΑ ΜΗ ΤΡΙΤΟΒΑΘΜΙΑ ΕΚΠΑΙΔΕΥΣΗ,Ιούνιος,94,22
1030,ΜΕΤΑΔΕΥΤΕΡΟΒΑΘΜΙΑ ΜΗ ΤΡΙΤΟΒΑΘΜΙΑ ΕΚΠΑΙΔΕΥΣΗ,Ιούλιος,94,22
1030,ΜΕΤΑΔΕΥΤΕΡΟΒΑΘΜΙΑ ΜΗ ΤΡΙΤΟΒΑΘΜΙΑ ΕΚΠΑΙΔΕΥΣΗ,Αύγουστος,94,22
1030,ΜΕΤΑΔΕΥΤΕΡΟΒΑΘΜΙΑ ΜΗ ΤΡΙΤΟΒΑΘΜΙΑ ΕΚΠΑΙΔΕΥΣΗ,Σεπτέμβριος,91,45
1030,ΜΕΤΑΔΕΥΤΕΡΟΒΑΘΜΙΑ ΜΗ ΤΡΙΤΟΒΑΘΜΙΑ ΕΚΠΑΙΔΕΥΣΗ,Οκτώβριος,91,31
1030,ΜΕΤΑΔΕΥΤΕΡΟΒΑΘΜΙΑ ΜΗ ΤΡΙΤΟΒΑΘΜΙΑ ΕΚΠΑΙΔΕΥΣΗ,Νοέμβριος,91,31
1030,ΜΕΤΑΔΕΥΤΕΡΟΒΑΘΜΙΑ ΜΗ ΤΡΙΤΟΒΑΘΜΙΑ ΕΚΠΑΙΔΕΥΣΗ,Δεκέμβριος,91,31
1030,ΜΕΤΑΔΕΥΤΕΡΟΒΑΘΜΙΑ ΜΗ ΤΡΙΤΟΒΑΘΜΙΑ ΕΚΠΑΙΔΕΥΣΗ,ΕΤΗΣΙΟΣ,93,26
1040,ΤΡΙΤΟΒΑΘΜΙΑ ΕΚΠΑΙΔΕΥΣΗ,W%0,2,89
1040,ΤΡΙΤΟΒΑΘΜΙΑ ΕΚΠΑΙΔΕΥΣΗ,Ιανουάριος,100,0
1040,ΤΡΙΤΟΒΑΘΜΙΑ ΕΚΠΑΙΔΕΥΣΗ,Φεβρουάριος,100,0
1040,ΤΡΙΤΟΒΑΘΜΙΑ ΕΚΠΑΙΔΕΥΣΗ,Μάρτιος,100,0
1040,ΤΡΙΤΟΒΑΘΜΙΑ ΕΚΠΑΙΔΕΥΣΗ,Απρίλιος,100,0
1040,ΤΡΙΤΟΒΑΘΜΙΑ ΕΚΠΑΙΔΕΥΣΗ,Μάιος,100,0
1040,ΤΡΙΤΟΒΑΘΜΙΑ ΕΚΠΑΙΔΕΥΣΗ,Ιούνιος,100,0
1040,ΤΡΙΤΟΒΑΘΜΙΑ ΕΚΠΑΙΔΕΥΣΗ,Ιούλιος,100,0
1040,ΤΡΙΤΟΒΑΘΜΙΑ ΕΚΠΑΙΔΕΥΣΗ,Αύγουστος,100,0
1040,ΤΡΙΤΟΒΑΘΜΙΑ ΕΚΠΑΙΔΕΥΣΗ,Σεπτέμβριος,100,0
1040,ΤΡΙΤΟΒΑΘΜΙΑ ΕΚΠΑΙΔΕΥΣΗ,Οκτώβριος,100,0
1040,ΤΡΙΤΟΒΑΘΜΙΑ ΕΚΠΑΙΔΕΥΣΗ,Νοέμβριος,100,0
1040,ΤΡΙΤΟΒΑΘΜΙΑ ΕΚΠΑΙΔΕΥΣΗ,Δεκέμβριος,100,0
1040,ΤΡΙΤΟΒΑΘΜΙΑ ΕΚΠΑΙΔΕΥΣΗ,ΕΤΗΣΙΟΣ,100,
10,ΕΚΠΑΙΔΕΥΣΗ,W%0,24,88
10,ΕΚΠΑΙΔΕΥΣΗ,Ιανουάριος,98,64
10,ΕΚΠΑΙΔΕΥΣΗ,Φεβρουάριος,98,64
10,ΕΚΠΑΙΔΕΥΣΗ,Μάρτιος,98,64
10,ΕΚΠΑΙΔΕΥΣΗ,Απρίλιος,98,64
10,ΕΚΠΑΙΔΕΥΣΗ,Μάιος,98,64
10,ΕΚΠΑΙΔΕΥΣΗ,Ιούνιος,98,64
10,ΕΚΠΑΙΔΕΥΣΗ,Ιούλιος,98,64
10,ΕΚΠΑΙΔΕΥΣΗ,Αύγουστος,98,64
10,ΕΚΠΑΙΔΕΥΣΗ,Σεπτέμβριος,98,62
10,ΕΚΠΑΙΔΕΥΣΗ,Οκτώβριος,98,68
10,ΕΚΠΑΙΔΕΥΣΗ,Νοέμβριος,98,68
10,ΕΚΠΑΙΔΕΥΣΗ,Δεκέμβριος,98,68
10,ΕΚΠΑΙΔΕΥΣΗ,ΕΤΗΣΙΟΣ,98,65
11111,ΕΣΤΙΑΤΟΡΙΑ-ΚΑΦΕΤΕΡΙΕΣ-ΚΕΝΤΡΑ ΧΟΡΟΥ,W%0,121,64
11111,ΕΣΤΙΑΤΟΡΙΑ-ΚΑΦΕΤΕΡΙΕΣ-ΚΕΝΤΡΑ ΧΟΡΟΥ,Ιανουάριος,105,27
11111,ΕΣΤΙΑΤΟΡΙΑ-ΚΑΦΕΤΕΡΙΕΣ-ΚΕΝΤΡΑ ΧΟΡΟΥ,Φεβρουάριος,105,25
11111,ΕΣΤΙΑΤΟΡΙΑ-ΚΑΦΕΤΕΡΙΕΣ-ΚΕΝΤΡΑ ΧΟΡΟΥ,Μάρτιος,105,22
11111,ΕΣΤΙΑΤΟΡΙΑ-ΚΑΦΕΤΕΡΙΕΣ-ΚΕΝΤΡΑ ΧΟΡΟΥ,Απρίλιος,105,22
11111,ΕΣΤΙΑΤΟΡΙΑ-ΚΑΦΕΤΕΡΙΕΣ-ΚΕΝΤΡΑ ΧΟΡΟΥ,Μάιος,105,22
11111,ΕΣΤΙΑΤΟΡΙΑ-ΚΑΦΕΤΕΡΙΕΣ-ΚΕΝΤΡΑ ΧΟΡΟΥ,Ιούνιος,105,33
11111,ΕΣΤΙΑΤΟΡΙΑ-ΚΑΦΕΤΕΡΙΕΣ-ΚΕΝΤΡΑ ΧΟΡΟΥ,Ιούλιος,105,0
11111,ΕΣΤΙΑΤΟΡΙΑ-ΚΑΦΕΤΕΡΙΕΣ-ΚΕΝΤΡΑ ΧΟΡΟΥ,Αύγουστος,105,0
11111,ΕΣΤΙΑΤΟΡΙΑ-ΚΑΦΕΤΕΡΙΕΣ-ΚΕΝΤΡΑ ΧΟΡΟΥ,Σεπτέμβριος,105,9
11111,ΕΣΤΙΑΤΟΡΙΑ-ΚΑΦΕΤΕΡΙΕΣ-ΚΕΝΤΡΑ ΧΟΡΟΥ,Οκτώβριος,105,4
11111,ΕΣΤΙΑΤΟΡΙΑ-ΚΑΦΕΤΕΡΙΕΣ-ΚΕΝΤΡΑ ΧΟΡΟΥ,Νοέμβριος,105,4
11111,ΕΣΤΙΑΤΟΡΙΑ-ΚΑΦΕΤΕΡΙΕΣ-ΚΕΝΤΡΑ ΧΟΡΟΥ,Δεκέμβριος,105,7
11111,ΕΣΤΙΑΤΟΡΙΑ-ΚΑΦΕΤΕΡΙΕΣ-ΚΕΝΤΡΑ ΧΟΡΟΥ,ΕΤΗΣΙΟΣ,105,15
11112,ΠΡΟΧΕΙΡΟ ΦΑΓΗΤΟ (ΜΗ ΣΕΡΒΙΡΙΖΟΜΕΝΟ),W%0,16,44
11112,ΠΡΟΧΕΙΡΟ ΦΑΓΗΤΟ (ΜΗ ΣΕΡΒΙΡΙΖΟΜΕΝΟ),Ιανουάριος,106,24
11112,ΠΡΟΧΕΙΡΟ ΦΑΓΗΤΟ (ΜΗ ΣΕΡΒΙΡΙΖΟΜΕΝΟ),Φεβρουάριος,106,19
11112,ΠΡΟΧΕΙΡΟ ΦΑΓΗΤΟ (ΜΗ ΣΕΡΒΙΡΙΖΟΜΕΝΟ),Μάρτιος,106,35
11112,ΠΡΟΧΕΙΡΟ ΦΑΓΗΤΟ (ΜΗ ΣΕΡΒΙΡΙΖΟΜΕΝΟ),Απρίλιος,106,50
11112,ΠΡΟΧΕΙΡΟ ΦΑΓΗΤΟ (ΜΗ ΣΕΡΒΙΡΙΖΟΜΕΝΟ),Μάιος,106,42
11112,ΠΡΟΧΕΙΡΟ ΦΑΓΗΤΟ (ΜΗ ΣΕΡΒΙΡΙΖΟΜΕΝΟ),Ιούνιος,106,44
11112,ΠΡΟΧΕΙΡΟ ΦΑΓΗΤΟ (ΜΗ ΣΕΡΒΙΡΙΖΟΜΕΝΟ),Ιούλιος,106,45
11112,ΠΡΟΧΕΙΡΟ ΦΑΓΗΤΟ (ΜΗ ΣΕΡΒΙΡΙΖΟΜΕΝΟ),Αύγουστος,106,46
11112,ΠΡΟΧΕΙΡΟ ΦΑΓΗΤΟ (ΜΗ ΣΕΡΒΙΡΙΖΟΜΕΝΟ),Σεπτέμβριος,106,51
11112,ΠΡΟΧΕΙΡΟ ΦΑΓΗΤΟ (ΜΗ ΣΕΡΒΙΡΙΖΟΜΕΝΟ),Οκτώβριος,106,65
11112,ΠΡΟΧΕΙΡΟ ΦΑΓΗΤΟ (ΜΗ ΣΕΡΒΙΡΙΖΟΜΕΝΟ),Νοέμβριος,106,66
11112,ΠΡΟΧΕΙΡΟ ΦΑΓΗΤΟ (ΜΗ ΣΕΡΒΙΡΙΖΟΜΕΝΟ),Δεκέμβριος,106,73
11112,ΠΡΟΧΕΙΡΟ ΦΑΓΗΤΟ (ΜΗ ΣΕΡΒΙΡΙΖΟΜΕΝΟ),ΕΤΗΣΙΟΣ,106,47
1111,ΕΣΤΙΑΤΟΡΙΑ - ΖΑΧΑΡΟΠΛΑΣΤΕΙΑ - ΚΑΦΕΝΕΙΑ,W%0,138,8
1111,ΕΣΤΙΑΤΟΡΙΑ - ΖΑΧΑΡΟΠΛΑΣΤΕΙΑ - ΚΑΦΕΝΕΙΑ,Ιανουάριος,105,40
1111,ΕΣΤΙΑΤΟΡΙΑ - ΖΑΧΑΡΟΠΛΑΣΤΕΙΑ - ΚΑΦΕΝΕΙΑ,Φεβρουάριος,105,39
1111,ΕΣΤΙΑΤΟΡΙΑ - ΖΑΧΑΡΟΠΛΑΣΤΕΙΑ - ΚΑΦΕΝΕΙΑ,Μάρτιος,105,38
1111,ΕΣΤΙΑΤΟΡΙΑ - ΖΑΧΑΡΟΠΛΑΣΤΕΙΑ - ΚΑΦΕΝΕΙΑ,Απρίλιος,105,40
1111,ΕΣΤΙΑΤΟΡΙΑ - ΖΑΧΑΡΟΠΛΑΣΤΕΙΑ - ΚΑΦΕΝΕΙΑ,Μάιος,105,39
1111,ΕΣΤΙΑΤΟΡΙΑ - ΖΑΧΑΡΟΠΛΑΣΤΕΙΑ - ΚΑΦΕΝΕΙΑ,Ιούνιος,105,49
1111,ΕΣΤΙΑΤΟΡΙΑ - ΖΑΧΑΡΟΠΛΑΣΤΕΙΑ - ΚΑΦΕΝΕΙΑ,Ιούλιος,105,20
1111,ΕΣΤΙΑΤΟΡΙΑ - ΖΑΧΑΡΟΠΛΑΣΤΕΙΑ - ΚΑΦΕΝΕΙΑ,Αύγουστος,105,20
1111,ΕΣΤΙΑΤΟΡΙΑ - ΖΑΧΑΡΟΠΛΑΣΤΕΙΑ - ΚΑΦΕΝΕΙΑ,Σεπτέμβριος,105,28
1111,ΕΣΤΙΑΤΟΡΙΑ - ΖΑΧΑΡΟΠΛΑΣΤΕΙΑ - ΚΑΦΕΝΕΙΑ,Οκτώβριος,105,26
1111,ΕΣΤΙΑΤΟΡΙΑ - ΖΑΧΑΡΟΠΛΑΣΤΕΙΑ - ΚΑΦΕΝΕΙΑ,Νοέμβριος,105,25
1111,ΕΣΤΙΑΤΟΡΙΑ - ΖΑΧΑΡΟΠΛΑΣΤΕΙΑ - ΚΑΦΕΝΕΙΑ,Δεκέμβριος,105,29
1111,ΕΣΤΙΑΤΟΡΙΑ - ΖΑΧΑΡΟΠΛΑΣΤΕΙΑ - ΚΑΦΕΝΕΙΑ,ΕΤΗΣΙΟΣ,105,33
1112,ΚΥΛΙΚΕΙΑ,W%0,8,95
1112,ΚΥΛΙΚΕΙΑ,Ιανουάριος,106,20
1112,ΚΥΛΙΚΕΙΑ,Φεβρουάριος,106,22
1112,ΚΥΛΙΚΕΙΑ,Μάρτιος,106,22
1112,ΚΥΛΙΚΕΙΑ,Απρίλιος,106,22
1112,ΚΥΛΙΚΕΙΑ,Μάιος,106,22
1112,ΚΥΛΙΚΕΙΑ,Ιούνιος,106,22
1112,ΚΥΛΙΚΕΙΑ,Ιούλιος,106,21
1112,ΚΥΛΙΚΕΙΑ,Αύγουστος,106,21
1112,ΚΥΛΙΚΕΙΑ,Σεπτέμβριος,106,26
1112,ΚΥΛΙΚΕΙΑ,Οκτώβριος,106,26
1112,ΚΥΛΙΚΕΙΑ,Νοέμβριος,106,26
1112,ΚΥΛΙΚΕΙΑ,Δεκέμβριος,106,33
1112,ΚΥΛΙΚΕΙΑ,ΕΤΗΣΙΟΣ,106,23
111,ΕΣΤΙΑΤΟΡΙΑ - ΖΑΧΑΡΟΠΛΑΣΤΕΙΑ - ΚΑΦΕΝΕΙΑ - ΚΥΛΙΚΕΙΑ,W%0,147,3
111,ΕΣΤΙΑΤΟΡΙΑ - ΖΑΧΑΡΟΠΛΑΣΤΕΙΑ - ΚΑΦΕΝΕΙΑ - ΚΥΛΙΚΕΙΑ,Ιανουάριος,105,45
111,ΕΣΤΙΑΤΟΡΙΑ - ΖΑΧΑΡΟΠΛΑΣΤΕΙΑ - ΚΑΦΕΝΕΙΑ - ΚΥΛΙΚΕΙΑ,Φεβρουάριος,105,43
111,ΕΣΤΙΑΤΟΡΙΑ - ΖΑΧΑΡΟΠΛΑΣΤΕΙΑ - ΚΑΦΕΝΕΙΑ - ΚΥΛΙΚΕΙΑ,Μάρτιος,105,43
111,ΕΣΤΙΑΤΟΡΙΑ - ΖΑΧΑΡΟΠΛΑΣΤΕΙΑ - ΚΑΦΕΝΕΙΑ - ΚΥΛΙΚΕΙΑ,Απρίλιος,105,44
111,ΕΣΤΙΑΤΟΡΙΑ - ΖΑΧΑΡΟΠΛΑΣΤΕΙΑ - ΚΑΦΕΝΕΙΑ - ΚΥΛΙΚΕΙΑ,Μάιος,105,44
111,ΕΣΤΙΑΤΟΡΙΑ - ΖΑΧΑΡΟΠΛΑΣΤΕΙΑ - ΚΑΦΕΝΕΙΑ - ΚΥΛΙΚΕΙΑ,Ιούνιος,105,53
111,ΕΣΤΙΑΤΟΡΙΑ - ΖΑΧΑΡΟΠΛΑΣΤΕΙΑ - ΚΑΦΕΝΕΙΑ - ΚΥΛΙΚΕΙΑ,Ιούλιος,105,25
111,ΕΣΤΙΑΤΟΡΙΑ - ΖΑΧΑΡΟΠΛΑΣΤΕΙΑ - ΚΑΦΕΝΕΙΑ - ΚΥΛΙΚΕΙΑ,Αύγουστος,105,25
111,ΕΣΤΙΑΤΟΡΙΑ - ΖΑΧΑΡΟΠΛΑΣΤΕΙΑ - ΚΑΦΕΝΕΙΑ - ΚΥΛΙΚΕΙΑ,Σεπτέμβριος,105,33
111,ΕΣΤΙΑΤΟΡΙΑ - ΖΑΧΑΡΟΠΛΑΣΤΕΙΑ - ΚΑΦΕΝΕΙΑ - ΚΥΛΙΚΕΙΑ,Οκτώβριος,105,31
111,ΕΣΤΙΑΤΟΡΙΑ - ΖΑΧΑΡΟΠΛΑΣΤΕΙΑ - ΚΑΦΕΝΕΙΑ - ΚΥΛΙΚΕΙΑ,Νοέμβριος,105,31
111,ΕΣΤΙΑΤΟΡΙΑ - ΖΑΧΑΡΟΠΛΑΣΤΕΙΑ - ΚΑΦΕΝΕΙΑ - ΚΥΛΙΚΕΙΑ,Δεκέμβριος,105,35
111,ΕΣΤΙΑΤΟΡΙΑ - ΖΑΧΑΡΟΠΛΑΣΤΕΙΑ - ΚΑΦΕΝΕΙΑ - ΚΥΛΙΚΕΙΑ,ΕΤΗΣΙΟΣ,105,38
11201,ΞΕΝΟΔΟΧΕΙΑ-ΜΟΤΕΛ-ΠΑΝΔΟΧΕΙΑ,W%0,31,82
11201,ΞΕΝΟΔΟΧΕΙΑ-ΜΟΤΕΛ-ΠΑΝΔΟΧΕΙΑ,Ιανουάριος,104,25
11201,ΞΕΝΟΔΟΧΕΙΑ-ΜΟΤΕΛ-ΠΑΝΔΟΧΕΙΑ,Φεβρουάριος,101,87
11201,ΞΕΝΟΔΟΧΕΙΑ-ΜΟΤΕΛ-ΠΑΝΔΟΧΕΙΑ,Μάρτιος,104,43
11201,ΞΕΝΟΔΟΧΕΙΑ-ΜΟΤΕΛ-ΠΑΝΔΟΧΕΙΑ,Απρίλιος,110,93
11201,ΞΕΝΟΔΟΧΕΙΑ-ΜΟΤΕΛ-ΠΑΝΔΟΧΕΙΑ,Μάιος,125,86
11201,ΞΕΝΟΔΟΧΕΙΑ-ΜΟΤΕΛ-ΠΑΝΔΟΧΕΙΑ,Ιούνιος,111,8
11201,ΞΕΝΟΔΟΧΕΙΑ-ΜΟΤΕΛ-ΠΑΝΔΟΧΕΙΑ,Ιούλιος,111,0
11201,ΞΕΝΟΔΟΧΕΙΑ-ΜΟΤΕΛ-ΠΑΝΔΟΧΕΙΑ,Αύγουστος,103,98
11201,ΞΕΝΟΔΟΧΕΙΑ-ΜΟΤΕΛ-ΠΑΝΔΟΧΕΙΑ,Σεπτέμβριος,103,60
11201,ΞΕΝΟΔΟΧΕΙΑ-ΜΟΤΕΛ-ΠΑΝΔΟΧΕΙΑ,Οκτώβριος,99,58
11201,ΞΕΝΟΔΟΧΕΙΑ-ΜΟΤΕΛ-ΠΑΝΔΟΧΕΙΑ,Νοέμβριος,93,48
11201,ΞΕΝΟΔΟΧΕΙΑ-ΜΟΤΕΛ-ΠΑΝΔΟΧΕΙΑ,Δεκέμβριος,94,27
11201,ΞΕΝΟΔΟΧΕΙΑ-ΜΟΤΕΛ-ΠΑΝΔΟΧΕΙΑ,ΕΤΗΣΙΟΣ,105,36
11202,ΚΑΜΠΙΝΓΚ ΚΑΙ ΠΑΡΟΜΟΙΑ ΚΑΤΑΛΥΜΑΤΑ,W%0,1,58
11202,ΚΑΜΠΙΝΓΚ ΚΑΙ ΠΑΡΟΜΟΙΑ ΚΑΤΑΛΥΜΑΤΑ,Ιανουάριος,105,33
11202,ΚΑΜΠΙΝΓΚ ΚΑΙ ΠΑΡΟΜΟΙΑ ΚΑΤΑΛΥΜΑΤΑ,Φεβρουάριος,105,33
11202,ΚΑΜΠΙΝΓΚ ΚΑΙ ΠΑΡΟΜΟΙΑ ΚΑΤΑΛΥΜΑΤΑ,Μάρτιος,105,33
11202,ΚΑΜΠΙΝΓΚ ΚΑΙ ΠΑΡΟΜΟΙΑ ΚΑΤΑΛΥΜΑΤΑ,Απρίλιος,105,33
11202,ΚΑΜΠΙΝΓΚ ΚΑΙ ΠΑΡΟΜΟΙΑ ΚΑΤΑΛΥΜΑΤΑ,Μάιος,107,8
11202,ΚΑΜΠΙΝΓΚ ΚΑΙ ΠΑΡΟΜΟΙΑ ΚΑΤΑΛΥΜΑΤΑ,Ιούνιος,115,80
11202,ΚΑΜΠΙΝΓΚ ΚΑΙ ΠΑΡΟΜΟΙΑ ΚΑΤΑΛΥΜΑΤΑ,Ιούλιος,133,43
11202,ΚΑΜΠΙΝΓΚ ΚΑΙ ΠΑΡΟΜΟΙΑ ΚΑΤΑΛΥΜΑΤΑ,Αύγουστος,136,91
11202,ΚΑΜΠΙΝΓΚ ΚΑΙ ΠΑΡΟΜΟΙΑ ΚΑΤΑΛΥΜΑΤΑ,Σεπτέμβριος,114,54
11202,ΚΑΜΠΙΝΓΚ ΚΑΙ ΠΑΡΟΜΟΙΑ ΚΑΤΑΛΥΜΑΤΑ,Οκτώβριος,114,54
11202,ΚΑΜΠΙΝΓΚ ΚΑΙ ΠΑΡΟΜΟΙΑ ΚΑΤΑΛΥΜΑΤΑ,Νοέμβριος,114,54
11202,ΚΑΜΠΙΝΓΚ ΚΑΙ ΠΑΡΟΜΟΙΑ ΚΑΤΑΛΥΜΑΤΑ,Δεκέμβριος,114,54
11202,ΚΑΜΠΙΝΓΚ ΚΑΙ ΠΑΡΟΜΟΙΑ ΚΑΤΑΛΥΜΑΤΑ,ΕΤΗΣΙΟΣ,114,39
112,ΥΠΗΡΕΣΙΕΣ ΠΑΡΟΧΗΣ ΚΑΤΑΛΥΜΑΤΩΝ,W%0,33,40
112,ΥΠΗΡΕΣΙΕΣ ΠΑΡΟΧΗΣ ΚΑΤΑΛΥΜΑΤΩΝ,Ιανουάριος,105,40
112,ΥΠΗΡΕΣΙΕΣ ΠΑΡΟΧΗΣ ΚΑΤΑΛΥΜΑΤΩΝ,Φεβρουάριος,103,11
112,ΥΠΗΡΕΣΙΕΣ ΠΑΡΟΧΗΣ ΚΑΤΑΛΥΜΑΤΩΝ,Μάρτιος,105,57
112,ΥΠΗΡΕΣΙΕΣ ΠΑΡΟΧΗΣ ΚΑΤΑΛΥΜΑΤΩΝ,Απρίλιος,111,84
112,ΥΠΗΡΕΣΙΕΣ ΠΑΡΟΧΗΣ ΚΑΤΑΛΥΜΑΤΩΝ,Μάιος,126,29
112,ΥΠΗΡΕΣΙΕΣ ΠΑΡΟΧΗΣ ΚΑΤΑΛΥΜΑΤΩΝ,Ιούνιος,112,47
112,ΥΠΗΡΕΣΙΕΣ ΠΑΡΟΧΗΣ ΚΑΤΑΛΥΜΑΤΩΝ,Ιούλιος,113,24
112,ΥΠΗΡΕΣΙΕΣ ΠΑΡΟΧΗΣ ΚΑΤΑΛΥΜΑΤΩΝ,Αύγουστος,106,64
112,ΥΠΗΡΕΣΙΕΣ ΠΑΡΟΧΗΣ ΚΑΤΑΛΥΜΑΤΩΝ,Σεπτέμβριος,105,21
112,ΥΠΗΡΕΣΙΕΣ ΠΑΡΟΧΗΣ ΚΑΤΑΛΥΜΑΤΩΝ,Οκτώβριος,101,34
112,ΥΠΗΡΕΣΙΕΣ ΠΑΡΟΧΗΣ ΚΑΤΑΛΥΜΑΤΩΝ,Νοέμβριος,95,47
112,ΥΠΗΡΕΣΙΕΣ ΠΑΡΟΧΗΣ ΚΑΤΑΛΥΜΑΤΩΝ,Δεκέμβριος,96,22
112,ΥΠΗΡΕΣΙΕΣ ΠΑΡΟΧΗΣ ΚΑΤΑΛΥΜΑΤΩΝ,ΕΤΗΣΙΟΣ,106,9
11,ΞΕΝΟΔΟΧΕΙΑ - ΚΑΦΕ - ΕΣΤΙΑΤΟΡΙΑ,W%0,180,43
11,ΞΕΝΟΔΟΧΕΙΑ - ΚΑΦΕ - ΕΣΤΙΑΤΟΡΙΑ,Ιανουάριος,105,49
11,ΞΕΝΟΔΟΧΕΙΑ - ΚΑΦΕ - ΕΣΤΙΑΤΟΡΙΑ,Φεβρουάριος,105,6
11,ΞΕΝΟΔΟΧΕΙΑ - ΚΑΦΕ - ΕΣΤΙΑΤΟΡΙΑ,Μάρτιος,105,51
11,ΞΕΝΟΔΟΧΕΙΑ - ΚΑΦΕ - ΕΣΤΙΑΤΟΡΙΑ,Απρίλιος,106,68
11,ΞΕΝΟΔΟΧΕΙΑ - ΚΑΦΕ - ΕΣΤΙΑΤΟΡΙΑ,Μάιος,109,33
11,ΞΕΝΟΔΟΧΕΙΑ - ΚΑΦΕ - ΕΣΤΙΑΤΟΡΙΑ,Ιούνιος,106,86
11,ΞΕΝΟΔΟΧΕΙΑ - ΚΑΦΕ - ΕΣΤΙΑΤΟΡΙΑ,Ιούλιος,106,78
11,ΞΕΝΟΔΟΧΕΙΑ - ΚΑΦΕ - ΕΣΤΙΑΤΟΡΙΑ,Αύγουστος,105,56
11,ΞΕΝΟΔΟΧΕΙΑ - ΚΑΦΕ - ΕΣΤΙΑΤΟΡΙΑ,Σεπτέμβριος,105,36
11,ΞΕΝΟΔΟΧΕΙΑ - ΚΑΦΕ - ΕΣΤΙΑΤΟΡΙΑ,Οκτώβριος,104,64
11,ΞΕΝΟΔΟΧΕΙΑ - ΚΑΦΕ - ΕΣΤΙΑΤΟΡΙΑ,Νοέμβριος,103,55
11,ΞΕΝΟΔΟΧΕΙΑ - ΚΑΦΕ - ΕΣΤΙΑΤΟΡΙΑ,Δεκέμβριος,103,72
11,ΞΕΝΟΔΟΧΕΙΑ - ΚΑΦΕ - ΕΣΤΙΑΤΟΡΙΑ,ΕΤΗΣΙΟΣ,105,71
12111,ΚΟΜΜΩΣΕΙΣ ΓΙΑ ΑΝΤΡΕΣ ΚΑΙ ΠΑΙΔΙΑ,W%0,1,27
12111,ΚΟΜΜΩΣΕΙΣ ΓΙΑ ΑΝΤΡΕΣ ΚΑΙ ΠΑΙΔΙΑ,Ιανουάριος,98,4
12111,ΚΟΜΜΩΣΕΙΣ ΓΙΑ ΑΝΤΡΕΣ ΚΑΙ ΠΑΙΔΙΑ,Φεβρουάριος,98,4
12111,ΚΟΜΜΩΣΕΙΣ ΓΙΑ ΑΝΤΡΕΣ ΚΑΙ ΠΑΙΔΙΑ,Μάρτιος,98,4
12111,ΚΟΜΜΩΣΕΙΣ ΓΙΑ ΑΝΤΡΕΣ ΚΑΙ ΠΑΙΔΙΑ,Απρίλιος,98,4
12111,ΚΟΜΜΩΣΕΙΣ ΓΙΑ ΑΝΤΡΕΣ ΚΑΙ ΠΑΙΔΙΑ,Μάιος,98,78
12111,ΚΟΜΜΩΣΕΙΣ ΓΙΑ ΑΝΤΡΕΣ ΚΑΙ ΠΑΙΔΙΑ,Ιούνιος,98,78
12111,ΚΟΜΜΩΣΕΙΣ ΓΙΑ ΑΝΤΡΕΣ ΚΑΙ ΠΑΙΔΙΑ,Ιούλιος,98,78
12111,ΚΟΜΜΩΣΕΙΣ ΓΙΑ ΑΝΤΡΕΣ ΚΑΙ ΠΑΙΔΙΑ,Αύγουστος,100,4
12111,ΚΟΜΜΩΣΕΙΣ ΓΙΑ ΑΝΤΡΕΣ ΚΑΙ ΠΑΙΔΙΑ,Σεπτέμβριος,100,7
12111,ΚΟΜΜΩΣΕΙΣ ΓΙΑ ΑΝΤΡΕΣ ΚΑΙ ΠΑΙΔΙΑ,Οκτώβριος,100,7
12111,ΚΟΜΜΩΣΕΙΣ ΓΙΑ ΑΝΤΡΕΣ ΚΑΙ ΠΑΙΔΙΑ,Νοέμβριος,100,7
12111,ΚΟΜΜΩΣΕΙΣ ΓΙΑ ΑΝΤΡΕΣ ΚΑΙ ΠΑΙΔΙΑ,Δεκέμβριος,100,7
12111,ΚΟΜΜΩΣΕΙΣ ΓΙΑ ΑΝΤΡΕΣ ΚΑΙ ΠΑΙΔΙΑ,ΕΤΗΣΙΟΣ,99,7
12112,ΚΟΜΜΩΣΕΙΣ ΓΙΑ ΓΥΝΑΙΚΕΣ,W%0,3,17
12112,ΚΟΜΜΩΣΕΙΣ ΓΙΑ ΓΥΝΑΙΚΕΣ,Ιανουάριος,99,19
12112,ΚΟΜΜΩΣΕΙΣ ΓΙΑ ΓΥΝΑΙΚΕΣ,Φεβρουάριος,99,47
12112,ΚΟΜΜΩΣΕΙΣ ΓΙΑ ΓΥΝΑΙΚΕΣ,Μάρτιος,99,47
12112,ΚΟΜΜΩΣΕΙΣ ΓΙΑ ΓΥΝΑΙΚΕΣ,Απρίλιος,99,47
12112,ΚΟΜΜΩΣΕΙΣ ΓΙΑ ΓΥΝΑΙΚΕΣ,Μάιος,99,63
12112,ΚΟΜΜΩΣΕΙΣ ΓΙΑ ΓΥΝΑΙΚΕΣ,Ιούνιος,98,67
12112,ΚΟΜΜΩΣΕΙΣ ΓΙΑ ΓΥΝΑΙΚΕΣ,Ιούλιος,99,0
12112,ΚΟΜΜΩΣΕΙΣ ΓΙΑ ΓΥΝΑΙΚΕΣ,Αύγουστος,99,89
12112,ΚΟΜΜΩΣΕΙΣ ΓΙΑ ΓΥΝΑΙΚΕΣ,Σεπτέμβριος,99,75
12112,ΚΟΜΜΩΣΕΙΣ ΓΙΑ ΓΥΝΑΙΚΕΣ,Οκτώβριος,99,75
12112,ΚΟΜΜΩΣΕΙΣ ΓΙΑ ΓΥΝΑΙΚΕΣ,Νοέμβριος,99,75
12112,ΚΟΜΜΩΣΕΙΣ ΓΙΑ ΓΥΝΑΙΚΕΣ,Δεκέμβριος,99,75
12112,ΚΟΜΜΩΣΕΙΣ ΓΙΑ ΓΥΝΑΙΚΕΣ,ΕΤΗΣΙΟΣ,99,48
12113,ΥΠΗΡΕΣΙΕΣ ΚΑΛΛΩΠΙΣΜΟΥ ΚΑΙ ΠΡΟΣΩΠΙΚΗΣ ΠΕΡΙΠΟΙΗΣΗΣ,W%0,0,86
12113,ΥΠΗΡΕΣΙΕΣ ΚΑΛΛΩΠΙΣΜΟΥ ΚΑΙ ΠΡΟΣΩΠΙΚΗΣ ΠΕΡΙΠΟΙΗΣΗΣ,Ιανουάριος,96,48
12113,ΥΠΗΡΕΣΙΕΣ ΚΑΛΛΩΠΙΣΜΟΥ ΚΑΙ ΠΡΟΣΩΠΙΚΗΣ ΠΕΡΙΠΟΙΗΣΗΣ,Φεβρουάριος,96,48
12113,ΥΠΗΡΕΣΙΕΣ ΚΑΛΛΩΠΙΣΜΟΥ ΚΑΙ ΠΡΟΣΩΠΙΚΗΣ ΠΕΡΙΠΟΙΗΣΗΣ,Μάρτιος,96,48
12113,ΥΠΗΡΕΣΙΕΣ ΚΑΛΛΩΠΙΣΜΟΥ ΚΑΙ ΠΡΟΣΩΠΙΚΗΣ ΠΕΡΙΠΟΙΗΣΗΣ,Απρίλιος,96,48
12113,ΥΠΗΡΕΣΙΕΣ ΚΑΛΛΩΠΙΣΜΟΥ ΚΑΙ ΠΡΟΣΩΠΙΚΗΣ ΠΕΡΙΠΟΙΗΣΗΣ,Μάιος,96,48
12113,ΥΠΗΡΕΣΙΕΣ ΚΑΛΛΩΠΙΣΜΟΥ ΚΑΙ ΠΡΟΣΩΠΙΚΗΣ ΠΕΡΙΠΟΙΗΣΗΣ,Ιούνιος,96,41
12113,ΥΠΗΡΕΣΙΕΣ ΚΑΛΛΩΠΙΣΜΟΥ ΚΑΙ ΠΡΟΣΩΠΙΚΗΣ ΠΕΡΙΠΟΙΗΣΗΣ,Ιούλιος,96,33
12113,ΥΠΗΡΕΣΙΕΣ ΚΑΛΛΩΠΙΣΜΟΥ ΚΑΙ ΠΡΟΣΩΠΙΚΗΣ ΠΕΡΙΠΟΙΗΣΗΣ,Αύγουστος,96,33
12113,ΥΠΗΡΕΣΙΕΣ ΚΑΛΛΩΠΙΣΜΟΥ ΚΑΙ ΠΡΟΣΩΠΙΚΗΣ ΠΕΡΙΠΟΙΗΣΗΣ,Σεπτέμβριος,96,33
12113,ΥΠΗΡΕΣΙΕΣ ΚΑΛΛΩΠΙΣΜΟΥ ΚΑΙ ΠΡΟΣΩΠΙΚΗΣ ΠΕΡΙΠΟΙΗΣΗΣ,Οκτώβριος,96,39
12113,ΥΠΗΡΕΣΙΕΣ ΚΑΛΛΩΠΙΣΜΟΥ ΚΑΙ ΠΡΟΣΩΠΙΚΗΣ ΠΕΡΙΠΟΙΗΣΗΣ,Νοέμβριος,96,39
12113,ΥΠΗΡΕΣΙΕΣ ΚΑΛΛΩΠΙΣΜΟΥ ΚΑΙ ΠΡΟΣΩΠΙΚΗΣ ΠΕΡΙΠΟΙΗΣΗΣ,Δεκέμβριος,96,39
12113,ΥΠΗΡΕΣΙΕΣ ΚΑΛΛΩΠΙΣΜΟΥ ΚΑΙ ΠΡΟΣΩΠΙΚΗΣ ΠΕΡΙΠΟΙΗΣΗΣ,ΕΤΗΣΙΟΣ,96,41
1211,ΚΟΜΜΩΤΗΡΙΑ ΚΑΙ ΚΑΤΑΣΤΗΜΑΤΑ ΠΡΟΣΩΠΙΚΗΣ ΦΡΟΝΤΙΔΑΣ,W%0,5,29
1211,ΚΟΜΜΩΤΗΡΙΑ ΚΑΙ ΚΑΤΑΣΤΗΜΑΤΑ ΠΡΟΣΩΠΙΚΗΣ ΦΡΟΝΤΙΔΑΣ,Ιανουάριος,98,56
1211,ΚΟΜΜΩΤΗΡΙΑ ΚΑΙ ΚΑΤΑΣΤΗΜΑΤΑ ΠΡΟΣΩΠΙΚΗΣ ΦΡΟΝΤΙΔΑΣ,Φεβρουάριος,98,72
1211,ΚΟΜΜΩΤΗΡΙΑ ΚΑΙ ΚΑΤΑΣΤΗΜΑΤΑ ΠΡΟΣΩΠΙΚΗΣ ΦΡΟΝΤΙΔΑΣ,Μάρτιος,98,72
1211,ΚΟΜΜΩΤΗΡΙΑ ΚΑΙ ΚΑΤΑΣΤΗΜΑΤΑ ΠΡΟΣΩΠΙΚΗΣ ΦΡΟΝΤΙΔΑΣ,Απρίλιος,98,72
1211,ΚΟΜΜΩΤΗΡΙΑ ΚΑΙ ΚΑΤΑΣΤΗΜΑΤΑ ΠΡΟΣΩΠΙΚΗΣ ΦΡΟΝΤΙΔΑΣ,Μάιος,98,99
1211,ΚΟΜΜΩΤΗΡΙΑ ΚΑΙ ΚΑΤΑΣΤΗΜΑΤΑ ΠΡΟΣΩΠΙΚΗΣ ΦΡΟΝΤΙΔΑΣ,Ιούνιος,98,41
1211,ΚΟΜΜΩΤΗΡΙΑ ΚΑΙ ΚΑΤΑΣΤΗΜΑΤΑ ΠΡΟΣΩΠΙΚΗΣ ΦΡΟΝΤΙΔΑΣ,Ιούλιος,98,59
1211,ΚΟΜΜΩΤΗΡΙΑ ΚΑΙ ΚΑΤΑΣΤΗΜΑΤΑ ΠΡΟΣΩΠΙΚΗΣ ΦΡΟΝΤΙΔΑΣ,Αύγουστος,99,43
1211,ΚΟΜΜΩΤΗΡΙΑ ΚΑΙ ΚΑΤΑΣΤΗΜΑΤΑ ΠΡΟΣΩΠΙΚΗΣ ΦΡΟΝΤΙΔΑΣ,Σεπτέμβριος,99,35
1211,ΚΟΜΜΩΤΗΡΙΑ ΚΑΙ ΚΑΤΑΣΤΗΜΑΤΑ ΠΡΟΣΩΠΙΚΗΣ ΦΡΟΝΤΙΔΑΣ,Οκτώβριος,99,36
1211,ΚΟΜΜΩΤΗΡΙΑ ΚΑΙ ΚΑΤΑΣΤΗΜΑΤΑ ΠΡΟΣΩΠΙΚΗΣ ΦΡΟΝΤΙΔΑΣ,Νοέμβριος,99,36
1211,ΚΟΜΜΩΤΗΡΙΑ ΚΑΙ ΚΑΤΑΣΤΗΜΑΤΑ ΠΡΟΣΩΠΙΚΗΣ ΦΡΟΝΤΙΔΑΣ,Δεκέμβριος,99,36
1211,ΚΟΜΜΩΤΗΡΙΑ ΚΑΙ ΚΑΤΑΣΤΗΜΑΤΑ ΠΡΟΣΩΠΙΚΗΣ ΦΡΟΝΤΙΔΑΣ,ΕΤΗΣΙΟΣ,98,97
12121,ΗΛΕΚΤΡΙΚΕΣ ΣΥΣΚΕΥΕΣ ΓΙΑ ΠΡΟΣΩΠΙΚΗ ΦΡΟΝΤΙΔΑ,W%0,0,28
12121,ΗΛΕΚΤΡΙΚΕΣ ΣΥΣΚΕΥΕΣ ΓΙΑ ΠΡΟΣΩΠΙΚΗ ΦΡΟΝΤΙΔΑ,Ιανουάριος,84,2
12121,ΗΛΕΚΤΡΙΚΕΣ ΣΥΣΚΕΥΕΣ ΓΙΑ ΠΡΟΣΩΠΙΚΗ ΦΡΟΝΤΙΔΑ,Φεβρουάριος,82,78
12121,ΗΛΕΚΤΡΙΚΕΣ ΣΥΣΚΕΥΕΣ ΓΙΑ ΠΡΟΣΩΠΙΚΗ ΦΡΟΝΤΙΔΑ,Μάρτιος,83,56
12121,ΗΛΕΚΤΡΙΚΕΣ ΣΥΣΚΕΥΕΣ ΓΙΑ ΠΡΟΣΩΠΙΚΗ ΦΡΟΝΤΙΔΑ,Απρίλιος,83,68
12121,ΗΛΕΚΤΡΙΚΕΣ ΣΥΣΚΕΥΕΣ ΓΙΑ ΠΡΟΣΩΠΙΚΗ ΦΡΟΝΤΙΔΑ,Μάιος,82,86
12121,ΗΛΕΚΤΡΙΚΕΣ ΣΥΣΚΕΥΕΣ ΓΙΑ ΠΡΟΣΩΠΙΚΗ ΦΡΟΝΤΙΔΑ,Ιούνιος,82,40
12121,ΗΛΕΚΤΡΙΚΕΣ ΣΥΣΚΕΥΕΣ ΓΙΑ ΠΡΟΣΩΠΙΚΗ ΦΡΟΝΤΙΔΑ,Ιούλιος,81,80
12121,ΗΛΕΚΤΡΙΚΕΣ ΣΥΣΚΕΥΕΣ ΓΙΑ ΠΡΟΣΩΠΙΚΗ ΦΡΟΝΤΙΔΑ,Αύγουστος,82,34
12121,ΗΛΕΚΤΡΙΚΕΣ ΣΥΣΚΕΥΕΣ ΓΙΑ ΠΡΟΣΩΠΙΚΗ ΦΡΟΝΤΙΔΑ,Σεπτέμβριος,86,26
12121,ΗΛΕΚΤΡΙΚΕΣ ΣΥΣΚΕΥΕΣ ΓΙΑ ΠΡΟΣΩΠΙΚΗ ΦΡΟΝΤΙΔΑ,Οκτώβριος,86,0
12121,ΗΛΕΚΤΡΙΚΕΣ ΣΥΣΚΕΥΕΣ ΓΙΑ ΠΡΟΣΩΠΙΚΗ ΦΡΟΝΤΙΔΑ,Νοέμβριος,85,38
12121,ΗΛΕΚΤΡΙΚΕΣ ΣΥΣΚΕΥΕΣ ΓΙΑ ΠΡΟΣΩΠΙΚΗ ΦΡΟΝΤΙΔΑ,Δεκέμβριος,83,47
12121,ΗΛΕΚΤΡΙΚΕΣ ΣΥΣΚΕΥΕΣ ΓΙΑ ΠΡΟΣΩΠΙΚΗ ΦΡΟΝΤΙΔΑ,ΕΤΗΣΙΟΣ,83,71
1212,ΗΛΕΚΤΡΙΚΕΣ ΣΥΣΚΕΥΕΣ ΠΡΟΣΩΠΙΚΗΣ ΦΡΟΝΤΙΔΑΣ,W%0,0,28
1212,ΗΛΕΚΤΡΙΚΕΣ ΣΥΣΚΕΥΕΣ ΠΡΟΣΩΠΙΚΗΣ ΦΡΟΝΤΙΔΑΣ,Ιανουάριος,84,2
1212,ΗΛΕΚΤΡΙΚΕΣ ΣΥΣΚΕΥΕΣ ΠΡΟΣΩΠΙΚΗΣ ΦΡΟΝΤΙΔΑΣ,Φεβρουάριος,82,78
1212,ΗΛΕΚΤΡΙΚΕΣ ΣΥΣΚΕΥΕΣ ΠΡΟΣΩΠΙΚΗΣ ΦΡΟΝΤΙΔΑΣ,Μάρτιος,83,56
1212,ΗΛΕΚΤΡΙΚΕΣ ΣΥΣΚΕΥΕΣ ΠΡΟΣΩΠΙΚΗΣ ΦΡΟΝΤΙΔΑΣ,Απρίλιος,83,68
1212,ΗΛΕΚΤΡΙΚΕΣ ΣΥΣΚΕΥΕΣ ΠΡΟΣΩΠΙΚΗΣ ΦΡΟΝΤΙΔΑΣ,Μάιος,82,86
1212,ΗΛΕΚΤΡΙΚΕΣ ΣΥΣΚΕΥΕΣ ΠΡΟΣΩΠΙΚΗΣ ΦΡΟΝΤΙΔΑΣ,Ιούνιος,82,40
1212,ΗΛΕΚΤΡΙΚΕΣ ΣΥΣΚΕΥΕΣ ΠΡΟΣΩΠΙΚΗΣ ΦΡΟΝΤΙΔΑΣ,Ιούλιος,81,80
1212,ΗΛΕΚΤΡΙΚΕΣ ΣΥΣΚΕΥΕΣ ΠΡΟΣΩΠΙΚΗΣ ΦΡΟΝΤΙΔΑΣ,Αύγουστος,82,34
1212,ΗΛΕΚΤΡΙΚΕΣ ΣΥΣΚΕΥΕΣ ΠΡΟΣΩΠΙΚΗΣ ΦΡΟΝΤΙΔΑΣ,Σεπτέμβριος,86,26
1212,ΗΛΕΚΤΡΙΚΕΣ ΣΥΣΚΕΥΕΣ ΠΡΟΣΩΠΙΚΗΣ ΦΡΟΝΤΙΔΑΣ,Οκτώβριος,86,0
1212,ΗΛΕΚΤΡΙΚΕΣ ΣΥΣΚΕΥΕΣ ΠΡΟΣΩΠΙΚΗΣ ΦΡΟΝΤΙΔΑΣ,Νοέμβριος,85,38
1212,ΗΛΕΚΤΡΙΚΕΣ ΣΥΣΚΕΥΕΣ ΠΡΟΣΩΠΙΚΗΣ ΦΡΟΝΤΙΔΑΣ,Δεκέμβριος,83,47
1212,ΗΛΕΚΤΡΙΚΕΣ ΣΥΣΚΕΥΕΣ ΠΡΟΣΩΠΙΚΗΣ ΦΡΟΝΤΙΔΑΣ,ΕΤΗΣΙΟΣ,83,71
12131,ΣΥΣΚΕΥΕΣ ΑΤΟΜΙΚΗΣ ΦΡΟΝΤΙΔΑΣ (ΜΗ ΗΛΕΚΤΡΙΚΕΣ),W%0,1,37
12131,ΣΥΣΚΕΥΕΣ ΑΤΟΜΙΚΗΣ ΦΡΟΝΤΙΔΑΣ (ΜΗ ΗΛΕΚΤΡΙΚΕΣ),Ιανουάριος,94,98
12131,ΣΥΣΚΕΥΕΣ ΑΤΟΜΙΚΗΣ ΦΡΟΝΤΙΔΑΣ (ΜΗ ΗΛΕΚΤΡΙΚΕΣ),Φεβρουάριος,96,48
12131,ΣΥΣΚΕΥΕΣ ΑΤΟΜΙΚΗΣ ΦΡΟΝΤΙΔΑΣ (ΜΗ ΗΛΕΚΤΡΙΚΕΣ),Μάρτιος,95,50
12131,ΣΥΣΚΕΥΕΣ ΑΤΟΜΙΚΗΣ ΦΡΟΝΤΙΔΑΣ (ΜΗ ΗΛΕΚΤΡΙΚΕΣ),Απρίλιος,94,30
12131,ΣΥΣΚΕΥΕΣ ΑΤΟΜΙΚΗΣ ΦΡΟΝΤΙΔΑΣ (ΜΗ ΗΛΕΚΤΡΙΚΕΣ),Μάιος,94,77
12131,ΣΥΣΚΕΥΕΣ ΑΤΟΜΙΚΗΣ ΦΡΟΝΤΙΔΑΣ (ΜΗ ΗΛΕΚΤΡΙΚΕΣ),Ιούνιος,94,38
12131,ΣΥΣΚΕΥΕΣ ΑΤΟΜΙΚΗΣ ΦΡΟΝΤΙΔΑΣ (ΜΗ ΗΛΕΚΤΡΙΚΕΣ),Ιούλιος,92,71
12131,ΣΥΣΚΕΥΕΣ ΑΤΟΜΙΚΗΣ ΦΡΟΝΤΙΔΑΣ (ΜΗ ΗΛΕΚΤΡΙΚΕΣ),Αύγουστος,93,58
12131,ΣΥΣΚΕΥΕΣ ΑΤΟΜΙΚΗΣ ΦΡΟΝΤΙΔΑΣ (ΜΗ ΗΛΕΚΤΡΙΚΕΣ),Σεπτέμβριος,94,33
12131,ΣΥΣΚΕΥΕΣ ΑΤΟΜΙΚΗΣ ΦΡΟΝΤΙΔΑΣ (ΜΗ ΗΛΕΚΤΡΙΚΕΣ),Οκτώβριος,93,5
12131,ΣΥΣΚΕΥΕΣ ΑΤΟΜΙΚΗΣ ΦΡΟΝΤΙΔΑΣ (ΜΗ ΗΛΕΚΤΡΙΚΕΣ),Νοέμβριος,93,17
12131,ΣΥΣΚΕΥΕΣ ΑΤΟΜΙΚΗΣ ΦΡΟΝΤΙΔΑΣ (ΜΗ ΗΛΕΚΤΡΙΚΕΣ),Δεκέμβριος,93,52
12131,ΣΥΣΚΕΥΕΣ ΑΤΟΜΙΚΗΣ ΦΡΟΝΤΙΔΑΣ (ΜΗ ΗΛΕΚΤΡΙΚΕΣ),ΕΤΗΣΙΟΣ,94,23
12132,ΕΙΔΗ ΠΡΟΣΩΠΙΚΗΣ ΥΓΙΕΙΝΗΣ ΚΑΙ ΠΡΟΙΟΝΤΑ ΟΜΟΡΦΙΑΣ,W%0,19,0
12132,ΕΙΔΗ ΠΡΟΣΩΠΙΚΗΣ ΥΓΙΕΙΝΗΣ ΚΑΙ ΠΡΟΙΟΝΤΑ ΟΜΟΡΦΙΑΣ,Ιανουάριος,90,86
12132,ΕΙΔΗ ΠΡΟΣΩΠΙΚΗΣ ΥΓΙΕΙΝΗΣ ΚΑΙ ΠΡΟΙΟΝΤΑ ΟΜΟΡΦΙΑΣ,Φεβρουάριος,90,6
12132,ΕΙΔΗ ΠΡΟΣΩΠΙΚΗΣ ΥΓΙΕΙΝΗΣ ΚΑΙ ΠΡΟΙΟΝΤΑ ΟΜΟΡΦΙΑΣ,Μάρτιος,89,61
12132,ΕΙΔΗ ΠΡΟΣΩΠΙΚΗΣ ΥΓΙΕΙΝΗΣ ΚΑΙ ΠΡΟΙΟΝΤΑ ΟΜΟΡΦΙΑΣ,Απρίλιος,90,5
12132,ΕΙΔΗ ΠΡΟΣΩΠΙΚΗΣ ΥΓΙΕΙΝΗΣ ΚΑΙ ΠΡΟΙΟΝΤΑ ΟΜΟΡΦΙΑΣ,Μάιος,89,80
12132,ΕΙΔΗ ΠΡΟΣΩΠΙΚΗΣ ΥΓΙΕΙΝΗΣ ΚΑΙ ΠΡΟΙΟΝΤΑ ΟΜΟΡΦΙΑΣ,Ιούνιος,89,16
12132,ΕΙΔΗ ΠΡΟΣΩΠΙΚΗΣ ΥΓΙΕΙΝΗΣ ΚΑΙ ΠΡΟΙΟΝΤΑ ΟΜΟΡΦΙΑΣ,Ιούλιος,87,75
12132,ΕΙΔΗ ΠΡΟΣΩΠΙΚΗΣ ΥΓΙΕΙΝΗΣ ΚΑΙ ΠΡΟΙΟΝΤΑ ΟΜΟΡΦΙΑΣ,Αύγουστος,86,54
12132,ΕΙΔΗ ΠΡΟΣΩΠΙΚΗΣ ΥΓΙΕΙΝΗΣ ΚΑΙ ΠΡΟΙΟΝΤΑ ΟΜΟΡΦΙΑΣ,Σεπτέμβριος,87,15
12132,ΕΙΔΗ ΠΡΟΣΩΠΙΚΗΣ ΥΓΙΕΙΝΗΣ ΚΑΙ ΠΡΟΙΟΝΤΑ ΟΜΟΡΦΙΑΣ,Οκτώβριος,87,20
12132,ΕΙΔΗ ΠΡΟΣΩΠΙΚΗΣ ΥΓΙΕΙΝΗΣ ΚΑΙ ΠΡΟΙΟΝΤΑ ΟΜΟΡΦΙΑΣ,Νοέμβριος,85,48
12132,ΕΙΔΗ ΠΡΟΣΩΠΙΚΗΣ ΥΓΙΕΙΝΗΣ ΚΑΙ ΠΡΟΙΟΝΤΑ ΟΜΟΡΦΙΑΣ,Δεκέμβριος,84,75
12132,ΕΙΔΗ ΠΡΟΣΩΠΙΚΗΣ ΥΓΙΕΙΝΗΣ ΚΑΙ ΠΡΟΙΟΝΤΑ ΟΜΟΡΦΙΑΣ,ΕΤΗΣΙΟΣ,88,2
1213,ΑΛΛΑ ΕΙΔΗ ATOMΙΚΗΣ ΦPONTΙΔΑΣ,W%0,20,37
1213,ΑΛΛΑ ΕΙΔΗ ATOMΙΚΗΣ ΦPONTΙΔΑΣ,Ιανουάριος,91,7
1213,ΑΛΛΑ ΕΙΔΗ ATOMΙΚΗΣ ΦPONTΙΔΑΣ,Φεβρουάριος,90,42
1213,ΑΛΛΑ ΕΙΔΗ ATOMΙΚΗΣ ΦPONTΙΔΑΣ,Μάρτιος,89,93
1213,ΑΛΛΑ ΕΙΔΗ ATOMΙΚΗΣ ΦPONTΙΔΑΣ,Απρίλιος,90,27
1213,ΑΛΛΑ ΕΙΔΗ ATOMΙΚΗΣ ΦPONTΙΔΑΣ,Μάιος,90,6
1213,ΑΛΛΑ ΕΙΔΗ ATOMΙΚΗΣ ΦPONTΙΔΑΣ,Ιούνιος,89,45
1213,ΑΛΛΑ ΕΙΔΗ ATOMΙΚΗΣ ΦPONTΙΔΑΣ,Ιούλιος,88,2
1213,ΑΛΛΑ ΕΙΔΗ ATOMΙΚΗΣ ΦPONTΙΔΑΣ,Αύγουστος,86,95
1213,ΑΛΛΑ ΕΙΔΗ ATOMΙΚΗΣ ΦPONTΙΔΑΣ,Σεπτέμβριος,87,56
1213,ΑΛΛΑ ΕΙΔΗ ATOMΙΚΗΣ ΦPONTΙΔΑΣ,Οκτώβριος,87,52
1213,ΑΛΛΑ ΕΙΔΗ ATOMΙΚΗΣ ΦPONTΙΔΑΣ,Νοέμβριος,85,93
1213,ΑΛΛΑ ΕΙΔΗ ATOMΙΚΗΣ ΦPONTΙΔΑΣ,Δεκέμβριος,85,26
1213,ΑΛΛΑ ΕΙΔΗ ATOMΙΚΗΣ ΦPONTΙΔΑΣ,ΕΤΗΣΙΟΣ,88,54
121,ΚΟΥΡΕΙΑ - ΚΟΜΜΩΤΗΡΙΑ - ΕΙΔΗ ΑΤΟΜΙΚΗΣ ΦΡΟΝΤΙΔΑΣ,W%0,25,94
121,ΚΟΥΡΕΙΑ - ΚΟΜΜΩΤΗΡΙΑ - ΕΙΔΗ ΑΤΟΜΙΚΗΣ ΦΡΟΝΤΙΔΑΣ,Ιανουάριος,92,33
121,ΚΟΥΡΕΙΑ - ΚΟΜΜΩΤΗΡΙΑ - ΕΙΔΗ ΑΤΟΜΙΚΗΣ ΦΡΟΝΤΙΔΑΣ,Φεβρουάριος,91,83
121,ΚΟΥΡΕΙΑ - ΚΟΜΜΩΤΗΡΙΑ - ΕΙΔΗ ΑΤΟΜΙΚΗΣ ΦΡΟΝΤΙΔΑΣ,Μάρτιος,91,45
121,ΚΟΥΡΕΙΑ - ΚΟΜΜΩΤΗΡΙΑ - ΕΙΔΗ ΑΤΟΜΙΚΗΣ ΦΡΟΝΤΙΔΑΣ,Απρίλιος,91,72
121,ΚΟΥΡΕΙΑ - ΚΟΜΜΩΤΗΡΙΑ - ΕΙΔΗ ΑΤΟΜΙΚΗΣ ΦΡΟΝΤΙΔΑΣ,Μάιος,91,60
121,ΚΟΥΡΕΙΑ - ΚΟΜΜΩΤΗΡΙΑ - ΕΙΔΗ ΑΤΟΜΙΚΗΣ ΦΡΟΝΤΙΔΑΣ,Ιούνιος,91,0
121,ΚΟΥΡΕΙΑ - ΚΟΜΜΩΤΗΡΙΑ - ΕΙΔΗ ΑΤΟΜΙΚΗΣ ΦΡΟΝΤΙΔΑΣ,Ιούλιος,89,89
121,ΚΟΥΡΕΙΑ - ΚΟΜΜΩΤΗΡΙΑ - ΕΙΔΗ ΑΤΟΜΙΚΗΣ ΦΡΟΝΤΙΔΑΣ,Αύγουστος,89,20
121,ΚΟΥΡΕΙΑ - ΚΟΜΜΩΤΗΡΙΑ - ΕΙΔΗ ΑΤΟΜΙΚΗΣ ΦΡΟΝΤΙΔΑΣ,Σεπτέμβριος,89,72
121,ΚΟΥΡΕΙΑ - ΚΟΜΜΩΤΗΡΙΑ - ΕΙΔΗ ΑΤΟΜΙΚΗΣ ΦΡΟΝΤΙΔΑΣ,Οκτώβριος,89,69
121,ΚΟΥΡΕΙΑ - ΚΟΜΜΩΤΗΡΙΑ - ΕΙΔΗ ΑΤΟΜΙΚΗΣ ΦΡΟΝΤΙΔΑΣ,Νοέμβριος,88,42
121,ΚΟΥΡΕΙΑ - ΚΟΜΜΩΤΗΡΙΑ - ΕΙΔΗ ΑΤΟΜΙΚΗΣ ΦΡΟΝΤΙΔΑΣ,Δεκέμβριος,87,87
121,ΚΟΥΡΕΙΑ - ΚΟΜΜΩΤΗΡΙΑ - ΕΙΔΗ ΑΤΟΜΙΚΗΣ ΦΡΟΝΤΙΔΑΣ,ΕΤΗΣΙΟΣ,90,39
12311,ΚΟΣΜΗΜΑΤΑ,W%0,0,64
12311,ΚΟΣΜΗΜΑΤΑ,Ιανουάριος,103,36
12311,ΚΟΣΜΗΜΑΤΑ,Φεβρουάριος,104,6
12311,ΚΟΣΜΗΜΑΤΑ,Μάρτιος,104,44
12311,ΚΟΣΜΗΜΑΤΑ,Απρίλιος,104,44
12311,ΚΟΣΜΗΜΑΤΑ,Μάιος,104,67
12311,ΚΟΣΜΗΜΑΤΑ,Ιούνιος,105,2
12311,ΚΟΣΜΗΜΑΤΑ,Ιούλιος,110,3
12311,ΚΟΣΜΗΜΑΤΑ,Αύγουστος,110,29
12311,ΚΟΣΜΗΜΑΤΑ,Σεπτέμβριος,111,64
12311,ΚΟΣΜΗΜΑΤΑ,Οκτώβριος,111,51
12311,ΚΟΣΜΗΜΑΤΑ,Νοέμβριος,111,43
12311,ΚΟΣΜΗΜΑΤΑ,Δεκέμβριος,111,50
12311,ΚΟΣΜΗΜΑΤΑ,ΕΤΗΣΙΟΣ,107,7
12312,ΡΟΛΟΓΙΑ,W%0,0,15
12312,ΡΟΛΟΓΙΑ,Ιανουάριος,96,16
12312,ΡΟΛΟΓΙΑ,Φεβρουάριος,95,25
12312,ΡΟΛΟΓΙΑ,Μάρτιος,96,17
12312,ΡΟΛΟΓΙΑ,Απρίλιος,95,93
12312,ΡΟΛΟΓΙΑ,Μάιος,96,2
12312,ΡΟΛΟΓΙΑ,Ιούνιος,96,2
12312,ΡΟΛΟΓΙΑ,Ιούλιος,96,2
12312,ΡΟΛΟΓΙΑ,Αύγουστος,94,49
12312,ΡΟΛΟΓΙΑ,Σεπτέμβριος,94,12
12312,ΡΟΛΟΓΙΑ,Οκτώβριος,94,21
12312,ΡΟΛΟΓΙΑ,Νοέμβριος,93,97
12312,ΡΟΛΟΓΙΑ,Δεκέμβριος,93,93
12312,ΡΟΛΟΓΙΑ,ΕΤΗΣΙΟΣ,95,19
1231,ΚΟΣΜΗΜΑΤΑ - ΡΟΛΟΓΙΑ,W%0,0,79
1231,ΚΟΣΜΗΜΑΤΑ - ΡΟΛΟΓΙΑ,Ιανουάριος,102,12
1231,ΚΟΣΜΗΜΑΤΑ - ΡΟΛΟΓΙΑ,Φεβρουάριος,102,51
1231,ΚΟΣΜΗΜΑΤΑ - ΡΟΛΟΓΙΑ,Μάρτιος,102,99
1231,ΚΟΣΜΗΜΑΤΑ - ΡΟΛΟΓΙΑ,Απρίλιος,102,94
1231,ΚΟΣΜΗΜΑΤΑ - ΡΟΛΟΓΙΑ,Μάιος,103,15
1231,ΚΟΣΜΗΜΑΤΑ - ΡΟΛΟΓΙΑ,Ιούνιος,103,44
1231,ΚΟΣΜΗΜΑΤΑ - ΡΟΛΟΓΙΑ,Ιούλιος,107,48
1231,ΚΟΣΜΗΜΑΤΑ - ΡΟΛΟΓΙΑ,Αύγουστος,107,39
1231,ΚΟΣΜΗΜΑΤΑ - ΡΟΛΟΓΙΑ,Σεπτέμβριος,108,41
1231,ΚΟΣΜΗΜΑΤΑ - ΡΟΛΟΓΙΑ,Οκτώβριος,108,32
1231,ΚΟΣΜΗΜΑΤΑ - ΡΟΛΟΓΙΑ,Νοέμβριος,108,21
1231,ΚΟΣΜΗΜΑΤΑ - ΡΟΛΟΓΙΑ,Δεκέμβριος,108,26
1231,ΚΟΣΜΗΜΑΤΑ - ΡΟΛΟΓΙΑ,ΕΤΗΣΙΟΣ,105,44
12321,ΕΙΔΗ ΜΕΤΑΦΟΡΑΣ ΚΑΙ ΤΑΞΙΔΙΟΥ,W%0,1,8
12321,ΕΙΔΗ ΜΕΤΑΦΟΡΑΣ ΚΑΙ ΤΑΞΙΔΙΟΥ,Ιανουάριος,84,99
12321,ΕΙΔΗ ΜΕΤΑΦΟΡΑΣ ΚΑΙ ΤΑΞΙΔΙΟΥ,Φεβρουάριος,85,40
12321,ΕΙΔΗ ΜΕΤΑΦΟΡΑΣ ΚΑΙ ΤΑΞΙΔΙΟΥ,Μάρτιος,88,99
12321,ΕΙΔΗ ΜΕΤΑΦΟΡΑΣ ΚΑΙ ΤΑΞΙΔΙΟΥ,Απρίλιος,88,74
12321,ΕΙΔΗ ΜΕΤΑΦΟΡΑΣ ΚΑΙ ΤΑΞΙΔΙΟΥ,Μάιος,87,61
12321,ΕΙΔΗ ΜΕΤΑΦΟΡΑΣ ΚΑΙ ΤΑΞΙΔΙΟΥ,Ιούνιος,87,82
12321,ΕΙΔΗ ΜΕΤΑΦΟΡΑΣ ΚΑΙ ΤΑΞΙΔΙΟΥ,Ιούλιος,82,25
12321,ΕΙΔΗ ΜΕΤΑΦΟΡΑΣ ΚΑΙ ΤΑΞΙΔΙΟΥ,Αύγουστος,81,10
12321,ΕΙΔΗ ΜΕΤΑΦΟΡΑΣ ΚΑΙ ΤΑΞΙΔΙΟΥ,Σεπτέμβριος,86,98
12321,ΕΙΔΗ ΜΕΤΑΦΟΡΑΣ ΚΑΙ ΤΑΞΙΔΙΟΥ,Οκτώβριος,87,59
12321,ΕΙΔΗ ΜΕΤΑΦΟΡΑΣ ΚΑΙ ΤΑΞΙΔΙΟΥ,Νοέμβριος,84,5
12321,ΕΙΔΗ ΜΕΤΑΦΟΡΑΣ ΚΑΙ ΤΑΞΙΔΙΟΥ,Δεκέμβριος,85,24
12321,ΕΙΔΗ ΜΕΤΑΦΟΡΑΣ ΚΑΙ ΤΑΞΙΔΙΟΥ,ΕΤΗΣΙΟΣ,85,9
12322,ΕΙΔΗ ΓΙΑ ΜΩΡΑ,W%0,0,66
12322,ΕΙΔΗ ΓΙΑ ΜΩΡΑ,Ιανουάριος,89,54
12322,ΕΙΔΗ ΓΙΑ ΜΩΡΑ,Φεβρουάριος,89,18
12322,ΕΙΔΗ ΓΙΑ ΜΩΡΑ,Μάρτιος,91,89
12322,ΕΙΔΗ ΓΙΑ ΜΩΡΑ,Απρίλιος,91,79
12322,ΕΙΔΗ ΓΙΑ ΜΩΡΑ,Μάιος,91,16
12322,ΕΙΔΗ ΓΙΑ ΜΩΡΑ,Ιούνιος,91,65
12322,ΕΙΔΗ ΓΙΑ ΜΩΡΑ,Ιούλιος,89,57
12322,ΕΙΔΗ ΓΙΑ ΜΩΡΑ,Αύγουστος,89,9
12322,ΕΙΔΗ ΓΙΑ ΜΩΡΑ,Σεπτέμβριος,91,45
12322,ΕΙΔΗ ΓΙΑ ΜΩΡΑ,Οκτώβριος,91,69
12322,ΕΙΔΗ ΓΙΑ ΜΩΡΑ,Νοέμβριος,91,8
12322,ΕΙΔΗ ΓΙΑ ΜΩΡΑ,Δεκέμβριος,90,74
12322,ΕΙΔΗ ΓΙΑ ΜΩΡΑ,ΕΤΗΣΙΟΣ,90,74
12329,ΛΟΙΠΑ ΠΡΟΣΩΠΙΚΑ ΕΙΔΗ,W%0,4,30
12329,ΛΟΙΠΑ ΠΡΟΣΩΠΙΚΑ ΕΙΔΗ,Ιανουάριος,96,75
12329,ΛΟΙΠΑ ΠΡΟΣΩΠΙΚΑ ΕΙΔΗ,Φεβρουάριος,97,80
12329,ΛΟΙΠΑ ΠΡΟΣΩΠΙΚΑ ΕΙΔΗ,Μάρτιος,99,9
12329,ΛΟΙΠΑ ΠΡΟΣΩΠΙΚΑ ΕΙΔΗ,Απρίλιος,98,81
12329,ΛΟΙΠΑ ΠΡΟΣΩΠΙΚΑ ΕΙΔΗ,Μάιος,98,49
12329,ΛΟΙΠΑ ΠΡΟΣΩΠΙΚΑ ΕΙΔΗ,Ιούνιος,98,98
12329,ΛΟΙΠΑ ΠΡΟΣΩΠΙΚΑ ΕΙΔΗ,Ιούλιος,96,42
12329,ΛΟΙΠΑ ΠΡΟΣΩΠΙΚΑ ΕΙΔΗ,Αύγουστος,93,92
12329,ΛΟΙΠΑ ΠΡΟΣΩΠΙΚΑ ΕΙΔΗ,Σεπτέμβριος,95,61
12329,ΛΟΙΠΑ ΠΡΟΣΩΠΙΚΑ ΕΙΔΗ,Οκτώβριος,96,2
12329,ΛΟΙΠΑ ΠΡΟΣΩΠΙΚΑ ΕΙΔΗ,Νοέμβριος,96,27
12329,ΛΟΙΠΑ ΠΡΟΣΩΠΙΚΑ ΕΙΔΗ,Δεκέμβριος,96,0
12329,ΛΟΙΠΑ ΠΡΟΣΩΠΙΚΑ ΕΙΔΗ,ΕΤΗΣΙΟΣ,97,1
1232,ΑΛΛΑ ΠΡΟΣΩΠΙΚΑ ΕΙΔΗ,W%0,6,4
1232,ΑΛΛΑ ΠΡΟΣΩΠΙΚΑ ΕΙΔΗ,Ιανουάριος,93,99
1232,ΑΛΛΑ ΠΡΟΣΩΠΙΚΑ ΕΙΔΗ,Φεβρουάριος,94,77
1232,ΑΛΛΑ ΠΡΟΣΩΠΙΚΑ ΕΙΔΗ,Μάρτιος,96,67
1232,ΑΛΛΑ ΠΡΟΣΩΠΙΚΑ ΕΙΔΗ,Απρίλιος,96,42
1232,ΑΛΛΑ ΠΡΟΣΩΠΙΚΑ ΕΙΔΗ,Μάιος,95,90
1232,ΑΛΛΑ ΠΡΟΣΩΠΙΚΑ ΕΙΔΗ,Ιούνιος,96,34
1232,ΑΛΛΑ ΠΡΟΣΩΠΙΚΑ ΕΙΔΗ,Ιούλιος,93,23
1232,ΑΛΛΑ ΠΡΟΣΩΠΙΚΑ ΕΙΔΗ,Αύγουστος,91,22
1232,ΑΛΛΑ ΠΡΟΣΩΠΙΚΑ ΕΙΔΗ,Σεπτέμβριος,93,82
1232,ΑΛΛΑ ΠΡΟΣΩΠΙΚΑ ΕΙΔΗ,Οκτώβριος,94,25
1232,ΑΛΛΑ ΠΡΟΣΩΠΙΚΑ ΕΙΔΗ,Νοέμβριος,93,66
1232,ΑΛΛΑ ΠΡΟΣΩΠΙΚΑ ΕΙΔΗ,Δεκέμβριος,93,67
1232,ΑΛΛΑ ΠΡΟΣΩΠΙΚΑ ΕΙΔΗ,ΕΤΗΣΙΟΣ,94,49
123,ΠΡΟΣΩΠΙΚΑ ΕΙΔΗ,W%0,6,83
123,ΠΡΟΣΩΠΙΚΑ ΕΙΔΗ,Ιανουάριος,94,86
123,ΠΡΟΣΩΠΙΚΑ ΕΙΔΗ,Φεβρουάριος,95,59
123,ΠΡΟΣΩΠΙΚΑ ΕΙΔΗ,Μάρτιος,97,33
123,ΠΡΟΣΩΠΙΚΑ ΕΙΔΗ,Απρίλιος,97,10
123,ΠΡΟΣΩΠΙΚΑ ΕΙΔΗ,Μάιος,96,67
123,ΠΡΟΣΩΠΙΚΑ ΕΙΔΗ,Ιούνιος,97,9
123,ΠΡΟΣΩΠΙΚΑ ΕΙΔΗ,Ιούλιος,94,78
123,ΠΡΟΣΩΠΙΚΑ ΕΙΔΗ,Αύγουστος,92,99
123,ΠΡΟΣΩΠΙΚΑ ΕΙΔΗ,Σεπτέμβριος,95,40
123,ΠΡΟΣΩΠΙΚΑ ΕΙΔΗ,Οκτώβριος,95,78
123,ΠΡΟΣΩΠΙΚΑ ΕΙΔΗ,Νοέμβριος,95,24
123,ΠΡΟΣΩΠΙΚΑ ΕΙΔΗ,Δεκέμβριος,95,26
123,ΠΡΟΣΩΠΙΚΑ ΕΙΔΗ,ΕΤΗΣΙΟΣ,95,67
12401,ΥΠΗΡΕΣΙΕΣ ΦΡΟΝΤΙΔΑΣ ΠΑΙΔΙΩΝ,W%0,1,11
12401,ΥΠΗΡΕΣΙΕΣ ΦΡΟΝΤΙΔΑΣ ΠΑΙΔΙΩΝ,Ιανουάριος,102,1
12401,ΥΠΗΡΕΣΙΕΣ ΦΡΟΝΤΙΔΑΣ ΠΑΙΔΙΩΝ,Φεβρουάριος,102,1
12401,ΥΠΗΡΕΣΙΕΣ ΦΡΟΝΤΙΔΑΣ ΠΑΙΔΙΩΝ,Μάρτιος,102,1
12401,ΥΠΗΡΕΣΙΕΣ ΦΡΟΝΤΙΔΑΣ ΠΑΙΔΙΩΝ,Απρίλιος,102,1
12401,ΥΠΗΡΕΣΙΕΣ ΦΡΟΝΤΙΔΑΣ ΠΑΙΔΙΩΝ,Μάιος,102,1
12401,ΥΠΗΡΕΣΙΕΣ ΦΡΟΝΤΙΔΑΣ ΠΑΙΔΙΩΝ,Ιούνιος,102,1
12401,ΥΠΗΡΕΣΙΕΣ ΦΡΟΝΤΙΔΑΣ ΠΑΙΔΙΩΝ,Ιούλιος,102,1
12401,ΥΠΗΡΕΣΙΕΣ ΦΡΟΝΤΙΔΑΣ ΠΑΙΔΙΩΝ,Αύγουστος,101,94
12401,ΥΠΗΡΕΣΙΕΣ ΦΡΟΝΤΙΔΑΣ ΠΑΙΔΙΩΝ,Σεπτέμβριος,101,88
12401,ΥΠΗΡΕΣΙΕΣ ΦΡΟΝΤΙΔΑΣ ΠΑΙΔΙΩΝ,Οκτώβριος,101,88
12401,ΥΠΗΡΕΣΙΕΣ ΦΡΟΝΤΙΔΑΣ ΠΑΙΔΙΩΝ,Νοέμβριος,101,88
12401,ΥΠΗΡΕΣΙΕΣ ΦΡΟΝΤΙΔΑΣ ΠΑΙΔΙΩΝ,Δεκέμβριος,101,88
12401,ΥΠΗΡΕΣΙΕΣ ΦΡΟΝΤΙΔΑΣ ΠΑΙΔΙΩΝ,ΕΤΗΣΙΟΣ,101,96
12402,ΟΙΚΟΙ ΕΥΓΗΡΙΑΣ ΚΑΙ ΙΔΡΥΜΑΤΑ ΓΙΑ ΑΤΟΜΑ ΜΕ ΕΙΔΙΚΕΣ ΑΝΑΓΚΕΣ,W%0,0,91
12402,ΟΙΚΟΙ ΕΥΓΗΡΙΑΣ ΚΑΙ ΙΔΡΥΜΑΤΑ ΓΙΑ ΑΤΟΜΑ ΜΕ ΕΙΔΙΚΕΣ ΑΝΑΓΚΕΣ,Ιανουάριος,105,43
12402,ΟΙΚΟΙ ΕΥΓΗΡΙΑΣ ΚΑΙ ΙΔΡΥΜΑΤΑ ΓΙΑ ΑΤΟΜΑ ΜΕ ΕΙΔΙΚΕΣ ΑΝΑΓΚΕΣ,Φεβρουάριος,105,43
12402,ΟΙΚΟΙ ΕΥΓΗΡΙΑΣ ΚΑΙ ΙΔΡΥΜΑΤΑ ΓΙΑ ΑΤΟΜΑ ΜΕ ΕΙΔΙΚΕΣ ΑΝΑΓΚΕΣ,Μάρτιος,105,43
12402,ΟΙΚΟΙ ΕΥΓΗΡΙΑΣ ΚΑΙ ΙΔΡΥΜΑΤΑ ΓΙΑ ΑΤΟΜΑ ΜΕ ΕΙΔΙΚΕΣ ΑΝΑΓΚΕΣ,Απρίλιος,105,43
12402,ΟΙΚΟΙ ΕΥΓΗΡΙΑΣ ΚΑΙ ΙΔΡΥΜΑΤΑ ΓΙΑ ΑΤΟΜΑ ΜΕ ΕΙΔΙΚΕΣ ΑΝΑΓΚΕΣ,Μάιος,105,43
12402,ΟΙΚΟΙ ΕΥΓΗΡΙΑΣ ΚΑΙ ΙΔΡΥΜΑΤΑ ΓΙΑ ΑΤΟΜΑ ΜΕ ΕΙΔΙΚΕΣ ΑΝΑΓΚΕΣ,Ιούνιος,105,43
12402,ΟΙΚΟΙ ΕΥΓΗΡΙΑΣ ΚΑΙ ΙΔΡΥΜΑΤΑ ΓΙΑ ΑΤΟΜΑ ΜΕ ΕΙΔΙΚΕΣ ΑΝΑΓΚΕΣ,Ιούλιος,105,43
12402,ΟΙΚΟΙ ΕΥΓΗΡΙΑΣ ΚΑΙ ΙΔΡΥΜΑΤΑ ΓΙΑ ΑΤΟΜΑ ΜΕ ΕΙΔΙΚΕΣ ΑΝΑΓΚΕΣ,Αύγουστος,105,43
12402,ΟΙΚΟΙ ΕΥΓΗΡΙΑΣ ΚΑΙ ΙΔΡΥΜΑΤΑ ΓΙΑ ΑΤΟΜΑ ΜΕ ΕΙΔΙΚΕΣ ΑΝΑΓΚΕΣ,Σεπτέμβριος,105,43
12402,ΟΙΚΟΙ ΕΥΓΗΡΙΑΣ ΚΑΙ ΙΔΡΥΜΑΤΑ ΓΙΑ ΑΤΟΜΑ ΜΕ ΕΙΔΙΚΕΣ ΑΝΑΓΚΕΣ,Οκτώβριος,105,43
12402,ΟΙΚΟΙ ΕΥΓΗΡΙΑΣ ΚΑΙ ΙΔΡΥΜΑΤΑ ΓΙΑ ΑΤΟΜΑ ΜΕ ΕΙΔΙΚΕΣ ΑΝΑΓΚΕΣ,Νοέμβριος,105,43
12402,ΟΙΚΟΙ ΕΥΓΗΡΙΑΣ ΚΑΙ ΙΔΡΥΜΑΤΑ ΓΙΑ ΑΤΟΜΑ ΜΕ ΕΙΔΙΚΕΣ ΑΝΑΓΚΕΣ,Δεκέμβριος,105,43
12402,ΟΙΚΟΙ ΕΥΓΗΡΙΑΣ ΚΑΙ ΙΔΡΥΜΑΤΑ ΓΙΑ ΑΤΟΜΑ ΜΕ ΕΙΔΙΚΕΣ ΑΝΑΓΚΕΣ,ΕΤΗΣΙΟΣ,105,43
12403,ΥΠΗΡΕΣΙΕΣ ΓΙΑ ΒΟΗΘΕΙΑ ΑΤΟΜΩΝ ΣΤΟ ΣΠΙΤΙ,W%0,2,38
12403,ΥΠΗΡΕΣΙΕΣ ΓΙΑ ΒΟΗΘΕΙΑ ΑΤΟΜΩΝ ΣΤΟ ΣΠΙΤΙ,Ιανουάριος,99,63
12403,ΥΠΗΡΕΣΙΕΣ ΓΙΑ ΒΟΗΘΕΙΑ ΑΤΟΜΩΝ ΣΤΟ ΣΠΙΤΙ,Φεβρουάριος,99,63
12403,ΥΠΗΡΕΣΙΕΣ ΓΙΑ ΒΟΗΘΕΙΑ ΑΤΟΜΩΝ ΣΤΟ ΣΠΙΤΙ,Μάρτιος,99,63
12403,ΥΠΗΡΕΣΙΕΣ ΓΙΑ ΒΟΗΘΕΙΑ ΑΤΟΜΩΝ ΣΤΟ ΣΠΙΤΙ,Απρίλιος,99,63
12403,ΥΠΗΡΕΣΙΕΣ ΓΙΑ ΒΟΗΘΕΙΑ ΑΤΟΜΩΝ ΣΤΟ ΣΠΙΤΙ,Μάιος,99,63
12403,ΥΠΗΡΕΣΙΕΣ ΓΙΑ ΒΟΗΘΕΙΑ ΑΤΟΜΩΝ ΣΤΟ ΣΠΙΤΙ,Ιούνιος,99,63
12403,ΥΠΗΡΕΣΙΕΣ ΓΙΑ ΒΟΗΘΕΙΑ ΑΤΟΜΩΝ ΣΤΟ ΣΠΙΤΙ,Ιούλιος,99,63
12403,ΥΠΗΡΕΣΙΕΣ ΓΙΑ ΒΟΗΘΕΙΑ ΑΤΟΜΩΝ ΣΤΟ ΣΠΙΤΙ,Αύγουστος,99,63
12403,ΥΠΗΡΕΣΙΕΣ ΓΙΑ ΒΟΗΘΕΙΑ ΑΤΟΜΩΝ ΣΤΟ ΣΠΙΤΙ,Σεπτέμβριος,100,14
12403,ΥΠΗΡΕΣΙΕΣ ΓΙΑ ΒΟΗΘΕΙΑ ΑΤΟΜΩΝ ΣΤΟ ΣΠΙΤΙ,Οκτώβριος,100,14
12403,ΥΠΗΡΕΣΙΕΣ ΓΙΑ ΒΟΗΘΕΙΑ ΑΤΟΜΩΝ ΣΤΟ ΣΠΙΤΙ,Νοέμβριος,100,14
12403,ΥΠΗΡΕΣΙΕΣ ΓΙΑ ΒΟΗΘΕΙΑ ΑΤΟΜΩΝ ΣΤΟ ΣΠΙΤΙ,Δεκέμβριος,100,14
12403,ΥΠΗΡΕΣΙΕΣ ΓΙΑ ΒΟΗΘΕΙΑ ΑΤΟΜΩΝ ΣΤΟ ΣΠΙΤΙ,ΕΤΗΣΙΟΣ,99,8
124,ΥΠΗΡΕΣΙΕΣ ΚΟΙΝΩΝΙΚΗΣ ΠΡΟΣΤΑΣΙΑΣ,W%0,4,39
124,ΥΠΗΡΕΣΙΕΣ ΚΟΙΝΩΝΙΚΗΣ ΠΡΟΣΤΑΣΙΑΣ,Ιανουάριος,101,75
124,ΥΠΗΡΕΣΙΕΣ ΚΟΙΝΩΝΙΚΗΣ ΠΡΟΣΤΑΣΙΑΣ,Φεβρουάριος,101,75
124,ΥΠΗΡΕΣΙΕΣ ΚΟΙΝΩΝΙΚΗΣ ΠΡΟΣΤΑΣΙΑΣ,Μάρτιος,101,75
124,ΥΠΗΡΕΣΙΕΣ ΚΟΙΝΩΝΙΚΗΣ ΠΡΟΣΤΑΣΙΑΣ,Απρίλιος,101,75
124,ΥΠΗΡΕΣΙΕΣ ΚΟΙΝΩΝΙΚΗΣ ΠΡΟΣΤΑΣΙΑΣ,Μάιος,101,75
124,ΥΠΗΡΕΣΙΕΣ ΚΟΙΝΩΝΙΚΗΣ ΠΡΟΣΤΑΣΙΑΣ,Ιούνιος,101,75
124,ΥΠΗΡΕΣΙΕΣ ΚΟΙΝΩΝΙΚΗΣ ΠΡΟΣΤΑΣΙΑΣ,Ιούλιος,101,75
124,ΥΠΗΡΕΣΙΕΣ ΚΟΙΝΩΝΙΚΗΣ ΠΡΟΣΤΑΣΙΑΣ,Αύγουστος,101,73
124,ΥΠΗΡΕΣΙΕΣ ΚΟΙΝΩΝΙΚΗΣ ΠΡΟΣΤΑΣΙΑΣ,Σεπτέμβριος,102,1
124,ΥΠΗΡΕΣΙΕΣ ΚΟΙΝΩΝΙΚΗΣ ΠΡΟΣΤΑΣΙΑΣ,Οκτώβριος,102,1
124,ΥΠΗΡΕΣΙΕΣ ΚΟΙΝΩΝΙΚΗΣ ΠΡΟΣΤΑΣΙΑΣ,Νοέμβριος,102,1
124,ΥΠΗΡΕΣΙΕΣ ΚΟΙΝΩΝΙΚΗΣ ΠΡΟΣΤΑΣΙΑΣ,Δεκέμβριος,102,1
124,ΥΠΗΡΕΣΙΕΣ ΚΟΙΝΩΝΙΚΗΣ ΠΡΟΣΤΑΣΙΑΣ,ΕΤΗΣΙΟΣ,101,83
1252,ΑΣΦΑΛΙΣΗ ΚΑΤΟΙΚΙΑΣ,W%0,0,0
1252,ΑΣΦΑΛΙΣΗ ΚΑΤΟΙΚΙΑΣ,Δεκέμβριος,,
1252,ΑΣΦΑΛΙΣΗ ΚΑΤΟΙΚΙΑΣ,ΕΤΗΣΙΟΣ,,
12532,ΙΔΙΩΤΙΚΗ ΑΣΦΑΛΕΙΑ ΥΓΕΙΑΣ,W%0,2,82
12532,ΙΔΙΩΤΙΚΗ ΑΣΦΑΛΕΙΑ ΥΓΕΙΑΣ,Ιανουάριος,100,0
12532,ΙΔΙΩΤΙΚΗ ΑΣΦΑΛΕΙΑ ΥΓΕΙΑΣ,Φεβρουάριος,100,0
12532,ΙΔΙΩΤΙΚΗ ΑΣΦΑΛΕΙΑ ΥΓΕΙΑΣ,Μάρτιος,100,0
12532,ΙΔΙΩΤΙΚΗ ΑΣΦΑΛΕΙΑ ΥΓΕΙΑΣ,Απρίλιος,100,0
12532,ΙΔΙΩΤΙΚΗ ΑΣΦΑΛΕΙΑ ΥΓΕΙΑΣ,Μάιος,100,0
12532,ΙΔΙΩΤΙΚΗ ΑΣΦΑΛΕΙΑ ΥΓΕΙΑΣ,Ιούνιος,100,0
12532,ΙΔΙΩΤΙΚΗ ΑΣΦΑΛΕΙΑ ΥΓΕΙΑΣ,Ιούλιος,100,0
12532,ΙΔΙΩΤΙΚΗ ΑΣΦΑΛΕΙΑ ΥΓΕΙΑΣ,Αύγουστος,100,0
12532,ΙΔΙΩΤΙΚΗ ΑΣΦΑΛΕΙΑ ΥΓΕΙΑΣ,Σεπτέμβριος,100,0
12532,ΙΔΙΩΤΙΚΗ ΑΣΦΑΛΕΙΑ ΥΓΕΙΑΣ,Οκτώβριος,100,0
12532,ΙΔΙΩΤΙΚΗ ΑΣΦΑΛΕΙΑ ΥΓΕΙΑΣ,Νοέμβριος,100,0
12532,ΙΔΙΩΤΙΚΗ ΑΣΦΑΛΕΙΑ ΥΓΕΙΑΣ,Δεκέμβριος,100,0
12532,ΙΔΙΩΤΙΚΗ ΑΣΦΑΛΕΙΑ ΥΓΕΙΑΣ,ΕΤΗΣΙΟΣ,100,
1253,ΑΣΦΑΛΙΣΗ ΥΓΕΙΑΣ,W%0,2,82
1253,ΑΣΦΑΛΙΣΗ ΥΓΕΙΑΣ,Ιανουάριος,100,0
1253,ΑΣΦΑΛΙΣΗ ΥΓΕΙΑΣ,Φεβρουάριος,100,0
1253,ΑΣΦΑΛΙΣΗ ΥΓΕΙΑΣ,Μάρτιος,100,0
1253,ΑΣΦΑΛΙΣΗ ΥΓΕΙΑΣ,Απρίλιος,100,0
1253,ΑΣΦΑΛΙΣΗ ΥΓΕΙΑΣ,Μάιος,100,0
1253,ΑΣΦΑΛΙΣΗ ΥΓΕΙΑΣ,Ιούνιος,100,0
1253,ΑΣΦΑΛΙΣΗ ΥΓΕΙΑΣ,Ιούλιος,100,0
1253,ΑΣΦΑΛΙΣΗ ΥΓΕΙΑΣ,Αύγουστος,100,0
1253,ΑΣΦΑΛΙΣΗ ΥΓΕΙΑΣ,Σεπτέμβριος,100,0
1253,ΑΣΦΑΛΙΣΗ ΥΓΕΙΑΣ,Οκτώβριος,100,0
1253,ΑΣΦΑΛΙΣΗ ΥΓΕΙΑΣ,Νοέμβριος,100,0
1253,ΑΣΦΑΛΙΣΗ ΥΓΕΙΑΣ,Δεκέμβριος,100,0
1253,ΑΣΦΑΛΙΣΗ ΥΓΕΙΑΣ,ΕΤΗΣΙΟΣ,100,
12541,ΑΣΦΑΛΕΙΑ ΟΧΗΜΑΤΩΝ,W%0,8,97
12541,ΑΣΦΑΛΕΙΑ ΟΧΗΜΑΤΩΝ,Ιανουάριος,92,60
12541,ΑΣΦΑΛΕΙΑ ΟΧΗΜΑΤΩΝ,Φεβρουάριος,92,60
12541,ΑΣΦΑΛΕΙΑ ΟΧΗΜΑΤΩΝ,Μάρτιος,92,60
12541,ΑΣΦΑΛΕΙΑ ΟΧΗΜΑΤΩΝ,Απρίλιος,92,60
12541,ΑΣΦΑΛΕΙΑ ΟΧΗΜΑΤΩΝ,Μάιος,92,60
12541,ΑΣΦΑΛΕΙΑ ΟΧΗΜΑΤΩΝ,Ιούνιος,92,95
12541,ΑΣΦΑΛΕΙΑ ΟΧΗΜΑΤΩΝ,Ιούλιος,93,16
12541,ΑΣΦΑΛΕΙΑ ΟΧΗΜΑΤΩΝ,Αύγουστος,93,16
12541,ΑΣΦΑΛΕΙΑ ΟΧΗΜΑΤΩΝ,Σεπτέμβριος,93,16
12541,ΑΣΦΑΛΕΙΑ ΟΧΗΜΑΤΩΝ,Οκτώβριος,93,16
12541,ΑΣΦΑΛΕΙΑ ΟΧΗΜΑΤΩΝ,Νοέμβριος,93,16
12541,ΑΣΦΑΛΕΙΑ ΟΧΗΜΑΤΩΝ,Δεκέμβριος,93,16
12541,ΑΣΦΑΛΕΙΑ ΟΧΗΜΑΤΩΝ,ΕΤΗΣΙΟΣ,92,91
12542,ΑΣΦΑΛΕΙΑ ΤΑΞΙΔΙΩΝ,W%0,0,21
12542,ΑΣΦΑΛΕΙΑ ΤΑΞΙΔΙΩΝ,Ιανουάριος,97,5
12542,ΑΣΦΑΛΕΙΑ ΤΑΞΙΔΙΩΝ,Φεβρουάριος,97,5
12542,ΑΣΦΑΛΕΙΑ ΤΑΞΙΔΙΩΝ,Μάρτιος,97,5
12542,ΑΣΦΑΛΕΙΑ ΤΑΞΙΔΙΩΝ,Απρίλιος,97,5
12542,ΑΣΦΑΛΕΙΑ ΤΑΞΙΔΙΩΝ,Μάιος,97,5
12542,ΑΣΦΑΛΕΙΑ ΤΑΞΙΔΙΩΝ,Ιούνιος,97,5
12542,ΑΣΦΑΛΕΙΑ ΤΑΞΙΔΙΩΝ,Ιούλιος,96,89
12542,ΑΣΦΑΛΕΙΑ ΤΑΞΙΔΙΩΝ,Αύγουστος,96,89
12542,ΑΣΦΑΛΕΙΑ ΤΑΞΙΔΙΩΝ,Σεπτέμβριος,96,89
12542,ΑΣΦΑΛΕΙΑ ΤΑΞΙΔΙΩΝ,Οκτώβριος,96,89
12542,ΑΣΦΑΛΕΙΑ ΤΑΞΙΔΙΩΝ,Νοέμβριος,96,89
12542,ΑΣΦΑΛΕΙΑ ΤΑΞΙΔΙΩΝ,Δεκέμβριος,96,89
12542,ΑΣΦΑΛΕΙΑ ΤΑΞΙΔΙΩΝ,ΕΤΗΣΙΟΣ,96,97
1254,ΑΣΦΑΛΙΣΗ ΜΕΤΑΦΟΡΩΝ,W%0,9,18
1254,ΑΣΦΑΛΙΣΗ ΜΕΤΑΦΟΡΩΝ,Ιανουάριος,92,64
1254,ΑΣΦΑΛΙΣΗ ΜΕΤΑΦΟΡΩΝ,Φεβρουάριος,92,64
1254,ΑΣΦΑΛΙΣΗ ΜΕΤΑΦΟΡΩΝ,Μάρτιος,92,64
1254,ΑΣΦΑΛΙΣΗ ΜΕΤΑΦΟΡΩΝ,Απρίλιος,92,64
1254,ΑΣΦΑΛΙΣΗ ΜΕΤΑΦΟΡΩΝ,Μάιος,92,64
1254,ΑΣΦΑΛΙΣΗ ΜΕΤΑΦΟΡΩΝ,Ιούνιος,92,98
1254,ΑΣΦΑΛΙΣΗ ΜΕΤΑΦΟΡΩΝ,Ιούλιος,93,18
1254,ΑΣΦΑΛΙΣΗ ΜΕΤΑΦΟΡΩΝ,Αύγουστος,93,18
1254,ΑΣΦΑΛΙΣΗ ΜΕΤΑΦΟΡΩΝ,Σεπτέμβριος,93,18
1254,ΑΣΦΑΛΙΣΗ ΜΕΤΑΦΟΡΩΝ,Οκτώβριος,93,18
1254,ΑΣΦΑΛΙΣΗ ΜΕΤΑΦΟΡΩΝ,Νοέμβριος,93,18
1254,ΑΣΦΑΛΙΣΗ ΜΕΤΑΦΟΡΩΝ,Δεκέμβριος,93,18
1254,ΑΣΦΑΛΙΣΗ ΜΕΤΑΦΟΡΩΝ,ΕΤΗΣΙΟΣ,92,94
125,ΑΣΦΑΛΙΣΤΡΑ,W%0,12,0
125,ΑΣΦΑΛΙΣΤΡΑ,Ιανουάριος,94,27
125,ΑΣΦΑΛΙΣΤΡΑ,Φεβρουάριος,94,27
125,ΑΣΦΑΛΙΣΤΡΑ,Μάρτιος,94,27
125,ΑΣΦΑΛΙΣΤΡΑ,Απρίλιος,94,27
125,ΑΣΦΑΛΙΣΤΡΑ,Μάιος,94,27
125,ΑΣΦΑΛΙΣΤΡΑ,Ιούνιος,94,54
125,ΑΣΦΑΛΙΣΤΡΑ,Ιούλιος,94,69
125,ΑΣΦΑΛΙΣΤΡΑ,Αύγουστος,94,69
125,ΑΣΦΑΛΙΣΤΡΑ,Σεπτέμβριος,94,69
125,ΑΣΦΑΛΙΣΤΡΑ,Οκτώβριος,94,69
125,ΑΣΦΑΛΙΣΤΡΑ,Νοέμβριος,94,69
125,ΑΣΦΑΛΙΣΤΡΑ,Δεκέμβριος,94,69
125,ΑΣΦΑΛΙΣΤΡΑ,ΕΤΗΣΙΟΣ,94,51
12621,ΧΡΕΩΣΕΙΣ ΑΠΟ ΤΡΑΠΕΖΕΣ ΚΑΙ ΤΑΧΥΔΡΟΜΕΙΑ,W%0,0,90
12621,ΧΡΕΩΣΕΙΣ ΑΠΟ ΤΡΑΠΕΖΕΣ ΚΑΙ ΤΑΧΥΔΡΟΜΕΙΑ,Ιανουάριος,100,0
12621,ΧΡΕΩΣΕΙΣ ΑΠΟ ΤΡΑΠΕΖΕΣ ΚΑΙ ΤΑΧΥΔΡΟΜΕΙΑ,Φεβρουάριος,100,0
12621,ΧΡΕΩΣΕΙΣ ΑΠΟ ΤΡΑΠΕΖΕΣ ΚΑΙ ΤΑΧΥΔΡΟΜΕΙΑ,Μάρτιος,100,0
12621,ΧΡΕΩΣΕΙΣ ΑΠΟ ΤΡΑΠΕΖΕΣ ΚΑΙ ΤΑΧΥΔΡΟΜΕΙΑ,Απρίλιος,100,0
12621,ΧΡΕΩΣΕΙΣ ΑΠΟ ΤΡΑΠΕΖΕΣ ΚΑΙ ΤΑΧΥΔΡΟΜΕΙΑ,Μάιος,100,0
12621,ΧΡΕΩΣΕΙΣ ΑΠΟ ΤΡΑΠΕΖΕΣ ΚΑΙ ΤΑΧΥΔΡΟΜΕΙΑ,Ιούνιος,100,0
12621,ΧΡΕΩΣΕΙΣ ΑΠΟ ΤΡΑΠΕΖΕΣ ΚΑΙ ΤΑΧΥΔΡΟΜΕΙΑ,Ιούλιος,100,0
12621,ΧΡΕΩΣΕΙΣ ΑΠΟ ΤΡΑΠΕΖΕΣ ΚΑΙ ΤΑΧΥΔΡΟΜΕΙΑ,Αύγουστος,100,0
12621,ΧΡΕΩΣΕΙΣ ΑΠΟ ΤΡΑΠΕΖΕΣ ΚΑΙ ΤΑΧΥΔΡΟΜΕΙΑ,Σεπτέμβριος,100,0
12621,ΧΡΕΩΣΕΙΣ ΑΠΟ ΤΡΑΠΕΖΕΣ ΚΑΙ ΤΑΧΥΔΡΟΜΕΙΑ,Οκτώβριος,100,0
12621,ΧΡΕΩΣΕΙΣ ΑΠΟ ΤΡΑΠΕΖΕΣ ΚΑΙ ΤΑΧΥΔΡΟΜΕΙΑ,Νοέμβριος,100,0
12621,ΧΡΕΩΣΕΙΣ ΑΠΟ ΤΡΑΠΕΖΕΣ ΚΑΙ ΤΑΧΥΔΡΟΜΕΙΑ,Δεκέμβριος,100,0
12621,ΧΡΕΩΣΕΙΣ ΑΠΟ ΤΡΑΠΕΖΕΣ ΚΑΙ ΤΑΧΥΔΡΟΜΕΙΑ,ΕΤΗΣΙΟΣ,100,
12622,ΑΜΟΙΒΕΣ ΣΥΜΒΟΥΛΩΝ ΦΟΡΟΛΟΓΙΑΣ ΚΑΙ ΕΠΕΝΔΥΣΕΩΝ,W%0,1,52
12622,ΑΜΟΙΒΕΣ ΣΥΜΒΟΥΛΩΝ ΦΟΡΟΛΟΓΙΑΣ ΚΑΙ ΕΠΕΝΔΥΣΕΩΝ,Ιανουάριος,99,0
12622,ΑΜΟΙΒΕΣ ΣΥΜΒΟΥΛΩΝ ΦΟΡΟΛΟΓΙΑΣ ΚΑΙ ΕΠΕΝΔΥΣΕΩΝ,Φεβρουάριος,99,0
12622,ΑΜΟΙΒΕΣ ΣΥΜΒΟΥΛΩΝ ΦΟΡΟΛΟΓΙΑΣ ΚΑΙ ΕΠΕΝΔΥΣΕΩΝ,Μάρτιος,99,0
12622,ΑΜΟΙΒΕΣ ΣΥΜΒΟΥΛΩΝ ΦΟΡΟΛΟΓΙΑΣ ΚΑΙ ΕΠΕΝΔΥΣΕΩΝ,Απρίλιος,98,87
12622,ΑΜΟΙΒΕΣ ΣΥΜΒΟΥΛΩΝ ΦΟΡΟΛΟΓΙΑΣ ΚΑΙ ΕΠΕΝΔΥΣΕΩΝ,Μάιος,99,0
12622,ΑΜΟΙΒΕΣ ΣΥΜΒΟΥΛΩΝ ΦΟΡΟΛΟΓΙΑΣ ΚΑΙ ΕΠΕΝΔΥΣΕΩΝ,Ιούνιος,99,0
12622,ΑΜΟΙΒΕΣ ΣΥΜΒΟΥΛΩΝ ΦΟΡΟΛΟΓΙΑΣ ΚΑΙ ΕΠΕΝΔΥΣΕΩΝ,Ιούλιος,99,0
12622,ΑΜΟΙΒΕΣ ΣΥΜΒΟΥΛΩΝ ΦΟΡΟΛΟΓΙΑΣ ΚΑΙ ΕΠΕΝΔΥΣΕΩΝ,Αύγουστος,99,0
12622,ΑΜΟΙΒΕΣ ΣΥΜΒΟΥΛΩΝ ΦΟΡΟΛΟΓΙΑΣ ΚΑΙ ΕΠΕΝΔΥΣΕΩΝ,Σεπτέμβριος,99,0
12622,ΑΜΟΙΒΕΣ ΣΥΜΒΟΥΛΩΝ ΦΟΡΟΛΟΓΙΑΣ ΚΑΙ ΕΠΕΝΔΥΣΕΩΝ,Οκτώβριος,99,0
12622,ΑΜΟΙΒΕΣ ΣΥΜΒΟΥΛΩΝ ΦΟΡΟΛΟΓΙΑΣ ΚΑΙ ΕΠΕΝΔΥΣΕΩΝ,Νοέμβριος,99,0
12622,ΑΜΟΙΒΕΣ ΣΥΜΒΟΥΛΩΝ ΦΟΡΟΛΟΓΙΑΣ ΚΑΙ ΕΠΕΝΔΥΣΕΩΝ,Δεκέμβριος,99,0
12622,ΑΜΟΙΒΕΣ ΣΥΜΒΟΥΛΩΝ ΦΟΡΟΛΟΓΙΑΣ ΚΑΙ ΕΠΕΝΔΥΣΕΩΝ,ΕΤΗΣΙΟΣ,98,99
1262,ΑΛΛΕΣ ΟΙΚΟΝΟΜΙΚΕΣ ΥΠΗΡΕΣΙΕΣ,W%0,2,42
1262,ΑΛΛΕΣ ΟΙΚΟΝΟΜΙΚΕΣ ΥΠΗΡΕΣΙΕΣ,Ιανουάριος,99,48
1262,ΑΛΛΕΣ ΟΙΚΟΝΟΜΙΚΕΣ ΥΠΗΡΕΣΙΕΣ,Φεβρουάριος,99,48
1262,ΑΛΛΕΣ ΟΙΚΟΝΟΜΙΚΕΣ ΥΠΗΡΕΣΙΕΣ,Μάρτιος,99,48
1262,ΑΛΛΕΣ ΟΙΚΟΝΟΜΙΚΕΣ ΥΠΗΡΕΣΙΕΣ,Απρίλιος,99,40
1262,ΑΛΛΕΣ ΟΙΚΟΝΟΜΙΚΕΣ ΥΠΗΡΕΣΙΕΣ,Μάιος,99,48
1262,ΑΛΛΕΣ ΟΙΚΟΝΟΜΙΚΕΣ ΥΠΗΡΕΣΙΕΣ,Ιούνιος,99,48
1262,ΑΛΛΕΣ ΟΙΚΟΝΟΜΙΚΕΣ ΥΠΗΡΕΣΙΕΣ,Ιούλιος,99,48
1262,ΑΛΛΕΣ ΟΙΚΟΝΟΜΙΚΕΣ ΥΠΗΡΕΣΙΕΣ,Αύγουστος,99,48
1262,ΑΛΛΕΣ ΟΙΚΟΝΟΜΙΚΕΣ ΥΠΗΡΕΣΙΕΣ,Σεπτέμβριος,99,48
1262,ΑΛΛΕΣ ΟΙΚΟΝΟΜΙΚΕΣ ΥΠΗΡΕΣΙΕΣ,Οκτώβριος,99,48
1262,ΑΛΛΕΣ ΟΙΚΟΝΟΜΙΚΕΣ ΥΠΗΡΕΣΙΕΣ,Νοέμβριος,99,48
1262,ΑΛΛΕΣ ΟΙΚΟΝΟΜΙΚΕΣ ΥΠΗΡΕΣΙΕΣ,Δεκέμβριος,99,48
1262,ΑΛΛΕΣ ΟΙΚΟΝΟΜΙΚΕΣ ΥΠΗΡΕΣΙΕΣ,ΕΤΗΣΙΟΣ,99,47
126,ΟΙΚΟΝΟΜΙΚΕΣ ΥΠΗΡΕΣΙΕΣ,W%0,2,42
126,ΟΙΚΟΝΟΜΙΚΕΣ ΥΠΗΡΕΣΙΕΣ,Ιανουάριος,99,48
126,ΟΙΚΟΝΟΜΙΚΕΣ ΥΠΗΡΕΣΙΕΣ,Φεβρουάριος,99,48
126,ΟΙΚΟΝΟΜΙΚΕΣ ΥΠΗΡΕΣΙΕΣ,Μάρτιος,99,48
126,ΟΙΚΟΝΟΜΙΚΕΣ ΥΠΗΡΕΣΙΕΣ,Απρίλιος,99,40
126,ΟΙΚΟΝΟΜΙΚΕΣ ΥΠΗΡΕΣΙΕΣ,Μάιος,99,48
126,ΟΙΚΟΝΟΜΙΚΕΣ ΥΠΗΡΕΣΙΕΣ,Ιούνιος,99,48
126,ΟΙΚΟΝΟΜΙΚΕΣ ΥΠΗΡΕΣΙΕΣ,Ιούλιος,99,48
126,ΟΙΚΟΝΟΜΙΚΕΣ ΥΠΗΡΕΣΙΕΣ,Αύγουστος,99,48
126,ΟΙΚΟΝΟΜΙΚΕΣ ΥΠΗΡΕΣΙΕΣ,Σεπτέμβριος,99,48
126,ΟΙΚΟΝΟΜΙΚΕΣ ΥΠΗΡΕΣΙΕΣ,Οκτώβριος,99,48
126,ΟΙΚΟΝΟΜΙΚΕΣ ΥΠΗΡΕΣΙΕΣ,Νοέμβριος,99,48
126,ΟΙΚΟΝΟΜΙΚΕΣ ΥΠΗΡΕΣΙΕΣ,Δεκέμβριος,99,48
126,ΟΙΚΟΝΟΜΙΚΕΣ ΥΠΗΡΕΣΙΕΣ,ΕΤΗΣΙΟΣ,99,47
12701,ΔΙΟΙΚΗΤΙΚΑ ΕΞΟΔΑ,W%0,1,8
12701,ΔΙΟΙΚΗΤΙΚΑ ΕΞΟΔΑ,Ιανουάριος,100,0
12701,ΔΙΟΙΚΗΤΙΚΑ ΕΞΟΔΑ,Φεβρουάριος,100,0
12701,ΔΙΟΙΚΗΤΙΚΑ ΕΞΟΔΑ,Μάρτιος,100,0
12701,ΔΙΟΙΚΗΤΙΚΑ ΕΞΟΔΑ,Απρίλιος,100,0
12701,ΔΙΟΙΚΗΤΙΚΑ ΕΞΟΔΑ,Μάιος,100,0
12701,ΔΙΟΙΚΗΤΙΚΑ ΕΞΟΔΑ,Ιούνιος,100,0
12701,ΔΙΟΙΚΗΤΙΚΑ ΕΞΟΔΑ,Ιούλιος,100,0
12701,ΔΙΟΙΚΗΤΙΚΑ ΕΞΟΔΑ,Αύγουστος,100,0
12701,ΔΙΟΙΚΗΤΙΚΑ ΕΞΟΔΑ,Σεπτέμβριος,100,0
12701,ΔΙΟΙΚΗΤΙΚΑ ΕΞΟΔΑ,Οκτώβριος,100,0
12701,ΔΙΟΙΚΗΤΙΚΑ ΕΞΟΔΑ,Νοέμβριος,100,0
12701,ΔΙΟΙΚΗΤΙΚΑ ΕΞΟΔΑ,Δεκέμβριος,100,0
12701,ΔΙΟΙΚΗΤΙΚΑ ΕΞΟΔΑ,ΕΤΗΣΙΟΣ,100,
12702,ΝΟΜΙΚΕΣ ΚΑΙ ΛΟΓΙΣΤΙΚΕΣ ΥΠΗΡΕΣΙΕΣ,W%0,3,15
12702,ΝΟΜΙΚΕΣ ΚΑΙ ΛΟΓΙΣΤΙΚΕΣ ΥΠΗΡΕΣΙΕΣ,Ιανουάριος,100,1
12702,ΝΟΜΙΚΕΣ ΚΑΙ ΛΟΓΙΣΤΙΚΕΣ ΥΠΗΡΕΣΙΕΣ,Φεβρουάριος,100,1
12702,ΝΟΜΙΚΕΣ ΚΑΙ ΛΟΓΙΣΤΙΚΕΣ ΥΠΗΡΕΣΙΕΣ,Μάρτιος,100,1
12702,ΝΟΜΙΚΕΣ ΚΑΙ ΛΟΓΙΣΤΙΚΕΣ ΥΠΗΡΕΣΙΕΣ,Απρίλιος,100,1
12702,ΝΟΜΙΚΕΣ ΚΑΙ ΛΟΓΙΣΤΙΚΕΣ ΥΠΗΡΕΣΙΕΣ,Μάιος,100,1
12702,ΝΟΜΙΚΕΣ ΚΑΙ ΛΟΓΙΣΤΙΚΕΣ ΥΠΗΡΕΣΙΕΣ,Ιούνιος,100,1
12702,ΝΟΜΙΚΕΣ ΚΑΙ ΛΟΓΙΣΤΙΚΕΣ ΥΠΗΡΕΣΙΕΣ,Ιούλιος,100,1
12702,ΝΟΜΙΚΕΣ ΚΑΙ ΛΟΓΙΣΤΙΚΕΣ ΥΠΗΡΕΣΙΕΣ,Αύγουστος,100,1
12702,ΝΟΜΙΚΕΣ ΚΑΙ ΛΟΓΙΣΤΙΚΕΣ ΥΠΗΡΕΣΙΕΣ,Σεπτέμβριος,100,1
12702,ΝΟΜΙΚΕΣ ΚΑΙ ΛΟΓΙΣΤΙΚΕΣ ΥΠΗΡΕΣΙΕΣ,Οκτώβριος,100,1
12702,ΝΟΜΙΚΕΣ ΚΑΙ ΛΟΓΙΣΤΙΚΕΣ ΥΠΗΡΕΣΙΕΣ,Νοέμβριος,100,1
12702,ΝΟΜΙΚΕΣ ΚΑΙ ΛΟΓΙΣΤΙΚΕΣ ΥΠΗΡΕΣΙΕΣ,Δεκέμβριος,100,1
12702,ΝΟΜΙΚΕΣ ΚΑΙ ΛΟΓΙΣΤΙΚΕΣ ΥΠΗΡΕΣΙΕΣ,ΕΤΗΣΙΟΣ,100,1
12703,ΥΠΗΡΕΣΙΕΣ ΚΗΔΕΙΩΝ,W%0,2,5
12703,ΥΠΗΡΕΣΙΕΣ ΚΗΔΕΙΩΝ,Ιανουάριος,98,24
12703,ΥΠΗΡΕΣΙΕΣ ΚΗΔΕΙΩΝ,Φεβρουάριος,97,75
12703,ΥΠΗΡΕΣΙΕΣ ΚΗΔΕΙΩΝ,Μάρτιος,97,75
12703,ΥΠΗΡΕΣΙΕΣ ΚΗΔΕΙΩΝ,Απρίλιος,97,75
12703,ΥΠΗΡΕΣΙΕΣ ΚΗΔΕΙΩΝ,Μάιος,97,75
12703,ΥΠΗΡΕΣΙΕΣ ΚΗΔΕΙΩΝ,Ιούνιος,97,75
12703,ΥΠΗΡΕΣΙΕΣ ΚΗΔΕΙΩΝ,Ιούλιος,97,75
12703,ΥΠΗΡΕΣΙΕΣ ΚΗΔΕΙΩΝ,Αύγουστος,97,75
12703,ΥΠΗΡΕΣΙΕΣ ΚΗΔΕΙΩΝ,Σεπτέμβριος,97,75
12703,ΥΠΗΡΕΣΙΕΣ ΚΗΔΕΙΩΝ,Οκτώβριος,97,75
12703,ΥΠΗΡΕΣΙΕΣ ΚΗΔΕΙΩΝ,Νοέμβριος,97,75
12703,ΥΠΗΡΕΣΙΕΣ ΚΗΔΕΙΩΝ,Δεκέμβριος,97,75
12703,ΥΠΗΡΕΣΙΕΣ ΚΗΔΕΙΩΝ,ΕΤΗΣΙΟΣ,97,79
12704,ΛΟΙΠΕΣ ΑΜΟΙΒΕΣ ΚΑΙ ΥΠΗΡΕΣΙΕΣ,W%0,10,23
12704,ΛΟΙΠΕΣ ΑΜΟΙΒΕΣ ΚΑΙ ΥΠΗΡΕΣΙΕΣ,Ιανουάριος,99,10
12704,ΛΟΙΠΕΣ ΑΜΟΙΒΕΣ ΚΑΙ ΥΠΗΡΕΣΙΕΣ,Φεβρουάριος,99,10
12704,ΛΟΙΠΕΣ ΑΜΟΙΒΕΣ ΚΑΙ ΥΠΗΡΕΣΙΕΣ,Μάρτιος,99,10
12704,ΛΟΙΠΕΣ ΑΜΟΙΒΕΣ ΚΑΙ ΥΠΗΡΕΣΙΕΣ,Απρίλιος,99,10
12704,ΛΟΙΠΕΣ ΑΜΟΙΒΕΣ ΚΑΙ ΥΠΗΡΕΣΙΕΣ,Μάιος,99,10
12704,ΛΟΙΠΕΣ ΑΜΟΙΒΕΣ ΚΑΙ ΥΠΗΡΕΣΙΕΣ,Ιούνιος,99,10
12704,ΛΟΙΠΕΣ ΑΜΟΙΒΕΣ ΚΑΙ ΥΠΗΡΕΣΙΕΣ,Ιούλιος,98,95
12704,ΛΟΙΠΕΣ ΑΜΟΙΒΕΣ ΚΑΙ ΥΠΗΡΕΣΙΕΣ,Αύγουστος,98,95
12704,ΛΟΙΠΕΣ ΑΜΟΙΒΕΣ ΚΑΙ ΥΠΗΡΕΣΙΕΣ,Σεπτέμβριος,98,85
12704,ΛΟΙΠΕΣ ΑΜΟΙΒΕΣ ΚΑΙ ΥΠΗΡΕΣΙΕΣ,Οκτώβριος,98,85
12704,ΛΟΙΠΕΣ ΑΜΟΙΒΕΣ ΚΑΙ ΥΠΗΡΕΣΙΕΣ,Νοέμβριος,98,85
12704,ΛΟΙΠΕΣ ΑΜΟΙΒΕΣ ΚΑΙ ΥΠΗΡΕΣΙΕΣ,Δεκέμβριος,98,85
12704,ΛΟΙΠΕΣ ΑΜΟΙΒΕΣ ΚΑΙ ΥΠΗΡΕΣΙΕΣ,ΕΤΗΣΙΟΣ,98,99
127,ΑΛΛΕΣ ΥΠΗΡΕΣΙΕΣ,W%0,16,51
127,ΑΛΛΕΣ ΥΠΗΡΕΣΙΕΣ,Ιανουάριος,99,36
127,ΑΛΛΕΣ ΥΠΗΡΕΣΙΕΣ,Φεβρουάριος,99,30
127,ΑΛΛΕΣ ΥΠΗΡΕΣΙΕΣ,Μάρτιος,99,30
127,ΑΛΛΕΣ ΥΠΗΡΕΣΙΕΣ,Απρίλιος,99,30
127,ΑΛΛΕΣ ΥΠΗΡΕΣΙΕΣ,Μάιος,99,30
127,ΑΛΛΕΣ ΥΠΗΡΕΣΙΕΣ,Ιούνιος,99,30
127,ΑΛΛΕΣ ΥΠΗΡΕΣΙΕΣ,Ιούλιος,99,21
127,ΑΛΛΕΣ ΥΠΗΡΕΣΙΕΣ,Αύγουστος,99,21
127,ΑΛΛΕΣ ΥΠΗΡΕΣΙΕΣ,Σεπτέμβριος,99,15
127,ΑΛΛΕΣ ΥΠΗΡΕΣΙΕΣ,Οκτώβριος,99,15
127,ΑΛΛΕΣ ΥΠΗΡΕΣΙΕΣ,Νοέμβριος,99,15
127,ΑΛΛΕΣ ΥΠΗΡΕΣΙΕΣ,Δεκέμβριος,99,15
127,ΑΛΛΕΣ ΥΠΗΡΕΣΙΕΣ,ΕΤΗΣΙΟΣ,99,24
12,ΑΛΛΑ AΓAΘA & YΠΗΡEΣΙΕΣ,W%0,68,10
12,ΑΛΛΑ AΓAΘA & YΠΗΡEΣΙΕΣ,Ιανουάριος,95,40
12,ΑΛΛΑ AΓAΘA & YΠΗΡEΣΙΕΣ,Φεβρουάριος,95,26
12,ΑΛΛΑ AΓAΘA & YΠΗΡEΣΙΕΣ,Μάρτιος,95,28
12,ΑΛΛΑ AΓAΘA & YΠΗΡEΣΙΕΣ,Απρίλιος,95,36
12,ΑΛΛΑ AΓAΘA & YΠΗΡEΣΙΕΣ,Μάιος,95,28
12,ΑΛΛΑ AΓAΘA & YΠΗΡEΣΙΕΣ,Ιούνιος,95,13
12,ΑΛΛΑ AΓAΘA & YΠΗΡEΣΙΕΣ,Ιούλιος,94,47
12,ΑΛΛΑ AΓAΘA & YΠΗΡEΣΙΕΣ,Αύγουστος,94,2
12,ΑΛΛΑ AΓAΘA & YΠΗΡEΣΙΕΣ,Σεπτέμβριος,94,47
12,ΑΛΛΑ AΓAΘA & YΠΗΡEΣΙΕΣ,Οκτώβριος,94,49
12,ΑΛΛΑ AΓAΘA & YΠΗΡEΣΙΕΣ,Νοέμβριος,93,94
12,ΑΛΛΑ AΓAΘA & YΠΗΡEΣΙΕΣ,Δεκέμβριος,93,72
12,ΑΛΛΑ AΓAΘA & YΠΗΡEΣΙΕΣ,ΕΤΗΣΙΟΣ,94,74
1,ΔΙΑΤΡΟΦΗ & ΜΗ ΑΛΚΟΟΛΟΥΧΑ ΠΟΤΑ,W%0,194,4
1,ΔΙΑΤΡΟΦΗ & ΜΗ ΑΛΚΟΟΛΟΥΧΑ ΠΟΤΑ,Ιανουάριος,101,99
1,ΔΙΑΤΡΟΦΗ & ΜΗ ΑΛΚΟΟΛΟΥΧΑ ΠΟΤΑ,Φεβρουάριος,102,24
1,ΔΙΑΤΡΟΦΗ & ΜΗ ΑΛΚΟΟΛΟΥΧΑ ΠΟΤΑ,Μάρτιος,101,63
1,ΔΙΑΤΡΟΦΗ & ΜΗ ΑΛΚΟΟΛΟΥΧΑ ΠΟΤΑ,Απρίλιος,102,41
1,ΔΙΑΤΡΟΦΗ & ΜΗ ΑΛΚΟΟΛΟΥΧΑ ΠΟΤΑ,Μάιος,102,42
1,ΔΙΑΤΡΟΦΗ & ΜΗ ΑΛΚΟΟΛΟΥΧΑ ΠΟΤΑ,Ιούνιος,103,1
1,ΔΙΑΤΡΟΦΗ & ΜΗ ΑΛΚΟΟΛΟΥΧΑ ΠΟΤΑ,Ιούλιος,100,81
1,ΔΙΑΤΡΟΦΗ & ΜΗ ΑΛΚΟΟΛΟΥΧΑ ΠΟΤΑ,Αύγουστος,100,57
1,ΔΙΑΤΡΟΦΗ & ΜΗ ΑΛΚΟΟΛΟΥΧΑ ΠΟΤΑ,Σεπτέμβριος,101,78
1,ΔΙΑΤΡΟΦΗ & ΜΗ ΑΛΚΟΟΛΟΥΧΑ ΠΟΤΑ,Οκτώβριος,101,99
1,ΔΙΑΤΡΟΦΗ & ΜΗ ΑΛΚΟΟΛΟΥΧΑ ΠΟΤΑ,Νοέμβριος,102,21
1,ΔΙΑΤΡΟΦΗ & ΜΗ ΑΛΚΟΟΛΟΥΧΑ ΠΟΤΑ,Δεκέμβριος,101,21
1,ΔΙΑΤΡΟΦΗ & ΜΗ ΑΛΚΟΟΛΟΥΧΑ ΠΟΤΑ,ΕΤΗΣΙΟΣ,101,86
2,ΑΛΚΟΟΛΟΥΧΑ ΠΟΤΑ & ΚΑΠΝΟΣ,W%0,47,99
2,ΑΛΚΟΟΛΟΥΧΑ ΠΟΤΑ & ΚΑΠΝΟΣ,Ιανουάριος,112,28
2,ΑΛΚΟΟΛΟΥΧΑ ΠΟΤΑ & ΚΑΠΝΟΣ,Φεβρουάριος,111,90
2,ΑΛΚΟΟΛΟΥΧΑ ΠΟΤΑ & ΚΑΠΝΟΣ,Μάρτιος,112,16
2,ΑΛΚΟΟΛΟΥΧΑ ΠΟΤΑ & ΚΑΠΝΟΣ,Απρίλιος,111,72
2,ΑΛΚΟΟΛΟΥΧΑ ΠΟΤΑ & ΚΑΠΝΟΣ,Μάιος,112,15
2,ΑΛΚΟΟΛΟΥΧΑ ΠΟΤΑ & ΚΑΠΝΟΣ,Ιούνιος,112,27
2,ΑΛΚΟΟΛΟΥΧΑ ΠΟΤΑ & ΚΑΠΝΟΣ,Ιούλιος,112,12
2,ΑΛΚΟΟΛΟΥΧΑ ΠΟΤΑ & ΚΑΠΝΟΣ,Αύγουστος,112,17
2,ΑΛΚΟΟΛΟΥΧΑ ΠΟΤΑ & ΚΑΠΝΟΣ,Σεπτέμβριος,112,10
2,ΑΛΚΟΟΛΟΥΧΑ ΠΟΤΑ & ΚΑΠΝΟΣ,Οκτώβριος,111,96
2,ΑΛΚΟΟΛΟΥΧΑ ΠΟΤΑ & ΚΑΠΝΟΣ,Νοέμβριος,111,82
2,ΑΛΚΟΟΛΟΥΧΑ ΠΟΤΑ & ΚΑΠΝΟΣ,Δεκέμβριος,111,34
2,ΑΛΚΟΟΛΟΥΧΑ ΠΟΤΑ & ΚΑΠΝΟΣ,ΕΤΗΣΙΟΣ,112,
3,ENΔΥΣΗ & ΥΠΟΔHΣΗ,W%0,49,16
3,ENΔΥΣΗ & ΥΠΟΔHΣΗ,Ιανουάριος,80,44
3,ENΔΥΣΗ & ΥΠΟΔHΣΗ,Φεβρουάριος,75,0
3,ENΔΥΣΗ & ΥΠΟΔHΣΗ,Μάρτιος,106,58
3,ENΔΥΣΗ & ΥΠΟΔHΣΗ,Απρίλιος,107,3
3,ENΔΥΣΗ & ΥΠΟΔHΣΗ,Μάιος,100,18
3,ENΔΥΣΗ & ΥΠΟΔHΣΗ,Ιούνιος,104,31
3,ENΔΥΣΗ & ΥΠΟΔHΣΗ,Ιούλιος,82,84
3,ENΔΥΣΗ & ΥΠΟΔHΣΗ,Αύγουστος,78,8
3,ENΔΥΣΗ & ΥΠΟΔHΣΗ,Σεπτέμβριος,106,10
3,ENΔΥΣΗ & ΥΠΟΔHΣΗ,Οκτώβριος,106,84
3,ENΔΥΣΗ & ΥΠΟΔHΣΗ,Νοέμβριος,93,61
3,ENΔΥΣΗ & ΥΠΟΔHΣΗ,Δεκέμβριος,104,9
3,ENΔΥΣΗ & ΥΠΟΔHΣΗ,ΕΤΗΣΙΟΣ,95,43
4,ΣΤΕΓΑΣΗ,W%0,94,71
4,ΣΤΕΓΑΣΗ,Ιανουάριος,98,63
4,ΣΤΕΓΑΣΗ,Φεβρουάριος,97,62
4,ΣΤΕΓΑΣΗ,Μάρτιος,96,8
4,ΣΤΕΓΑΣΗ,Απρίλιος,94,11
4,ΣΤΕΓΑΣΗ,Μάιος,93,0
4,ΣΤΕΓΑΣΗ,Ιούνιος,92,64
4,ΣΤΕΓΑΣΗ,Ιούλιος,92,65
4,ΣΤΕΓΑΣΗ,Αύγουστος,92,64
4,ΣΤΕΓΑΣΗ,Σεπτέμβριος,92,69
4,ΣΤΕΓΑΣΗ,Οκτώβριος,93,67
4,ΣΤΕΓΑΣΗ,Νοέμβριος,93,83
4,ΣΤΕΓΑΣΗ,Δεκέμβριος,94,49
4,ΣΤΕΓΑΣΗ,ΕΤΗΣΙΟΣ,94,34
5,ΔΙΑΡΚΗ ΑΓΑΘΑ - ΕΙΔΗ ΝΟΙΚΟΚΥΡΙΟΥ & ΥΠΗΡΕΣΙΕΣ,W%0,32,17
5,ΔΙΑΡΚΗ ΑΓΑΘΑ - ΕΙΔΗ ΝΟΙΚΟΚΥΡΙΟΥ & ΥΠΗΡΕΣΙΕΣ,Ιανουάριος,92,27
5,ΔΙΑΡΚΗ ΑΓΑΘΑ - ΕΙΔΗ ΝΟΙΚΟΚΥΡΙΟΥ & ΥΠΗΡΕΣΙΕΣ,Φεβρουάριος,91,95
5,ΔΙΑΡΚΗ ΑΓΑΘΑ - ΕΙΔΗ ΝΟΙΚΟΚΥΡΙΟΥ & ΥΠΗΡΕΣΙΕΣ,Μάρτιος,92,70
5,ΔΙΑΡΚΗ ΑΓΑΘΑ - ΕΙΔΗ ΝΟΙΚΟΚΥΡΙΟΥ & ΥΠΗΡΕΣΙΕΣ,Απρίλιος,92,20
5,ΔΙΑΡΚΗ ΑΓΑΘΑ - ΕΙΔΗ ΝΟΙΚΟΚΥΡΙΟΥ & ΥΠΗΡΕΣΙΕΣ,Μάιος,92,26
5,ΔΙΑΡΚΗ ΑΓΑΘΑ - ΕΙΔΗ ΝΟΙΚΟΚΥΡΙΟΥ & ΥΠΗΡΕΣΙΕΣ,Ιούνιος,92,25
5,ΔΙΑΡΚΗ ΑΓΑΘΑ - ΕΙΔΗ ΝΟΙΚΟΚΥΡΙΟΥ & ΥΠΗΡΕΣΙΕΣ,Ιούλιος,90,87
5,ΔΙΑΡΚΗ ΑΓΑΘΑ - ΕΙΔΗ ΝΟΙΚΟΚΥΡΙΟΥ & ΥΠΗΡΕΣΙΕΣ,Αύγουστος,90,49
5,ΔΙΑΡΚΗ ΑΓΑΘΑ - ΕΙΔΗ ΝΟΙΚΟΚΥΡΙΟΥ & ΥΠΗΡΕΣΙΕΣ,Σεπτέμβριος,91,50
5,ΔΙΑΡΚΗ ΑΓΑΘΑ - ΕΙΔΗ ΝΟΙΚΟΚΥΡΙΟΥ & ΥΠΗΡΕΣΙΕΣ,Οκτώβριος,91,71
5,ΔΙΑΡΚΗ ΑΓΑΘΑ - ΕΙΔΗ ΝΟΙΚΟΚΥΡΙΟΥ & ΥΠΗΡΕΣΙΕΣ,Νοέμβριος,90,31
5,ΔΙΑΡΚΗ ΑΓΑΘΑ - ΕΙΔΗ ΝΟΙΚΟΚΥΡΙΟΥ & ΥΠΗΡΕΣΙΕΣ,Δεκέμβριος,90,67
5,ΔΙΑΡΚΗ ΑΓΑΘΑ - ΕΙΔΗ ΝΟΙΚΟΚΥΡΙΟΥ & ΥΠΗΡΕΣΙΕΣ,ΕΤΗΣΙΟΣ,91,6
6,ΥΓΕΙΑ,W%0,53,57
6,ΥΓΕΙΑ,Ιανουάριος,102,24
6,ΥΓΕΙΑ,Φεβρουάριος,102,7
6,ΥΓΕΙΑ,Μάρτιος,102,8
6,ΥΓΕΙΑ,Απρίλιος,101,94
6,ΥΓΕΙΑ,Μάιος,101,96
6,ΥΓΕΙΑ,Ιούνιος,101,98
6,ΥΓΕΙΑ,Ιούλιος,101,46
6,ΥΓΕΙΑ,Αύγουστος,101,8
6,ΥΓΕΙΑ,Σεπτέμβριος,100,82
6,ΥΓΕΙΑ,Οκτώβριος,100,91
6,ΥΓΕΙΑ,Νοέμβριος,101,0
6,ΥΓΕΙΑ,Δεκέμβριος,101,0
6,ΥΓΕΙΑ,ΕΤΗΣΙΟΣ,101,55
7,METAΦΟΡΕΣ,W%0,163,6
7,METAΦΟΡΕΣ,Ιανουάριος,105,97
7,METAΦΟΡΕΣ,Φεβρουάριος,106,67
7,METAΦΟΡΕΣ,Μάρτιος,106,18
7,METAΦΟΡΕΣ,Απρίλιος,104,56
7,METAΦΟΡΕΣ,Μάιος,103,24
7,METAΦΟΡΕΣ,Ιούνιος,100,2
7,METAΦΟΡΕΣ,Ιούλιος,101,9
7,METAΦΟΡΕΣ,Αύγουστος,100,13
7,METAΦΟΡΕΣ,Σεπτέμβριος,99,45
7,METAΦΟΡΕΣ,Οκτώβριος,100,60
7,METAΦΟΡΕΣ,Νοέμβριος,100,80
7,METAΦΟΡΕΣ,Δεκέμβριος,99,54
7,METAΦΟΡΕΣ,ΕΤΗΣΙΟΣ,102,35
8,ΕΠΙΚΟΙΝΩΝΙΕΣ,W%0,53,2
8,ΕΠΙΚΟΙΝΩΝΙΕΣ,Ιανουάριος,108,45
8,ΕΠΙΚΟΙΝΩΝΙΕΣ,Φεβρουάριος,107,98
8,ΕΠΙΚΟΙΝΩΝΙΕΣ,Μάρτιος,107,44
8,ΕΠΙΚΟΙΝΩΝΙΕΣ,Απρίλιος,106,86
8,ΕΠΙΚΟΙΝΩΝΙΕΣ,Μάιος,106,98
8,ΕΠΙΚΟΙΝΩΝΙΕΣ,Ιούνιος,106,92
8,ΕΠΙΚΟΙΝΩΝΙΕΣ,Ιούλιος,107,72
8,ΕΠΙΚΟΙΝΩΝΙΕΣ,Αύγουστος,107,48
8,ΕΠΙΚΟΙΝΩΝΙΕΣ,Σεπτέμβριος,107,23
8,ΕΠΙΚΟΙΝΩΝΙΕΣ,Οκτώβριος,106,98
8,ΕΠΙΚΟΙΝΩΝΙΕΣ,Νοέμβριος,106,98
8,ΕΠΙΚΟΙΝΩΝΙΕΣ,Δεκέμβριος,106,71
8,ΕΠΙΚΟΙΝΩΝΙΕΣ,ΕΤΗΣΙΟΣ,107,31
9,ΑΝΑΨΥΧΗ-ΠΟΛΙΤΙΣΤΙΚΕΣ ΔΡΑΣΤΗΡΙΟΤΗΤΕΣ,W%0,38,85
9,ΑΝΑΨΥΧΗ-ΠΟΛΙΤΙΣΤΙΚΕΣ ΔΡΑΣΤΗΡΙΟΤΗΤΕΣ,Ιανουάριος,97,8
9,ΑΝΑΨΥΧΗ-ΠΟΛΙΤΙΣΤΙΚΕΣ ΔΡΑΣΤΗΡΙΟΤΗΤΕΣ,Φεβρουάριος,96,69
9,ΑΝΑΨΥΧΗ-ΠΟΛΙΤΙΣΤΙΚΕΣ ΔΡΑΣΤΗΡΙΟΤΗΤΕΣ,Μάρτιος,96,77
9,ΑΝΑΨΥΧΗ-ΠΟΛΙΤΙΣΤΙΚΕΣ ΔΡΑΣΤΗΡΙΟΤΗΤΕΣ,Απρίλιος,97,9
9,ΑΝΑΨΥΧΗ-ΠΟΛΙΤΙΣΤΙΚΕΣ ΔΡΑΣΤΗΡΙΟΤΗΤΕΣ,Μάιος,96,92
9,ΑΝΑΨΥΧΗ-ΠΟΛΙΤΙΣΤΙΚΕΣ ΔΡΑΣΤΗΡΙΟΤΗΤΕΣ,Ιούνιος,96,78
9,ΑΝΑΨΥΧΗ-ΠΟΛΙΤΙΣΤΙΚΕΣ ΔΡΑΣΤΗΡΙΟΤΗΤΕΣ,Ιούλιος,96,63
9,ΑΝΑΨΥΧΗ-ΠΟΛΙΤΙΣΤΙΚΕΣ ΔΡΑΣΤΗΡΙΟΤΗΤΕΣ,Αύγουστος,96,52
9,ΑΝΑΨΥΧΗ-ΠΟΛΙΤΙΣΤΙΚΕΣ ΔΡΑΣΤΗΡΙΟΤΗΤΕΣ,Σεπτέμβριος,96,48
9,ΑΝΑΨΥΧΗ-ΠΟΛΙΤΙΣΤΙΚΕΣ ΔΡΑΣΤΗΡΙΟΤΗΤΕΣ,Οκτώβριος,96,44
9,ΑΝΑΨΥΧΗ-ΠΟΛΙΤΙΣΤΙΚΕΣ ΔΡΑΣΤΗΡΙΟΤΗΤΕΣ,Νοέμβριος,96,31
9,ΑΝΑΨΥΧΗ-ΠΟΛΙΤΙΣΤΙΚΕΣ ΔΡΑΣΤΗΡΙΟΤΗΤΕΣ,Δεκέμβριος,96,82
9,ΑΝΑΨΥΧΗ-ΠΟΛΙΤΙΣΤΙΚΕΣ ΔΡΑΣΤΗΡΙΟΤΗΤΕΣ,ΕΤΗΣΙΟΣ,96,71
10,ΕΚΠΑΙΔΕΥΣΗ,W%0,24,88
10,ΕΚΠΑΙΔΕΥΣΗ,Ιανουάριος,98,64
10,ΕΚΠΑΙΔΕΥΣΗ,Φεβρουάριος,98,64
10,ΕΚΠΑΙΔΕΥΣΗ,Μάρτιος,98,64
10,ΕΚΠΑΙΔΕΥΣΗ,Απρίλιος,98,64
10,ΕΚΠΑΙΔΕΥΣΗ,Μάιος,98,64
10,ΕΚΠΑΙΔΕΥΣΗ,Ιούνιος,98,64
10,ΕΚΠΑΙΔΕΥΣΗ,Ιούλιος,98,64
10,ΕΚΠΑΙΔΕΥΣΗ,Αύγουστος,98,64
10,ΕΚΠΑΙΔΕΥΣΗ,Σεπτέμβριος,98,62
10,ΕΚΠΑΙΔΕΥΣΗ,Οκτώβριος,98,68
10,ΕΚΠΑΙΔΕΥΣΗ,Νοέμβριος,98,68
10,ΕΚΠΑΙΔΕΥΣΗ,Δεκέμβριος,98,68
10,ΕΚΠΑΙΔΕΥΣΗ,ΕΤΗΣΙΟΣ,98,65
11,ΞΕΝΟΔΟΧΕΙΑ - ΚΑΦΕ - ΕΣΤΙΑΤΟΡΙΑ,W%0,180,43
11,ΞΕΝΟΔΟΧΕΙΑ - ΚΑΦΕ - ΕΣΤΙΑΤΟΡΙΑ,Ιανουάριος,105,49
11,ΞΕΝΟΔΟΧΕΙΑ - ΚΑΦΕ - ΕΣΤΙΑΤΟΡΙΑ,Φεβρουάριος,105,6
11,ΞΕΝΟΔΟΧΕΙΑ - ΚΑΦΕ - ΕΣΤΙΑΤΟΡΙΑ,Μάρτιος,105,51
11,ΞΕΝΟΔΟΧΕΙΑ - ΚΑΦΕ - ΕΣΤΙΑΤΟΡΙΑ,Απρίλιος,106,68
11,ΞΕΝΟΔΟΧΕΙΑ - ΚΑΦΕ - ΕΣΤΙΑΤΟΡΙΑ,Μάιος,109,33
11,ΞΕΝΟΔΟΧΕΙΑ - ΚΑΦΕ - ΕΣΤΙΑΤΟΡΙΑ,Ιούνιος,106,86
11,ΞΕΝΟΔΟΧΕΙΑ - ΚΑΦΕ - ΕΣΤΙΑΤΟΡΙΑ,Ιούλιος,106,78
11,ΞΕΝΟΔΟΧΕΙΑ - ΚΑΦΕ - ΕΣΤΙΑΤΟΡΙΑ,Αύγουστος,105,56
11,ΞΕΝΟΔΟΧΕΙΑ - ΚΑΦΕ - ΕΣΤΙΑΤΟΡΙΑ,Σεπτέμβριος,105,36
11,ΞΕΝΟΔΟΧΕΙΑ - ΚΑΦΕ - ΕΣΤΙΑΤΟΡΙΑ,Οκτώβριος,104,64
11,ΞΕΝΟΔΟΧΕΙΑ - ΚΑΦΕ - ΕΣΤΙΑΤΟΡΙΑ,Νοέμβριος,103,55
11,ΞΕΝΟΔΟΧΕΙΑ - ΚΑΦΕ - ΕΣΤΙΑΤΟΡΙΑ,Δεκέμβριος,103,72
11,ΞΕΝΟΔΟΧΕΙΑ - ΚΑΦΕ - ΕΣΤΙΑΤΟΡΙΑ,ΕΤΗΣΙΟΣ,105,71
12,ΑΛΛΑ AΓAΘA & ΥΠΗΡΕΣΙΕΣ,W%0,68,10
12,ΑΛΛΑ AΓAΘA & ΥΠΗΡΕΣΙΕΣ,Ιανουάριος,95,40
12,ΑΛΛΑ AΓAΘA & ΥΠΗΡΕΣΙΕΣ,Φεβρουάριος,95,26
12,ΑΛΛΑ AΓAΘA & ΥΠΗΡΕΣΙΕΣ,Μάρτιος,95,28
12,ΑΛΛΑ AΓAΘA & ΥΠΗΡΕΣΙΕΣ,Απρίλιος,95,36
12,ΑΛΛΑ AΓAΘA & ΥΠΗΡΕΣΙΕΣ,Μάιος,95,28
12,ΑΛΛΑ AΓAΘA & ΥΠΗΡΕΣΙΕΣ,Ιούνιος,95,13
12,ΑΛΛΑ AΓAΘA & ΥΠΗΡΕΣΙΕΣ,Ιούλιος,94,47
12,ΑΛΛΑ AΓAΘA & ΥΠΗΡΕΣΙΕΣ,Αύγουστος,94,2
12,ΑΛΛΑ AΓAΘA & ΥΠΗΡΕΣΙΕΣ,Σεπτέμβριος,94,47
12,ΑΛΛΑ AΓAΘA & ΥΠΗΡΕΣΙΕΣ,Οκτώβριος,94,49
12,ΑΛΛΑ AΓAΘA & ΥΠΗΡΕΣΙΕΣ,Νοέμβριος,93,94
12,ΑΛΛΑ AΓAΘA & ΥΠΗΡΕΣΙΕΣ,Δεκέμβριος,93,72
12,ΑΛΛΑ AΓAΘA & ΥΠΗΡΕΣΙΕΣ,ΕΤΗΣΙΟΣ,94,74
